Gene,FM_mean,HC_mean,FC,d_cohen,p_MW,p_Welch,p_female_only,p_male_only,p_sex_adjusted,Robust_5of5
TRIM11,14.3237,31.7199,0.452,-0.883,0.0,1e-08,9.9e-07,0.00918821,3.4e-07,5
TRPA1,2.1001,0.7796,2.694,0.849,2.4e-07,3e-08,1.98e-06,0.91015866,4.8e-07,4
MDGA2,2.5822,1.0691,2.415,0.896,1e-08,1e-08,8.97e-06,0.04769022,2.16e-06,5
ANP32B,16.2872,34.9402,0.466,-0.859,0.0,3e-08,6.6e-07,0.16766616,2.35e-06,4
CLTB,22.1534,56.5739,0.392,-1.035,0.0,0.0,6.6e-07,0.15044329,2.52e-06,4
PHF23,19.4271,34.8835,0.557,-0.731,4e-08,1.34e-06,3.79e-06,0.26208651,2.73e-06,4
SLCO1C1,1.2083,0.4423,2.732,0.854,3.4e-07,3e-08,6.678e-05,0.11723246,2.87e-06,4
DEDD2,73.2328,168.7997,0.434,-0.879,0.0,1e-08,2e-07,0.1960065,3.01e-06,4
PTMS,12.2878,34.5678,0.355,-0.884,0.0,2e-08,2.149e-05,0.01799716,3.63e-06,5
FHL5,0.803,0.2671,3.006,0.663,2.5e-07,1.139e-05,1.957e-05,0.33041483,4.13e-06,4
COL9A1,3.8913,1.6774,2.32,0.88,9e-08,1e-08,7.085e-05,0.29995754,4.7e-06,4
MRFAP1,26.4424,65.9431,0.401,-0.834,0.0,7e-08,9e-07,0.02766445,5.3e-06,5
GPC6,0.4213,0.1131,3.724,0.852,0.0,3e-08,1.231e-05,0.04366621,8.22e-06,5
TMED9,18.2742,39.063,0.468,-0.88,0.0,1e-08,6.8e-07,0.1588897,8.37e-06,4
RABL3,2.1582,0.6189,3.487,0.693,2e-08,5.19e-06,2.35e-06,0.26208651,9.36e-06,4
LUC7L3,26.4224,42.5674,0.621,-0.517,3.67e-06,0.0005035,7.82e-06,0.25018521,1.286e-05,4
CTSE,0.8562,0.2275,3.763,0.851,0.0,3e-08,1.18e-06,0.485501,1.43e-05,4
LCT,1.595,0.5901,2.703,0.849,1e-08,3e-08,2.295e-05,0.43290855,1.922e-05,4
RGPD3,3.065,1.3641,2.247,0.855,3.5e-07,2e-08,0.00019717,0.32701011,2.241e-05,4
CLTA,24.6236,49.1057,0.501,-0.808,0.0,1.3e-07,4.17e-06,0.28697196,2.587e-05,4
CCDC158,2.1657,0.816,2.654,0.878,0.0,1e-08,5.184e-05,0.07259907,2.924e-05,4
ARHGDIA,118.9136,215.7598,0.551,-0.733,2e-08,1.27e-06,5.79e-06,0.16766616,4.362e-05,4
CUEDC2,14.8846,31.6018,0.471,-0.731,2e-08,1.49e-06,3.1e-07,1.0,4.421e-05,4
GOPC,2.5244,3.6262,0.696,-0.411,0.00152932,0.00543156,7.694e-05,0.44942115,4.641e-05,4
PCCB,8.5662,5.5396,1.546,0.377,0.00206104,0.01021913,0.00188409,0.00329822,5.124e-05,5
MGAT1,97.2938,203.308,0.479,-0.633,2e-08,2.411e-05,7.7e-07,0.35550187,5.345e-05,4
TMEM9B,8.0108,15.8726,0.505,-0.675,0.0,7.71e-06,3.7e-06,0.06787552,5.478e-05,4
CBFA2T3,7.467,12.6198,0.592,-0.636,2.55e-06,2.543e-05,0.00019336,0.46626286,6.157e-05,4
HNRNPM,25.5555,44.7723,0.571,-0.725,6e-08,1.63e-06,6.81e-06,0.31330231,6.638e-05,4
FAM13C,1.2471,0.4819,2.588,0.834,1.8e-07,5e-08,0.00042993,0.14231835,6.939e-05,4
TRAPPC3,8.9938,21.3558,0.421,-0.829,3e-08,8e-08,0.00027363,0.05129462,7.193e-05,4
HK3,138.4177,284.5651,0.486,-0.712,1e-08,2.49e-06,3.37e-06,0.32701011,7.194e-05,4
PPP1R9B,52.6241,100.5595,0.523,-0.732,8e-08,1.42e-06,2.197e-05,0.29995754,7.221e-05,4
ARHGAP30,136.0777,250.9367,0.542,-0.739,2e-08,1.05e-06,4.37e-06,0.48343223,7.367e-05,4
UPF3A,6.8782,10.2177,0.673,-0.467,0.00052639,0.00163797,5.406e-05,0.53681325,8.124e-05,4
ITGAD,3.4338,1.6441,2.089,0.647,3.3e-07,1.561e-05,0.00010237,0.1129434,8.274e-05,4
ADAM28,3.8206,1.9085,2.002,0.823,5.2e-07,8e-08,3.111e-05,0.21662026,8.56e-05,4
NPY2R,0.5916,0.2181,2.713,0.699,1.46e-05,3.45e-06,0.00072147,0.15647129,8.613e-05,4
COL18A1,13.0221,22.3993,0.581,-0.537,5.622e-05,0.00034263,2.103e-05,0.55520734,8.88e-05,4
THAP9,2.5917,1.1173,2.32,0.691,5.9e-07,4.2e-06,9.245e-05,0.13451295,9.219e-05,4
LYSMD3,2.3732,1.2282,1.932,0.528,0.00314066,0.00038114,0.00107473,0.5928362,0.00010078,4
KIAA0586,4.905,3.6659,1.338,0.514,3.812e-05,0.00051688,0.00017194,0.04107563,0.00010489,5
BDNF,0.6035,0.1748,3.454,0.764,2.6e-07,5.7e-07,5.493e-05,0.11741673,0.00010873,4
COL4A6,4.1922,1.9699,2.128,0.885,3e-08,1e-08,0.00037738,0.27434987,0.00011066,4
SPTLC2,10.0625,18.3868,0.547,-0.644,4e-08,1.87e-05,8.97e-06,0.21662026,0.00011705,4
KITLG,0.3828,0.1361,2.814,0.81,1.314e-05,1.3e-07,0.00205132,0.94357633,0.0001206,4
PLEC,205.9599,358.301,0.575,-0.683,5.2e-07,5.51e-06,5.27e-06,0.71170446,0.00012362,4
MRPS26,8.9459,15.9317,0.562,-0.502,1e-07,0.00070081,9.83e-06,0.05510871,0.00012405,4
OGFR,16.2676,28.7541,0.566,-0.696,1e-08,3.62e-06,4.69e-06,0.15044329,0.00012776,4
IER5,2.8527,6.3423,0.45,-0.633,1e-08,3.242e-05,9.61e-06,0.16766616,0.00013274,4
PPP1R15A,10.2893,19.2316,0.535,-0.692,4.6e-07,4.93e-06,1.178e-05,1.0,0.00013362,4
DNAJC27,10.6742,1.0028,10.645,0.663,0.0,1.327e-05,3.79e-06,0.05129462,0.00013634,4
MAOA,0.4202,0.1461,2.876,0.791,5e-08,1.9e-07,0.0005193,0.4317403,0.00014221,4
TRIM52,4.1449,6.0316,0.687,-0.475,1.796e-05,0.0013397,1.41e-05,0.50091734,0.00014328,4
SLC7A5P2,8.5417,20.6046,0.415,-0.388,0.00026448,0.00907975,0.00017194,0.227454,0.00014388,4
PIGQ,17.7034,26.3413,0.672,-0.571,5.52e-06,0.00012502,8.701e-05,0.57388325,0.00014829,4
TACR1,0.5461,0.2,2.731,0.605,0.00099468,5.47e-05,0.00873334,0.9437265,0.00015821,4
ZNF253,6.8208,3.609,1.89,0.542,5.45e-06,0.00025662,0.00024396,0.00290129,0.0001705,5
PNRC1,237.1067,399.3087,0.594,-0.644,1.6e-07,1.709e-05,7.64e-06,0.385418,0.00017557,4
MGAT2,10.714,18.6701,0.574,-0.696,2e-08,3.9e-06,8.8e-07,0.88048261,0.0001855,4
COL3A1,2.5057,0.9067,2.764,0.736,6.8e-07,1.37e-06,0.00179219,0.32701011,0.00021183,4
DRD2,0.7215,0.2709,2.663,0.696,2.1e-07,3.66e-06,3.368e-05,0.30223992,0.00021469,4
RPS6KA4,17.7165,30.5722,0.579,-0.672,7.6e-07,8.32e-06,3.773e-05,0.53681325,0.00023879,4
XKR8,4.5995,10.3624,0.444,-0.721,2e-08,2.18e-06,8.183e-05,0.04769022,0.00024492,5
MINPP1,5.8852,9.0051,0.654,-0.577,4.085e-05,0.00011605,0.00279074,0.21662026,0.00024607,4
MTDH,6.784,13.9259,0.487,-0.617,1e-08,4.424e-05,2.85e-06,0.26208651,0.00025857,4
CA3,0.8978,0.3639,2.467,0.667,2.52e-05,9.69e-06,0.00014671,0.68210635,0.0002608,4
PNPT1,2.4357,1.7088,1.425,0.434,0.00011068,0.00320567,5.756e-05,0.0016761,0.00026947,5
ABCE1,2.9746,1.9409,1.533,0.509,6.58e-06,0.00058415,0.00014976,0.21662026,0.00027188,4
PIGY,6.287,12.2588,0.513,-0.667,3.9e-07,1.062e-05,0.00018963,0.18622027,0.00028087,4
MAGEA5,1.3152,0.3112,4.226,0.663,6.318e-05,1.109e-05,0.00162065,0.28597765,0.00028734,4
UBTF,45.015,75.8189,0.594,-0.607,5e-08,4.676e-05,1.24e-06,0.21662026,0.00029327,4
MEN1,12.6209,19.4055,0.65,-0.522,5.38e-06,0.00042742,2.057e-05,0.92378602,0.00029951,4
TSC22D4,62.8767,109.6495,0.573,-0.719,6e-08,1.87e-06,3.464e-05,0.32701011,0.00030111,4
DDX54,30.503,52.3171,0.583,-0.62,3.7e-07,3.582e-05,4.69e-06,0.7949782,0.00030435,4
EPHA3,2.0323,0.9939,2.045,0.673,6.42e-06,7.18e-06,0.00028432,0.69133573,0.0003081,4
NAPSB,37.1142,89.5821,0.414,-0.829,0.0,8e-08,1.89e-06,0.46626286,0.0003114,4
PNKP,26.7854,39.18,0.684,-0.492,1.555e-05,0.00088023,1.379e-05,0.7949782,0.00032351,4
GRPEL1,5.3252,2.2296,2.388,0.474,0.00179311,0.00137663,0.01248487,0.01799716,0.00033113,5
CREBZF,37.2971,103.0995,0.362,-0.665,5e-08,1.347e-05,1.289e-05,0.06339176,0.00033818,4
BAP1,20.5608,39.2955,0.523,-0.631,3.1e-07,2.946e-05,8.701e-05,0.370282,0.0003469,4
OR10A7,2.9119,0.8631,3.374,0.715,3.4e-07,2.23e-06,0.00039797,0.03302939,0.00034729,5
CD93,52.337,101.2744,0.517,-0.615,1.4e-07,3.948e-05,1.613e-05,0.85894553,0.00036499,4
MAGEB18,0.7671,0.2022,3.793,0.766,1.57e-06,5.5e-07,0.00502482,0.02279027,0.0004101,5
CDC20B,0.9289,0.4683,1.984,0.681,4.86e-06,5.41e-06,0.00016529,0.6120509,0.00041522,4
FAM110A,23.6765,40.3385,0.587,-0.602,4e-08,5.341e-05,2.916e-05,0.23864024,0.00043461,4
IL3,1.1159,0.3625,3.078,0.646,1.01e-06,1.689e-05,4.036e-05,0.4317403,0.00048042,4
CYHR1,8.4767,14.2901,0.593,-0.49,4.228e-05,0.0009966,0.00053621,0.88048261,0.00050161,4
THAP4,16.3383,26.8112,0.609,-0.643,5.7e-07,1.769e-05,7.085e-05,0.34107567,0.0005023,4
RILPL2,32.6051,70.1654,0.465,-0.678,0.0,6.77e-06,2.979e-05,0.02147068,0.00051251,5
TPM3,17.7981,30.8262,0.577,-0.692,1.6e-07,5.05e-06,2.616e-05,0.12701804,0.00053075,4
IDI1,11.2329,4.6509,2.415,0.6,2.279e-05,6.541e-05,0.00332688,0.1588897,0.00054137,4
AGTR1,0.993,0.3473,2.859,0.633,1.39e-06,2.426e-05,4.491e-05,0.26508965,0.00055875,4
SKA2,2.0757,0.7415,2.799,0.495,1.134e-05,0.00085502,0.00012393,0.28697196,0.00059777,4
CCDC124,6.2414,11.7765,0.53,-0.573,3.08e-06,0.00012255,3.044e-05,0.26513613,0.00060512,4
MYBL1,18.0625,32.0209,0.564,-0.571,6e-07,0.00013267,5.878e-05,0.17677365,0.00063803,4
SLC12A9,46.8439,78.3432,0.598,-0.604,8.7e-07,5.481e-05,7.854e-05,0.43290855,0.00064312,4
LRRC47,9.2799,16.9395,0.548,-0.64,1.3e-07,2.108e-05,1.126e-05,1.0,0.00068243,4
SAFB,17.9168,27.4435,0.653,-0.48,1.08e-05,0.00119196,6.257e-05,0.92378602,0.00070459,4
LCMT2,3.3185,4.8971,0.678,-0.447,0.00021475,0.00258347,0.00033088,0.96729961,0.00071549,4
MKRN9P,2.1398,0.9417,2.272,0.64,6.7e-06,1.987e-05,0.00040261,0.45472891,0.00071655,4
STK31,1.6536,0.7418,2.229,0.673,1.9e-07,7.76e-06,3.5e-05,0.94377659,0.00072972,4
DCTN1,11.8351,18.3896,0.644,-0.518,0.00014504,0.00049564,2.56e-05,0.63152163,0.00073495,4
RTN3,15.8416,27.5433,0.575,-0.656,1e-08,1.273e-05,4.287e-05,0.35550187,0.00073767,4
GAK,45.5922,77.5386,0.588,-0.687,8e-08,4.83e-06,6.21e-06,0.94552275,0.00074275,4
PYROXD1,2.9726,1.5974,1.861,0.653,3.811e-05,1.33e-05,0.00056114,0.50091734,0.00074538,4
SCN9A,3.6958,2.1124,1.75,0.634,4.085e-05,2.196e-05,0.00148929,0.370282,0.00078005,4
OR52K2,4.1888,1.8261,2.294,0.58,0.00166545,0.00010002,0.00420334,0.74561537,0.00078622,4
RHOH,8.3363,13.8604,0.601,-0.426,5.312e-05,0.00405029,2.853e-05,0.28697196,0.00079295,4
NLGN1,1.7126,0.7805,2.194,0.659,1.2e-06,1.093e-05,0.00017193,0.53681325,0.00079305,4
TNRC18,39.1699,64.055,0.612,-0.591,1.51e-06,7.336e-05,5.406e-05,0.46626286,0.00082783,4
VPS4A,11.2039,20.7169,0.541,-0.563,3.86e-06,0.00017657,0.00058734,0.34107567,0.00085067,4
B3GALT6,0.9512,1.8127,0.525,-0.627,1.51e-06,2.991e-05,0.00198035,0.02546007,0.00086958,5
NRXN3,1.3647,0.6665,2.048,0.61,7e-06,4.493e-05,4.97e-05,0.83750782,0.00087368,4
CNPY3,23.5155,47.1643,0.499,-0.828,5e-08,8e-08,4.97e-05,0.65123214,0.00088581,4
GLYR1,13.2345,22.8348,0.58,-0.575,7.45e-06,0.00012426,3.37e-06,0.88048261,0.00089247,4
CAMKK2,18.4286,32.3406,0.57,-0.634,1.3e-07,2.284e-05,4.379e-05,0.46626286,0.00091274,4
PNPLA2,78.7891,137.6629,0.572,-0.721,2e-08,1.66e-06,1.005e-05,0.816179,0.00092366,4
IFNGR2,2.5064,6.7871,0.369,-0.739,0.0,1.26e-06,4.2e-07,0.40528265,0.00093568,4
LASP1,68.1143,146.9489,0.464,-0.583,0.0,9.8e-05,1.613e-05,0.15044329,0.00093808,4
BCL11A,5.7908,9.101,0.636,-0.503,7e-06,0.00075332,0.00121314,0.32701011,0.00094331,4
TRADD,122.6084,231.2664,0.53,-0.622,4e-08,3.062e-05,2.59e-06,0.4009022,0.00095617,4
SELENOP,0.8642,0.3013,2.869,0.569,5.968e-05,0.00013766,0.00211928,0.67353477,0.00096759,4
CAP2,0.9392,0.3415,2.751,0.668,4.2e-07,9.15e-06,4.421e-05,0.48864101,0.00098472,4
MTSS1,28.9699,52.3048,0.554,-0.565,1.37e-06,0.00016846,5.184e-05,0.41673557,0.00098648,4
ABCA7,91.1046,130.7647,0.697,-0.454,4.529e-05,0.00207459,0.00014111,0.53681325,0.00099661,4
DYRK3,0.6738,0.2987,2.255,0.641,3.31e-06,1.761e-05,0.00037025,0.11983122,0.00105104,4
NUDT16L1,10.8616,18.9958,0.572,-0.587,1.61e-06,8.77e-05,1.925e-05,0.90209945,0.00106302,4
CTCFL,1.5925,0.5939,2.681,0.762,5e-08,4.7e-07,7.084e-05,0.88048261,0.00106757,4
PTN,0.9218,0.3167,2.91,0.609,1.35e-06,4.906e-05,5.284e-05,0.60164357,0.00108576,4
MAFG,4.047,8.2192,0.492,-0.509,6.731e-05,0.00069341,0.0003845,0.05129462,0.0010884,4
TMTC3,1.8027,0.9158,1.969,0.406,0.00018827,0.00586199,0.00611484,0.02546007,0.00110168,5
ANKRD39,5.3392,8.8117,0.606,-0.45,3.06e-06,0.00228967,3.79e-06,0.94552275,0.00110396,4
KCNT2,1.1641,0.4735,2.458,0.614,5e-08,4.348e-05,4.473e-05,0.32701011,0.00110408,4
GIMAP1,8.0215,12.9604,0.619,-0.614,2.7e-07,3.848e-05,4.97e-05,0.09402198,0.00112219,4
PTTG1IP,6.5313,12.4911,0.523,-0.657,6e-07,1.388e-05,6.21e-06,0.71170446,0.00114087,4
ALDH16A1,18.2806,29.8779,0.612,-0.572,6.6e-07,0.00012396,8.183e-05,0.55520734,0.0011815,4
NUCB1,42.5946,75.6304,0.563,-0.592,1.19e-06,7.879e-05,0.00021728,0.28697196,0.00123669,4
NAA16,4.7772,3.1479,1.518,0.451,0.00028139,0.00221259,0.02164652,0.48343223,0.00125107,4
PTOV1,64.6389,104.0854,0.621,-0.578,1.66e-06,0.00010213,1.41e-05,0.96729961,0.00126214,4
PHF14,6.1663,8.5218,0.724,-0.408,0.00475324,0.00579574,0.00107473,0.31330231,0.00130793,4
CDKN1B,6.3773,10.8829,0.586,-0.616,1.79e-06,3.963e-05,0.00115192,0.1129434,0.00131213,4
CHMP1A,16.418,29.5806,0.555,-0.609,1.08e-06,4.85e-05,1.577e-05,0.88048261,0.00132161,4
SARNP,5.1174,2.3994,2.133,0.518,1.796e-05,0.00047254,0.00067867,0.12701804,0.00134658,4
COL15A1,4.4997,2.2399,2.009,0.634,2.72e-05,2.185e-05,0.00109356,0.43290855,0.00136266,4
ZNF155,2.9368,1.7882,1.642,0.494,9.288e-05,0.00083433,7.64e-06,0.65123214,0.00136786,4
TP53I11,4.0472,5.6809,0.712,-0.416,0.00719563,0.00484227,0.00377399,0.88048261,0.00139451,4
ZNF746,26.8654,45.2392,0.594,-0.528,1.75e-06,0.00039874,5.878e-05,0.26208651,0.00140031,4
PBXIP1,48.6734,78.4197,0.621,-0.564,8.5e-07,0.00014611,8.38e-06,0.77391449,0.0014145,4
CSGALNACT2,5.8911,9.6043,0.613,-0.687,4.6e-07,5.06e-06,4.473e-05,0.7949782,0.00141818,4
USP53,2.7932,1.6282,1.716,0.687,3.14e-06,4.58e-06,0.00085568,0.46626286,0.00142587,4
HNRNPA1,60.1367,104.7882,0.574,-0.662,2.4e-07,1.078e-05,7.085e-05,0.65123214,0.00146043,4
BOP1,25.4444,39.6347,0.642,-0.5,1.313e-05,0.00075746,0.00040663,0.27434987,0.0014671,4
ERP27,2.5828,1.6519,1.564,0.454,0.00022984,0.00208116,0.00127728,0.20613999,0.00148725,4
EIF4EBP2,3.0729,5.309,0.579,-0.723,5e-08,1.55e-06,0.00013293,0.51871531,0.00151494,4
CASD1,2.8331,1.8087,1.566,0.418,0.00057527,0.00445534,0.00014111,0.1129434,0.00152867,4
CHPF2,30.5935,50.7853,0.602,-0.536,5.11e-06,0.00031546,5.756e-05,0.75300697,0.00152921,4
BRD2,1.6932,0.4651,3.64,0.543,2.868e-05,0.00027805,0.0045108,0.01450851,0.00153328,5
FHOD1,15.134,22.9408,0.66,-0.6,4.741e-05,6.272e-05,0.0044094,0.96729961,0.00153338,4
NECAP2,14.3017,23.9931,0.596,-0.594,2.59e-06,6.878e-05,5.52e-05,0.65123214,0.00153551,4
GALNT6,3.0248,4.7205,0.641,-0.546,0.00062223,0.00026603,0.01949883,0.06339176,0.00154024,4
IL2,0.8299,0.259,3.204,0.611,3.172e-05,4.525e-05,0.00689639,0.78356487,0.00154103,4
STX10,23.3254,47.6844,0.489,-0.794,1e-08,2.1e-07,1.475e-05,0.71170446,0.00155398,4
SNTB1,12.0382,19.3749,0.621,-0.518,3.946e-05,0.00049834,0.00348857,0.4009022,0.00155561,4
BCL2,28.8917,52.5353,0.55,-0.425,0.00013598,0.00408606,0.00018235,0.77391449,0.00155891,4
INTS1,119.9903,188.2075,0.638,-0.545,2.27e-06,0.00024129,1.475e-05,0.96729961,0.00157253,4
ZDHHC21,1.5366,1.0756,1.429,0.294,0.11566619,0.04446263,0.01685076,0.25018521,0.00158672,3
NCL,61.7364,102.5818,0.602,-0.632,4.9e-07,2.509e-05,1.686e-05,0.88048261,0.00158837,4
EIF3B,24.0365,39.209,0.613,-0.645,3.3e-07,1.649e-05,3.855e-05,0.83750782,0.00166659,4
DDX18,6.624,4.1102,1.612,0.455,0.00044004,0.00204812,0.01975669,0.15044329,0.00167359,4
MIOS,2.7035,1.8328,1.475,0.386,0.00055852,0.00865413,0.00408029,0.06339176,0.00168178,4
IER2,58.5424,103.8988,0.563,-0.586,2.5e-07,8.839e-05,5.03e-06,0.57388325,0.00168959,4
TMEM170A,20.1138,11.0332,1.823,0.399,0.05915026,0.00675331,0.03010877,0.63152163,0.00169266,3
ANK3,6.0192,3.8229,1.575,0.703,2.6e-07,3.05e-06,0.00154059,0.21662026,0.00169339,4
LRCH4,53.7323,86.2032,0.623,-0.524,1.86e-06,0.00042354,6.06e-06,0.5928362,0.00169956,4
PRMT2,30.9716,46.8728,0.661,-0.48,2.39e-06,0.00115514,2.78e-06,0.85894553,0.0017047,4
LYRM2,1.3697,0.7572,1.809,0.397,0.0001238,0.00684099,0.00085408,0.13858627,0.00170771,4
CPB1,1.3471,0.5696,2.365,0.662,5.772e-05,1.004e-05,0.00316162,0.96612771,0.00171186,4
TOLLIP,13.269,24.3601,0.545,-0.631,1.1e-07,2.543e-05,8.38e-06,0.85894553,0.00171533,4
ZNF431,9.8714,5.9682,1.654,0.52,0.00015302,0.00044574,0.00683715,0.01643713,0.00171675,5
CDIPT,9.6245,18.0627,0.533,-0.64,1e-07,2.145e-05,8.701e-05,0.1129434,0.00172723,4
ZNF394,38.0578,62.1019,0.613,-0.58,4e-08,9.597e-05,2.46e-06,0.77391449,0.00175803,4
FBXL12,20.0079,31.9348,0.627,-0.515,2.52e-06,0.00051819,7.537e-05,0.15044329,0.00175958,4
SNAI3,5.8403,10.1302,0.577,-0.638,1.2e-07,2.099e-05,3.248e-05,0.69133573,0.00176005,4
ARHGAP9,95.0248,153.405,0.619,-0.581,5.38e-06,9.707e-05,5.184e-05,0.85894553,0.00176833,4
NLRP6,16.2329,26.8689,0.604,-0.495,1.5e-05,0.00087679,4.765e-05,0.73226424,0.00177681,4
EXOSC4,3.0472,5.2013,0.586,-0.522,0.00029624,0.00045908,0.0119743,0.1960065,0.0017778,4
SNORA38B,190.5203,88.514,2.152,0.46,0.04889268,0.00187444,0.36816353,0.00533925,0.0017823,4
P2RY14,1.152,0.5871,1.962,0.486,0.00014492,0.00102584,4.961e-05,0.46626286,0.00178248,4
MAPK8IP3,37.7655,51.5753,0.732,-0.379,0.00053163,0.00989627,0.00017882,0.90209945,0.00178268,4
HNRNPA0,12.8778,29.7601,0.433,-0.612,1e-08,5.083e-05,1.02e-06,0.18622027,0.00178804,4
LDB3,2.103,0.8278,2.541,0.703,3.3e-07,3.38e-06,0.00125559,0.4009022,0.00180703,4
ADAMDEC1,1.3331,0.6271,2.126,0.683,3.435e-05,5.61e-06,0.00322292,0.90209945,0.00181513,4
FAM98A,4.4954,2.6942,1.669,0.499,0.00016141,0.00074731,0.01197463,0.03805062,0.00181599,5
ASCC3,9.1797,7.0474,1.303,0.278,0.09303199,0.05709944,0.06235457,0.01498792,0.00183007,2
PCSK7,61.3698,96.2553,0.638,-0.469,5.18e-06,0.00150602,1.724e-05,0.92378602,0.00186155,4
STIP1,25.8889,12.7394,2.032,0.448,0.0002384,0.00246795,0.00072913,0.00044565,0.00186928,5
SNN,2.4157,5.0342,0.48,-0.485,1.04e-06,0.00118434,3.693e-05,0.32701011,0.00188389,4
LIG1,32.8646,45.6932,0.719,-0.401,0.0003024,0.00652477,0.00016859,0.6120509,0.00190567,4
CRTC2,12.5458,18.3924,0.682,-0.515,0.00013745,0.00052869,0.00040663,0.63152163,0.00193633,4
CNTN6,2.2524,1.3133,1.715,0.595,8.226e-05,6.427e-05,0.00324859,0.6120509,0.00199792,4
PSTPIP1,45.0286,72.6651,0.62,-0.579,8.7e-07,9.932e-05,1.475e-05,0.83750782,0.00202409,4
PDCD7,7.137,11.8724,0.601,-0.573,4.8e-06,0.00012133,0.00014683,0.41673557,0.00205764,4
MBD5,3.4822,2.2408,1.554,0.421,0.00028139,0.00427212,0.00087094,0.07756718,0.00212165,4
FCHSD1,21.6718,32.5786,0.665,-0.47,4.86e-06,0.00143942,1.89e-06,0.73226424,0.00213523,4
RELT,20.8714,34.8582,0.599,-0.55,2.66e-06,0.00022541,9.831e-05,0.816179,0.00219069,4
AUH,30.1028,57.5688,0.523,-0.523,0.0,0.00041242,1.7e-07,0.15044329,0.00219374,4
SH3GL1,5.8655,10.0746,0.582,-0.605,8e-08,5.021e-05,4.379e-05,0.46626286,0.00219456,4
CCDC142,42.2619,70.2207,0.602,-0.631,7e-08,2.367e-05,5.15e-06,0.50091734,0.00219877,4
NAA15,3.8963,2.7688,1.407,0.436,0.00031505,0.00305763,0.01394045,0.04107563,0.00220304,5
SNX20,37.9426,65.7195,0.577,-0.561,8e-08,0.00016284,5.15e-06,0.57388325,0.00222892,4
ZNF467,28.0222,51.8967,0.54,-0.596,1.55e-06,6.872e-05,0.00032469,0.55520734,0.00227603,4
PPP1CB,15.5103,25.5238,0.608,-0.544,6.084e-05,0.00026176,0.00173322,0.35550187,0.00231408,4
SLC1A3,1.7953,0.6902,2.601,0.318,7.696e-05,0.02993686,0.00529899,0.02766445,0.0024131,5
SLC25A29,7.4027,13.5097,0.548,-0.478,4.962e-05,0.0013849,0.00156685,0.370282,0.00243169,4
PTPN2,4.4772,3.3754,1.326,0.274,0.11690263,0.06013368,0.07266648,0.10635126,0.00243333,1
RELB,17.9601,30.6625,0.586,-0.642,7e-08,1.866e-05,4.022e-05,0.94552275,0.00251634,4
AAMP,10.3202,17.2148,0.599,-0.578,0.00014504,0.0001158,0.00327453,0.96729961,0.00252606,4
RGPD1,2.0821,0.9151,2.275,0.405,5.75e-05,0.00592731,0.00955384,0.37421673,0.00255715,4
UBA6,3.9921,2.9871,1.336,0.197,0.00529165,0.17533692,0.01685076,0.00222206,0.00257999,4
CDK9,82.1724,121.5898,0.676,-0.374,0.00032487,0.01116281,0.00027368,0.6120509,0.00262064,4
GLYCTK,3.584,5.1719,0.693,-0.339,0.0003708,0.021033,0.00257419,0.0300193,0.00262156,5
TTLL12,6.8016,10.3494,0.657,-0.569,5.5e-07,0.00012701,2.792e-05,0.65123214,0.00266744,4
PIK3AP1,55.0031,91.8638,0.599,-0.457,7.3e-07,0.00193281,3.539e-05,0.53681325,0.00270599,4
NME3,16.9728,27.4011,0.619,-0.495,7.27e-06,0.00081924,0.00039912,0.07756718,0.00271049,4
CCDC47,5.5119,9.3221,0.591,-0.534,0.00019128,0.00033789,0.00075565,0.25018521,0.00271919,4
CDK5RAP1,5.9391,8.2647,0.719,-0.39,0.00379025,0.00808113,0.00317206,0.370282,0.0027434,4
ZNF440,7.0504,4.901,1.439,0.329,0.00010595,0.0250381,1.178e-05,0.20613999,0.00275726,4
MTRF1L,2.4764,1.4728,1.681,0.399,0.00350284,0.00668238,0.01280979,0.13118792,0.00278204,4
ATG16L2,121.3374,193.4523,0.627,-0.555,2.884e-05,0.00019785,6.659e-05,0.67117575,0.00278291,4
SNORA60,75.5716,36.0026,2.099,0.501,0.00954358,0.0007198,0.19930853,0.00044565,0.00286066,4
GNB5,5.99,13.2279,0.453,-0.424,0.00010031,0.00435235,0.00035011,0.26208651,0.00287282,4
ITPKB,81.3289,120.6227,0.674,-0.382,4.92e-06,0.0093092,1.289e-05,0.4009022,0.00290335,4
DOCK8,145.7516,237.3987,0.614,-0.665,1.6e-07,9.03e-06,8.701e-05,0.50091734,0.00294835,4
LCN2,67.6503,124.6469,0.543,-0.582,8e-08,9.463e-05,1.442e-05,0.96729961,0.0030085,4
PDE4D,8.7466,5.8546,1.494,0.269,0.01918648,0.06522347,0.06661534,0.00422105,0.0030364,3
MAP4K1,73.608,117.9057,0.624,-0.539,7.09e-06,0.00028014,5.637e-05,0.98909653,0.00306899,4
UBR2,12.7533,24.8569,0.513,-0.622,6.5e-06,4.014e-05,0.00031862,0.71170446,0.00308713,4
FLYWCH1,7.5605,12.1286,0.623,-0.368,2.476e-05,0.01297754,2.616e-05,1.0,0.00310775,4
MAF,3.0037,5.5289,0.543,-0.567,2e-07,0.00014957,1.319e-05,0.5928362,0.00311065,4
PIK3R1,14.8161,12.2289,1.212,0.218,0.15590972,0.13427158,0.17626759,0.03520522,0.00312645,2
MYH9,293.7029,475.4595,0.618,-0.618,1.91e-06,3.521e-05,0.00010237,0.55520734,0.00313394,4
SNORA20,800.3016,285.1793,2.806,0.393,0.12519421,0.00756383,0.07916031,0.00828162,0.0031344,3
POLRMT,27.5692,41.3387,0.667,-0.476,1.378e-05,0.00128009,0.00016531,0.17677365,0.0031384,4
ZNF432,1.7538,0.9466,1.853,0.577,9.036e-05,0.00011213,0.03363686,0.03805062,0.00314239,5
CFI,1.884,0.6029,3.125,0.601,3.9e-07,6.346e-05,0.00051208,0.0976915,0.0031452,4
TBCC,15.3009,24.1492,0.634,-0.569,1.378e-05,0.00013488,7.233e-05,0.57388325,0.00316693,4
HECTD3,16.6453,25.8962,0.643,-0.559,5.59e-06,0.00017204,0.00014976,0.83750782,0.00317814,4
SLC2A14,1.4983,0.7589,1.974,0.511,1.47e-06,0.00054959,1.69e-06,0.88048261,0.00320021,4
TGFA,1.1146,2.4109,0.462,-0.528,0.00909375,0.00044021,0.00919185,0.38954944,0.00320451,4
CLCN7,35.1591,53.5442,0.657,-0.552,7.8e-07,0.00020033,2.103e-05,0.816179,0.00322234,4
SETD1B,72.3245,105.5959,0.685,-0.486,1.329e-05,0.00100525,4.666e-05,0.75300697,0.00330891,4
SDF4,36.6311,59.326,0.617,-0.578,1.29e-06,0.00010242,4.867e-05,0.5928362,0.00331476,4
CSAD,26.5354,38.7164,0.685,-0.403,7.611e-05,0.00625579,6.388e-05,0.98909653,0.00334597,4
RPA2,27.77,6.6014,4.207,0.495,0.0,0.00089264,1.9e-07,0.00015476,0.0033684,5
GFAP,1.3066,0.6474,2.018,0.462,5.646e-05,0.00172796,0.00047988,0.38954944,0.00338139,4
ADD1,30.4393,43.9007,0.693,-0.503,0.00043565,0.00071042,0.00245174,0.98909653,0.00338866,4
TCIRG1,123.54,199.7763,0.618,-0.631,6e-07,2.482e-05,7.233e-05,0.85894553,0.00339566,4
KCTD18,4.5878,6.4657,0.71,-0.437,4.795e-05,0.00304126,0.00012773,0.06787552,0.00339836,4
ZC3H18,24.239,37.2886,0.65,-0.584,2.5e-07,8.57e-05,8.97e-06,0.77391449,0.00343779,4
MSL1,13.1993,19.084,0.692,-0.436,0.00077038,0.0032199,0.00017882,0.41673557,0.00348702,4
BPIFB2,1.1365,0.5234,2.171,0.597,3.21e-06,6.004e-05,0.00027308,0.16254018,0.00350785,4
LYG1,2.0573,1.2168,1.691,0.477,0.00658947,0.00126446,0.00201342,0.816179,0.00354202,4
TMEM98,0.914,0.4442,2.058,0.529,0.00014143,0.00035551,0.00932467,0.11694111,0.00356816,4
ATP2A3,167.9371,248.9673,0.675,-0.526,1.464e-05,0.00038582,0.00034359,0.43290855,0.00358405,4
FOXO4,10.0611,17.147,0.587,-0.489,1.12e-05,0.00101997,0.00018963,0.46626286,0.00360679,4
UBE2A,23.7494,37.0575,0.641,-0.412,0.00011686,0.00520907,5.3e-07,0.83750782,0.0036137,4
MRPL17,10.4456,18.3832,0.568,-0.596,1.78e-06,6.502e-05,0.0013443,0.06787552,0.00363469,4
KLHL20,3.359,2.3311,1.441,0.359,0.00911101,0.01441506,0.00461811,0.23864024,0.00363504,4
OPRM1,3.0928,1.3553,2.282,0.534,4.56e-06,0.00033052,0.00011554,0.5928362,0.00379515,4
CDS1,0.5181,0.2696,1.922,0.533,8.456e-05,0.00033248,0.0015274,0.370282,0.00380441,4
DOHH,2.3552,3.6163,0.651,-0.37,3.462e-05,0.01176904,0.00027783,0.01356957,0.00386253,5
ARHGEF2,76.2674,122.2214,0.624,-0.634,5.1e-07,2.179e-05,8.183e-05,0.94552275,0.00389073,4
PRPF6,27.6454,44.2599,0.625,-0.573,7e-08,0.00011368,1.63e-06,0.67117575,0.00393251,4
SBF1,109.1805,159.4423,0.685,-0.415,3.167e-05,0.00478101,7.085e-05,0.46626286,0.00393773,4
REPIN1,69.5657,104.2371,0.667,-0.46,7.9e-07,0.0018185,2.674e-05,0.23864024,0.00395958,4
CKAP4,16.6863,30.095,0.554,-0.577,3.06e-06,0.0001179,0.00030678,0.55520734,0.00397472,4
RASSF1,73.0221,109.3634,0.668,-0.497,7.83e-06,0.00078769,4.287e-05,0.63152163,0.0039867,4
UBXN6,80.3717,138.3859,0.581,-0.584,1.2e-07,9.137e-05,5.076e-05,0.27434987,0.00402533,4
TNFAIP2,76.0094,144.4965,0.526,-0.591,1e-07,7.397e-05,2.346e-05,0.88048261,0.00407352,4
PLEKHO1,99.0929,173.5226,0.571,-0.608,2e-08,4.46e-05,2.24e-06,0.85894553,0.00415419,4
TMEM64,3.02,5.4736,0.552,-0.595,1.02e-06,6.766e-05,0.00107473,0.00144682,0.00417576,5
DIDO1,29.2161,42.0831,0.694,-0.396,3.31e-06,0.00704849,3.539e-05,0.28697196,0.00423233,4
DCTN4,13.821,11.1504,1.24,0.228,0.55043511,0.11762855,0.4973741,0.08827147,0.00424686,1
TBC1D17,29.8583,41.6038,0.718,-0.453,5.434e-05,0.00212191,0.00047157,0.43290855,0.00427818,4
ERMP1,9.8682,14.1304,0.698,-0.41,0.00015633,0.00551207,0.00030101,0.94552275,0.00429685,4
ENGASE,23.1894,35.9161,0.646,-0.441,8.5e-07,0.00277303,5.4e-06,0.44942115,0.00435549,4
RTF1,3.3651,5.2071,0.646,-0.454,0.00785138,0.00234127,0.07504863,0.14231835,0.00441014,3
DDC,0.9811,0.3631,2.702,0.625,1.89e-06,3.091e-05,0.00113182,0.29011921,0.00441928,4
SH2B2,18.0235,32.3309,0.557,-0.618,2e-08,3.778e-05,8.19e-06,0.48343223,0.00449211,4
CAPRIN2,4.2211,2.6661,1.583,0.406,0.00065976,0.00580288,0.00031862,0.1588897,0.00451256,4
DOCK3,1.9702,1.0362,1.901,0.533,1.97e-06,0.00034166,0.00030678,0.1588897,0.00465589,4
ALDH6A1,2.6986,1.6444,1.641,0.599,1.75e-06,5.704e-05,0.000205,0.92378602,0.00467324,4
RSBN1L,18.098,28.3971,0.637,-0.389,3.557e-05,0.00825992,0.00141529,0.227454,0.00473989,4
RGPD4,3.0041,1.678,1.79,0.562,4.529e-05,0.00015351,0.00026342,0.57388325,0.00477556,4
TMC6,104.5865,148.9679,0.702,-0.421,0.0002384,0.00426528,0.00016208,0.92378602,0.00478861,4
SH3BP5L,4.1692,6.4526,0.646,-0.513,4.634e-05,0.0005582,0.00030678,0.55520734,0.00478871,4
ROCK2,6.3949,5.3388,1.198,0.267,0.15903504,0.06761866,0.21525949,0.00475364,0.00482189,2
LPIN2,13.947,22.531,0.619,-0.534,0.00010948,0.00035373,0.00041426,0.90209945,0.00486934,4
SLC38A10,52.5255,85.1558,0.617,-0.594,6e-08,6.516e-05,9.4e-07,0.57388325,0.00487433,4
ITGAL,160.3945,240.1671,0.668,-0.529,2.884e-05,0.00035947,0.00021728,0.94552275,0.00492193,4
PLEK2,1.2304,0.5017,2.452,0.521,6.019e-05,0.00044403,0.00131481,0.04972557,0.00492991,5
PPP1R12C,46.1005,68.5535,0.672,-0.51,4.228e-05,0.00058362,0.00028979,0.90209945,0.00497341,4
ANKRD28,5.5586,3.1752,1.751,0.441,0.00014044,0.00276594,0.01662646,0.00076473,0.00497541,5
ARHGEF37,1.1504,0.3103,3.707,0.511,1e-07,0.00059214,8.17e-06,0.23042007,0.00498927,4
TSPYL1,16.7303,28.4278,0.589,-0.545,2.1e-07,0.00025027,2.295e-05,0.08278988,0.00501516,4
ELP4,3.1285,1.7074,1.832,0.405,0.00036679,0.00588434,0.01283321,0.14234521,0.0050213,4
METTL4,1.7284,0.9081,1.903,0.528,0.00049093,0.00038052,0.000769,0.46328419,0.00504607,4
SLC15A2,3.5381,2.2086,1.602,0.429,0.00257128,0.00355404,0.01301367,0.17126019,0.00510302,4
MBD3,6.7408,11.3698,0.593,-0.511,4.376e-05,0.00059886,0.0054621,0.10004523,0.00510944,4
SLC1A5,16.0474,28.4261,0.565,-0.603,2e-08,5.148e-05,4.47e-06,0.370282,0.00512164,4
SCP2,3.7052,6.1797,0.6,-0.496,5.312e-05,0.00087313,0.00571527,0.28697196,0.00513672,4
TSEN15,2.8036,1.706,1.643,0.405,0.0162584,0.00590483,0.02493403,0.07259907,0.00516902,4
MEGF6,27.0783,37.5532,0.721,-0.357,0.00012608,0.0151624,4.379e-05,0.6120509,0.00520133,4
OFD1,8.3586,5.3712,1.556,0.693,2.18e-06,3.76e-06,0.02109114,0.09402198,0.00522922,4
IGSF8,18.2121,26.124,0.697,-0.392,8.888e-05,0.00770895,3.615e-05,0.63152163,0.00526909,4
TMEM41B,1.7452,3.0683,0.569,-0.444,0.01383283,0.00285456,0.00506257,0.88048261,0.00532263,4
SFXN5,17.1708,11.3181,1.517,0.334,0.25110427,0.02258177,0.26219842,0.370282,0.00541367,2
CDKN2AIP,3.0191,4.521,0.668,-0.405,0.00366375,0.00632387,0.10463127,0.11983122,0.00544818,3
LPCAT4,12.4925,17.3523,0.72,-0.399,1.281e-05,0.0066506,0.00027895,0.11983122,0.00550789,4
ZNF786,5.2945,6.6202,0.8,-0.281,0.01303348,0.05499731,0.01164501,0.34107567,0.00552457,3
MAP2K3,48.4437,81.0684,0.598,-0.573,4.23e-06,0.00012442,3.464e-05,0.96729961,0.00559829,4
ZNF8,0.4257,0.6901,0.617,-0.449,0.00021751,0.00238886,3.065e-05,1.0,0.00563734,4
PPIAL4G,2.0108,0.6417,3.134,0.571,1.247e-05,0.00012974,0.00011772,0.77686413,0.00575703,4
ERMAP,4.7671,8.932,0.534,-0.551,2.135e-05,0.00024535,0.00034683,0.41673557,0.00575898,4
KSR1,10.7233,15.8713,0.676,-0.479,5.622e-05,0.00123654,0.00044616,0.7949782,0.00576498,4
PPIP5K2,3.5297,2.7111,1.302,0.311,0.01121111,0.03355631,0.00348852,0.26208651,0.00580802,4
UBTD1,1.7477,3.7857,0.462,-0.556,0.002569,0.00023688,0.01752731,0.16258105,0.00582614,4
CHCHD3,1.5962,1.3505,1.182,0.139,0.45563549,0.34011414,0.03048439,0.57388325,0.00584737,2
LRRFIP1,27.4033,47.1703,0.581,-0.602,3.96e-06,6.289e-05,0.00017535,0.5928362,0.00598115,4
SLC18A2,2.1522,1.2788,1.683,0.519,0.00024086,0.00045675,0.00142718,0.67117575,0.00598653,4
FBXO46,20.8441,30.5541,0.682,-0.429,1.612e-05,0.00360332,0.00017194,0.46626286,0.00614112,4
ACBD5,8.9791,14.808,0.606,-0.43,1.5e-07,0.00349256,1.152e-05,0.43290855,0.00617086,4
LRIG3,1.8647,0.9888,1.886,0.594,3.95e-06,6.56e-05,0.00044965,0.85446934,0.00618091,4
TAF1C,67.575,97.0497,0.696,-0.4,0.00019536,0.0065779,0.00011324,0.83750782,0.00622177,4
RAB24,4.9596,9.4898,0.523,-0.583,1.53e-06,9.629e-05,2.59e-06,0.50091734,0.00624851,4
DEXI,2.0477,3.7559,0.545,-0.43,4.47e-06,0.00363839,0.00017535,0.32701011,0.00632354,4
LEMD2,23.8536,35.4955,0.672,-0.406,3.204e-05,0.00587571,0.00022585,0.57388325,0.00639179,4
SART1,14.6318,23.1838,0.631,-0.587,2.39e-06,8.141e-05,6.798e-05,0.98909653,0.00640913,4
IL17RA,62.1068,108.3098,0.573,-0.643,9.32e-06,1.907e-05,0.00054609,0.67117575,0.00642977,4
PNPLA4,1.0121,1.5243,0.664,-0.294,0.10814441,0.0454832,0.02586004,0.2690335,0.00645399,3
CNR2,1.4704,2.6542,0.554,-0.411,0.00252676,0.00557169,0.00013293,0.7949782,0.00648985,4
NR4A3,1.0746,0.6439,1.669,0.403,0.00487289,0.00609541,0.01319492,0.5928362,0.00655896,4
EXOC8,6.3753,9.5936,0.665,-0.474,0.00018531,0.00136256,0.00028979,0.83750782,0.00656565,4
OXER1,3.6658,5.3512,0.685,-0.373,0.01456746,0.01148108,0.01025882,0.31330231,0.00659579,4
P4HA1,5.0202,4.8033,1.045,0.042,0.65595505,0.77126027,0.18918368,0.00124286,0.00663057,2
CALCOCO1,12.9988,16.9458,0.767,-0.344,0.00495416,0.01922303,0.00096788,0.85894553,0.00670462,4
RNPEP,18.6651,35.0451,0.533,-0.635,1.72e-06,2.459e-05,0.00088644,0.35550187,0.00671007,4
ZNF782,2.758,2.0177,1.367,0.278,0.02402203,0.05676409,0.04429445,0.07259907,0.0067563,3
NLRC3,38.7226,53.7642,0.72,-0.336,8.504e-05,0.02195286,8.525e-05,0.7949782,0.00677675,4
TRABD,45.0769,63.2964,0.712,-0.455,0.00026723,0.00206608,0.00087094,0.92378602,0.00679952,4
OR2T12,0.4261,0.1878,2.269,0.543,2.123e-05,0.00025164,0.00890235,0.09442612,0.00680893,4
ZNF90,3.7176,1.7933,2.073,0.662,4.6e-07,9.79e-06,0.00074228,0.65123214,0.00681622,4
TNFRSF13C,7.9193,14.23,0.557,-0.485,6.83e-06,0.00107631,0.0016481,0.07259907,0.00684782,4
IFIT1B,1.2431,0.4107,3.027,0.497,0.00025877,0.0008125,0.00093921,0.52181835,0.00685975,4
ZNF217,35.2698,59.4866,0.593,-0.691,1.2e-07,4.24e-06,1.724e-05,0.69133573,0.00687043,4
ANKRD40,3.888,6.4749,0.6,-0.415,0.00702544,0.00510492,0.02793674,0.92378602,0.00696763,4
TYK2,128.06,188.4884,0.679,-0.502,2.987e-05,0.00069354,0.00016859,0.67117575,0.0069965,4
PEX26,6.1214,11.063,0.553,-0.368,0.00047665,0.013026,0.00032469,0.94552275,0.0070555,4
IL2RA,2.5555,1.5587,1.64,0.438,0.00100631,0.00293776,0.01899129,0.77391449,0.00708329,4
SEL1L,7.9512,12.5684,0.633,-0.515,5.59e-06,0.00053223,0.00039912,0.67117575,0.00713896,4
SPINT2,7.7408,15.93,0.486,-0.667,2e-08,9.77e-06,3.615e-05,0.51871531,0.00714037,4
MFSD3,5.8371,8.5392,0.684,-0.44,3.44e-06,0.00284333,0.00015891,0.32701011,0.00726338,4
ATR,10.5154,7.5215,1.398,0.448,0.00072702,0.00234802,0.00201342,0.5928362,0.00726921,4
C1QTNF6,1.7363,2.5564,0.679,-0.238,0.03790007,0.10422402,0.00148921,0.96624806,0.00728041,3
NOL8,5.6047,4.2934,1.305,0.403,0.04121715,0.00607696,0.08702191,0.55520734,0.00733873,3
SCN10A,1.8417,0.835,2.206,0.594,3e-08,6.663e-05,1.41e-06,0.5928362,0.00741993,4
MAN1C1,46.5871,67.2855,0.692,-0.394,2.279e-05,0.00742001,3.694e-05,0.25018521,0.00743814,4
PNPO,2.8576,3.7739,0.757,-0.302,0.01505724,0.03976353,0.00129937,0.88048261,0.00744333,4
BCL9L,31.6661,48.4433,0.654,-0.412,7.869e-05,0.00526782,0.00030678,0.20613999,0.00749883,4
RDH5,1.8982,2.8851,0.658,-0.277,0.00410199,0.05933511,0.00067368,0.70317383,0.00751925,3
METTL7A,4.7307,8.0989,0.584,-0.526,4.132e-05,0.00042885,0.00139138,0.65123214,0.00775832,4
ZNF138,10.2177,4.9631,2.059,0.511,1.953e-05,0.00056703,0.00408049,0.15044329,0.00776539,4
AGBL3,2.3506,1.411,1.666,0.565,0.00012205,0.00014149,0.00253276,0.7949782,0.00779517,4
SLC31A1,0.8638,0.5486,1.575,0.358,0.1318788,0.01462402,0.03322814,0.65123214,0.00786628,3
KLHL21,14.5124,24.2001,0.6,-0.511,2.626e-05,0.00058499,0.00146424,0.23864024,0.00791495,4
RNASEH2C,41.1368,65.7179,0.626,-0.519,3.598e-05,0.00047162,0.00053621,0.31330231,0.0079233,4
ERICH1,14.2277,22.5517,0.631,-0.419,0.00231357,0.00468545,0.00434176,0.46626286,0.00794853,4
STRADB,4.0501,3.2955,1.229,0.138,0.06319488,0.34555414,0.02192895,0.11983122,0.00796853,2
AGPAT3,21.8269,41.1123,0.531,-0.489,1.14e-06,0.00104302,3.97e-06,0.75300697,0.00798442,4
POTEKP,1.2884,0.604,2.133,0.56,8.03e-06,0.00016104,0.0029285,0.17112834,0.0079884,4
LRIG1,6.823,10.2907,0.663,-0.463,8.41e-05,0.00174659,0.00185301,0.25018521,0.00819478,4
DOK1,18.6077,28.8234,0.646,-0.509,5.373e-05,0.00062438,0.00033718,0.75300697,0.00823909,4
TMEM109,30.6503,50.9314,0.602,-0.541,1e-07,0.00026698,1.442e-05,0.21662026,0.00824263,4
SRD5A1,2.037,1.4941,1.363,0.177,0.65979854,0.22563497,0.33143058,0.12077515,0.00824745,1
OTUD1,3.5478,6.154,0.576,-0.591,4.6e-07,7.61e-05,1.577e-05,0.29995754,0.00828697,4
COPZ1,8.5384,5.5098,1.55,0.354,0.00869501,0.01581755,0.05964126,0.02766445,0.00833835,4
ANKRD11,47.2351,64.2519,0.735,-0.36,9.706e-05,0.01419314,6.257e-05,0.83750782,0.00834421,4
MVP,75.1611,114.2735,0.658,-0.501,4.687e-05,0.00073522,0.00043798,0.53681325,0.00835293,4
CYTH2,11.7257,17.5911,0.667,-0.458,4.326e-05,0.00194103,0.00011789,0.75300697,0.00846165,4
TOB2,13.8624,25.1886,0.55,-0.585,1.84e-06,9.174e-05,0.00105619,0.44942115,0.00848866,4
NPHP3,4.1353,6.1066,0.677,-0.333,0.24782414,0.0237416,0.0644559,0.21662026,0.00850915,2
ALPK1,9.2362,12.8527,0.719,-0.412,0.00612811,0.00539391,0.00663741,0.08827147,0.0085605,4
APBB2,1.607,0.8586,1.872,0.51,2.595e-05,0.00056563,0.00042202,1.0,0.00862195,4
IL12RB1,24.602,34.4389,0.714,-0.367,1.754e-05,0.01256146,0.00016859,0.65123214,0.00866304,4
SFI1,20.7055,25.6333,0.808,-0.274,0.00419394,0.0613596,0.00037738,0.46626286,0.0086827,3
TSC22D3,55.4615,84.3162,0.658,-0.443,1.518e-05,0.0026831,4.287e-05,0.816179,0.00869554,4
ZNF721,13.9641,9.6877,1.441,0.353,0.00108513,0.01606248,0.04587508,0.227454,0.00869613,4
BIN1,29.8218,41.5465,0.718,-0.407,0.00015633,0.00572735,0.00098497,0.385418,0.00879724,4
DRAP1,64.9716,126.3994,0.514,-0.593,7.7e-07,7.721e-05,6.128e-05,0.28697196,0.00883622,4
SP3P,1.7625,0.8614,2.046,0.567,0.00035558,0.00013924,0.02687964,0.27744813,0.00884018,4
POLD2,14.8116,9.9837,1.484,0.366,0.1438731,0.01265725,0.18918426,0.02147068,0.00884124,3
FCN1,87.4834,198.8137,0.44,-0.691,1e-08,4.71e-06,1.842e-05,0.71170446,0.00885286,4
PLEKHB2,2.844,6.2369,0.456,-0.466,0.00731097,0.00187401,0.32293889,0.27434987,0.00885683,3
CP,3.0134,1.6335,1.845,0.627,9.921e-05,2.741e-05,0.0187428,0.75300697,0.00885827,4
GALC,4.0451,3.7774,1.071,0.066,0.9565174,0.64861211,0.11331587,0.50091734,0.00909824,1
MGRN1,59.4623,94.9268,0.626,-0.586,4.62e-06,8.664e-05,0.0001252,0.71170446,0.00913645,4
GPR21,0.9491,0.3818,2.486,0.519,2.21e-05,0.00046062,0.00061911,0.22169371,0.00915964,4
KLF16,1.447,3.1076,0.466,-0.407,5.3e-07,0.00610169,0.00019118,0.13860545,0.00917318,4
HNRNPUL2,3.9521,7.4342,0.532,-0.378,0.04177917,0.01035556,0.3010274,0.26489594,0.00918566,3
ZRANB2,8.2941,5.2543,1.579,0.488,0.00422928,0.00095985,0.05702662,0.21662026,0.00918972,3
MARCKS,2.7765,5.5937,0.496,-0.525,2.62e-06,0.00043924,0.00148929,0.04107563,0.00919775,5
SH3BP5,23.1906,42.3507,0.548,-0.556,1.482e-05,0.00019001,0.00079711,0.43290855,0.00928688,4
SUN2,272.0043,394.7857,0.689,-0.391,7.361e-05,0.00786305,3.773e-05,0.63152163,0.00936501,4
FKBP8,80.9068,149.5517,0.541,-0.623,4.8e-07,3.645e-05,6.94e-05,0.816179,0.00940763,4
ICAM3,1.2122,4.2471,0.285,-0.483,0.05139135,0.00134914,0.37934951,0.22890446,0.00940857,2
PKN1,77.6013,118.1778,0.657,-0.544,1.2e-06,0.00024342,4.379e-05,0.67117575,0.00943779,4
POLG,40.7284,61.4952,0.662,-0.401,0.00014349,0.0065222,0.0012342,0.55520734,0.00943891,4
RBX1,7.0499,5.257,1.341,0.189,0.01218113,0.19409684,0.01172559,0.62152367,0.00950247,3
ENPP3,2.7294,1.63,1.674,0.421,0.00126009,0.00421163,0.00997149,0.27434987,0.00955691,4
CXXC5,11.3632,18.0289,0.63,-0.37,0.0003384,0.01251015,0.00048034,0.14231835,0.00957967,4
EML3,42.0824,59.1444,0.712,-0.423,8.41e-05,0.00415067,0.0003845,0.65123214,0.0097163,4
TRMT2B,7.5904,10.9155,0.695,-0.441,0.00175303,0.00285648,0.0016206,0.26208651,0.00979688,4
PARD3B,0.8797,0.5753,1.529,0.432,0.00084798,0.00334754,0.00117183,0.7949782,0.00987369,4
GCSH,1.1651,0.3583,3.252,0.556,0.00016446,0.00019501,0.00533558,0.49519655,0.00991315,4
GMCL1,2.3037,3.5298,0.653,-0.51,0.01974024,0.00066843,0.02724447,0.18622027,0.00995123,4
ATP6V1H,3.6154,2.9958,1.207,0.144,0.3205113,0.32048682,0.13751424,0.6017555,0.01001113,1
SPATS2L,2.634,1.9435,1.355,0.268,0.01303348,0.06658676,0.00839324,0.1588897,0.01001489,3
CALM3,25.2906,42.9092,0.589,-0.584,2.851e-05,9.56e-05,0.00159351,0.57388325,0.01001509,4
ZBTB41,1.6043,1.1681,1.373,0.393,0.01264934,0.00745956,0.01197475,0.44942115,0.01016006,4
RBM47,19.9545,38.2849,0.521,-0.521,7.2e-07,0.00049343,1.542e-05,0.96729961,0.01016686,4
RGS17,0.4099,0.1396,2.937,0.533,4.3e-07,0.00034081,0.0035862,0.0088266,0.01017694,5
ZNF710,24.0963,40.0056,0.602,-0.612,6e-08,4.088e-05,5.756e-05,0.43290855,0.0101784,4
PCSK2,0.6045,0.302,2.002,0.587,0.00113694,8.242e-05,0.05349864,0.76695198,0.01019106,3
AKAP12,1.4406,0.8441,1.707,0.555,8.986e-05,0.00019244,0.00562973,0.73226424,0.01019496,4
SNORA44,98.4806,52.2633,1.884,0.409,0.2307912,0.00540314,0.80572093,0.00015476,0.01032387,3
RIN2,5.4432,10.7595,0.506,-0.636,9.1e-07,2.314e-05,0.00167604,0.67117575,0.01045542,4
CIC,64.5531,92.9364,0.695,-0.469,1.093e-05,0.00147596,0.00012272,0.98909653,0.01048546,4
TNFSF14,3.9601,7.2515,0.546,-0.531,8.03e-06,0.00035769,5.878e-05,0.69133573,0.01049865,4
GMIP,85.1866,122.8846,0.693,-0.46,5.373e-05,0.00182567,4.867e-05,0.65123214,0.01055954,4
TMEM43,26.5526,43.0209,0.617,-0.435,2.884e-05,0.00321288,4.197e-05,0.816179,0.01057144,4
CTBP1,55.1559,79.3604,0.695,-0.415,6.883e-05,0.00487904,0.00032469,0.69133573,0.01060508,4
ZNF532,9.8975,13.2124,0.749,-0.336,0.00204271,0.02232357,0.0082724,0.20613999,0.01064914,4
ARF3,7.9111,14.3339,0.552,-0.569,3e-08,0.00012725,4.109e-05,0.7949782,0.01068698,4
KDM5C,56.0053,66.4953,0.842,-0.181,0.03864603,0.21709164,0.00072913,0.48343223,0.01071104,3
LRRC4,6.1327,12.6291,0.486,-0.536,3.682e-05,0.00036022,0.00327453,0.15044329,0.01073347,4
GRAMD1A,148.6094,218.6077,0.68,-0.451,6.42e-06,0.00221308,1.724e-05,0.92378602,0.01076521,4
S1PR4,125.8263,214.8779,0.586,-0.502,5.24e-06,0.00071062,1.261e-05,0.96729961,0.01077404,4
TCEANC,0.5979,0.3665,1.631,0.394,0.00860322,0.00734752,0.02503918,0.78864252,0.01084894,4
ZNF787,8.005,13.1497,0.609,-0.507,1e-08,0.00061335,1.41e-06,0.5928362,0.01085414,4
NUP50,10.3326,16.1212,0.641,-0.486,1.918e-05,0.00104565,3.318e-05,0.67117575,0.01086424,4
SLC4A2,28.1109,38.5051,0.73,-0.42,0.00016666,0.00430728,0.00134469,0.69133573,0.01104414,4
MFSD10,41.73,62.6747,0.666,-0.477,2.62e-06,0.00123516,2.56e-05,0.53681325,0.01105422,4
DIP2B,13.9207,22.8231,0.61,-0.616,2.69e-06,4.062e-05,0.00050756,0.92378602,0.01105513,4
GNPTG,21.88,37.7386,0.58,-0.616,5e-07,3.896e-05,4.765e-05,0.71170446,0.01108321,4
TET3,21.6877,35.9127,0.604,-0.562,3.3e-07,0.00015714,6.97e-06,0.46626286,0.01114914,4
ANKRD13D,53.658,68.0555,0.788,-0.334,0.00491337,0.02286305,0.00173322,0.63152163,0.01118513,4
SEC22C,5.2359,3.492,1.499,0.322,0.00265153,0.02806427,0.0461428,0.00744715,0.01127193,5
ATP2C1,7.1061,6.6734,1.065,0.091,0.66173082,0.53030547,0.06166685,0.03252987,0.01127341,2
NOC2L,13.8941,20.2199,0.687,-0.414,0.00020809,0.00500236,0.0027022,0.83750782,0.01129662,4
SHPRH,7.3268,5.4532,1.344,0.391,0.00051608,0.00776212,0.00279074,0.57388325,0.01130206,4
SIGIRR,79.5149,112.0387,0.71,-0.449,9.187e-05,0.00233915,0.00037738,0.816179,0.01132264,4
COX11,5.7397,10.3853,0.553,-0.457,0.00113723,0.0021642,0.00343389,0.53681325,0.01137607,4
ARFGAP2,14.9734,23.5969,0.635,-0.495,1.06e-06,0.00081306,0.00019717,0.34107567,0.01145329,4
BANF1,25.9153,48.664,0.533,-0.631,6e-08,2.489e-05,9.61e-06,0.63152163,0.01148323,4
ABTB1,64.809,122.462,0.529,-0.589,4.28e-06,9.564e-05,8.183e-05,1.0,0.01169635,4
TMEM160,4.4605,10.1479,0.44,-0.608,1.72e-06,5.598e-05,0.00115019,0.13112543,0.0117306,4
ZNF280D,7.1003,5.6245,1.262,0.225,0.08125509,0.12331952,0.02557631,0.04428548,0.01183306,3
TRIOBP,10.1439,14.4341,0.703,-0.432,0.00598092,0.00355797,0.04587508,0.35550187,0.01183656,4
MCL1,154.1495,264.1639,0.584,-0.518,8.23e-06,0.00049648,0.00134469,0.227454,0.01185358,4
ANKRD36,10.4982,6.8254,1.538,0.508,0.00072702,0.00059342,0.03363686,0.69133573,0.01213167,4
CRK,1.0194,1.9453,0.524,-0.484,2.626e-05,0.00112331,0.00023025,0.57388325,0.01225171,4
ENDOD1,20.6119,34.3847,0.599,-0.503,3.3e-07,0.00067317,3.539e-05,0.08278988,0.01242576,4
DAGLB,19.5513,34.584,0.565,-0.46,1.59e-06,0.00199092,7.384e-05,0.7949782,0.01244724,4
TRPM7,8.9203,7.9303,1.125,0.172,0.75262696,0.23664665,0.19251982,0.96729961,0.01247217,1
CCDC117,1.0733,1.7792,0.603,-0.466,0.00015449,0.0016468,0.00159225,0.21975591,0.01254753,4
IRF3,36.0894,54.1377,0.667,-0.482,5.11e-06,0.00111729,6.522e-05,0.65123214,0.01257273,4
STAB1,40.3938,60.4302,0.668,-0.459,7.869e-05,0.00191607,0.00043798,0.41673557,0.01257981,4
SPICE1,1.3619,0.7868,1.731,0.362,0.05856709,0.01344791,0.11400069,0.04012175,0.01258002,3
CDKL5,2.0317,1.387,1.465,0.355,0.01967021,0.01530686,0.01707771,0.816179,0.01260181,4
ACSL6,3.2367,2.0857,1.552,0.38,0.00033157,0.00965092,0.00274615,0.32701011,0.01280679,4
ZNF587,2.0621,4.2083,0.49,-0.342,0.0023648,0.02082884,0.01724271,0.11694111,0.01291039,4
LPCAT1,2.6388,4.565,0.578,-0.422,3.022e-05,0.00429657,0.00048034,0.07259907,0.01291465,4
PTPN4,11.8955,8.8554,1.343,0.248,0.0334658,0.08927239,0.0062536,0.65123214,0.01298965,3
HAUS6,1.9617,1.3417,1.462,0.453,0.00181757,0.00211878,0.01730734,0.41673557,0.01306196,4
ADAM19,9.4415,15.8546,0.596,-0.593,1.003e-05,8.04e-05,0.00215082,0.4009022,0.01311617,4
ACSF3,14.9077,19.9715,0.746,-0.292,6.883e-05,0.04647828,8.017e-05,0.26208651,0.01312763,4
TMEM14B,4.3725,3.2831,1.332,0.139,0.36936409,0.33886801,0.10358209,0.85451366,0.01314788,1
PYCARD,48.3057,116.2003,0.416,-0.719,1e-08,2.65e-06,6.522e-05,0.55520734,0.01337417,4
MAN2C1,60.4239,91.9939,0.657,-0.419,6.883e-05,0.00442714,0.00025351,0.44942115,0.01340847,4
SNX19,13.7276,20.9485,0.655,-0.381,0.00069939,0.00984967,0.00322292,0.6120509,0.01351494,4
B3GNT5,0.8597,0.6163,1.395,0.301,0.01112592,0.03988582,0.02109114,0.58224117,0.01353308,4
NBPF11,3.1913,2.1338,1.496,0.455,0.00027001,0.00200284,0.00395528,0.32701011,0.01357603,4
INF2,29.4739,41.778,0.705,-0.394,0.00062834,0.00755597,0.00033088,0.55520734,0.01357687,4
ARRDC1,27.4275,43.4204,0.632,-0.621,5.59e-06,3.337e-05,0.00076924,0.85894553,0.01367942,4
PLEKHJ1,9.8445,16.5574,0.595,-0.578,6.02e-06,0.00010397,0.00034359,0.90209945,0.01368662,4
ATP6V0A1,6.8612,10.3002,0.666,-0.464,8.41e-05,0.00172365,0.00025351,0.96729961,0.01372311,4
GPR171,3.3774,1.987,1.7,0.366,0.00271008,0.01264521,0.0023731,0.96729961,0.01377539,4
RIF1,8.2357,6.329,1.301,0.405,0.00273385,0.00591401,0.00863968,0.55520734,0.01378026,4
ATAD1,1.9014,1.4311,1.329,0.155,0.33630556,0.28598074,0.32053802,0.48343223,0.01384413,1
GPR161,0.9316,0.5427,1.717,0.528,0.00204267,0.00036683,0.01899129,0.98909653,0.01384955,4
DZIP1,2.6168,1.3681,1.913,0.541,8.79e-05,0.00027081,0.00427506,0.88048261,0.01388243,4
AKIRIN2,10.1801,17.1722,0.593,-0.524,2.7e-07,0.00041007,2.916e-05,0.816179,0.01393938,4
MDM2,7.2001,12.0247,0.599,-0.434,0.02016466,0.00362881,0.03446721,0.7949782,0.01401296,4
ATXN1,12.8159,20.8261,0.615,-0.405,8.44e-06,0.00627836,0.00027895,0.67117575,0.01405403,4
CDK10,20.5767,29.7323,0.692,-0.426,2.987e-05,0.00382379,6.388e-05,0.73226424,0.01408749,4
CHMP6,2.9121,3.8697,0.753,-0.236,0.03469499,0.10734956,0.00851085,0.77391449,0.01412656,3
AKTIP,4.1027,2.9502,1.391,0.311,0.01218328,0.03379533,0.00292854,0.6120509,0.01413014,4
RALGAPA1,5.9409,4.5144,1.316,0.415,0.00089803,0.00481994,0.03446721,0.00533925,0.01413444,5
CNGA2,1.0557,0.3914,2.697,0.545,8.37e-06,0.00024342,0.00716654,0.14441351,0.01427677,4
B3GAT3,13.7851,19.9941,0.689,-0.423,3.19e-06,0.00401391,6.001e-05,0.1588897,0.01431179,4
SEMA4C,23.3042,33.1479,0.703,-0.425,0.00010031,0.00395998,0.00037038,0.26208651,0.01432343,4
TAC1,1.1752,0.5598,2.099,0.471,0.00018771,0.00141693,0.00384899,0.63062819,0.01443061,4
ALB,2.4023,1.1357,2.115,0.495,4.16e-06,0.00081724,0.00369895,0.61113274,0.01446055,4
CYB561D2,4.0242,6.2834,0.64,-0.369,7.93e-06,0.01200422,0.00034036,0.69133573,0.01446742,4
S1PR5,86.2381,159.5969,0.54,-0.448,1.5e-07,0.00248606,1.802e-05,0.06339176,0.01459302,4
BCAP31,11.5376,19.0781,0.605,-0.489,7.361e-05,0.00098802,0.00062016,0.25018521,0.01460064,4
JDP2,1.8438,3.9456,0.467,-0.455,0.07148057,0.00229141,0.08253192,0.15405012,0.01464965,2
PPARD,6.7288,9.3323,0.721,-0.381,0.00067273,0.00951011,0.00013561,0.65123214,0.0147338,4
SNORA37,14.4255,9.9597,1.448,0.219,0.07835695,0.13287202,0.14311692,0.02878996,0.01473398,2
EEA1,3.5796,2.6673,1.342,0.385,0.00602962,0.00874626,0.02973714,0.05913774,0.01482113,4
CLSTN1,28.1868,37.9668,0.742,-0.369,0.00041018,0.01203463,0.00103796,0.96729961,0.01482549,4
SBK1,4.0255,5.6972,0.707,-0.308,0.00038611,0.03521033,0.00069097,0.04428548,0.01483185,5
PSPC1,19.2801,26.4299,0.729,-0.376,8.694e-05,0.01048393,0.00035011,0.43290855,0.01497596,4
SLC15A4,11.6423,25.6613,0.454,-0.622,9e-08,4.477e-05,0.00056637,0.21662026,0.01500156,4
MRFAP1L1,23.1358,43.0424,0.538,-0.573,2.7e-07,0.00012156,1.883e-05,0.67117575,0.01500486,4
SNORD33,508.34,205.6573,2.472,0.295,0.34846986,0.04389072,0.20452869,0.55520734,0.01504579,2
MRPL44,7.8512,11.493,0.683,-0.401,0.00013524,0.00635837,0.00537999,0.24743837,0.01505538,4
PKD1,34.0159,45.1344,0.754,-0.297,0.00019743,0.0422181,0.00014111,0.83750782,0.01524574,4
SERBP1,6.624,5.0443,1.313,0.266,0.09303199,0.06891151,0.11331587,0.43290855,0.0152486,1
ERCC8,1.9069,1.1933,1.598,0.421,0.00017206,0.00418345,0.00233465,0.65123214,0.01530011,4
ABHD15,9.5925,15.0713,0.636,-0.471,4.23e-06,0.00144731,0.00016859,0.71170446,0.01560577,4
PITRM1,11.1905,8.5952,1.302,0.332,0.02320302,0.02328897,0.0375127,0.26208651,0.01561383,4
ADHFE1,1.8814,1.1302,1.665,0.367,0.00015844,0.0124695,0.00252311,0.46355761,0.01574283,4
SMG6,21.457,28.7723,0.746,-0.311,0.00041851,0.03394927,4.022e-05,0.63152163,0.01595332,4
PGM1,6.2968,10.7434,0.586,-0.591,3.516e-05,7.927e-05,0.0007162,0.73226424,0.01599144,4
SUGP2,45.9223,67.3883,0.681,-0.339,9.09e-06,0.02060085,0.00018235,0.1960065,0.01601109,4
WDR73,7.7569,12.2499,0.633,-0.288,0.00925922,0.04955173,0.00103607,0.26423626,0.01602162,4
PPP3R1,7.5179,10.0761,0.746,-0.458,4.326e-05,0.00191442,0.00245174,0.06787552,0.01603271,4
POLE4,14.4897,23.9157,0.606,-0.448,0.00013306,0.00241831,0.00245142,0.44942115,0.01606338,4
SEPHS2,8.0729,12.5991,0.641,-0.558,1.91e-06,0.00017269,0.00087094,0.44942115,0.01611644,4
HNRNPH1,32.66,48.002,0.68,-0.395,0.00015466,0.00728009,0.00198035,0.57388325,0.01612012,4
IDE,6.966,5.3656,1.298,0.192,0.79333462,0.18749533,0.80577557,0.25018521,0.01616223,1
ARAP1,92.9052,155.5082,0.597,-0.535,1.01e-06,0.00032084,3.179e-05,0.90209945,0.01617922,4
HCLS1,51.2896,78.5768,0.653,-0.529,4.581e-05,0.00036942,0.00048034,0.46626286,0.01628809,4
SLC16A3,14.3357,27.6153,0.519,-0.656,1e-08,1.398e-05,6.257e-05,0.94552275,0.01630727,4
MS4A1,9.8113,6.1834,1.587,0.436,0.00322282,0.00308656,0.02109114,0.88048261,0.01632081,4
ARFGAP1,14.8002,20.5262,0.721,-0.353,0.00019128,0.01614004,0.00087094,0.55520734,0.01633396,4
EGR3,0.6365,0.4807,1.324,0.24,0.23710741,0.09916694,0.07832363,0.5928362,0.01645446,1
ZNF518B,2.3279,1.7734,1.313,0.314,0.09832698,0.03198378,0.14280054,0.71170446,0.01646918,2
NUDT7,1.3619,0.8774,1.552,0.214,0.00049245,0.14317471,0.00038487,0.16927763,0.01649,3
ZNF740,30.2387,48.8297,0.619,-0.41,4.28e-06,0.00535753,0.00031264,0.18622027,0.01660391,4
SP2,29.9975,20.4065,1.47,0.351,0.10106331,0.01676985,0.1794334,0.07259907,0.01669948,2
RFC1,5.3451,4.3361,1.233,0.297,0.0178611,0.04221038,0.02900568,0.4009022,0.01673757,4
ZC3H12D,6.9867,9.8884,0.707,-0.307,0.00213592,0.03684945,0.00201342,0.13451295,0.01687181,4
FBXL17,8.4776,14.7532,0.575,-0.538,8.34e-06,0.00032863,0.00143957,0.26208651,0.01691951,4
XRCC1,12.9789,19.9124,0.652,-0.566,1.34e-06,0.00013765,0.00044616,0.6120509,0.01699139,4
MIIP,17.1583,30.1744,0.569,-0.646,6.8e-07,1.77e-05,0.00011324,0.75300697,0.0171289,4
MAP1S,17.3309,31.5622,0.549,-0.488,0.00402115,0.00105444,0.01462291,0.6120509,0.01713067,4
MOGS,20.196,30.778,0.656,-0.464,0.0004626,0.00176382,0.00414443,0.09402198,0.01717132,4
ERRFI1,0.7857,0.493,1.594,0.339,0.01385545,0.02056621,0.00015106,0.816179,0.01724527,4
DENND1C,169.485,267.9299,0.633,-0.495,2.46e-06,0.00083387,2.246e-05,0.75300697,0.01732934,4
DOK3,26.0109,49.3721,0.527,-0.61,7.64e-06,5.519e-05,0.00288193,0.385418,0.01737121,4
SLC30A1,6.3117,9.5617,0.66,-0.404,8.1e-07,0.00604883,2.853e-05,0.385418,0.01741199,4
UBXN11,34.9781,49.0415,0.713,-0.377,0.00010141,0.01030559,0.0002685,0.41673557,0.01741519,4
SLCO3A1,22.4477,39.7818,0.564,-0.647,7.4e-07,1.759e-05,0.000205,0.88048261,0.01748425,4
IMPDH1,19.6888,34.2536,0.575,-0.546,1.395e-05,0.00025221,0.00037038,0.94552275,0.01754335,4
SLC41A1,12.0117,18.4925,0.65,-0.417,4.39e-06,0.00455406,6.522e-05,0.51871531,0.01754647,4
ALCAM,2.2293,1.8518,1.204,0.205,0.01409131,0.16016493,0.01172657,0.13451295,0.01766736,3
ZNF107,7.7786,5.2413,1.484,0.397,0.00056406,0.00690873,0.03618053,0.12701804,0.01779996,4
SFSWAP,17.7863,24.5851,0.723,-0.376,3.395e-05,0.01044615,0.00010447,0.55520734,0.01783481,4
GBA2,12.0594,18.4426,0.654,-0.542,1.134e-05,0.00026063,0.00049833,0.96729961,0.01790077,4
OAZ1,643.5186,1305.4405,0.493,-0.7,0.0,3.05e-06,3.53e-06,0.6120509,0.01796045,4
AP2A2,1.7743,4.6639,0.38,-0.364,0.07537815,0.01420775,0.07033926,0.68241839,0.01800674,2
LPAR2,37.1379,63.1078,0.588,-0.414,6.7e-07,0.00512179,5.184e-05,0.4009022,0.01808262,4
SPOCK2,34.1674,48.4412,0.705,-0.308,5.252e-05,0.0354393,0.00013293,0.48343223,0.01809419,4
BCL7C,8.6149,15.4245,0.559,-0.573,5.31e-06,0.00012908,0.00048034,0.90209945,0.01812574,4
KCTD13,6.2902,8.4134,0.748,-0.349,0.00298204,0.0175705,0.00215082,0.85894553,0.0181581,4
RALGAPA2,11.5615,16.0903,0.719,-0.463,3.72e-06,0.001702,2.732e-05,0.94552275,0.01820539,4
KLHL18,6.5813,8.7543,0.752,-0.329,7.957e-05,0.02495726,0.00257419,0.14231835,0.018241,4
MYD88,33.6862,56.8761,0.592,-0.573,5e-07,0.00011879,0.00040663,0.65123214,0.01831162,4
KLHDC8A,0.555,0.2375,2.337,0.419,0.00022415,0.00440372,0.00069831,0.37067323,0.01831314,4
ING4,5.7092,6.9532,0.821,-0.22,0.0817204,0.13209061,0.01164501,0.34107567,0.01834052,2
HS3ST3B1,3.4422,4.9575,0.694,-0.225,0.04592047,0.12663609,0.05897845,0.1960065,0.01842666,2
MAPRE1,4.2728,7.1326,0.599,-0.461,0.00040607,0.00190725,0.02338972,0.25018521,0.01844118,4
MADD,52.8889,85.7372,0.617,-0.472,1.107e-05,0.00146576,0.00156685,0.31330231,0.01856835,4
PSMA5,8.786,14.8075,0.593,-0.431,0.00135703,0.00369377,0.03086403,0.48343223,0.01857753,4
TPCN2,19.4453,28.3356,0.686,-0.439,0.00013023,0.00297033,0.00194778,0.73226424,0.01858413,4
TRIM35,6.8652,9.2175,0.745,-0.336,0.00176896,0.02198117,0.00354403,0.55520734,0.01870057,4
EVI2B,122.7637,297.3294,0.413,-0.598,1.08e-05,6.881e-05,0.00780443,0.23864024,0.01871063,4
TEX10,5.2699,4.3203,1.22,0.171,0.11690198,0.23970936,0.01777414,0.57388325,0.01872312,2
ATG2A,20.9585,30.7578,0.681,-0.497,1.08e-05,0.00079106,0.00060903,0.57388325,0.01872348,4
HMGCR,6.3864,5.4557,1.171,0.203,0.27608449,0.16366216,0.05450805,0.71170446,0.01875235,1
TNFRSF1A,34.7482,72.339,0.48,-0.666,6e-08,1.054e-05,5.184e-05,0.65123214,0.01875852,4
TBC1D10C,88.7107,126.9449,0.699,-0.453,8.03e-06,0.00209945,0.00011324,0.816179,0.01876152,4
CARD8,37.5286,56.5123,0.664,-0.461,2.447e-05,0.00185485,9.633e-05,0.46626286,0.01880981,4
GRWD1,4.0047,5.171,0.774,-0.262,0.00062223,0.07363814,0.000205,0.98909653,0.01884985,3
RAB1C,0.6969,0.4178,1.668,0.235,0.04837203,0.10746944,0.06800874,0.15476951,0.01890328,2
INVS,4.324,6.1882,0.699,-0.406,0.00126009,0.00601473,0.00156685,0.90209945,0.01923669,4
ARHGAP4,147.2244,203.793,0.722,-0.376,5.816e-05,0.01036532,5.878e-05,0.90209945,0.01942212,4
ALKBH5,21.4148,31.9551,0.67,-0.494,2.16e-06,0.00082117,0.00011789,0.94552275,0.01942218,4
TJAP1,7.0642,9.9226,0.712,-0.373,0.00089803,0.01134327,0.00047157,0.92378602,0.01953944,4
DR1,2.5281,2.3263,1.087,0.05,0.95863637,0.73274824,0.35012132,0.02766445,0.01965107,2
CHST7,4.63,7.3602,0.629,-0.473,0.00029322,0.00144321,0.00312192,0.90209945,0.01966127,4
MTG1,11.4514,16.1008,0.711,-0.359,0.00017024,0.01446275,0.00338,0.370282,0.01981945,4
PIK3CD,119.1484,168.6573,0.706,-0.444,4.326e-05,0.00258381,0.00019717,0.71170446,0.01989532,4
NPL,3.3482,6.3637,0.526,-0.554,1.177e-05,0.0002393,0.00198035,0.1129434,0.01994356,4
MED21,2.6922,1.8852,1.428,0.252,0.03886526,0.08412365,0.00079641,0.62134835,0.01997329,3
EIF5B,4.3055,3.3337,1.292,0.441,0.00524836,0.00277054,0.09260467,0.7949782,0.02001127,3
USP39,36.039,61.1906,0.589,-0.611,9.6e-07,4.385e-05,0.00072913,0.85894553,0.02013671,4
PPM1D,4.3099,7.2355,0.596,-0.428,0.00087269,0.00401903,0.02338972,0.1960065,0.0202059,4
C1D,0.9482,0.4045,2.344,0.393,0.00991386,0.00755699,0.01298392,0.43517424,0.02021186,4
SRSF2,31.5027,38.7736,0.812,-0.238,0.00227296,0.10273872,0.00048926,0.57388325,0.02037491,3
TAOK2,25.277,36.9486,0.684,-0.438,9.187e-05,0.00313574,0.00042203,0.69133573,0.02041173,4
REEP4,11.8056,18.5572,0.636,-0.551,1.43e-06,0.00020623,4.765e-05,0.71170446,0.02050724,4
THBD,6.1351,11.6361,0.527,-0.572,5.87e-06,0.00014539,0.00167604,0.7949782,0.02055886,4
ZBTB7A,48.031,67.121,0.716,-0.352,2.42e-06,0.01648062,2.56e-05,0.4009022,0.02056482,4
CCNDBP1,7.7215,12.209,0.632,-0.475,0.00029931,0.00140423,0.00085568,0.03805062,0.02056656,5
KCNA3,88.4886,131.6519,0.672,-0.398,4.038e-05,0.00692198,9.633e-05,0.7949782,0.02057285,4
FGD1,1.144,0.5557,2.059,0.606,1.65e-05,4.766e-05,0.00941501,0.68249626,0.02057501,4
TTYH3,24.844,42.4693,0.585,-0.527,2e-08,0.00037274,0.00014683,0.31330231,0.02058145,4
NTNG2,6.6726,11.7384,0.568,-0.391,0.00017024,0.00799824,5.756e-05,0.63152163,0.02069869,4
TMEM115,6.6025,11.064,0.597,-0.537,1.3e-07,0.00030534,3.45e-06,0.50091734,0.02084217,4
RFX2,3.69,5.7068,0.647,-0.349,0.00241802,0.01764462,0.00616082,0.0300193,0.02090889,5
FBXO22,1.7388,2.6996,0.644,-0.394,0.01062898,0.00762881,0.0935625,0.03805062,0.0209136,4
ANO9,16.4333,18.707,0.878,-0.146,0.05106796,0.31630323,0.00461811,0.7949782,0.02097619,2
EID1,3.0586,5.0178,0.61,-0.546,2.626e-05,0.00025047,0.00218649,0.53681325,0.02104622,4
TOR2A,8.8439,16.5115,0.536,-0.602,2e-08,5.43e-05,0.0001303,0.27434987,0.02109158,4
PSMB7,54.1337,95.3639,0.568,-0.41,8e-08,0.00529692,9.39e-06,0.67117575,0.02123622,4
EMILIN2,9.3209,17.678,0.527,-0.558,4.6e-07,0.00018049,0.00014976,0.67117575,0.02133497,4
HACE1,4.9089,3.9654,1.238,0.287,0.02591256,0.04976259,0.10151415,0.04107563,0.02135753,4
ITGA2B,29.8042,64.7828,0.46,-0.516,2.39e-06,0.00054293,0.00076924,0.13451295,0.02138696,4
BTBD9,2.2643,1.8431,1.229,0.161,0.46046968,0.26770025,0.47581462,1.0,0.0213946,1
PPTC7,8.8451,16.6006,0.533,-0.513,3.5e-07,0.00056017,0.00014976,0.75300697,0.02139584,4
ADI1,1.1306,2.1899,0.516,-0.585,4.872e-05,0.00010132,0.06512714,0.25018521,0.02144089,3
KDM4B,28.5505,46.6123,0.613,-0.582,4.33e-06,9.57e-05,0.00035011,0.71170446,0.02159433,4
PTMA,21.8843,32.7629,0.668,-0.543,5.38e-06,0.00024936,0.00139138,0.5928362,0.02160055,4
RASGEF1B,2.8038,1.9779,1.418,0.382,0.00172152,0.0091663,0.04078398,0.11983122,0.02160839,4
BTN3A2,75.8161,104.8569,0.723,-0.208,0.00059248,0.15517645,0.00476217,0.12701804,0.02163297,3
CR1L,2.8434,1.9908,1.428,0.306,9.086e-05,0.0370633,7.64e-06,0.71170446,0.02183109,4
CCR9,1.4598,0.8962,1.629,0.434,0.00064659,0.00322323,0.00663493,0.64158697,0.02184015,4
ST8SIA1,2.0092,1.1246,1.787,0.495,0.00122542,0.00082164,0.03888638,0.71170446,0.02186064,4
ZNF827,3.4361,3.6357,0.945,-0.077,0.80772278,0.59860106,0.00736033,0.65123214,0.02193518,2
MCM3AP,35.2108,47.3643,0.743,-0.366,0.0003708,0.0126763,0.00050756,0.73226424,0.0220184,4
NOTCH1,50.3744,77.7064,0.648,-0.522,4.18e-05,0.00045099,0.00129944,0.69133573,0.02219157,4
NLRP1,76.7955,98.5592,0.779,-0.302,0.00073409,0.03878101,0.00037738,0.816179,0.02223407,4
PDE4DIP,3.538,2.4615,1.437,0.486,0.00241802,0.00100406,0.27713094,0.12701804,0.02237304,3
MED17,3.3807,4.7515,0.712,-0.381,0.00685907,0.00969161,0.00941826,0.1129434,0.02252204,4
TDP2,11.6175,20.6443,0.563,-0.569,7.83e-06,0.00014174,0.00058734,0.27434987,0.02258365,4
PLCB1,5.0974,4.0406,1.262,0.35,0.002233,0.01708414,0.00332688,0.16766616,0.0229546,4
NPTN,43.0294,75.2895,0.572,-0.523,2.46e-06,0.00043571,0.00078306,0.35550187,0.02301205,4
ZFYVE27,7.9423,10.9889,0.723,-0.361,0.00077784,0.01408185,0.00032469,1.0,0.0230364,4
DOK2,119.0918,201.3448,0.591,-0.556,3.6e-07,0.00018606,0.00014683,0.57388325,0.02307533,4
XAB2,23.9083,34.3491,0.696,-0.433,3.395e-05,0.00329942,0.00033718,0.69133573,0.02315389,4
RASGRP2,89.2368,115.1361,0.775,-0.326,0.0008644,0.02612058,0.00030678,0.46626286,0.02320459,4
JUP,7.9864,19.4868,0.41,-0.536,4.3e-07,0.00037094,0.00297583,0.370282,0.02329695,4
PDIA6,7.3575,12.0369,0.611,-0.538,0.00018336,0.0003142,0.01618571,0.69133573,0.02331906,4
MICAL3,13.7828,18.5701,0.742,-0.337,0.00241802,0.0218194,0.0011127,0.816179,0.02332769,4
PSMD13,13.6113,23.7065,0.574,-0.531,0.00011686,0.00038606,0.00338,0.41673557,0.02341523,4
TWF2,33.1787,62.4269,0.531,-0.585,4.478e-05,9.664e-05,0.00167604,0.6120509,0.02366323,4
TNK2,60.0067,85.531,0.702,-0.427,0.00012472,0.003764,0.00179219,0.370282,0.02376866,4
PURB,2.0923,2.9944,0.699,-0.376,0.00017389,0.01063474,0.00815311,0.10635126,0.02377948,4
TRIM14,22.3697,38.6524,0.579,-0.506,4e-08,0.00065193,1.005e-05,0.48343223,0.02382839,4
ATP2B3,1.8514,0.9215,2.009,0.533,1.517e-05,0.00031927,0.00704198,0.68246706,0.0238742,4
LRRC25,22.8157,47.2688,0.483,-0.599,8e-08,6.217e-05,8.88e-05,0.63152163,0.02402998,4
UFM1,1.4675,0.796,1.844,0.432,0.00014184,0.00332532,0.00253092,0.62154062,0.02416678,4
CDC37,38.0028,53.6257,0.709,-0.458,0.00051099,0.00194853,0.00127735,0.41673557,0.02419666,4
SH2B3,12.6929,24.3272,0.522,-0.591,2.87e-06,8.272e-05,0.00087094,0.51871531,0.0243498,4
MEMO1,9.881,17.7506,0.557,-0.652,1e-08,1.39e-05,0.00018963,0.4009022,0.02454625,4
STARD3,34.2575,47.7171,0.718,-0.421,1.884e-05,0.00425884,1.883e-05,0.31330231,0.02455052,4
ITPRIP,13.8152,20.8442,0.663,-0.42,0.00012472,0.00441846,0.00292854,0.96729961,0.02463874,4
USP31,3.6728,2.5703,1.429,0.302,0.0831293,0.03869985,0.02309099,0.94552275,0.02471005,3
FXR2,6.3464,8.5219,0.745,-0.423,0.00278192,0.00419671,0.01849656,0.816179,0.02484617,4
DDRGK1,18.6384,26.6848,0.698,-0.384,1.862e-05,0.00895522,0.00084068,0.98909653,0.02499875,4
BRPF3,8.626,11.2395,0.767,-0.362,0.00188429,0.01378055,0.0051403,0.69133573,0.02500114,4
TBC1D22A,14.305,19.8493,0.721,-0.416,0.00098748,0.00475145,0.00343389,0.50091734,0.02504262,4
SNRPN,18.6013,35.4539,0.525,-0.507,3.108e-05,0.00064865,0.00348345,0.51871531,0.02512945,4
HEATR1,8.7838,7.5082,1.17,0.214,0.6292803,0.14228713,0.20104747,0.92378602,0.02518579,1
SLC19A1,29.579,47.8294,0.618,-0.433,0.00031184,0.00350437,0.00070348,0.98909653,0.02519951,4
FBXO33,8.9528,13.6605,0.655,-0.311,7.118e-05,0.03434617,0.00107473,0.96729961,0.02520606,4
SAFB2,18.3724,25.9149,0.709,-0.471,6.42e-06,0.00143023,0.00018963,0.92378602,0.02528853,4
FAHD2B,1.6546,0.5697,2.904,0.486,0.00576586,0.00105554,0.1364316,0.15595483,0.02530409,3
RCSD1,51.787,72.9001,0.71,-0.385,3.06e-06,0.00866158,4.197e-05,0.83750782,0.02543464,4
IQCB1,2.377,1.7565,1.353,0.305,0.00319446,0.03719142,0.00145113,0.51871531,0.02548918,4
ZNF84,2.3411,1.8517,1.264,0.229,0.15903504,0.11616255,0.0680878,0.32701011,0.0255073,1
RN7SL1,74756.5348,51385.9221,1.455,0.301,0.88684677,0.03926495,0.90605013,0.43290855,0.0257149,2
TEP1,34.027,47.5162,0.716,-0.486,9.6e-05,0.00102443,0.00046295,0.67117575,0.02589132,4
LDLRAP1,39.6364,51.6448,0.767,-0.231,0.00024341,0.11458313,0.00015891,0.88048261,0.02591924,3
BAG1,25.9014,50.0116,0.518,-0.476,0.0,0.00130266,2.057e-05,0.227454,0.02605789,4
ORC3,5.0549,3.9804,1.27,0.273,0.00904044,0.06215483,0.00033717,0.88048261,0.02608789,3
MTCH1,23.5503,35.1615,0.67,-0.511,8.44e-06,0.00056322,0.0001303,0.85894553,0.02610985,4
COQ2,2.7203,2.7746,0.98,-0.018,0.49509636,0.90406968,0.14279012,0.1588897,0.02611544,1
MFSD8,3.1258,2.6627,1.174,0.102,0.02644622,0.48401184,0.03911049,0.17677365,0.02613018,3
PGK1,10.0896,17.6592,0.571,-0.589,2.851e-05,8.497e-05,0.00125561,0.816179,0.02621765,4
SPPL2B,18.4695,24.7073,0.748,-0.371,3.946e-05,0.01140382,0.00015581,0.75300697,0.02644809,4
SNORD15A,20.574,8.5769,2.399,0.415,0.00088106,0.00483725,0.07504825,0.14231835,0.0264678,3
CAMKV,0.6561,0.288,2.278,0.509,0.00259371,0.00059455,0.01939092,0.25282749,0.02650265,4
NPAT,13.6449,11.6047,1.176,0.196,0.40288295,0.17918818,0.28814531,0.04769022,0.02655338,2
WASF1,1.9367,1.2083,1.603,0.496,0.00055305,0.00080256,0.02309099,0.69133573,0.02660636,4
GJA1,0.9203,0.4294,2.143,0.553,1.25e-06,0.00019217,0.00100204,0.18958413,0.02668776,4
SLC16A6,3.4991,5.9282,0.59,-0.523,1.518e-05,0.00043059,0.00075565,0.75300697,0.02674381,4
ZNF737,10.979,7.1806,1.529,0.349,0.00273385,0.01733931,0.01319492,0.20613999,0.02703643,4
SNRNP70,177.3955,231.8712,0.765,-0.284,0.00023593,0.05174162,4.765e-05,0.18622027,0.02709815,3
DHX35,2.3482,1.6928,1.387,0.26,0.0831293,0.07488423,0.03982572,0.816179,0.02711242,2
NBPF1,2.6466,1.5233,1.737,0.512,0.00102552,0.00055703,0.01148319,0.14231835,0.0271457,4
BICD2,23.6027,44.5189,0.53,-0.583,2.5e-07,0.0001089,3.111e-05,0.73226424,0.02719865,4
CARD11,40.9039,48.3863,0.845,-0.215,0.02755374,0.14027262,0.00915204,0.69133573,0.02726329,3
MAGOHB,1.7969,0.968,1.856,0.462,8.699e-05,0.00173451,0.00838304,0.27701956,0.02735511,4
AMMECR1,2.2076,4.0283,0.548,-0.297,0.00363273,0.04457795,9.249e-05,0.43290855,0.02743551,4
CCDC146,2.6486,1.8111,1.462,0.442,0.00369501,0.00268218,0.02054822,0.816179,0.02743583,4
ANKRD36B,4.9808,3.1825,1.565,0.435,0.00017762,0.00311965,0.01777473,0.34107567,0.02788557,4
HIPK1,39.5032,61.4223,0.643,-0.533,1.8e-07,0.00031843,0.00014683,0.41673557,0.02795319,4
HACL1,9.3614,5.7952,1.615,0.335,0.00023106,0.02210497,0.00225946,0.09402198,0.02798954,4
TUBG2,8.5666,5.9917,1.43,0.256,0.49678327,0.07874079,0.8982619,0.5928362,0.02805081,1
TMEM199,2.269,1.776,1.278,0.116,0.06986579,0.42301842,0.1231142,0.01356957,0.02811576,2
TMED10,25.9813,20.6464,1.258,0.119,0.36231866,0.41253503,0.68315633,0.53681325,0.02811767,1
FITM2,0.9802,1.4532,0.674,-0.229,0.01112327,0.11854803,0.00032464,0.83241685,0.02828577,3
MAP3K5,13.9037,21.073,0.66,-0.545,2.048e-05,0.00025022,0.00100235,0.7949782,0.0283482,4
PITPNM1,51.3875,75.5423,0.68,-0.48,1.49e-06,0.00114315,7.537e-05,0.96729961,0.02836415,4
DNAJC9,3.4028,2.0826,1.634,0.24,0.26357126,0.09982235,0.30773232,0.25233407,0.02838702,1
PROM2,2.8808,1.4365,2.005,0.425,0.00011814,0.00390495,0.00401744,0.73226424,0.02846869,4
GLO1,3.6394,2.7816,1.308,0.164,0.70270576,0.25993377,0.33512247,0.26208651,0.0285255,1
ZDHHC12,24.707,43.2504,0.571,-0.553,3.7e-07,0.00020129,1.233e-05,0.94552275,0.02859127,4
NCOR2,33.8159,49.5992,0.682,-0.515,4.6e-07,0.00050179,4.473e-05,0.73226424,0.02864606,4
M6PR,28.4562,42.2807,0.673,-0.46,3.13e-05,0.00185089,0.00037038,0.94552275,0.02871751,4
TBCA,2.3278,4.7827,0.487,-0.602,0.00065955,6.838e-05,0.48188967,0.13451295,0.02880809,3
VEZT,8.0104,7.0462,1.137,0.167,0.26681155,0.25289593,0.08085546,0.69133573,0.02881915,1
WASL,2.9739,2.1194,1.403,0.323,0.02288226,0.02745181,0.05090466,0.57388325,0.02885362,3
PABPC1L,14.0736,18.283,0.77,-0.293,0.01403931,0.04574392,0.00839324,0.43290855,0.02888159,4
OS9,43.6524,71.7402,0.608,-0.579,1.15e-06,0.00010565,0.00019717,0.90209945,0.02891651,4
BTN3A3,61.3437,79.4324,0.772,-0.2,0.01988084,0.17175943,0.00693903,0.57388325,0.02897093,3
SKI,40.7088,51.1047,0.797,-0.268,0.00012205,0.06627719,0.00012028,0.98909653,0.02902355,3
ZZEF1,61.5883,95.741,0.643,-0.454,1.22e-06,0.00211128,1.883e-05,0.96729961,0.02904331,4
GOT2,4.5326,4.0496,1.119,0.078,0.73452303,0.58998222,0.27280594,0.83750782,0.02922809,1
TUFM,38.6996,62.1811,0.622,-0.561,1.37e-06,0.00016019,0.00026342,0.85894553,0.02931505,4
RABL2B,6.1532,3.7988,1.62,0.193,0.3822701,0.18463584,0.58179093,0.14231835,0.02940625,1
DDX60,5.5974,5.3253,1.051,0.067,0.08846447,0.64422914,0.01100962,0.7949782,0.02940789,2
MRPS7,3.693,3.0977,1.192,0.086,0.24193885,0.55318191,0.0378285,0.78479254,0.02952259,2
PIK3C2A,4.6922,4.1207,1.139,0.187,0.16300807,0.1991206,0.06374906,0.6120509,0.02954794,1
ERCC5,5.5159,7.2115,0.765,-0.311,0.02573554,0.03433453,0.07916031,0.75300697,0.02960887,3
FBXO31,3.5804,4.7633,0.752,-0.299,0.00574266,0.0417854,0.01085567,1.0,0.02969425,4
AKT2,35.9426,50.5192,0.711,-0.402,2.752e-05,0.00635662,0.00233465,0.34107567,0.0298225,4
CCDC88C,57.2432,69.3683,0.825,-0.201,0.00016141,0.16829041,8.352e-05,0.57388325,0.02991362,3
RTTN,5.1263,3.9249,1.306,0.331,0.01104199,0.02364041,0.11109321,0.05913774,0.02996712,3
RPS3,569.6894,1038.2755,0.549,-0.526,5.8e-07,0.00041003,3.179e-05,0.85894553,0.03001649,4
HDAC4,24.0251,30.745,0.781,-0.343,0.00227296,0.01946574,0.00176248,0.71170446,0.03013976,4
FOXN2,6.9654,9.5107,0.732,-0.294,0.00041433,0.04421632,0.00663741,0.53681325,0.03032809,4
MBIP,1.7482,1.16,1.507,0.445,0.00097672,0.00252236,0.02026763,0.70328843,0.03035096,4
BCORL1,14.4951,20.7811,0.698,-0.436,5.686e-05,0.00307571,0.00021728,0.94552275,0.03037096,4
ARHGEF1,524.4449,689.6,0.761,-0.32,0.00011068,0.02887703,8.88e-05,0.90209945,0.03039488,4
DEF6,29.2769,44.215,0.662,-0.523,7.55e-06,0.00041244,0.00015276,0.83750782,0.03048309,4
NLRP12,31.41,54.2783,0.579,-0.546,4.07e-06,0.00023996,0.00075565,0.77391449,0.03049424,4
RBM26,10.6888,9.7249,1.099,0.158,0.88474639,0.27831486,0.57171831,0.08278988,0.03065668,1
ITGA5,25.1341,40.428,0.622,-0.588,1.77e-06,8.499e-05,7.694e-05,0.75300697,0.03069575,4
ZXDC,25.8383,38.9609,0.663,-0.493,1.27e-06,0.00083938,2.853e-05,0.77391449,0.03070895,4
TBC1D10B,24.7457,38.3665,0.645,-0.521,7e-08,0.00043618,4.867e-05,0.28697196,0.03080245,4
FAM50A,15.366,21.0578,0.73,-0.36,0.00627856,0.0145568,0.00191571,0.96729961,0.03085446,4
CD59,1.4835,1.3049,1.137,0.095,0.44596134,0.51365781,0.2262838,0.2092935,0.03094088,1
MYADM,56.7491,111.3952,0.509,-0.6,4.5e-07,6.498e-05,0.00029535,0.65123214,0.03100032,4
FUT7,1.2941,3.3042,0.392,-0.374,0.12064008,0.01172116,0.26544469,0.92124413,0.03111416,2
TMEM41A,4.1515,5.8924,0.705,-0.298,0.00648433,0.04211466,0.01452376,0.23864024,0.03115733,4
PTPN18,35.4766,53.2186,0.667,-0.441,3.13e-05,0.00281976,0.00067867,0.88048261,0.0311783,4
CAMSAP1,9.7032,14.6315,0.663,-0.465,3.06e-06,0.00167271,0.00020105,0.385418,0.03119692,4
PON3,2.1107,0.8459,2.495,0.457,0.00014954,0.00198951,0.00107492,0.54230764,0.03120004,4
SLC39A13,14.9939,20.6739,0.725,-0.396,0.00016141,0.0072385,0.00091822,0.77391449,0.03120244,4
COX17,12.1853,23.1676,0.526,-0.541,2.96e-06,0.00027739,0.02577094,0.0606637,0.03141134,4
NDUFA10,11.1282,16.7412,0.665,-0.508,1.4e-07,0.00059869,1.613e-05,0.85894553,0.03149989,4
DHRS7,49.6507,90.5399,0.548,-0.569,2.362e-05,0.00014973,0.00102001,0.43290855,0.03174578,4
TSPAN32,37.9053,50.567,0.75,-0.329,0.00069939,0.02491274,0.00032469,0.370282,0.03175331,4
PLOD1,16.2214,27.4879,0.59,-0.614,8e-08,3.842e-05,0.00062016,0.53681325,0.03188364,4
ULK1,40.6124,61.8418,0.657,-0.522,2.851e-05,0.00044457,0.0011924,0.63152163,0.03215878,4
COQ9,3.8557,4.9375,0.781,-0.306,0.01824951,0.03681978,0.03048223,0.08278988,0.03240254,4
AP3S1,2.3528,1.5818,1.487,0.383,0.00707624,0.00907328,0.09161918,0.29009575,0.032434,3
MRPL48,2.7189,2.8229,0.963,-0.025,0.261091,0.8613501,0.99215156,0.20613999,0.03263314,1
DHX37,9.4207,11.3854,0.827,-0.278,0.0063807,0.05706737,0.01337792,0.88048261,0.03264102,3
REV3L,6.3839,5.7543,1.109,0.198,0.11877673,0.17445844,0.00673662,0.90209945,0.0326426,2
NFKBIA,62.0723,99.0649,0.627,-0.553,5.686e-05,0.00021073,0.00102001,0.98909653,0.03266503,4
KIAA0513,14.9136,27.4746,0.543,-0.494,2.565e-05,0.00090554,0.00182237,0.6120509,0.0328505,4
RFX5,9.423,13.1612,0.716,-0.39,6.364e-05,0.00794009,0.00100235,0.69133573,0.03285636,4
CEP68,9.9265,13.7174,0.724,-0.313,0.00010253,0.03273212,0.00030101,0.27434987,0.03295034,4
ZNF550,4.8717,7.5253,0.647,-0.374,0.00160078,0.01123036,0.01801255,0.46626286,0.03295687,4
NUAK2,15.9988,23.2676,0.688,-0.393,6.508e-05,0.00764481,0.00132189,0.6120509,0.03296345,4
FBRS,51.7947,73.2547,0.707,-0.472,1.313e-05,0.00140063,0.00019717,0.98909653,0.03298082,4
BLMH,5.406,4.3767,1.235,0.161,0.1318788,0.26926081,0.0644559,0.46626286,0.03304265,1
ATG12,2.9668,2.0393,1.455,0.34,0.04174804,0.02039601,0.02461844,0.86559401,0.03312219,4
SIN3B,18.3554,24.5176,0.749,-0.348,0.00025639,0.01782861,0.00176248,0.5928362,0.03317395,4
EHD1,61.4361,88.6354,0.693,-0.464,8.888e-05,0.00171499,0.00191571,0.53681325,0.03340038,4
MLC1,2.168,3.3664,0.644,-0.369,0.00984395,0.01248055,0.02250345,0.65123214,0.03342456,4
PIK3IP1,20.0798,22.9942,0.873,-0.158,0.02626978,0.27902562,0.00067867,0.85894553,0.03343663,3
DAP,4.4127,6.8981,0.64,-0.431,0.00012073,0.00348243,0.002836,0.94552275,0.03357908,4
CD44,193.9055,373.9071,0.519,-0.627,4e-07,3.01e-05,0.00100235,0.67117575,0.0338826,4
SPECC1L,2.9464,3.6593,0.805,-0.272,0.00516273,0.06285891,0.01924391,0.34107567,0.03394055,3
NAGLU,8.7002,13.9555,0.623,-0.473,0.00010948,0.00147741,0.00241213,0.83750782,0.03398908,4
DLG1,9.7414,8.5656,1.137,0.21,0.45563549,0.14916666,0.54200691,0.13451295,0.03405791,1
IL6,1.3662,0.8212,1.664,0.314,0.00019936,0.03210512,0.02546875,1.0,0.03419119,4
DDX23,21.8475,28.3899,0.77,-0.356,0.00369501,0.01542612,0.01432697,0.53681325,0.03420114,4
MORC2,17.4487,21.3615,0.817,-0.213,0.01255488,0.14649797,0.00554535,0.83750782,0.0342395,3
PCM1,14.557,13.2685,1.097,0.14,0.37650269,0.33808904,0.47581462,0.05913774,0.03432135,1
STAT6,128.2277,182.3842,0.703,-0.464,6.293e-05,0.00165695,0.00062016,0.92378602,0.03433832,4
CHST15,33.8831,74.4673,0.455,-0.585,3.6e-07,9.763e-05,0.00039175,0.96729961,0.03445016,4
PRDM1,19.4753,16.2669,1.197,0.192,0.6198671,0.18693741,0.64037761,0.96729961,0.03466023,1
FFAR2,12.3587,25.8753,0.478,-0.413,0.01424851,0.00555019,0.05575549,0.7949782,0.03486719,3
ZNF778,2.5198,2.1658,1.163,0.107,0.01218313,0.46290928,0.00225943,0.25018521,0.03492671,3
HELB,11.7939,14.0832,0.837,-0.229,0.00342219,0.11746803,0.00506257,0.15044329,0.03502578,3
SGTA,7.775,12.2088,0.637,-0.462,0.00039002,0.00185127,0.00529899,0.7949782,0.03505786,4
TST,2.7761,6.2129,0.447,-0.594,9e-08,7.264e-05,0.00382042,0.05685472,0.03510021,4
KLRD1,4.3479,3.4357,1.266,0.132,0.0016906,0.36503346,0.00312192,0.65123214,0.03516381,3
OR52K1,0.6481,0.3854,1.681,0.366,0.0006697,0.01280609,0.0765873,0.04358096,0.03527561,4
IPO11,4.5426,3.6135,1.257,0.195,0.01274442,0.18118415,0.01452376,0.27434987,0.03544046,3
PTGES3,3.3539,5.0078,0.67,-0.375,0.00211697,0.01089052,0.03404987,0.21662026,0.03546934,4
MICAL1,41.1124,54.8426,0.75,-0.378,0.00056406,0.01014638,0.00143957,0.6120509,0.03558123,4
PPM1F,8.5801,16.3458,0.525,-0.551,4.18e-05,0.00023934,0.00056637,0.98909653,0.03559477,4
ZHX1,3.4354,2.6435,1.3,0.243,0.16061537,0.09502136,0.08522253,0.28697196,0.03564537,1
HPS1,26.6813,36.2357,0.736,-0.387,0.00015302,0.00844692,0.00062016,0.98909653,0.03576441,4
AGAP2,33.192,40.079,0.828,-0.221,0.00064074,0.12976015,0.00025842,0.94552275,0.03578388,3
MTMR2,3.493,2.6107,1.338,0.353,0.0178611,0.01595663,0.19932026,0.1588897,0.03581074,3
CCDC97,7.2013,9.4894,0.759,-0.344,0.00093287,0.01898398,0.00851566,0.5928362,0.03595434,4
PDLIM7,14.8992,25.0859,0.594,-0.496,0.00013452,0.00089195,0.0005265,0.98909653,0.03602402,4
HK1,29.7108,46.6465,0.637,-0.541,6.5e-06,0.00026964,0.00042993,0.98909653,0.0361258,4
GON4L,29.6753,43.5053,0.682,-0.384,0.01227526,0.00947203,0.0054621,0.85894553,0.03635925,4
DEK,24.2519,36.1416,0.671,-0.391,1.55e-06,0.00781085,0.00010032,0.12701804,0.03642895,4
MON1B,14.3914,19.5354,0.737,-0.378,0.01313111,0.01042695,0.01319492,0.06339176,0.03673875,4
AXIN1,27.5397,38.3914,0.717,-0.354,4.132e-05,0.01581605,0.0003845,0.41673557,0.03678296,4
ITGAV,10.8412,8.3678,1.296,0.354,0.02538462,0.0157087,0.04917913,0.63152163,0.03687279,4
KCP,2.4178,1.6576,1.459,0.424,0.00109537,0.00396461,0.00427506,0.69133573,0.03692158,4
AAAS,8.448,12.0101,0.703,-0.472,0.00025906,0.00143071,0.001172,0.7949782,0.03698204,4
PHOX2B,0.5429,0.313,1.735,0.416,0.00082687,0.00469593,0.03216057,0.64130579,0.03702812,4
RHOT2,39.6506,50.6619,0.783,-0.281,0.00035246,0.05499061,0.00088644,0.94552275,0.03710979,3
BTN3A1,147.0701,223.7703,0.657,-0.421,3.241e-05,0.00426739,0.00070348,0.41673557,0.03711691,4
PRR5,7.1313,11.376,0.627,-0.423,1.035e-05,0.00410775,0.00030678,0.13488599,0.03732461,4
ATG4D,12.7427,17.1608,0.743,-0.35,0.00024089,0.01704573,0.00075565,0.6120509,0.03740226,4
PYCR2,10.4642,15.2745,0.685,-0.256,0.06281798,0.08159877,0.01231273,0.71170446,0.03741808,2
KIF27,2.3021,1.4411,1.597,0.35,0.00012472,0.01685707,0.00071619,0.55520734,0.03749435,4
MXD4,10.5438,17.9814,0.586,-0.636,9.1e-07,2.246e-05,0.0008114,0.75300697,0.03754194,4
RHOV,0.5834,0.3352,1.74,0.376,0.00562306,0.01051748,0.0225343,0.52181835,0.03755531,4
FOSB,1.0367,0.9424,1.1,0.083,0.49090566,0.56775432,0.18023085,0.20613999,0.03771422,1
PPP1R15B,19.3081,30.8572,0.626,-0.361,1.3e-07,0.01393989,4.47e-06,0.92378602,0.03778135,4
ZNF319,4.4312,6.1584,0.72,-0.401,0.00015633,0.00654047,0.01248487,0.4009022,0.0378398,4
UBE2D1,5.9067,10.5937,0.558,-0.463,7.279e-05,0.00177907,0.0001356,0.85894553,0.03789292,4
FAM91A1,5.1696,4.6562,1.11,0.14,0.63685457,0.33418519,0.40316051,0.27434987,0.03791759,1
ZNF154,2.4235,2.8319,0.856,-0.158,0.03152456,0.27715645,0.01575527,0.02147068,0.03792741,4
FXYD6,1.2841,0.8602,1.493,0.207,0.13755442,0.15469137,0.17366513,0.74417034,0.03815473,1
PEX10,4.5113,3.9462,1.143,0.082,0.07759375,0.57034209,0.18502681,0.1960065,0.03823462,1
UCP2,385.6271,585.6259,0.658,-0.411,1.77e-06,0.00535349,7.854e-05,0.46626286,0.03826305,4
EWSR1,30.4035,51.5627,0.59,-0.587,1.067e-05,8.587e-05,0.00179219,0.816179,0.03839734,4
DNMT3A,14.1256,16.7424,0.844,-0.185,0.0079762,0.20529479,0.00215082,0.65123214,0.03840276,3
TTC7A,20.5544,32.1168,0.64,-0.376,4.5e-06,0.01069564,0.00023026,0.48343223,0.03844087,4
PPP1R7,14.0832,23.73,0.593,-0.545,3.435e-05,0.00025925,0.00420928,0.43290855,0.03850213,4
ZNF98,2.2918,1.1145,2.056,0.398,0.00085203,0.00678363,0.03863976,0.26294333,0.03853916,4
NUDT13,1.0587,0.7476,1.416,0.29,0.02771001,0.04700673,0.04638844,0.33017175,0.03853929,4
IKBKE,26.6454,36.211,0.736,-0.37,0.00047665,0.01178596,0.00054609,0.48343223,0.03856598,4
ST3GAL1,19.7191,25.7781,0.765,-0.229,0.01313111,0.11838394,0.00191571,0.96729961,0.03873606,3
KDM6B,56.5494,88.1487,0.642,-0.448,0.00010829,0.0024755,0.00095105,0.5928362,0.03878034,4
SRSF9,18.8489,33.5536,0.562,-0.586,4e-07,8.724e-05,0.00050756,0.5928362,0.03878651,4
CASP9,1.8089,3.127,0.578,-0.491,1.828e-05,0.0009122,0.00312114,0.66191546,0.03882925,4
ATF4,27.8764,46.5977,0.598,-0.499,6.436e-05,0.0007833,0.00065468,0.90209945,0.03894493,4
MPHOSPH8,9.6001,11.6397,0.825,-0.272,0.02163746,0.06310119,0.00529899,0.75300697,0.03904252,3
VPS37B,3.3906,5.449,0.622,-0.438,2.46e-06,0.00295655,0.00042203,0.21662026,0.0390678,4
SNORA61,710.5367,449.4327,1.581,0.335,0.31986197,0.0221555,0.87495826,0.00744715,0.03911516,3
EXOC6B,5.3055,7.5471,0.703,-0.299,0.00173723,0.04274715,0.00143957,0.83750782,0.03919452,4
ARID3A,5.349,9.0912,0.588,-0.528,3.23e-06,0.0003768,0.00076923,0.51871531,0.03920191,4
SCYL1,16.3739,25.8747,0.633,-0.56,1.57e-06,0.00016427,0.00039175,0.85894553,0.03921203,4
ABHD13,1.879,1.589,1.183,0.134,0.94804401,0.35476638,0.51625973,0.03520522,0.03922733,2
HDAC5,17.8662,26.727,0.668,-0.503,5.8e-07,0.00067485,2.398e-05,0.77391449,0.03947361,4
RAB11FIP4,8.2665,14.1914,0.582,-0.503,0.00014504,0.00077474,0.00902147,0.1960065,0.0394939,4
TPRA1,15.0006,21.6857,0.692,-0.432,0.00014818,0.00341369,0.00401744,0.96729961,0.0395817,4
ZNF597,0.8179,0.6154,1.329,0.283,0.01637689,0.05318785,0.02623247,0.53681325,0.0397639,3
HECA,34.304,47.1294,0.728,-0.248,6.293e-05,0.09006141,0.00030678,0.385418,0.03984258,3
TYMP,41.755,80.048,0.522,-0.557,1.412e-05,0.00019633,0.00132189,0.6120509,0.03988381,4
PPP6R3,14.5836,21.1884,0.688,-0.467,4.795e-05,0.00159827,0.00021728,0.94552275,0.0400809,4
GPR89A,5.2971,4.0072,1.322,0.242,0.01579144,0.09703577,0.09847143,0.09402198,0.04010685,2
IFNG,1.4997,0.6766,2.216,0.347,0.00029557,0.01789949,0.00073425,0.78852197,0.04015591,4
FLCN,15.752,22.2738,0.707,-0.377,0.00028431,0.01033905,4.287e-05,0.816179,0.04029045,4
SGSM2,17.2372,20.0257,0.861,-0.179,0.00622805,0.21983618,0.00066657,0.77391449,0.04036387,3
ARHGAP25,42.7941,67.3753,0.635,-0.49,0.00014504,0.00099399,0.00102001,0.75300697,0.04047916,4
STK17A,5.8099,8.4436,0.688,-0.377,0.00574266,0.01045182,0.00606929,0.85894553,0.04049205,4
SAE1,4.1063,6.2558,0.656,-0.39,0.00024089,0.00824885,0.00653952,0.31330231,0.04063895,4
XPOT,4.4675,4.0155,1.113,0.158,0.1670555,0.2776999,0.07832363,0.7949782,0.04075774,1
PAM,6.5353,4.5153,1.447,0.353,0.00195325,0.01592075,0.05512883,0.227454,0.04079796,3
ZNF692,7.9841,9.5369,0.837,-0.185,0.0178611,0.2055955,0.00327453,0.98909653,0.04080494,3
ZC3H4,19.5672,29.8409,0.656,-0.389,2e-08,0.00801435,5.4e-06,0.43290855,0.04083372,4
CHIC2,10.4621,16.5625,0.632,-0.418,9.813e-05,0.00454092,0.00241213,0.46626286,0.04085304,4
ARL6IP1,6.5548,5.4829,1.195,0.167,0.56833116,0.25137346,0.06166685,0.26208651,0.0408663,1
ITGB2,554.6959,871.0902,0.637,-0.535,2.04e-06,0.00030672,9.831e-05,0.94552275,0.04092803,4
ZNF706,20.9497,33.1374,0.632,-0.392,5.18e-06,0.00774292,0.0009345,0.1129434,0.04104985,4
SNORA71A,122.4878,99.9992,1.225,0.179,0.79538589,0.21880791,0.83637013,0.08278988,0.04108175,1
FAM89B,27.626,49.4452,0.559,-0.568,4.8e-07,0.00014199,1.925e-05,0.63152163,0.04122658,4
SNORA16A,109.953,74.0553,1.485,0.317,0.1388367,0.03039543,0.37606715,0.25018521,0.04141099,2
MLLT3,4.8763,3.5761,1.364,0.3,0.00810279,0.04074136,0.03242344,0.18622027,0.04152047,4
NEK9,7.3832,10.0444,0.735,-0.373,0.00300796,0.01146426,0.01575527,0.67117575,0.04157736,4
TIGD3,3.1642,4.9828,0.635,-0.418,0.03550832,0.004832,0.11443978,0.26208651,0.04161795,3
TMEM203,20.4005,34.2284,0.596,-0.472,1.12e-06,0.00143404,0.00025842,0.51871531,0.04185318,4
PRR12,49.6122,65.9637,0.752,-0.333,0.00018728,0.02329025,0.00022153,0.98909653,0.04201506,4
TLR6,9.4402,17.6143,0.536,-0.463,0.00398746,0.00197559,0.21892295,0.50091734,0.04209324,3
NIN,22.2436,32.2358,0.69,-0.521,6.883e-05,0.00044118,0.00102001,0.67117575,0.04212345,4
SYVN1,38.8968,58.0268,0.67,-0.332,0.00632944,0.02423681,0.00644294,0.50091734,0.04215809,4
PVR,0.9798,1.4433,0.679,-0.274,0.07113112,0.06301692,0.09796708,0.69133573,0.04234656,1
HDAC7,27.2966,34.8952,0.782,-0.299,0.00096896,0.0410373,0.00045448,0.55520734,0.04235685,4
MST1P2,2.7321,1.7862,1.53,0.385,0.00047665,0.00871995,0.01055349,0.5928362,0.04268148,4
DCAF10,4.8217,4.1681,1.157,0.084,0.29040176,0.56255372,0.85562136,0.98909653,0.04268586,1
CBX5,1.9586,2.4824,0.789,-0.248,0.00415886,0.08987948,0.00791915,0.10004523,0.04279458,3
KLHDC3,33.2908,51.5739,0.645,-0.533,4.39e-06,0.00032632,0.00041426,0.816179,0.04284735,4
RASAL3,36.054,51.9561,0.694,-0.322,3.058e-05,0.02771132,0.00018596,0.69133573,0.04305996,4
MAP2K2,46.9465,75.5359,0.622,-0.542,8.2e-07,0.0002673,9.633e-05,0.75300697,0.04313537,4
PWWP2A,19.3204,27.963,0.691,-0.455,4.478e-05,0.00206556,0.00132189,0.48343223,0.04314245,4
ZNF589,4.1629,2.8249,1.474,0.392,0.00512031,0.00757631,0.02955259,0.77391449,0.04314469,4
ITGAX,151.671,221.6954,0.684,-0.405,0.00039002,0.00599069,0.0011127,0.85894553,0.04321571,4
BMI1,3.1574,2.2304,1.416,0.214,0.44564383,0.14104845,0.57478728,0.39675622,0.04324607,1
DAPK3,10.3289,16.2407,0.636,-0.469,7.5e-07,0.00152698,7.384e-05,0.370282,0.04336047,4
NAAA,11.0937,17.8332,0.622,-0.404,0.00578961,0.00636332,0.04695502,0.385418,0.04339081,4
COG6,3.0857,2.4527,1.258,0.236,0.0259119,0.10656239,0.00117183,1.0,0.04341702,3
PDE4B,7.37,6.4916,1.135,0.165,0.1582493,0.25719115,0.00736033,0.53681325,0.04401949,2
SRRT,24.3356,33.9564,0.717,-0.366,0.00031184,0.01275578,0.00148929,0.7949782,0.04405032,4
ITGB8,0.9442,0.5944,1.589,0.436,0.00202452,0.00308,0.02028135,0.7949782,0.04409086,4
PLCB2,88.9557,124.9101,0.712,-0.455,7.74e-06,0.00201277,0.0001303,1.0,0.04413361,4
EME2,32.8422,48.782,0.673,-0.487,1.51e-06,0.00098106,0.00024396,0.90209945,0.04415281,4
CASP3,1.3066,1.3303,0.982,-0.015,0.89313113,0.91589002,0.21146993,0.20935994,0.04418522,1
WDR75,6.5552,4.793,1.368,0.349,0.00643233,0.01731358,0.03202739,0.92378602,0.04421747,4
TBC1D1,18.2232,28.7351,0.634,-0.521,2.535e-05,0.00044535,0.00031862,0.48343223,0.04427551,4
TYR,2.0054,1.0589,1.894,0.418,2.473e-05,0.00446854,0.00197941,0.18958413,0.04441728,4
NSMCE4A,4.7721,3.9312,1.214,0.174,0.424147,0.23351102,0.54854237,0.02339707,0.04456836,2
IL1B,6.1161,15.133,0.404,-0.597,6.083e-05,8.127e-05,0.0083929,0.6017555,0.04463788,4
PRDM15,8.267,5.3566,1.543,0.156,0.73151971,0.28342732,0.08345335,0.03252987,0.04468273,2
TNFRSF25,28.8242,38.6906,0.745,-0.294,1.5e-05,0.04446152,5.878e-05,0.370282,0.04477612,4
CEBPB,22.6883,45.5577,0.498,-0.584,2.55e-06,0.00010137,0.00040663,0.51871531,0.04494953,4
AMFR,43.5958,72.044,0.605,-0.568,1e-08,0.00013004,3.39e-05,0.27434987,0.04500281,4
HNRNPAB,5.2622,7.7009,0.683,-0.377,0.00065955,0.01046206,0.00820963,0.48343223,0.04501846,4
TSPAN14,34.6572,55.2539,0.627,-0.429,9.67e-06,0.0036382,0.00072913,0.7949782,0.04508811,4
MAST3,85.7284,122.3317,0.701,-0.477,7.279e-05,0.00123302,0.00109356,0.96729961,0.04518723,4
ALKBH8,1.6378,1.2103,1.353,0.407,0.00192712,0.00565268,0.0316355,0.55520734,0.04541186,4
SOS1,9.1803,8.2868,1.108,0.137,0.33764396,0.34788382,0.07266648,0.73226424,0.04542488,1
RNF169,7.7262,10.1825,0.759,-0.426,3.725e-05,0.00375607,0.00253276,0.385418,0.04553919,4
FHIT,5.8467,4.0875,1.43,0.145,0.09457171,0.3191809,0.42279142,0.07315513,0.04557752,1
AHNAK,450.7299,659.0092,0.684,-0.452,2.048e-05,0.00219337,0.00010032,0.370282,0.04598909,4
ZEB2,37.4491,64.341,0.582,-0.553,3.2e-07,0.00019785,0.00042993,0.92378602,0.046032,4
RABAC1,48.6681,103.9648,0.468,-0.602,0.0,6.304e-05,4.69e-06,0.6120509,0.04626963,4
POLR2H,7.7561,6.3411,1.223,0.178,0.35256608,0.22238296,0.32531737,0.07788358,0.04635615,1
TAGLN2,251.2126,422.162,0.595,-0.524,1.818e-05,0.00043419,0.00317206,0.57388325,0.04637461,4
RABL2A,5.2213,3.1855,1.639,0.318,0.00433691,0.02992267,0.00371522,0.7949782,0.04655522,4
MCM7,10.549,12.8959,0.818,-0.195,0.0355084,0.18227416,0.00132189,0.6120509,0.04660779,3
TTC3,15.9586,14.1968,1.124,0.12,0.44288495,0.40815077,0.76044956,0.44942115,0.04662017,1
SNORA5C,52.176,18.8699,2.765,0.34,0.50687674,0.02052287,0.75474914,0.1129434,0.04666005,2
CIRBP,48.6896,66.664,0.73,-0.35,0.00015302,0.017109,0.00018235,0.65123214,0.04681443,4
RAB11FIP1,26.8102,42.0873,0.637,-0.465,1.518e-05,0.0016991,7.854e-05,0.63152163,0.0470268,4
SERINC1,9.6367,14.6039,0.66,-0.479,0.00016489,0.00124024,0.00454757,0.77391449,0.04706106,4
SYT5,0.6095,0.3224,1.89,0.367,0.008951,0.01223838,0.0772776,0.41975741,0.0470613,3
PPP1R3D,3.0628,4.6873,0.653,-0.46,0.000824,0.00197222,0.00889256,0.55520734,0.04708116,4
NKTR,9.3387,7.3968,1.263,0.305,0.1453375,0.03684451,0.9529433,0.02546007,0.04725239,3
ARAP3,11.1793,18.1109,0.617,-0.486,0.00011814,0.00109506,0.00139138,0.98909653,0.047276,4
TMEM88,4.3357,6.5776,0.659,-0.368,0.10758557,0.01280969,0.13685908,0.85894553,0.04737234,2
RUVBL1,4.2076,5.9492,0.707,-0.361,0.10217468,0.01446547,0.34257252,0.17677365,0.04737813,2
CCDC93,3.1453,2.547,1.235,0.229,0.16300807,0.1168818,0.4607343,0.10635126,0.04739677,1
PPP1CC,10.7081,18.7387,0.571,-0.586,2.24e-06,8.805e-05,0.00597898,0.46626286,0.04743032,4
SAP30BP,12.2368,18.3055,0.668,-0.418,0.00181757,0.00468777,0.01707771,0.46626286,0.04748761,4
ZNF91,15.1555,11.5293,1.315,0.297,0.00300796,0.0421271,0.01662646,0.46626286,0.04749472,4
CHFR,12.3517,17.7154,0.697,-0.463,5.558e-05,0.00174772,0.00015581,0.16766616,0.04778872,4
PPP2CB,4.9827,4.3872,1.136,0.101,0.48009032,0.48887815,0.76419753,0.65123214,0.04780942,1
SNX18,26.7337,40.1355,0.666,-0.451,6.74e-06,0.00229083,0.0005265,0.7949782,0.04795168,4
SORL1,99.5544,176.5809,0.564,-0.517,6.83e-06,0.00054264,0.00017882,1.0,0.04795705,4
CBWD3,0.5635,0.3235,1.742,0.367,0.00013582,0.01226875,0.02054245,0.23049565,0.04803892,4
RNF4,6.493,11.1113,0.584,-0.371,0.00011125,0.01207914,0.00014677,0.23864024,0.04806098,4
PRKD2,57.2223,78.8715,0.726,-0.403,2.226e-05,0.00613343,0.00107473,0.5928362,0.04818165,4
BEST1,3.1124,5.5592,0.56,-0.451,0.00503666,0.00251312,0.05389312,0.57388325,0.04820172,3
PCSK1N,2.3447,3.1056,0.755,-0.198,0.00069198,0.17383168,0.00072748,0.36641705,0.04821061,3
RAPGEF1,36.228,49.1168,0.738,-0.387,0.000402,0.00842382,0.00173322,0.96729961,0.04853485,4
LONRF3,2.5985,2.9789,0.872,-0.142,0.54159231,0.33387996,0.10463127,0.385418,0.04866914,1
CCNJL,3.849,5.8797,0.655,-0.319,0.01544892,0.03042113,0.1510206,0.08278988,0.04870556,3
CUL9,20.7771,23.8461,0.871,-0.177,0.01007385,0.22455889,0.00167604,0.88048261,0.0488315,3
MYO18A,27.116,33.7205,0.804,-0.278,0.00675006,0.05801906,0.00194778,0.15044329,0.04888558,3
UBE2O,13.6409,17.1061,0.797,-0.298,0.01533627,0.04228853,0.00554535,0.88048261,0.04893777,4
CD3G,3.7851,2.6887,1.408,0.294,0.17368759,0.04400514,0.31104844,0.41673557,0.04916163,2
ADAM8,101.4363,154.299,0.657,-0.467,2.418e-05,0.00158597,0.00043798,0.90209945,0.04919721,4
CDC42SE2,2.4419,2.0136,1.213,0.13,0.15590899,0.37189207,0.12739375,0.65123214,0.0492486,1
RNU4ATAC,4.3534,2.9462,1.478,0.092,0.13348457,0.52637778,0.10149413,0.15198382,0.04929422,1
TMEM164,5.5423,10.6981,0.518,-0.463,2.24e-06,0.00179739,1.178e-05,0.75300697,0.04931261,4
TCF25,85.6361,107.3608,0.798,-0.295,0.00139512,0.0434633,0.00225946,0.73226424,0.04934698,4
LRP10,55.6638,95.2505,0.584,-0.507,1.79e-06,0.0006577,0.00014976,0.51871531,0.04940006,4
TMPPE,11.4237,17.5503,0.651,-0.422,0.00049109,0.00436998,0.00148929,0.816179,0.04949081,4
FMR1,4.5546,3.5001,1.301,0.23,0.32966483,0.11514535,0.45181594,0.370282,0.04957478,1
XPC,11.4623,14.5773,0.786,-0.353,0.00122542,0.01629849,0.00354403,0.55520734,0.04975559,4
BLOC1S3,9.2139,14.5333,0.634,-0.425,1.27e-06,0.00389613,0.00069097,0.20613999,0.04987263,4
DNAJC13,10.1553,9.5671,1.061,0.086,0.83046295,0.55590788,0.17006121,0.63152163,0.0498932,1
NSD1,11.5009,14.334,0.802,-0.295,0.00791357,0.04409444,0.00580199,0.85894553,0.04990763,4
ZNF226,2.9628,2.1739,1.363,0.315,0.00052121,0.03171045,0.01231273,0.09402198,0.05010451,3
ZNF764,6.3042,8.5753,0.735,-0.313,2.851e-05,0.03236949,0.00082592,0.1960065,0.0506394,3
RERE,12.4251,18.0147,0.69,-0.449,0.0001156,0.0023527,0.00201342,0.88048261,0.05074068,3
KIN,2.4094,3.0177,0.798,-0.227,0.79333462,0.12272625,0.94511201,0.51871531,0.05090675,0
NCDN,19.4417,26.3548,0.738,-0.362,4.634e-05,0.01362435,0.00072913,0.5928362,0.05092489,3
FIS1,36.3461,55.0995,0.66,-0.454,6.883e-05,0.00212597,0.00134469,0.7949782,0.05102349,3
TOM1L2,4.1677,4.819,0.865,-0.17,0.37938007,0.24512147,0.24984922,0.69133573,0.05120573,0
GABARAPL2,7.5757,15.5302,0.488,-0.528,2.817e-05,0.00042807,0.0012342,0.83750782,0.05132694,3
FAM3A,3.5015,4.4373,0.789,-0.235,0.14496855,0.10828196,0.0187428,0.94377386,0.05136336,1
ICA1L,1.0438,0.6388,1.634,0.439,0.01303348,0.00289086,0.0935625,0.370282,0.05143224,2
CRIPT,0.438,0.2346,1.867,0.32,0.00021576,0.02886654,0.00087082,0.20520691,0.05146033,3
ACBD3,3.6997,4.5604,0.811,-0.301,0.00051099,0.03991875,0.00151474,1.0,0.05148159,3
LFNG,89.7917,135.6287,0.662,-0.501,7.3e-07,0.00069806,0.00012272,0.85894553,0.0515014,3
FAU,536.7462,788.5773,0.681,-0.411,0.00011435,0.00531469,0.00050756,0.77391449,0.05188722,3
EDA,4.6136,3.0536,1.511,0.206,0.09355097,0.15617809,0.06374906,0.7949782,0.05191953,0
ARSA,17.5333,24.9052,0.704,-0.423,2.476e-05,0.00406198,0.00035011,0.77391449,0.05192648,3
SUSD1,18.1773,28.1308,0.646,-0.446,1.672e-05,0.00257018,0.00229677,0.4009022,0.052051,3
TOMM22,5.5724,10.5627,0.528,-0.464,0.01594897,0.00178258,0.03542534,0.50422467,0.05207398,3
NADK,60.0024,94.9624,0.632,-0.459,0.00013894,0.00196748,0.00109356,0.94552275,0.05210151,3
THRA,7.247,8.946,0.81,-0.228,0.00130773,0.11860621,0.0011127,0.90209945,0.05233129,2
FAM102A,43.8072,51.6799,0.848,-0.165,0.00202452,0.25774247,0.00055614,0.53681325,0.05237897,2
CD2AP,3.8838,2.844,1.366,0.283,0.0771634,0.05299196,0.08000424,0.63152163,0.05242645,0
GSPT1,12.6707,21.2718,0.596,-0.418,4.5e-06,0.00477799,0.00084068,0.31330231,0.05251757,3
SLC35C2,61.3347,73.7965,0.831,-0.171,0.00285548,0.24139678,0.00132189,0.57388325,0.05258904,2
NUS1,1.9959,1.4329,1.393,0.33,0.04030115,0.02396234,0.06200958,0.96729961,0.05264698,2
PURA,1.9386,2.7088,0.716,-0.186,0.14097828,0.20575511,0.04587508,0.85894553,0.05282878,1
HSH2D,15.5934,26.5825,0.587,-0.509,5.558e-05,0.00065449,0.00045448,0.92378602,0.05307659,3
HNRNPA2B1,47.3633,65.639,0.722,-0.423,0.00018728,0.00406784,0.00078306,0.23864024,0.05313792,3
DPP7,53.8955,81.7556,0.659,-0.484,4.68e-06,0.00104089,0.00033718,0.90209945,0.05352088,3
MTF1,2.0073,4.2552,0.472,-0.506,8.87e-06,0.00076741,0.01685076,0.48343223,0.05354512,3
PIGG,7.7319,10.0001,0.773,-0.343,0.0095447,0.01957902,0.01801255,0.90209945,0.05367467,3
SNORA23,4472.0407,2962.054,1.51,0.296,0.83046295,0.04249473,0.95686069,0.11983122,0.05375085,1
DPP4,5.0159,3.7167,1.35,0.427,0.0019358,0.00373682,0.03404987,0.69133573,0.05398477,3
SMARCA4,40.4354,51.1032,0.791,-0.315,0.00011686,0.03126284,0.00018235,0.370282,0.05403564,3
ORAI2,9.2467,15.5952,0.593,-0.478,1.66e-06,0.00125694,0.00113215,0.1960065,0.05419375,3
DLEU2,11.555,19.3299,0.598,-0.376,8.41e-05,0.01048431,0.00468959,0.35550187,0.05420188,3
PPWD1,7.0567,5.8294,1.211,0.181,0.00782042,0.2170679,0.002836,0.77391449,0.05428857,2
ELMOD3,6.691,6.1052,1.096,0.06,0.11566619,0.68143899,0.50677068,0.6120509,0.05434273,0
FCHSD2,11.5014,17.0058,0.676,-0.438,0.00499525,0.0031089,0.00902147,0.67117575,0.0544806,3
SRSF5,19.5672,24.3538,0.803,-0.234,0.01030852,0.11020779,0.01283555,0.385418,0.05448076,2
SNX2,16.5243,26.9194,0.614,-0.524,2.279e-05,0.00042876,0.01512848,0.77391449,0.05455657,3
RBM27,4.0063,6.6487,0.603,-0.343,0.04016872,0.01952721,0.18424105,0.71170446,0.05468003,2
ZNF227,4.6909,5.7616,0.814,-0.258,0.13883653,0.07864798,0.25187808,0.25018521,0.05473092,0
FBXW2,3.8596,3.3012,1.169,0.063,0.06627782,0.66578211,0.52905363,0.75300697,0.05498719,0
AGGF1,3.8986,5.2183,0.747,-0.327,0.06357364,0.02644243,0.02338972,0.55520734,0.05506209,2
CWC27,2.8257,2.3238,1.216,0.179,0.03728797,0.22043892,0.00087852,0.78870606,0.055085,2
CELF4,1.3406,0.8484,1.58,0.371,0.00429981,0.01143109,0.01849121,0.55520734,0.0553119,3
CCNY,14.8861,24.5144,0.607,-0.473,0.00542347,0.00151708,0.08433418,0.73226424,0.05556493,2
MSN,54.1975,87.0277,0.623,-0.551,4.326e-05,0.0002151,0.00307252,0.90209945,0.05562069,3
EXOC1,6.5254,5.6898,1.147,0.148,0.30521035,0.31078596,0.61595313,0.07259907,0.05563495,0
FBXO21,4.1365,5.8382,0.709,-0.353,2.226e-05,0.01616587,0.00204699,0.71170446,0.05569737,3
EIF3A,41.3415,60.935,0.678,-0.45,6.18e-06,0.00230197,0.00030101,0.6120509,0.05577373,3
RCAN3,3.5081,5.02,0.699,-0.307,0.00939813,0.03714864,0.002836,0.94552275,0.05599194,3
SNX10,2.4624,4.648,0.53,-0.565,0.00012472,0.00018099,0.02250345,0.32701011,0.05602648,3
USP48,8.3293,12.2571,0.68,-0.516,0.000427,0.00051865,0.04030257,0.90209945,0.05641661,3
KLF1,1.6223,1.2082,1.343,0.182,0.02406258,0.2123953,0.01528635,0.81049051,0.05642987,2
HNRNPU,71.8106,126.3745,0.568,-0.38,6e-07,0.0098961,6.001e-05,0.05129462,0.05688979,3
POTEF,2.0343,1.1928,1.705,0.395,0.00569583,0.00718107,0.01148276,0.57388325,0.05701933,3
PLIN3,9.3907,14.4614,0.649,-0.446,0.00020592,0.00251728,0.01319492,0.85894553,0.05708691,3
SMOX,11.4211,19.0694,0.599,-0.416,3.167e-05,0.00478928,0.00322292,0.23864024,0.05716192,3
TMEM104,8.6672,10.7581,0.806,-0.248,0.00731107,0.08942252,0.0092843,0.96729961,0.05717434,2
WDR13,18.2222,25.9302,0.703,-0.383,1.093e-05,0.00924501,3.694e-05,0.41673557,0.05742842,3
KBTBD2,4.2093,7.6643,0.549,-0.473,0.00388772,0.00154941,0.02309099,0.28697196,0.05754545,3
PSD4,85.883,119.3985,0.719,-0.343,3.19e-06,0.0193719,4.287e-05,0.88048261,0.05788466,3
ABCC10,11.9875,15.1029,0.794,-0.295,0.00360194,0.04469603,0.00434176,0.28697196,0.05804884,3
PAK1,10.5753,19.9002,0.531,-0.478,4.5e-07,0.00122761,0.00185301,0.46626286,0.05814286,3
ZNF765,4.6855,3.3785,1.387,0.325,0.00048623,0.02679754,0.00194778,0.385418,0.05818044,3
ANKMY1,24.4015,31.5187,0.774,-0.272,0.00091529,0.06295415,0.00113215,0.69133573,0.05818084,2
L1CAM,2.0494,1.2924,1.586,0.407,0.00011067,0.00560165,0.01849641,0.92378602,0.05818427,3
CDK5RAP3,36.844,47.0118,0.784,-0.248,0.00520539,0.09019668,0.004478,0.63152163,0.05828347,2
BCL6,27.5565,54.0015,0.51,-0.461,5.11e-06,0.00196116,0.00070348,0.53681325,0.05831976,3
DSE,7.5446,12.2698,0.615,-0.461,0.00316783,0.00199606,0.26429692,0.17677365,0.05836625,2
PMS2P4,2.7536,1.3183,2.089,0.348,0.00013435,0.01751667,0.02720031,0.04653016,0.05841538,4
MAP7D1,23.6163,34.9179,0.676,-0.509,1.281e-05,0.00059017,0.00046295,0.63152163,0.05847365,3
NUFIP2,6.5932,10.406,0.634,-0.421,0.00495416,0.00466106,0.14280054,0.77391449,0.05847873,2
OAZ2,2.3649,5.1773,0.457,-0.522,0.00219369,0.00053796,0.02309099,0.88048261,0.0589434,3
GBP4,6.1179,5.2671,1.162,0.166,0.21469379,0.25481621,0.06734826,0.85894553,0.05913337,0
BCL2L1,4.9198,9.4456,0.521,-0.374,7.696e-05,0.01178194,0.00159342,0.50091734,0.05935635,3
SGMS1,3.1834,2.9593,1.076,0.061,0.6636604,0.67542909,0.40593271,0.88048261,0.05939391,0
DGCR2,19.6461,29.8507,0.658,-0.43,0.00011435,0.00362925,0.00102001,0.67117575,0.05966215,3
TBC1D3P2,1.1277,0.52,2.169,0.334,0.00045845,0.0225806,0.00412663,0.94370094,0.05969505,3
TRAM2,1.7778,2.7111,0.656,-0.232,0.08844749,0.11518753,0.05356163,0.51871531,0.05970697,0
PPP1R2,18.9086,26.159,0.723,-0.339,0.00013894,0.02081089,0.00580199,0.18622027,0.05970977,3
FOS,38.9664,89.9143,0.433,-0.565,4e-08,0.00016811,0.00055614,0.6120509,0.05972062,3
SNORA48,153.7698,115.7879,1.328,0.196,0.33467034,0.17930645,0.79777337,0.05641308,0.05972346,0
LRG1,3.571,9.0508,0.395,-0.48,0.00041018,0.00141527,0.00173322,0.41673557,0.05991761,3
KDM6A,23.7119,25.7325,0.921,-0.15,0.45242862,0.30535029,0.02493422,0.96729961,0.05998371,1
KIF13B,9.9571,12.9345,0.77,-0.336,0.00067273,0.02212707,0.00115192,0.88048261,0.059994,3
ZNF480,3.3354,2.4379,1.368,0.245,0.00862735,0.09323775,0.00365737,0.71170446,0.05999959,2
PPP2R5A,17.962,28.0373,0.641,-0.385,1.574e-05,0.00875619,0.00057676,1.0,0.06006157,3
CYP1A2,1.907,0.797,2.393,0.427,2.17e-05,0.00371736,0.00037725,0.95498307,0.06008935,3
CD63,22.8741,43.5988,0.525,-0.578,1.01e-06,0.00011395,0.00078306,0.46626286,0.06009577,3
TXLNA,3.0074,4.2538,0.707,-0.338,0.00024089,0.02115571,7.537e-05,0.4009022,0.06025995,3
BSDC1,7.9262,10.312,0.769,-0.299,0.00136962,0.0412133,0.00146424,0.88048261,0.0602622,3
FPR2,11.7363,36.7871,0.319,-0.523,4.741e-05,0.00055633,0.00360029,0.77391449,0.06032992,3
ZGPAT,7.5237,10.1001,0.745,-0.207,0.00664261,0.15635586,0.00769121,0.02546007,0.06038047,3
AP1G2,33.7426,40.0655,0.842,-0.166,0.00588457,0.25553009,0.00141529,0.90209945,0.06040161,2
ZNF586,33.7125,47.5135,0.71,-0.345,0.00024596,0.01871419,0.00365737,0.94552275,0.06066075,3
RNF135,7.4588,11.76,0.634,-0.472,9.6e-07,0.00138073,0.00012773,0.77391449,0.06068623,3
ZNF720,4.6656,3.599,1.296,0.17,0.00083194,0.24328764,0.00606929,0.13451295,0.06098843,2
ZNF626,4.0349,2.3458,1.72,0.345,0.00094177,0.01854705,0.0286458,0.13451295,0.06119832,3
MSX2P1,0.5266,1.1503,0.458,-0.342,0.78490139,0.02103641,0.73764193,0.56294346,0.06127086,1
TCF12,19.4121,18.3757,1.056,0.041,0.82010768,0.77807359,0.49116165,0.71170446,0.06133266,0
PACSIN2,4.8096,9.6179,0.5,-0.414,0.00013236,0.00538566,0.0011924,0.86559401,0.06134795,3
SDAD1,6.2999,5.3063,1.187,0.199,0.19568055,0.17204225,0.0935625,0.17677365,0.06139715,0
RRN3,0.3648,0.8176,0.446,-0.282,0.13645168,0.05679067,0.46040648,0.16236986,0.06150881,0
CORO1B,30.9603,57.1772,0.541,-0.51,6e-08,0.00060493,2.65e-06,0.67117575,0.06167935,3
RAB12,3.2267,4.7198,0.684,-0.403,0.00849341,0.00634345,0.03574554,0.4009022,0.06169956,3
OCEL1,1.5239,3.7403,0.407,-0.451,5.361e-05,0.00230653,0.00043746,0.25044492,0.06209119,3
UBL3,0.8987,1.3181,0.682,-0.344,0.01077288,0.01914086,0.01264522,0.41305484,0.06221976,3
ANGEL1,5.6311,8.7326,0.645,-0.384,0.00013598,0.00961173,0.00074228,0.1960065,0.06222602,3
MED16,16.9987,26.8998,0.632,-0.452,2.52e-06,0.00219746,0.00055614,0.370282,0.06229775,3
BTBD10,5.3701,7.8672,0.683,-0.481,0.00578959,0.00124419,0.03982546,0.77391449,0.06238847,3
TNFSF12,22.9066,34.886,0.657,-0.497,7e-06,0.00078558,0.0011924,0.83750782,0.06248917,3
CAP1,26.6024,49.4009,0.538,-0.542,0.00235484,0.00031429,0.08793304,0.53681325,0.06255723,2
MLF2,8.8466,14.4657,0.612,-0.51,3.204e-05,0.0006087,0.00103796,0.7949782,0.06256356,3
ZNF318,20.4422,18.0966,1.13,0.112,0.05950884,0.43906777,0.14414618,0.28697196,0.06262991,0
PLEK,22.5238,36.5214,0.617,-0.542,1.555e-05,0.00027713,0.00851566,0.34107567,0.06275763,3
PDE3B,32.593,57.7793,0.564,-0.435,1.22e-06,0.00343582,0.00017882,0.41673557,0.06283917,3
RSAD1,7.3111,9.6434,0.758,-0.336,3.475e-05,0.02190545,0.00151474,0.385418,0.06306409,3
PLAGL2,8.0013,15.4601,0.518,-0.497,3e-08,0.00079287,3.248e-05,0.63152163,0.06310595,3
FUCA1,9.2997,14.2013,0.655,-0.414,0.00033497,0.00513023,0.02279558,0.63152163,0.06331816,3
CCDC12,12.131,10.1324,1.197,0.155,0.99045054,0.28722052,0.62288984,0.05510871,0.06337288,0
GPR27,3.2408,6.1698,0.525,-0.467,7.361e-05,0.00176024,0.00198035,0.85894553,0.06345255,3
SEC22B,0.83,1.2978,0.64,-0.387,0.09148876,0.00899623,0.19760333,0.5928362,0.06354126,1
AURKAIP1,18.1246,31.3365,0.578,-0.559,1.612e-05,0.00018407,0.00218649,0.63152163,0.06355823,3
YES1,1.5632,1.2471,1.253,0.17,0.0996875,0.24461003,0.06374906,0.816179,0.06365088,0
THOC1,3.4503,2.3303,1.481,0.349,0.00243937,0.01729898,0.03086381,0.73226424,0.06366035,3
ZMIZ1,26.0931,42.7817,0.61,-0.429,5.73e-06,0.003634,0.00127735,0.6120509,0.06410513,3
OPA1,5.2369,4.6408,1.128,0.145,0.08360328,0.31997479,0.01413255,0.75300697,0.06410863,1
POU2F2,15.606,23.8243,0.655,-0.382,7.55e-06,0.00921524,0.00054609,0.90209945,0.06414928,3
GRB2,10.1961,15.6709,0.651,-0.457,8.41e-05,0.00200861,0.0022227,0.67117575,0.06424881,3
DYSF,40.1037,78.1235,0.513,-0.531,9e-08,0.00035375,0.00039175,0.31330231,0.06426036,3
ZNRF2,2.1396,3.7902,0.565,-0.404,2.306e-05,0.00637346,0.00011099,0.73226424,0.06444845,3
ADAR,50.3535,76.6527,0.657,-0.47,5.252e-05,0.00148343,0.00096788,0.816179,0.06446094,3
GTF2I,5.4676,4.4624,1.225,0.182,0.06395428,0.21168036,0.03202739,0.71170446,0.06460136,1
DHX29,5.5465,4.5509,1.219,0.359,0.01352814,0.01434885,0.02828977,0.71170446,0.06470313,3
JARID2,14.068,20.5926,0.683,-0.526,5.8e-06,0.00038836,0.00027895,0.46626286,0.06483898,3
RAP2B,3.429,5.5112,0.622,-0.355,3.435e-05,0.01616134,0.00365737,0.55520734,0.06492389,3
LPCAT3,3.3688,5.3632,0.628,-0.354,0.00182507,0.01609819,0.05830339,0.1960065,0.06493636,2
CDC34,9.2004,17.0855,0.538,-0.54,9e-07,0.00029781,0.00051222,0.53681325,0.06495965,3
DENND3,28.4919,49.8882,0.571,-0.484,8.41e-05,0.00117067,0.00317206,0.44942115,0.06498537,3
NAGK,25.0101,43.2903,0.578,-0.54,7.8e-07,0.00027251,0.0003845,0.83750782,0.06501552,3
RASSF3,12.3917,20.1514,0.615,-0.457,0.00053163,0.00214715,0.001172,0.25018521,0.06514703,3
CAMTA2,27.0251,37.0518,0.729,-0.339,6.1e-06,0.02066905,0.00010237,0.77391449,0.06530253,3
OR7E5P,1.4708,0.525,2.802,0.5,0.00017535,0.00074452,0.03357838,0.85220308,0.06547015,3
GYPA,3.1059,2.0934,1.484,0.413,0.01403931,0.00492302,0.19251982,0.7949782,0.06556991,2
MEGF9,19.06,33.5825,0.568,-0.499,1.37e-06,0.00076279,2.979e-05,0.26208651,0.06578153,3
MZT2A,23.9609,44.593,0.537,-0.467,2.817e-05,0.00165631,0.00225946,0.12701804,0.0658463,3
RHOA,22.0622,38.4076,0.574,-0.519,7.782e-05,0.00051975,0.01554385,0.51871531,0.065949,3
LIMD1,13.5649,21.1945,0.64,-0.371,0.00105493,0.01193521,0.00204699,0.63152163,0.06598983,3
PACRGL,2.3948,1.4668,1.633,0.399,0.00069256,0.00660887,0.02221285,0.5928362,0.06602889,3
NSFL1C,11.2597,19.5338,0.576,-0.439,0.00045345,0.00307005,0.00997149,0.7949782,0.06612554,3
DDHD1,10.1131,13.2472,0.763,-0.21,0.00259414,0.15062615,0.00461811,0.6120509,0.06617627,2
TRIM21,8.6148,14.1127,0.61,-0.519,0.00016141,0.00049847,0.01025882,0.29995754,0.06628476,3
ZNF486,5.5905,3.2805,1.704,0.343,5.558e-05,0.01921852,0.00072913,0.94552275,0.06634412,3
BBX,5.3343,4.5545,1.171,0.189,0.32966483,0.1947113,0.61941725,0.10635126,0.06641506,0
PRCC,27.4926,38.2447,0.719,-0.44,4.906e-05,0.00279664,0.00045448,0.55520734,0.06643267,3
TAPT1,3.2021,2.7805,1.152,0.176,0.16300733,0.22801153,0.02900547,0.75300697,0.0665801,1
DRD3,0.8762,0.5052,1.734,0.431,0.00068678,0.00340976,0.00860806,0.92124413,0.06661644,3
TRAF3IP3,63.4024,82.7993,0.766,-0.332,0.00029931,0.02351504,0.00037738,0.31330231,0.06672598,3
SLC45A4,11.3248,21.5041,0.527,-0.486,2.447e-05,0.00119122,0.00395528,0.28697196,0.06674937,3
SLC7A7,62.51,131.9639,0.474,-0.504,0.0,0.00064974,8.19e-06,0.50091734,0.06681879,3
PMS2P3,1.5825,2.1188,0.747,-0.214,0.46205459,0.144849,0.15238005,0.78870606,0.06689637,0
CALM1,12.2868,12.0687,1.018,0.019,0.24782414,0.89395686,0.04078424,0.43290855,0.0669662,1
ELOF1,7.7752,13.2865,0.585,-0.428,0.00374181,0.00396718,0.0119743,0.38954944,0.067008,3
MID1IP1,3.1483,4.8388,0.651,-0.41,0.00200649,0.00556283,0.00233465,0.27434987,0.06708163,3
EXOSC3,5.7815,8.8006,0.657,-0.429,0.00089803,0.00372318,0.00395528,0.65123214,0.06737466,3
RUNDC1,3.3173,4.2999,0.771,-0.24,0.0013199,0.09999294,0.00506257,0.04769022,0.06740368,3
CEP120,4.8085,4.3524,1.105,0.112,0.68698623,0.44229345,0.32293952,0.44942115,0.06747695,0
GIGYF1,28.4936,35.332,0.806,-0.258,0.00366375,0.07782702,0.00616082,0.816179,0.06777858,2
SPINT1,5.3603,8.5594,0.626,-0.493,7.198e-05,0.00088961,0.01132336,0.83750782,0.06780894,3
TF,1.782,1.0124,1.76,0.387,0.00569603,0.00838234,0.03404964,0.816179,0.0680647,3
ZNF516,27.8401,41.2757,0.674,-0.376,6.436e-05,0.01069956,0.00048926,0.23864024,0.068348,3
STX3,3.6136,8.3033,0.435,-0.477,0.00499525,0.00151215,0.0286458,0.65123214,0.06838224,3
POLD4,22.6635,35.2856,0.642,-0.455,4.62e-06,0.00207229,0.00096788,0.94552275,0.06839567,3
TNFAIP8,8.2591,8.3305,0.991,-0.008,0.53107541,0.95619734,0.62637083,0.14231835,0.0684015,0
HPGD,1.6727,0.8579,1.95,0.277,0.00593893,0.05741976,0.0063038,0.8764643,0.06860556,2
EED,3.3247,2.8035,1.186,0.159,0.04148206,0.27775717,0.07916031,0.73226424,0.0687814,1
LHFPL2,1.25,2.1399,0.584,-0.442,0.0003861,0.00282663,0.02758833,0.01364188,0.06887646,4
AGAP6,2.098,3.0818,0.681,-0.188,0.33367525,0.20089917,0.70464479,0.04630271,0.06888798,1
SCO1,1.6074,1.3243,1.214,0.101,0.17034366,0.48790646,0.38138776,0.0300193,0.06914371,1
EBNA1BP2,6.3242,8.701,0.727,-0.26,0.04709057,0.07745976,0.34007749,0.21662026,0.06918309,1
SPOPL,5.3357,4.9986,1.067,0.028,0.56113873,0.84951349,0.33021168,0.57388325,0.06921463,0
NAPB,1.2458,0.9898,1.259,0.193,0.23605195,0.18626634,0.04352125,0.41331236,0.06941114,1
LSM10,4.8687,10.3637,0.47,-0.367,0.00146208,0.01305606,0.00618041,0.90991996,0.06946651,3
FBXW8,2.2098,3.2879,0.672,-0.209,0.03368736,0.15699363,0.2937611,0.07259907,0.0694724,1
RAD9A,8.2555,11.2269,0.735,-0.324,0.00011686,0.02710151,0.00054609,0.90209945,0.06960318,3
HOOK1,1.985,1.2819,1.548,0.404,0.0005264,0.0059522,0.00427506,0.65123214,0.06962001,3
DNAJB2,12.8252,17.9597,0.714,-0.356,8.598e-05,0.01518944,0.00167604,0.96729961,0.07001013,3
GYS1,11.9151,14.49,0.822,-0.266,0.00183404,0.06830835,0.00043798,0.73226424,0.07019686,2
NOSIP,91.2197,135.8586,0.671,-0.367,0.00071308,0.01281102,0.0007162,0.55520734,0.07046132,3
CCDC144B,1.3368,0.8794,1.52,0.281,0.00020163,0.05471673,0.00154059,0.7949782,0.07052504,2
TLR2,17.6575,30.8906,0.572,-0.477,6.26e-06,0.00127846,0.0011924,0.77391449,0.07075278,3
ZSCAN16,2.554,2.2669,1.127,0.121,0.10729515,0.40627069,0.02001687,0.816179,0.07078969,1
SNORD32A,5.3767,2.8078,1.915,0.253,0.67917508,0.08351621,0.95686013,0.10004523,0.07095248,0
SUPV3L1,5.6687,7.4515,0.761,-0.334,0.00051608,0.02279489,0.01116551,0.23864024,0.07102002,3
USP42,5.8853,7.9501,0.74,-0.302,0.00459784,0.04027603,0.04429445,0.98909653,0.07108071,3
ZBTB7B,27.8586,46.8705,0.594,-0.557,2.3e-07,0.00017648,0.00012773,0.88048261,0.07114554,3
ANP32A,19.5665,30.9981,0.631,-0.516,0.00050095,0.0005449,0.02338972,0.55520734,0.07124554,3
NAA50,3.2507,2.5219,1.289,0.244,0.0456318,0.09423657,0.02164652,0.53681325,0.07130353,2
PGAM4,1.5923,1.93,0.825,-0.064,0.0109065,0.66264082,0.15100195,0.27099189,0.07141817,1
DNAJC5,15.0625,26.818,0.562,-0.561,2.52e-06,0.00016992,0.00148929,0.57388325,0.07147232,3
RPS6KB2,27.5653,42.8259,0.644,-0.492,1.003e-05,0.00087507,0.00057676,0.7949782,0.07153366,3
MGST1,4.6452,5.1011,0.911,-0.06,0.77290229,0.68267067,0.07111267,0.28697196,0.07186913,0
PDPK1,10.0533,15.244,0.659,-0.37,0.00033157,0.0118988,0.0016481,0.90209945,0.07190218,3
ZNF3,4.4959,3.6109,1.245,0.241,0.21078836,0.09855692,0.20629456,0.63152163,0.07199016,0
RCBTB1,3.4352,4.5596,0.753,-0.195,0.79333453,0.18567067,0.43717058,0.69133573,0.07207601,0
SULF2,32.4692,57.3617,0.566,-0.525,4e-08,0.00038866,7.537e-05,0.50091734,0.07214823,3
G3BP1,10.0445,11.9024,0.844,-0.234,0.0533237,0.10987927,0.05450805,0.31330231,0.07220055,0
SNORA64,51.6717,7.6343,6.768,0.348,0.01284014,0.01792319,0.26219842,0.01498792,0.07222649,3
AKAP8,9.351,11.7892,0.793,-0.253,0.00015466,0.08356873,0.00042203,0.94552275,0.07234124,2
STAT4,18.727,14.7303,1.271,0.192,0.15206888,0.18695108,0.20629456,0.11983122,0.07274449,0
DUSP3,3.9227,9.2809,0.423,-0.451,1e-08,0.00236366,3.248e-05,0.90209945,0.07277851,3
SEC16A,37.2882,49.5531,0.752,-0.361,0.00011311,0.01376682,0.00088644,0.43290855,0.0729386,3
TSPAN17,3.9439,6.3556,0.621,-0.488,0.00043131,0.00102662,0.00401744,0.90209945,0.07295752,3
PPCDC,7.1183,11.7245,0.607,-0.381,0.00050593,0.00967574,0.00024395,0.44942115,0.07311973,3
WDFY4,35.5534,54.9146,0.647,-0.432,8.504e-05,0.00354452,0.00064298,0.6120509,0.07320741,3
FRYL,12.2777,12.4046,0.99,-0.014,0.485066,0.92501725,0.9529433,0.08827147,0.07339671,0
ACTR1B,21.2282,28.2202,0.752,-0.336,0.00691416,0.02220956,0.01512848,0.43290855,0.07352675,3
BRD1,37.8534,47.6658,0.794,-0.243,0.00021701,0.09675858,0.00072913,0.71170446,0.07354707,2
RRP7A,9.1578,12.262,0.747,-0.244,0.0244408,0.09748719,0.12137202,0.14231835,0.07363332,1
SLA,46.0226,69.6537,0.661,-0.422,0.00050594,0.00440701,0.00389399,0.7949782,0.07373775,3
GABRG2,1.9505,1.2369,1.577,0.459,0.00043131,0.00187502,0.01707771,0.83750782,0.0738199,3
ZFC3H1,48.8874,70.8681,0.69,-0.286,0.00058669,0.05036272,0.00100235,0.83750782,0.07390479,2
REXO1,36.8793,48.0782,0.767,-0.308,7.039e-05,0.03561852,0.00042993,1.0,0.07392929,3
TANC2,4.6315,4.1209,1.124,0.162,0.63685457,0.26480907,0.45181594,0.46626286,0.0740471,0
ZNF615,3.1143,2.7547,1.131,0.13,0.64256033,0.36987797,0.44592501,0.41673557,0.07404979,0
GK3P,1.7036,1.1091,1.536,0.318,0.00138559,0.03016286,0.01204907,0.3163469,0.07406973,3
TOM1,16.4988,24.2339,0.681,-0.433,8.888e-05,0.00333305,0.00063147,0.73226424,0.07412798,3
ACO1,2.9628,2.1844,1.356,0.308,0.00760687,0.03539272,0.01533439,0.73226424,0.07418579,3
BHLHE40,11.9901,15.6808,0.765,-0.286,0.00213592,0.05091091,0.00085568,0.71170446,0.07421986,2
MTMR12,11.3963,16.3651,0.696,-0.451,3.27e-06,0.00219804,0.00035675,0.55520734,0.07428462,3
GAPT,1.5175,2.7087,0.56,-0.401,0.00463625,0.00675964,0.2458246,0.65123214,0.07430383,2
EDEM3,7.8039,11.2868,0.691,-0.361,0.00183404,0.01413662,0.00136785,0.816179,0.07435797,3
PGRMC1,8.2076,13.7864,0.595,-0.373,1.47e-06,0.01107266,1.178e-05,0.11983122,0.07440035,3
RAB5A,5.2858,5.043,1.048,0.036,0.4272374,0.80355371,0.41151113,0.11983122,0.0745519,0
CCS,8.0477,11.8365,0.68,-0.388,0.00352601,0.00837341,0.01640479,0.83750782,0.07466613,3
USP12,1.8376,1.5146,1.213,0.159,0.74657655,0.27497376,0.13751372,0.67117575,0.0747006,0
SH3BP2,86.258,121.7902,0.708,-0.444,0.00020376,0.00260265,0.00050756,0.29995754,0.07478158,3
AKNA,113.6393,148.3854,0.766,-0.353,0.00012338,0.01598813,0.00049833,0.65123214,0.07478361,3
RFTN1,19.2679,24.1076,0.799,-0.282,0.00375826,0.05431406,0.00070348,0.08278988,0.07505545,2
TRIB2,8.3669,11.3583,0.737,-0.254,0.0012028,0.08203552,0.01265913,0.44942115,0.07505891,2
TMEM175,49.3771,61.3763,0.804,-0.256,0.00013598,0.07938977,0.0007162,0.63152163,0.07516634,2
RPN1,69.0469,111.8289,0.617,-0.587,3.7e-07,8.032e-05,0.00027895,0.90209945,0.07517583,3
PLEKHG3,24.0526,37.0388,0.649,-0.435,9.3e-07,0.00310942,0.00011099,0.83750782,0.07523182,3
PHOSPHO1,10.2132,19.3512,0.528,-0.424,0.00178503,0.00434777,0.00434176,0.816179,0.07532348,3
SLC23A3,1.3151,2.0008,0.657,-0.252,0.14508814,0.08548197,0.53990209,0.50263944,0.0754993,0
IGLL5,5.3315,10.0974,0.528,-0.275,0.53628036,0.06191528,0.27585951,0.64809989,0.07550746,0
FADS2,6.5078,9.0102,0.722,-0.228,0.0967138,0.12034592,0.12495892,0.816179,0.07560751,0
NSUN5,14.5824,18.8732,0.773,-0.357,0.00096896,0.01504375,0.02028135,0.1960065,0.07570727,3
BAZ1A,17.5298,23.7589,0.738,-0.456,0.00178503,0.00206956,0.01180886,0.75300697,0.07572566,3
MRRF,3.1599,2.6529,1.191,0.123,0.1200385,0.40032407,0.19420373,0.23056365,0.07593532,0
ARRB1,24.2699,37.6641,0.644,-0.49,2.2e-05,0.00091944,0.00198035,0.75300697,0.07599328,3
EPHA4,4.4904,3.2453,1.384,0.162,0.11141945,0.2651022,0.74923879,0.816179,0.07618437,0
CD14,82.9977,193.4665,0.429,-0.536,1.79e-06,0.00032349,0.00102763,0.85894553,0.07630142,3
IFT20,1.9833,1.4124,1.404,0.246,0.04678751,0.09172408,0.0799822,0.23864024,0.07649504,1
WDR36,3.801,3.3795,1.125,0.138,0.09148876,0.346032,0.04326616,0.44942115,0.07677264,1
HNRNPUL1,57.075,86.7702,0.658,-0.53,3.4e-06,0.00034505,0.00225946,0.75300697,0.07693271,3
SP140,9.8727,8.4751,1.165,0.229,0.04592047,0.11730383,0.03796594,0.63152163,0.07694895,2
TNFAIP6,1.3324,0.9417,1.415,0.176,0.00125478,0.22948795,0.06394374,0.08234679,0.07704053,1
SPNS1,8.1857,16.8292,0.486,-0.461,0.00137588,0.00189196,0.00809322,0.71170446,0.0770619,3
HSPA1A,2.6072,5.9699,0.437,-0.304,0.51630258,0.03869275,0.26322443,0.37395336,0.07709802,1
USP36,10.4736,13.0022,0.806,-0.261,0.00551299,0.07503234,0.00506257,0.7949782,0.07749566,2
BRD9,11.1502,13.5055,0.826,-0.235,0.01284014,0.10808964,0.00215082,0.85894553,0.07772519,2
PRR14,52.6111,70.6543,0.745,-0.397,0.00012884,0.00689945,0.00085568,0.57388325,0.07805838,3
EPOR,8.6752,7.6411,1.135,0.149,0.89736029,0.30495129,0.34507922,0.88048261,0.07808649,0
PMS2,2.9264,2.6786,1.092,0.1,0.47350005,0.49406781,0.3787248,0.4009022,0.07814772,0
ATP6V0E2,21.2997,28.0453,0.759,-0.271,0.00046724,0.06353589,0.00176248,0.44942115,0.07824231,2
BPI,21.8677,38.4354,0.569,-0.463,1.19e-06,0.00171624,0.00201342,0.34107567,0.07837704,3
CDCA4,2.2043,2.8659,0.769,-0.189,0.06510511,0.19792298,0.03048439,0.76704371,0.07845643,1
PSIP1,7.86,5.922,1.327,0.281,0.0178611,0.05448687,0.09452825,0.46626286,0.07852098,1
ECE1,29.3544,53.8293,0.545,-0.556,6.8e-07,0.00019233,8.017e-05,0.77391449,0.07852544,3
RPE,4.1972,3.0478,1.377,0.3,0.0162575,0.04010463,0.0202807,0.7243733,0.07861367,3
ZMAT1,2.7263,1.9102,1.427,0.384,0.00191848,0.00890718,0.11557341,0.7243733,0.07866621,2
TMED4,7.4996,6.7642,1.109,0.075,0.56833116,0.60482865,0.86334665,0.23864024,0.07872541,0
TAF1D,3.7412,3.2513,1.151,0.117,0.00760697,0.42472538,0.04377789,0.1129434,0.07919881,2
ZNF717,3.7729,2.4118,1.564,0.346,0.00702554,0.01826374,0.01248487,0.71170446,0.07964068,3
CDR2,1.591,3.2334,0.492,-0.313,0.81229763,0.03419656,0.80858785,0.82876858,0.07965886,1
SRSF8,4.369,3.497,1.249,0.147,0.71855346,0.31039176,0.71960709,0.385418,0.07971516,0
HMGN1,9.948,7.962,1.249,0.171,0.19614013,0.23943533,0.19932026,0.27434987,0.08004911,0
TMEM223,3.593,7.1798,0.5,-0.416,0.00019535,0.00506725,0.01356304,0.12701804,0.08031513,3
CD4,15.2395,21.4161,0.712,-0.385,5.686e-05,0.00872093,0.00115192,0.94552275,0.08037798,3
GOLGA4,9.5384,11.6161,0.821,-0.221,0.09724916,0.13104728,0.09550198,0.71170446,0.08048516,0
APC,6.1135,10.0682,0.607,-0.479,0.01182146,0.00138817,0.0644559,0.71170446,0.08069781,2
OPRK1,0.3955,0.2228,1.775,0.377,0.00173165,0.0102287,0.03109797,0.80911692,0.08073919,3
GCA,43.274,68.9892,0.627,-0.41,0.00388772,0.00567858,0.00780443,0.94552275,0.0808218,3
ACRBP,10.1364,19.1319,0.53,-0.409,1.6e-07,0.00554722,0.00050756,0.34107567,0.08097351,3
KCTD12,11.0443,20.0336,0.551,-0.466,5e-08,0.00158431,2.674e-05,0.73226424,0.08133419,3
MAD1L1,5.2314,8.4212,0.621,-0.362,0.04996683,0.01403214,0.35012509,0.56304472,0.08144392,2
GLRX5,11.9954,9.2788,1.293,0.065,0.00272717,0.65557579,0.01354303,0.60164357,0.08159752,2
TCEA2,6.3261,9.4931,0.666,-0.332,0.00140803,0.02455081,0.02900568,0.71170446,0.08164542,3
CNOT7,4.8954,3.3202,1.474,0.186,0.46777426,0.20117078,0.82486548,0.48343223,0.08208562,0
NPEPL1,19.2512,25.0075,0.77,-0.28,0.0093256,0.05627785,0.00143957,0.57388325,0.08216199,2
ACOT8,11.7238,20.2827,0.578,-0.518,1.796e-05,0.000493,0.00360029,0.88048261,0.08219072,3
DCAF5,17.5207,22.928,0.764,-0.31,0.00020163,0.03413127,0.00056637,0.29995754,0.08222041,3
TXNDC12,8.8899,13.0936,0.679,-0.475,0.00011189,0.00134473,0.00218649,0.88048261,0.08244699,3
SGSH,17.4194,21.8139,0.799,-0.257,0.00140803,0.0782309,0.00041426,0.67117575,0.08266147,2
FERMT3,109.6724,172.0394,0.637,-0.465,1.2e-06,0.00163508,0.00035675,0.6120509,0.08271437,3
RNF146,3.1633,3.1411,1.007,0.007,0.47022338,0.96168276,0.08522212,0.48343223,0.08280266,0
CMTM3,20.7042,41.4839,0.499,-0.463,7.3e-07,0.00189892,0.00571527,0.85894553,0.08282724,3
BRWD1,6.0257,4.6837,1.287,0.32,0.04505905,0.0288769,0.27713094,0.46626286,0.08290435,2
HSPA6,22.3047,31.4382,0.709,-0.283,0.05600299,0.05429033,0.01413255,0.98909653,0.08293786,1
FAM98C,10.6065,14.9054,0.712,-0.346,3.058e-05,0.01837245,0.00096788,0.7949782,0.08299339,3
NBPF9,2.9271,1.9175,1.527,0.386,0.00200649,0.0085466,0.08702191,0.5928362,0.08301986,2
JAK1,83.1149,116.6558,0.712,-0.313,2.123e-05,0.03239121,0.000205,0.5928362,0.0832744,3
PXN,79.6555,116.0017,0.687,-0.424,3.992e-05,0.00397261,0.00461811,0.31330231,0.08327601,3
TRPM4,4.2477,4.4943,0.945,-0.042,0.51721586,0.77580151,0.99607635,0.08827147,0.0837635,0
NDUFV1,39.5203,56.7285,0.697,-0.428,2.13e-06,0.00362673,2.52e-06,0.06787552,0.08394161,3
ATP6V0C,58.566,116.2469,0.504,-0.599,2.1e-07,6.341e-05,0.00042203,0.71170446,0.08404058,3
PDE6D,3.9545,3.2122,1.231,0.156,0.04534131,0.28415985,0.0545049,0.54417848,0.08409707,1
COASY,13.2492,18.0298,0.735,-0.367,0.00027281,0.01245849,0.0052191,0.67117575,0.08418532,3
RAB30,1.4154,1.0039,1.41,0.184,0.15436391,0.20637565,0.13428722,0.7949782,0.08444657,0
SFMBT1,4.1227,3.3789,1.22,0.184,0.28318097,0.20628366,0.29038061,0.75300697,0.08467463,0
TMEM134,39.9555,63.3692,0.631,-0.443,4e-08,0.0026359,2.99e-06,0.71170446,0.08484621,3
PPM1M,17.1994,26.0993,0.659,-0.472,3.19e-06,0.00139779,0.00014976,0.92378602,0.0848857,3
BLCAP,4.5647,6.5872,0.693,-0.248,7.45e-06,0.09057861,1.289e-05,0.98909653,0.08506645,2
POLH,4.435,3.4776,1.275,0.196,0.23395721,0.17922714,0.59194671,0.25018521,0.0852474,0
POP4,4.6701,4.0402,1.156,0.134,0.6435082,0.35757864,0.21434458,0.81049955,0.08530643,0
IGKC,126.7232,317.9512,0.399,-0.432,0.00038222,0.00371732,0.0464124,0.08827147,0.08542772,3
HSPA7,39.7403,50.1221,0.793,-0.199,0.00415886,0.17175417,0.00136785,0.6120509,0.08542802,2
CASP10,6.2815,5.33,1.179,0.182,0.07496378,0.21162225,0.08085546,0.20613999,0.0854345,0
MYC,28.8261,36.5844,0.788,-0.296,0.00071308,0.04285759,0.00201342,0.73226424,0.08556364,3
SCML4,12.7075,16.3393,0.778,-0.226,0.01478357,0.12226193,0.01596922,0.51871531,0.08560612,2
RNF11,2.9936,5.8857,0.509,-0.48,2e-08,0.00118079,0.0001252,0.10004523,0.08590704,3
ANAPC16,6.012,5.6973,1.055,0.033,0.17453046,0.81922959,0.16853551,0.370282,0.08591067,0
PPIL4,5.1859,4.6018,1.127,0.144,0.80772278,0.32271684,0.92165297,0.6120509,0.08609562,0
HIVEP1,11.2219,15.1743,0.74,-0.403,9.813e-05,0.00612005,0.00348857,0.88048261,0.08617833,3
INTS5,19.1643,27.1542,0.706,-0.356,0.00013894,0.0152598,0.00033088,0.65123214,0.08630967,3
HSD17B4,7.9716,11.5761,0.689,-0.405,0.002233,0.0061158,0.00902147,0.370282,0.08633868,3
TECTA,2.1593,1.5449,1.398,0.411,0.00336411,0.00522218,0.02164652,0.71170446,0.08635399,3
NFASC,1.2768,0.7681,1.662,0.469,0.00027281,0.00149603,0.00915204,0.90209945,0.0863651,3
ZBTB16,5.1989,6.5395,0.795,-0.207,0.26225633,0.1580422,0.02430613,0.75300697,0.0863753,1
EPSTI1,3.6247,6.1123,0.593,-0.305,9.813e-05,0.03726104,0.00261623,0.11983122,0.08645683,3
GSTO1,16.8153,33.4388,0.503,-0.536,2.817e-05,0.00033496,0.00461811,0.85894553,0.0864616,3
DCPS,4.3264,7.275,0.595,-0.512,4.12e-06,0.00057235,0.00050756,0.98909653,0.08656215,3
DHX34,17.7882,25.4384,0.699,-0.394,8.41e-05,0.0073787,0.00040663,0.816179,0.08685942,3
IMP4,15.4506,21.9084,0.705,-0.394,0.00303408,0.00758416,0.01492449,0.65123214,0.08690959,3
NCOA7,4.697,4.14,1.135,0.143,0.16624003,0.32736826,0.12495892,0.11983122,0.08704591,0
UBR1,6.061,5.5218,1.098,0.147,0.53282101,0.31301885,0.25597208,0.92378602,0.08724779,0
DIP2A,25.1127,29.481,0.852,-0.184,0.00388772,0.20753442,0.00047157,0.44942115,0.08729542,2
KDM2B,24.3905,29.8513,0.817,-0.234,0.00708183,0.10934106,0.00327453,0.53681325,0.08741975,2
SAMD8,1.7397,2.1301,0.817,-0.353,0.02240835,0.01645682,0.1496261,0.16766616,0.08750474,2
GGT1,1.6205,1.9125,0.847,-0.048,0.00021636,0.7430985,0.00508772,0.38605514,0.08761236,2
ASB6,6.6353,8.3376,0.796,-0.201,0.01303348,0.1680889,0.00955394,0.75300697,0.08780703,2
USP16,5.1502,4.2623,1.208,0.242,0.01722901,0.0987105,0.22077139,0.43290855,0.08803537,1
BTBD1,14.1086,20.1611,0.7,-0.438,0.00028139,0.00301062,0.00288193,0.88048261,0.08818515,3
MARS2,5.9506,7.0248,0.847,-0.184,0.24135413,0.20773109,0.18589149,0.02339707,0.08822836,1
PSMA7,26.867,51.86,0.518,-0.571,9.91e-06,0.00014182,0.0016481,0.57388325,0.08838558,3
TMUB2,6.5163,10.3449,0.63,-0.346,0.0001466,0.01830928,0.0016206,0.83750782,0.08849588,3
KIAA1328,1.7539,1.4861,1.18,0.159,0.08125495,0.27732467,0.01025872,1.0,0.08850311,1
GPKOW,7.2165,10.1478,0.711,-0.347,0.00630393,0.01840541,0.01011425,0.50091734,0.08878569,3
FHL1,5.3726,4.4001,1.221,0.091,0.88684677,0.5286017,0.68677002,0.46626286,0.08907599,0
EHD4,2.6817,4.0866,0.656,-0.471,8.694e-05,0.00143084,0.00383356,0.85894553,0.08908189,3
ERLIN1,2.6627,2.455,1.085,0.059,0.84291982,0.6827908,0.51305573,0.48948052,0.08919901,0
NBEAL2,115.0113,158.8901,0.724,-0.416,0.00014196,0.00474952,0.0012342,0.48343223,0.08945064,3
COL5A2,1.5956,0.9719,1.642,0.528,9.09e-06,0.00036733,0.00803537,0.816179,0.08959419,3
USP8,6.9073,10.9569,0.63,-0.399,0.08218786,0.00713778,0.50677068,0.227454,0.08960166,1
PORCN,7.196,10.5801,0.68,-0.381,0.00080061,0.00976198,0.02309099,0.05129462,0.08982575,3
ZNF264,8.0036,10.3904,0.77,-0.195,0.0196005,0.18231242,0.0236918,0.94552275,0.08990341,2
CSF2RB,41.0162,86.9276,0.472,-0.463,4.74e-06,0.00194284,0.00017882,0.88048261,0.08990519,3
CSNK1A1,8.7709,8.5323,1.028,0.027,0.07281564,0.85327093,0.23018145,0.4009022,0.08998246,0
TACC3,23.7494,32.8131,0.724,-0.411,0.00061617,0.00530087,0.00327453,0.85894553,0.09002522,3
LONP2,16.6994,20.9969,0.795,-0.193,0.01015154,0.18580964,0.00644294,0.34107567,0.09020145,2
CSF3R,200.146,427.6187,0.468,-0.535,1.7e-07,0.00034157,0.0002685,0.46626286,0.09020711,3
INO80,8.7766,8.3574,1.05,0.054,0.22774606,0.70823753,0.32053802,0.07259907,0.0902094,0
PENK,2.8598,2.0716,1.38,0.207,0.00314716,0.15609838,0.0003408,0.66164793,0.0903397,2
LTN1,5.7258,5.3535,1.07,0.1,0.50694547,0.49051141,0.19251982,0.20613999,0.09049883,0
ARHGAP12,3.0965,2.8672,1.08,0.075,0.10671759,0.60508486,0.00815303,0.7949782,0.09055796,1
PRDM8,4.4507,5.6502,0.788,-0.306,0.01015154,0.03736423,0.08000424,0.16766616,0.09059242,2
CYP3A4,1.9239,1.3452,1.43,0.374,0.016423,0.01073122,0.07991765,0.88048261,0.09087097,2
ANXA5,18.4804,33.2039,0.557,-0.51,4.581e-05,0.00062124,0.01685076,0.63152163,0.09087419,3
VSIG1,3.0484,2.347,1.299,0.227,0.23388155,0.1196631,0.33011009,0.52559347,0.09088256,0
CRYZ,2.2578,1.8644,1.211,0.159,0.01589007,0.27725333,0.03424979,0.54381921,0.09088272,2
SIPA1L3,21.8468,27.78,0.786,-0.313,0.00012073,0.03266893,0.00201342,0.69133573,0.09100558,3
RASGRF2,5.6682,4.0994,1.383,0.355,0.0022529,0.01556515,0.10254487,0.08827147,0.09103182,2
KDM3A,25.4341,34.8459,0.73,-0.255,0.03131496,0.08310623,0.01180886,0.43290855,0.09105602,2
TSPO,33.4818,69.3449,0.483,-0.522,1.3e-07,0.00046507,7.233e-05,0.50091734,0.09112751,3
RB1CC1,7.6507,9.7628,0.784,-0.433,0.00109537,0.00335989,0.01375066,0.77391449,0.09117651,3
MATR3,15.6207,12.7945,1.221,0.174,0.52585608,0.23188351,0.59876179,0.17677365,0.09118143,0
UBR5,16.0355,15.7588,1.018,0.026,0.54866087,0.85834632,0.75296996,0.77391449,0.09139587,0
APEH,18.015,27.3618,0.658,-0.415,1.692e-05,0.00485555,6.94e-05,0.51871531,0.09145349,3
SPAG9,8.158,11.7418,0.695,-0.447,0.00516273,0.00267627,0.0742476,0.88048261,0.09146068,2
EGFR,1.0701,0.6355,1.684,0.429,0.00235425,0.00353531,0.03124331,0.68251085,0.09151789,3
SNORA67,70.0484,47.1858,1.485,0.266,0.12003916,0.06820194,0.13621653,0.16766616,0.09165288,0
BRI3BP,3.7478,4.9837,0.752,-0.249,0.00030867,0.0888907,0.00139138,0.1129434,0.09166756,2
SLC26A11,13.7989,16.2029,0.852,-0.178,0.00849344,0.22107658,0.00274615,0.94552275,0.09189937,2
IL6R,64.7812,114.4116,0.566,-0.455,7.869e-05,0.00221829,0.0007162,0.77391449,0.09207344,3
BLNK,3.3011,2.9273,1.128,0.122,0.30772631,0.40276221,0.05090466,0.27434987,0.09214108,0
OSTM1,4.9652,8.5864,0.578,-0.455,2.3e-07,0.0020954,1.379e-05,0.83750782,0.09223368,3
PAQR8,9.1359,12.5914,0.726,-0.297,0.00127185,0.04385843,0.00072913,0.69133573,0.09264312,3
SRD5A2,0.1866,0.1386,1.346,0.215,0.0575973,0.14128657,0.00765501,0.45205643,0.09281659,1
PRPF40A,14.9559,14.3277,1.044,0.047,0.97559904,0.74541816,0.61941725,0.23864024,0.09294516,0
ZNF548,9.795,14.0674,0.696,-0.305,0.00754695,0.03787051,0.00257419,0.18622027,0.09308668,3
KANK3,1.8761,2.4415,0.768,-0.182,0.1043927,0.21413906,0.021626,0.96624806,0.09320095,1
CDC27,4.1295,3.5005,1.18,0.167,0.33497058,0.25151959,0.10890511,0.55520734,0.09327452,0
RMRP,802.8623,1388.649,0.578,-0.292,0.00085806,0.04595513,0.00453248,0.10531214,0.09334838,3
ZNF117,7.7793,6.8595,1.134,0.091,0.00023106,0.5359894,0.00058734,0.1960065,0.09344756,2
CNOT10,6.1708,6.2475,0.988,-0.014,0.64446698,0.92282075,0.71226254,0.09402198,0.0934593,0
CRISPLD2,6.732,12.2708,0.549,-0.544,0.00036336,0.0002856,0.02557631,0.92378602,0.0935162,3
TRIP4,3.4991,4.8668,0.719,-0.312,0.05773157,0.03454622,0.17547705,0.08827147,0.0935592,1
AKIRIN1,3.506,3.3272,1.054,0.027,0.00810268,0.85104296,0.05032394,0.58225951,0.09369327,1
NEU3,6.2183,8.1807,0.76,-0.27,0.00298204,0.06508702,0.02309099,0.16766616,0.09383108,2
ZNF75A,1.3129,1.1852,1.108,0.078,0.60865291,0.58992263,0.0935625,0.96729961,0.09389559,0
RAB35,40.4291,58.6659,0.689,-0.359,2.3e-06,0.01434607,0.00098497,0.27434987,0.09395398,3
RNASET2,30.2843,59.9648,0.505,-0.425,4.795e-05,0.00442313,0.00498591,0.55520734,0.0946084,3
POLR1B,6.9603,5.7569,1.209,0.175,0.75464713,0.23012878,0.18918426,0.77391449,0.09465639,0
TTC38,13.395,19.5076,0.687,-0.358,0.00452188,0.0153035,0.01596922,0.6120509,0.09473664,3
SYPL1,5.0943,6.7156,0.759,-0.324,0.02773909,0.02738243,0.04749717,0.15044329,0.09488152,3
MXRA8,2.3596,2.7225,0.867,-0.147,0.01424851,0.31359093,0.00757947,0.11983122,0.0951451,2
EIF2AK3,4.3014,3.7097,1.159,0.174,0.70073368,0.23147854,0.3063748,0.385418,0.09514917,0
NDEL1,8.3652,13.7735,0.607,-0.455,0.00101588,0.00227975,0.00383356,0.53681325,0.09515651,3
IFI44L,1.8153,1.3157,1.38,0.271,0.0147834,0.06377912,0.12255664,0.227454,0.09523068,1
AMMECR1L,1.6226,2.0257,0.801,-0.165,0.28198295,0.26034703,0.3990174,0.82145278,0.09523622,0
TCP11L1,2.9712,2.7576,1.077,0.078,0.41800535,0.59199506,0.84405934,0.32701011,0.09536174,0
DNAJC10,7.3677,6.913,1.066,0.078,0.20313218,0.59087617,0.17159723,0.12701804,0.09543283,0
GNA13,55.6853,87.9453,0.633,-0.361,0.00031184,0.01464861,0.0022227,0.94552275,0.09580999,3
KIFAP3,3.1629,3.2606,0.97,-0.027,0.62174483,0.85590795,0.045343,0.94552275,0.09581249,1
MAP3K11,36.614,51.2688,0.714,-0.358,1.977e-05,0.01481997,0.00056637,0.94552275,0.09582575,3
RRP12,15.7834,20.7132,0.762,-0.359,0.00842718,0.01484637,0.01575527,0.98909653,0.09596678,3
PTAFR,13.7894,39.3165,0.351,-0.558,1e-08,0.00021336,0.00025842,0.48343223,0.09631219,3
CXXC1,29.8435,35.8354,0.833,-0.249,0.01478357,0.08896502,0.02430613,0.816179,0.09640847,2
PNPLA6,47.3247,66.7724,0.709,-0.415,6.1e-06,0.00479137,9.633e-05,0.83750782,0.09643965,3
PRR19,1.1681,0.3571,3.271,0.291,0.00692287,0.04653658,0.00657457,0.9087216,0.09648497,3
UNC119,21.0768,44.8853,0.47,-0.626,1.8e-07,3.326e-05,0.00053621,0.57388325,0.09670093,3
HEXIM1,34.7469,53.2766,0.652,-0.33,1.7e-07,0.02431663,8.19e-06,0.15044329,0.09733102,3
MNDA,27.2357,77.849,0.35,-0.514,9.2e-06,0.00068452,0.00803537,0.29995754,0.09744599,3
RAB3IL1,0.752,0.4395,1.711,0.408,0.05699605,0.0055624,0.171505,0.64158697,0.09745076,1
PPP6R2,20.9876,26.8352,0.782,-0.33,0.00188429,0.02445765,0.00360029,0.51871531,0.09761474,3
PPIE,4.473,4.8973,0.913,-0.06,0.52239116,0.67893304,0.47277707,0.55520734,0.09763991,0
RARA,40.1316,73.0035,0.55,-0.562,3e-08,0.00015765,5.076e-05,0.67117575,0.09790971,3
ZEB1,3.1682,2.726,1.162,0.171,0.0079762,0.24164578,0.05767117,0.46626286,0.09807582,1
FOXN3,25.3396,34.1837,0.741,-0.296,0.00073409,0.0433085,0.00146424,0.4009022,0.09818767,3
TUBGCP2,21.1211,30.1525,0.7,-0.514,1.796e-05,0.00052697,0.00078306,0.55520734,0.09835901,3
PTGER2,51.6451,69.4743,0.743,-0.335,0.00013894,0.02225458,0.00029535,0.77391449,0.09839167,3
SNORA71C,170.3728,242.4792,0.703,-0.353,1.555e-05,0.01605052,0.00074228,0.48343223,0.09852684,3
DCC,2.7465,1.9047,1.442,0.313,0.00823118,0.03264,0.02430613,0.53681325,0.0985642,3
TSC1,6.025,5.8708,1.026,0.031,0.12131207,0.82959062,0.27280657,0.04428548,0.09862091,1
CALCOCO2,14.1067,16.1487,0.874,-0.146,0.39989826,0.31854053,0.4607343,0.48343223,0.09888322,0
SENP6,9.5879,8.8088,1.088,0.08,0.06867046,0.58395611,0.01707771,0.816179,0.09910497,1
VIPR1,6.7729,8.2142,0.825,-0.242,0.05532287,0.09855301,0.03242344,0.71170446,0.09912035,1
OR1N1,1.1702,0.5971,1.96,0.313,0.00063487,0.03241591,0.0088343,0.98853274,0.09921562,3
GOT1,5.1395,4.3962,1.169,0.121,0.80360466,0.40679499,0.23018084,0.06339176,0.09922898,0
UBE2R2,8.278,17.6724,0.468,-0.518,7.8e-07,0.00053319,0.00062016,0.65123214,0.09933788,3
DYNC1LI2,7.296,10.0126,0.729,-0.315,3.094e-05,0.03122688,0.0005265,0.35550187,0.0993454,3
POLR3H,4.2976,6.8571,0.627,-0.422,9.7e-05,0.00429778,0.00109299,0.37421673,0.09954567,3
OR2T33,2.6435,1.4832,1.782,0.417,0.00092399,0.00456044,0.03404754,0.4009022,0.09956407,3
TOR1A,6.0096,9.7623,0.616,-0.496,1.361e-05,0.00082574,0.00185301,0.5928362,0.09976754,3
TMX4,4.6308,8.2531,0.561,-0.393,0.00375826,0.0079267,0.00791915,0.83750782,0.0997685,3
TMEM185B,5.9192,8.2398,0.718,-0.264,6.153e-05,0.07146975,0.00062016,0.227454,0.09980433,2
LRRC58,3.0949,4.9996,0.619,-0.42,0.00303408,0.00473948,0.04030257,0.07756718,0.09993463,3
SMYD2,2.9533,2.4475,1.207,0.142,0.81390941,0.32772228,0.83253123,0.53681325,0.09996207,0
ZNF189,3.4934,6.1541,0.568,-0.266,0.11443941,0.07122361,0.45477724,0.75300697,0.10020755,0
CSNK2A1,6.1146,6.1064,1.001,0.002,0.5398323,0.9911692,0.00876531,0.26208651,0.10053251,1
RAP1GAP2,17.7553,22.0479,0.805,-0.225,0.02272333,0.12379451,0.03531501,0.32701011,0.10093724,2
GCC1,5.3292,6.9866,0.763,-0.263,0.00263997,0.07228412,0.00673662,0.55520734,0.10103089,2
GIMAP8,12.1378,16.2426,0.747,-0.338,0.00200649,0.02142555,0.00736033,0.90209945,0.10133268,3
AIP,61.3754,88.296,0.695,-0.416,0.00010366,0.00476116,0.00127735,0.75300697,0.10138095,3
LRPAP1,9.7217,14.2263,0.683,-0.343,0.00010595,0.01946096,0.00476217,0.4009022,0.10180743,3
PDXK,14.7464,20.3049,0.726,-0.303,0.00018728,0.03890083,0.00225946,0.1588897,0.10187532,3
FUT4,4.4964,6.9606,0.646,-0.402,3.53e-06,0.00639306,0.00074228,0.55520734,0.10188101,3
CDK13,14.7884,20.7887,0.711,-0.5,4.85e-05,0.00074343,0.01283555,0.7949782,0.10188515,3
ZNF865,25.1675,36.3288,0.693,-0.354,1.12e-05,0.01614329,0.00011555,0.77391449,0.10208563,3
TXLNG,1.5123,1.0193,1.484,0.33,0.01255488,0.02434297,0.2080655,0.65123214,0.10227243,2
SUMF1,3.2212,4.9875,0.646,-0.46,0.00106491,0.00189491,0.00693903,0.85894553,0.10253965,3
NEK6,6.1906,12.9168,0.479,-0.463,2.7e-07,0.00183938,4.666e-05,0.67117575,0.10263588,3
FKBP1B,0.7485,0.9816,0.763,-0.132,0.75562776,0.36706844,0.94099823,0.68027919,0.10267768,0
TRIM62,12.6302,17.6195,0.717,-0.299,0.00211697,0.04172666,0.00229677,0.77391449,0.10274263,3
DDX17,548.1909,698.9681,0.784,-0.192,4.18e-05,0.18699298,0.00015276,0.83750782,0.10276769,2
CTDSP1,125.7726,185.7081,0.677,-0.462,1.093e-05,0.00176524,0.00034359,0.73226424,0.1029333,3
THOC2,10.4373,9.0814,1.149,0.19,0.0533237,0.19412885,0.30174732,0.09402198,0.10308252,0
SRCAP,9.1975,12.5954,0.73,-0.178,0.389557,0.2242101,0.07111304,0.63152163,0.10314845,0
RGS14,70.8818,97.6707,0.726,-0.384,2.817e-05,0.00893965,0.00017535,0.98909653,0.10335748,3
GALK2,5.1892,4.5469,1.141,0.099,0.71855346,0.49499478,0.96469851,0.1960065,0.10335893,0
ZCCHC9,1.4054,1.3532,1.039,0.028,0.10727798,0.84950146,0.00322152,0.92134597,0.10409125,1
IL10RA,124.5914,186.7425,0.667,-0.454,8.55e-06,0.00209309,0.00021728,0.94552275,0.10422668,3
NOD2,15.7709,21.8777,0.721,-0.385,6.436e-05,0.00887721,0.00107473,0.816179,0.10470118,3
ZNF445,4.3361,5.7412,0.755,-0.202,0.21964859,0.16844221,0.1468666,0.1588897,0.10482269,0
HAPLN3,17.9781,22.5487,0.797,-0.198,3.06e-06,0.17492126,2.505e-05,0.11983122,0.10488982,2
MAN1A2,5.8298,5.8319,1.0,-0.0,0.93323029,0.99932628,0.5194431,0.10004523,0.10504707,0
PHF12,31.7014,41.5191,0.764,-0.299,0.00065976,0.04121408,0.00076924,0.816179,0.10515007,3
ZYG11B,3.1655,3.1217,1.014,0.013,0.56293322,0.92828747,0.83637013,0.23864024,0.10517933,0
SNX6,5.5546,8.437,0.658,-0.475,0.00127185,0.00143624,0.1468666,0.23864024,0.10520691,2
DNAJC1,8.7269,13.0514,0.669,-0.49,0.00011068,0.0009439,0.01337792,0.7949782,0.10526079,3
LMF2,30.6547,41.6154,0.737,-0.367,4.741e-05,0.01244201,0.00027895,0.88048261,0.10535286,3
ZNF429,8.0667,5.4907,1.469,0.367,0.00204271,0.01229574,0.06031023,0.25018521,0.10537776,2
SNORD3A,33.3121,18.4995,1.801,0.27,0.37793969,0.06453361,0.3552226,0.07259907,0.10552529,0
MYSM1,3.5462,2.8697,1.236,0.176,0.14460388,0.226747,0.46372881,0.63152163,0.10564693,0
BTG2,34.2984,45.8545,0.748,-0.328,0.00048623,0.02532128,0.00606929,0.67117575,0.10582381,3
PHACTR4,7.0541,9.9685,0.708,-0.384,0.00213592,0.00913027,0.02936945,0.6120509,0.10584719,3
SSB,4.3757,3.6058,1.214,0.186,0.0093981,0.20263568,0.00506251,0.7949782,0.10584895,2
MTHFSD,4.2379,3.106,1.364,0.124,0.07366878,0.3911395,0.36816353,0.90209945,0.10592864,0
MIER1,4.0911,3.8645,1.059,0.06,0.31664001,0.68319809,0.61249754,0.17677365,0.10595044,0
TCERG1,22.3945,20.4228,1.097,0.133,0.75060848,0.36261543,0.48807113,0.5928362,0.10596853,0
RAB3GAP2,12.3462,11.583,1.066,0.082,0.48009052,0.57383399,0.09947747,0.96729961,0.10596939,0
OR52K3P,5.2146,8.0114,0.651,-0.388,0.25110427,0.00892055,0.18103207,0.75300697,0.10598853,1
FAM32A,3.0567,4.8065,0.636,-0.388,0.01054791,0.00869108,0.02690332,0.98909653,0.10616177,3
TMUB1,11.3832,18.1289,0.628,-0.415,8.49e-05,0.00484859,0.00117102,0.98874473,0.10624961,3
LRRC28,5.8712,7.4348,0.79,-0.249,0.12519421,0.08960135,0.26640698,0.08827147,0.10627952,0
NFE2,26.8217,57.729,0.465,-0.53,1.5e-07,0.00039182,0.0001252,0.85894553,0.10632591,3
RPRD1A,10.3592,15.1961,0.682,-0.314,2.476e-05,0.03198487,0.00201342,0.0300193,0.10644081,4
BSG,71.9361,102.5014,0.702,-0.445,0.00013745,0.00255647,0.00261623,0.88048261,0.1067652,3
HERC5,5.4796,5.1312,1.068,0.057,0.35259176,0.69526949,0.0375127,0.94552275,0.10710979,1
RANBP6,2.87,2.444,1.174,0.192,0.01625845,0.18883188,0.02221459,0.71170446,0.10715287,2
CCND2,11.1999,12.3168,0.909,-0.075,0.78309995,0.608005,0.31340376,0.17677365,0.10733092,0
HRH2,25.1805,40.8765,0.616,-0.359,2.918e-05,0.01436985,0.00454757,0.34107567,0.10733156,3
BRMS1,16.5022,23.5377,0.701,-0.424,0.00060421,0.00405469,0.01132336,0.69133573,0.10734416,3
GAPVD1,12.1846,12.6073,0.966,-0.022,0.09778688,0.88182919,0.79437617,0.53681325,0.10760369,0
ARHGEF18,64.7967,77.9769,0.831,-0.213,0.00268653,0.14400292,0.00129944,0.35550187,0.10776392,2
NUP98,25.6527,24.0985,1.064,0.073,0.96711594,0.61430542,0.89048347,0.20613999,0.10782153,0
MPRIP,8.4711,9.6364,0.879,-0.168,0.00529165,0.24953291,0.00075565,0.41673557,0.10831558,2
CCPG1,2.0921,4.3717,0.479,-0.47,0.00067252,0.00169913,0.0018836,0.47192844,0.10837648,3
SLC2A1,12.2165,15.3989,0.793,-0.265,0.00306041,0.06990266,0.01685076,0.94552275,0.10840312,2
TSC2,38.5113,49.8184,0.773,-0.327,1.054e-05,0.02535641,0.00012773,0.69133573,0.10840388,3
FMNL1,152.2333,252.8689,0.602,-0.546,6.6e-07,0.00023872,0.00013561,0.75300697,0.10841009,3
FAM185A,5.0733,6.9722,0.728,-0.259,0.08846447,0.07742275,0.25391965,0.46626286,0.10846278,0
PPP3CA,9.0077,12.62,0.714,-0.35,0.000496,0.01737314,0.00506257,0.7949782,0.10848738,3
EIF2B2,9.7632,13.6613,0.715,-0.484,8.226e-05,0.00107794,0.00562973,0.44942115,0.10858227,3
XRN1,13.5663,13.988,0.97,-0.035,0.9565174,0.81181698,0.19251982,0.5928362,0.10864524,0
SIRT3,10.1153,13.1894,0.767,-0.255,0.00027281,0.08108253,0.00063147,0.55520734,0.10867719,2
DLD,4.7566,4.6201,1.03,0.031,0.89525608,0.83014046,0.74923879,0.17677365,0.10879107,0
PATZ1,13.7517,19.0124,0.723,-0.333,0.00018531,0.02315615,0.00032469,0.43290855,0.10890349,3
RPS6KB1,3.7978,3.2427,1.171,0.144,0.0577338,0.32294416,0.1510206,0.00533925,0.10895148,1
SLC6A9,1.4238,1.1022,1.292,0.224,0.00473337,0.12645034,0.00468964,0.96624642,0.10896376,2
SNORA9,24.5288,15.3643,1.596,0.403,0.19476317,0.00617573,0.94119823,0.28697196,0.10902867,1
PPP2CA,7.3836,10.9509,0.674,-0.417,0.00188429,0.00492235,0.0742476,0.06339176,0.10918626,2
OTUD5,15.4679,20.5082,0.754,-0.286,0.00013452,0.05025847,0.00047157,0.816179,0.10922505,2
BACH2,23.7214,32.562,0.729,-0.195,0.08946353,0.18445104,0.02399726,0.83750782,0.10929012,1
NISCH,52.0629,63.4788,0.82,-0.244,0.00039398,0.09412961,0.00109356,0.75300697,0.10953587,2
CHN2,2.5943,2.2553,1.15,0.126,0.21516849,0.38685083,0.03362876,0.79958329,0.10957842,1
SUPT4H1,3.5931,11.3186,0.317,-0.564,4.42e-06,0.00018776,0.00024409,0.9437684,0.10967868,3
JOSD1,1.0546,1.5199,0.694,-0.18,0.41492969,0.22049918,0.87108337,0.3590931,0.10968335,0
MED25,25.4645,41.9682,0.607,-0.494,2.953e-05,0.00091648,0.00033088,0.98909653,0.10973098,3
TMEM158,0.5804,0.9406,0.617,-0.237,0.53275472,0.10802867,0.5884723,0.45470698,0.10973849,0
ZDHHC13,3.0238,2.5785,1.173,0.168,0.14904842,0.25078894,0.10151415,0.55520734,0.11023561,0
FAM118A,17.0461,24.107,0.707,-0.285,0.00020057,0.05152003,0.00049833,0.29995754,0.11041889,2
HSD17B11,10.0777,18.6799,0.539,-0.539,0.00045345,0.00033015,0.01394045,0.88048261,0.11045769,3
TFCP2,5.1767,7.4827,0.692,-0.525,1.733e-05,0.00042881,0.00969136,0.32701011,0.11046858,3
TBPL1,0.9327,0.6113,1.526,0.298,0.00043483,0.04142086,0.00248014,0.49724117,0.11052688,3
SNW1,5.4352,8.0428,0.676,-0.503,0.00049109,0.00072517,0.06661534,0.65123214,0.11084661,2
HSPBAP1,7.5884,9.866,0.769,-0.385,0.04337705,0.00909468,0.47277707,0.75300697,0.11141109,2
FYTTD1,3.1372,2.4505,1.28,0.262,0.36582545,0.07231539,0.14616442,0.21662026,0.11148833,0
GIT2,19.1433,29.2787,0.654,-0.475,0.00018927,0.00137694,0.0026589,0.92378602,0.11166466,3
TRUB2,1.8894,3.1319,0.603,-0.179,0.43502036,0.22493397,0.48807056,0.41673557,0.11176502,0
USP20,25.4452,30.5432,0.833,-0.231,0.0031137,0.11304273,0.00031264,0.6120509,0.1123734,2
SLU7,5.8796,6.0471,0.972,-0.026,0.86378954,0.86053551,0.28591915,0.27434987,0.11258927,0
NCAM1,4.3749,3.2344,1.353,0.322,0.00426489,0.0276884,0.03322814,0.85894553,0.1126323,3
S100Z,1.0907,0.8766,1.244,0.117,0.11072272,0.42272406,0.4467707,0.15696564,0.11263707,0
ACSL4,4.9246,7.4845,0.658,-0.384,0.04228543,0.00942175,0.03202739,0.88048261,0.11279345,3
FCHO2,7.5996,20.5446,0.37,-0.461,0.00029322,0.00215755,0.02936945,0.34107567,0.11282371,3
ARPC1A,1.1615,3.7913,0.306,-0.483,0.00022575,0.00135233,0.03398313,0.227454,0.11324531,3
GPR155,3.0345,3.0445,0.997,-0.004,0.92266289,0.98011584,0.09165474,0.69133573,0.11332587,0
ADAMTSL4,14.7496,21.2492,0.694,-0.407,0.00054224,0.00588066,0.00389399,0.7949782,0.11335946,3
RAB8B,21.1029,21.7309,0.971,-0.022,0.05170415,0.87952253,0.84790988,0.816179,0.11337907,0
CD300C,11.3419,19.5162,0.581,-0.407,3.516e-05,0.00591215,0.00461811,0.7949782,0.11339101,3
ZC3H15,6.5985,5.6567,1.166,0.161,0.92688829,0.26979588,0.67954949,0.51871531,0.11397984,0
TLK2,7.0819,6.5673,1.078,0.102,0.95016185,0.48482503,0.43139067,0.77391449,0.11415958,0
ALAS1,8.2769,12.4174,0.667,-0.443,0.00395396,0.00277564,0.05897845,0.75300697,0.11429286,2
TLR8,12.1916,22.6577,0.538,-0.518,3.992e-05,0.0005071,0.00644294,0.73226424,0.11435521,3
CBX7,4.2716,5.6335,0.758,-0.212,0.02495173,0.14834063,0.07832363,0.6120509,0.11440377,1
BCAS4,5.4602,7.2906,0.749,-0.227,0.23082954,0.12232994,0.12374441,0.67117575,0.11444405,0
HMBOX1,5.1801,4.1044,1.262,0.221,0.12650956,0.1302836,0.19420373,0.4009022,0.11446997,0
RNASE2,20.8098,36.7265,0.567,-0.494,8.44e-06,0.00087822,0.00554535,0.90209945,0.11471927,3
RAB43,7.7105,12.3818,0.623,-0.412,0.00136962,0.00538891,0.00274615,0.1960065,0.11473523,3
P2RX5,3.7431,6.0166,0.622,-0.302,0.00583569,0.03977117,0.11556866,0.09887299,0.11504408,2
MAPK14,7.0356,11.1073,0.633,-0.43,0.00017952,0.00373913,0.00031862,0.98909653,0.11547202,3
UNKL,13.9995,17.4156,0.804,-0.248,0.00098748,0.08940494,0.00201342,0.51871531,0.11555695,2
ZNF525,6.6388,4.6728,1.421,0.357,0.00904047,0.01491716,0.21344441,0.21662026,0.11582554,2
KCNK6,6.0091,8.9623,0.67,-0.204,9.32e-06,0.16260495,0.00049833,0.34107567,0.11589276,2
CBX1,1.2622,1.0496,1.203,0.151,0.07366621,0.29991664,0.03404754,0.71170446,0.11594743,1
MLH1,8.0925,7.0975,1.14,0.143,0.4381564,0.32662576,0.14824091,0.53681325,0.11647617,0
MRPL50,2.546,2.4634,1.034,0.049,0.84292809,0.73421283,0.1122002,0.92378602,0.11651637,0
YIPF1,3.5057,6.1379,0.571,-0.446,0.01038591,0.00266673,0.30520724,0.31659015,0.11655583,2
BCAS2,1.2708,1.1152,1.14,0.102,0.01305632,0.48679771,0.0283264,0.10355893,0.11692933,2
YY1,14.6426,24.8415,0.589,-0.399,3.901e-05,0.00688386,0.00042203,0.73226424,0.11701729,3
FAM160B2,29.0658,36.9777,0.786,-0.184,0.00059248,0.20781457,0.00019717,0.73226424,0.11702855,2
EML4,12.3728,11.321,1.093,0.127,0.46533242,0.38541801,0.56172889,0.14231835,0.11737903,0
ADAT1,2.6558,3.1895,0.833,-0.186,0.03621249,0.20284895,0.03796594,0.69133573,0.11741507,2
MRPS16,5.1316,7.5086,0.683,-0.377,0.00569605,0.01055758,0.05964126,0.51871531,0.11744769,2
LYN,26.9653,58.457,0.461,-0.54,1.177e-05,0.00032776,0.00476217,0.69133573,0.11789006,3
NUP205,11.5434,10.7792,1.071,0.089,0.3866325,0.54081069,0.30870609,0.10635126,0.11792708,0
ATP11B,10.8677,10.4774,1.037,0.033,0.98196323,0.82059812,0.3707865,0.17677365,0.1179497,0
GATAD2A,48.198,64.0749,0.752,-0.39,0.00191849,0.00813872,0.05208296,0.96729961,0.1181675,2
GPSM3,3.5476,6.0908,0.582,-0.28,0.3723434,0.05668489,0.15592128,0.82876858,0.118285,0
GPR15,1.4774,2.1358,0.692,-0.243,0.34574612,0.09950634,0.92555864,0.41673557,0.11834509,0
GALM,2.782,2.4483,1.136,0.134,0.29896225,0.35867996,0.41147697,0.05129462,0.11842411,0
ZNF276,36.5757,42.3977,0.863,-0.147,0.01095826,0.31416609,0.00067867,0.63152163,0.11849431,2
ZNF451,6.3338,5.6326,1.124,0.154,0.17368778,0.28980533,0.29489377,0.28697196,0.11856368,0
UBE2L6,36.5586,65.0862,0.562,-0.529,7.6e-07,0.0003861,0.00056637,0.90209945,0.11859042,3
SPTBN1,25.8694,29.1402,0.888,-0.143,0.01932363,0.32656583,0.01040523,0.77391449,0.1186434,2
SIDT1,14.025,11.6763,1.201,0.226,0.03527631,0.12239915,0.42565472,0.13451295,0.11879252,1
TTC19,2.8632,4.2382,0.676,-0.354,7.956e-05,0.01601643,0.01492396,0.03252987,0.11887802,4
PARVB,6.8924,10.8458,0.635,-0.366,3.058e-05,0.01266829,0.00194778,0.6120509,0.11927837,3
COG8,11.2088,14.1719,0.791,-0.237,0.00653671,0.10453235,0.01949883,0.98909653,0.11938213,2
WAS,65.9097,105.0916,0.627,-0.477,0.00035605,0.00133522,0.00208108,0.90209945,0.11949332,3
HMG20A,2.5416,2.9503,0.861,-0.103,0.13949746,0.48197842,0.06514957,0.20921966,0.11952261,0
ZNF611,8.189,7.3548,1.113,0.147,0.62174483,0.31166535,0.13882145,0.85894553,0.11963549,0
SNORA73A,17921.8444,15499.8572,1.156,0.12,0.99681678,0.40935146,0.21708566,0.370282,0.1197948,0
UBE2B,5.3196,8.1587,0.652,-0.336,0.05043823,0.02305138,0.09071223,0.08278988,0.12002392,1
QKI,7.4262,13.604,0.546,-0.403,0.00114792,0.00671075,0.08611842,0.73226424,0.12009369,2
SLC38A3,1.0676,0.4216,2.533,0.465,0.00295267,0.00167188,0.12413194,0.3221885,0.12018994,2
EXOSC6,1.1565,1.6087,0.719,-0.337,9.495e-05,0.02183329,0.00045448,0.83750782,0.12030046,3
DHX8,8.5093,11.552,0.737,-0.393,0.00280625,0.00765635,0.02250345,0.67117575,0.12034394,3
MTRR,9.2542,7.2697,1.273,0.3,0.00503666,0.04072104,0.06958692,0.65123214,0.12062371,2
PLXNC1,23.0803,41.241,0.56,-0.512,1.22e-05,0.00064635,0.01011425,0.34107567,0.12062538,3
CPNE1,35.6688,53.8842,0.662,-0.451,0.00095075,0.00233297,0.01164501,0.69133573,0.12074747,3
GLIPR2,10.6907,19.7449,0.541,-0.535,7.611e-05,0.00034879,0.01753967,0.69133573,0.12080086,3
DBP,12.7487,19.8979,0.641,-0.383,1.134e-05,0.00928669,0.00029535,0.98909653,0.12081093,3
ADH5,5.1708,4.7622,1.086,0.091,0.35259154,0.53282389,0.49426209,0.04107563,0.12089872,1
TMCO6,8.4207,11.0365,0.763,-0.308,0.00037838,0.03541255,0.01148319,0.13451295,0.12093438,3
LMF1,19.8024,24.4324,0.81,-0.24,0.01511304,0.10016348,0.01180886,0.4009022,0.12096087,2
NME4,6.5757,12.6004,0.522,-0.402,0.00010366,0.00685701,0.00839324,0.10004523,0.12097863,3
LMBR1,11.4271,14.787,0.773,-0.228,0.00237573,0.11865339,0.00606929,0.98909653,0.12104439,2
FYN,65.345,84.5708,0.773,-0.321,0.00290551,0.02877918,0.00851566,0.98909653,0.12105725,3
CDK5RAP2,12.4328,14.4647,0.86,-0.247,0.00862735,0.09086986,0.00327453,0.46626286,0.12119189,2
MRPL16,4.6356,7.2335,0.641,-0.357,0.0288912,0.01578705,0.26429692,0.08528969,0.12124107,2
MIRLET7G,2.1893,2.5825,0.848,-0.086,0.69077626,0.55474751,0.43246774,0.53379543,0.12135621,0
DENND4A,12.7501,12.166,1.048,0.055,0.31025597,0.70760111,0.79817122,0.63152163,0.12137274,0
REEP3,0.7351,0.7039,1.044,0.036,0.21617149,0.80410736,0.07585671,0.31330231,0.12161954,0
CLK3,27.3302,38.968,0.701,-0.423,0.00033497,0.00414968,0.00132189,0.98909653,0.12172072,3
RREB1,24.0429,30.1939,0.796,-0.318,3.516e-05,0.02973683,0.00127735,0.53681325,0.12232356,3
AGA,8.1101,11.3934,0.712,-0.366,0.00046257,0.01275747,0.01849503,0.75300697,0.1223354,3
TTC9,1.3294,1.736,0.766,-0.225,0.00900281,0.12366534,0.0096145,0.51871531,0.12237346,2
UBE2D3,18.5408,31.1083,0.596,-0.443,0.02774152,0.00300812,0.55182462,0.88048261,0.12244989,2
CPD,11.2585,18.404,0.612,-0.494,4.68e-06,0.00088971,0.00468964,0.46626286,0.12259665,3
PLAUR,9.7788,19.6049,0.499,-0.501,3.058e-05,0.00080758,0.00327453,0.50091734,0.12261442,3
GNAS,226.6358,382.4315,0.593,-0.554,1.49e-06,0.00019536,0.00056637,0.92378602,0.1227628,3
TET2,15.8821,26.8767,0.591,-0.551,3.31e-06,0.00020894,0.00476217,0.75300697,0.12279753,3
BAZ2B,13.3898,22.3016,0.6,-0.419,0.0456318,0.00499664,0.14280054,0.370282,0.12280175,2
NAA25,2.4742,2.3569,1.05,0.063,0.0442113,0.66849358,0.07504863,0.11983122,0.12288496,1
CDA,18.3108,42.5851,0.43,-0.472,1e-07,0.00162373,7.537e-05,0.55520734,0.12302981,3
FDPS,3.7463,5.4466,0.688,-0.422,0.00138228,0.0043024,0.00769113,0.816179,0.12317223,3
NLRC5,140.0801,163.4342,0.857,-0.156,0.00108513,0.28409802,0.00035011,0.67117575,0.1232335,2
ALG2,4.6775,6.1671,0.758,-0.312,0.00016489,0.03330265,0.00839324,0.04107563,0.12348015,4
IGLJ3,1.7949,1.0292,1.744,0.192,0.30644082,0.18776739,0.12431418,0.73226424,0.1235759,0
ZNF101,15.0239,18.0217,0.834,-0.176,0.00430077,0.22670161,0.00049833,0.63152163,0.12366376,2
HDGF,14.8449,21.5287,0.69,-0.424,0.00021701,0.00406071,0.00371526,0.69133573,0.12376963,3
PLEKHF1,21.4538,28.1071,0.763,-0.265,0.00017952,0.07045687,0.00348857,0.06787552,0.12389918,2
GCLC,3.1907,2.7733,1.15,0.118,0.86378451,0.41722378,0.37871858,0.876683,0.12464969,0
HK2,7.9866,7.648,1.044,0.029,0.01625845,0.8418767,0.23596257,0.83750782,0.12481581,1
MLXIP,0.4065,1.178,0.345,-0.362,0.00183213,0.01458902,0.02572574,0.96624314,0.12493424,3
LAP3,7.6576,9.5858,0.799,-0.154,0.12388938,0.29178139,0.4727765,0.92378602,0.12519119,0
PSMD1,8.4045,8.0492,1.044,0.042,0.75869249,0.770258,0.29489377,0.816179,0.12538156,0
RNF103,6.4469,9.6013,0.671,-0.454,0.00014044,0.00213009,0.01116551,0.71170446,0.12566912,3
PISD,19.4703,31.6501,0.615,-0.424,0.0002384,0.0041518,0.00185301,0.71170446,0.12587774,3
MAP3K3,18.3018,28.9336,0.633,-0.486,1.84e-06,0.00101079,0.00049833,0.73226424,0.12608962,3
MTMR6,15.1614,23.1105,0.656,-0.48,6.42e-06,0.00117898,0.00085568,0.34107567,0.12636581,3
MARCKSL1,2.8373,4.603,0.616,-0.367,0.00342047,0.01287454,0.0155363,0.89898534,0.12651663,3
ABCA2,78.0598,93.1748,0.838,-0.202,0.00028139,0.16647805,0.00087094,0.77391449,0.12661457,2
VAMP4,1.9146,1.5647,1.224,0.159,0.17963447,0.27474955,0.0332201,0.64160317,0.12667175,1
FH,3.5222,3.2063,1.099,0.061,0.94804401,0.67402891,0.37342105,0.16766616,0.1269221,0
MED24,26.9563,36.1571,0.746,-0.352,7.039e-05,0.01633876,0.00027368,0.63152163,0.12723737,3
PSMD12,2.5838,2.1133,1.223,0.224,0.4588543,0.12426002,0.51625755,1.0,0.12727218,0
TRPM6,3.6812,2.906,1.267,0.289,0.00542347,0.04856924,0.01413255,0.92378602,0.1272878,3
FCGRT,73.4944,134.9435,0.545,-0.53,2.3e-07,0.00036046,7.854e-05,0.7949782,0.12746861,3
PRKAG2,14.4445,18.3895,0.785,-0.311,0.00071308,0.03358856,0.00673662,0.53681325,0.12749286,3
IGF2R,32.4401,54.7618,0.592,-0.476,9.086e-05,0.00142763,0.00125561,0.96729961,0.12749759,3
SLC12A4,8.6537,10.7653,0.804,-0.332,0.0013199,0.02343807,0.00105619,0.63152163,0.12751558,3
CALM2,6.2845,11.9421,0.526,-0.521,0.00059832,0.00050686,0.21344441,0.5928362,0.12772356,2
NR2C1,4.8165,4.1106,1.172,0.167,0.02988062,0.25468864,0.00827231,0.88048261,0.12772877,2
IFIT1,1.8285,1.5677,1.166,0.097,0.00080833,0.50506246,0.00491024,0.02546007,0.1279194,3
KIF22,12.0802,15.1142,0.799,-0.26,0.01393573,0.07552812,0.00072913,0.227454,0.1281251,2
DCUN1D1,0.9966,0.6496,1.534,0.302,0.02318075,0.03907376,0.05571715,0.89897068,0.12843021,2
UBE2H,3.333,2.963,1.125,0.129,0.06244295,0.37834259,0.02054822,0.77391449,0.12874139,1
UEVLD,1.5221,1.5239,0.999,-0.001,0.35428304,0.99603055,0.16520586,0.70307746,0.1288442,0
TM9SF2,18.6636,29.9816,0.623,-0.509,9.7e-07,0.00062441,0.00048926,0.35550187,0.12891517,3
RAVER1,4.5006,8.1841,0.55,-0.385,0.01893093,0.0093803,0.27695165,0.05861291,0.12910081,2
THUMPD3,2.7047,2.3239,1.164,0.104,0.91000014,0.47419612,0.96469847,0.02766445,0.12913383,1
UBAP1,5.2652,8.208,0.641,-0.446,0.00094177,0.00268519,0.05512883,0.41673557,0.12925482,2
RBM6,12.0722,13.9772,0.864,-0.19,0.04228543,0.193389,0.01899191,0.816179,0.12926806,2
TECPR2,7.3299,12.522,0.585,-0.491,5.558e-05,0.00105049,0.00249195,0.46626286,0.12943756,3
MBD6,34.4863,47.0926,0.732,-0.409,0.00026448,0.00546058,0.00249195,0.55520734,0.12965854,3
SLC35A5,2.1959,2.1135,1.039,0.033,0.82424582,0.81806781,0.79817096,0.43290855,0.12972259,0
IRAK2,6.6106,8.2825,0.798,-0.231,0.00135703,0.11362474,0.00109356,0.98909653,0.12980538,2
ARHGEF40,10.4307,14.2305,0.733,-0.414,0.0001597,0.0049724,0.002836,0.92378602,0.12996353,3
RHOB,9.2948,16.0951,0.577,-0.481,3.49e-06,0.00119611,7.384e-05,0.71170446,0.12997126,3
API5,5.4521,5.0732,1.075,0.082,0.25775512,0.5723114,0.07034658,0.92378602,0.1301108,0
GTF3C1,21.4206,28.2139,0.759,-0.295,3.81e-06,0.04324788,0.00022585,0.55520734,0.13048148,3
ATG3,6.2119,12.1024,0.513,-0.501,6.961e-05,0.00077104,0.00928421,0.48343223,0.13050321,3
RNF144B,1.9209,3.232,0.594,-0.475,0.00089802,0.0013828,0.03888613,0.41673557,0.13062909,3
PPT1,20.0646,35.9253,0.559,-0.536,9.1e-07,0.00032166,0.00034359,0.75300697,0.13081161,3
TMEM209,6.9508,5.7645,1.206,0.187,0.20885482,0.19814705,0.1349278,0.816179,0.13082285,0
KMO,2.5582,2.0201,1.266,0.285,0.0580848,0.05100557,0.09260297,0.90209945,0.13083588,0
ZNF513,10.6768,14.0063,0.762,-0.283,0.00736941,0.05347878,0.00851566,0.71170446,0.13102081,2
PIGV,2.1117,2.5346,0.833,-0.166,0.21964142,0.25666419,0.20452869,0.3592411,0.13124548,0
UNC13D,41.8876,56.0963,0.747,-0.363,8.986e-05,0.01346341,0.00048926,0.85894553,0.1312831,3
PTBP2,4.7631,3.1475,1.513,0.289,0.00322276,0.04809964,0.21892295,0.5630637,0.13134541,2
LGALS3BP,13.0384,17.4732,0.746,-0.312,0.00028431,0.03327561,0.00863968,0.7949782,0.13135684,3
KAT2A,17.5731,21.3719,0.822,-0.24,0.00375826,0.10068424,0.0026589,0.15044329,0.13137615,2
CEBPD,14.704,28.9633,0.508,-0.5,6e-08,0.00078543,4.867e-05,0.46626286,0.13144777,3
GCH1,4.9444,4.5062,1.097,0.106,0.69876362,0.46533635,0.0651692,0.04107563,0.13158445,1
VNN1,3.8545,8.0111,0.481,-0.573,2.817e-05,0.00013326,0.01375054,0.7949782,0.13160553,3
PTMAP5,1.3375,0.9429,1.418,0.33,0.04419999,0.02413169,0.10148918,0.5630637,0.131636,2
NUMA1,86.5597,114.8042,0.754,-0.285,1.12e-05,0.05124227,0.00017535,0.88048261,0.13178278,2
SNORD26,1.525,0.9275,1.644,0.233,0.55856531,0.10922794,0.51799466,0.84173359,0.13178834,0
ST6GALNAC2,3.0982,8.4212,0.368,-0.409,0.00168501,0.00618852,0.0177488,0.47153307,0.13178962,3
FASTK,21.6636,28.2336,0.767,-0.31,9.706e-05,0.03448751,0.00037738,0.71170446,0.13185842,3
ZKSCAN1,12.1102,12.5812,0.963,-0.03,0.43345742,0.8385223,0.52263657,0.1960065,0.13194015,0
LY96,3.4825,6.4356,0.541,-0.465,6.42e-06,0.0017772,0.00312192,0.67117575,0.13204569,3
BIRC3,7.2019,6.9982,1.029,0.027,0.80978368,0.85196301,0.40039969,0.69133573,0.1320754,0
TRPC4AP,27.1524,35.2204,0.771,-0.334,0.00065336,0.02279797,0.00103796,0.77391449,0.13209342,3
POLA2,2.5474,1.9892,1.281,0.168,0.11990481,0.24870571,0.05725522,0.74555167,0.13209383,0
TMEM165,13.8784,23.6166,0.588,-0.483,1.84e-05,0.00115798,0.0082724,0.43290855,0.13222549,3
ASB7,2.2936,2.1164,1.084,0.06,0.82113909,0.6808979,0.46672832,0.82145278,0.13283458,0
VNN3,3.5504,6.7851,0.523,-0.341,0.18753923,0.02192269,0.47886283,0.92378602,0.13295116,1
SEC14L1,19.0057,40.0673,0.474,-0.443,8.34e-06,0.00305909,0.0005265,0.43290855,0.13321718,3
ZNF136,4.2007,3.5848,1.172,0.202,0.04798452,0.16712076,0.07188632,0.385418,0.13322621,1
SYTL3,14.3053,21.0465,0.68,-0.458,1.313e-05,0.0018968,0.00044616,0.69133573,0.13370564,3
GBP2,25.3467,39.4749,0.642,-0.573,0.00015466,0.00014242,0.05328398,0.816179,0.1337866,2
NMT2,5.6733,2.9315,1.935,0.348,0.01905018,0.01760694,0.34759758,0.77391449,0.13394882,2
SLC10A7,2.383,2.1045,1.132,0.075,0.27961785,0.60662691,0.10782392,0.21662026,0.13413888,0
GART,7.8474,7.4154,1.058,0.062,0.91000018,0.67244613,0.82486548,0.67117575,0.1342175,0
KCTD7,2.6295,3.1753,0.828,-0.145,0.01590707,0.32205929,0.00261623,0.816179,0.1351184,2
SNORA7B,27.0367,23.1962,1.166,0.1,0.96393512,0.49166676,0.44006614,0.00828162,0.13520822,1
PARP15,10.9997,6.2237,1.767,0.292,0.02304215,0.04535423,0.11786616,0.5928362,0.13523066,2
CCDC88A,6.9876,6.143,1.137,0.153,0.69876362,0.29219284,0.51625973,0.69133573,0.13527223,0
TTC1,2.8963,4.4484,0.651,-0.403,0.0126493,0.00652859,0.10254442,0.385418,0.13544357,2
CA1,1.3324,0.7456,1.787,0.305,0.0006487,0.0373845,0.00662656,0.14390115,0.13544963,3
LMAN2,147.7076,232.8463,0.634,-0.544,4.5e-06,0.0002456,0.00021728,0.6120509,0.13554902,3
PMS1,6.1443,5.5054,1.116,0.107,0.02764742,0.46399285,0.08977836,0.18622027,0.13569384,1
GFI1B,13.8071,12.7164,1.086,0.037,0.00015302,0.79593486,0.03048439,0.50091734,0.13570337,2
ZMYM2,6.198,6.1216,1.012,0.011,0.4588551,0.94125047,0.67235903,0.53681325,0.13571594,0
RNF10,28.0028,46.5114,0.602,-0.5,3.86e-06,0.00077293,0.00129944,0.88048261,0.13581667,3
MBNL2,5.0988,5.0233,1.015,0.016,0.89525608,0.91347184,0.50362815,0.0196723,0.13626637,1
MPHOSPH9,7.3675,6.6493,1.108,0.11,0.28798148,0.44866659,0.03086403,0.90209945,0.13628987,1
ZNF784,2.6112,4.3072,0.606,-0.319,2.74e-06,0.03010296,8.351e-05,0.07322962,0.13637196,3
PECAM1,5.0018,9.4353,0.53,-0.468,6e-08,0.00156115,4.47e-06,0.92378602,0.13639228,3
AKAP11,6.1346,5.9093,1.038,0.053,0.8512603,0.71378324,0.7086002,0.10635126,0.13648219,0
RNF40,6.7664,8.4605,0.8,-0.217,0.01071046,0.13840004,0.00201342,0.85894553,0.13649713,2
DGKG,3.5591,3.2793,1.085,0.098,0.32834673,0.49973204,0.1099944,0.25018521,0.13659059,0
SLC4A1AP,4.2875,3.6713,1.168,0.162,0.06948361,0.26641787,0.69765383,0.06787552,0.13661771,0
PGRMC2,2.2178,3.1051,0.714,-0.228,0.49005848,0.11959181,0.32777698,0.56294346,0.13667743,0
ELOVL1,14.8502,26.9142,0.552,-0.53,6.74e-06,0.00037214,0.00082592,0.816179,0.13704194,3
UBE2J2,6.0717,11.2798,0.538,-0.439,2.418e-05,0.00321949,0.01100952,0.28697196,0.13728999,3
IP6K2,10.2258,9.3722,1.091,0.109,0.10329576,0.45506165,0.37342105,0.09402198,0.1373449,0
RUFY3,3.7839,3.2638,1.159,0.207,0.00622805,0.15740931,0.02001752,0.77391449,0.13735032,2
RBM33,15.9889,21.192,0.754,-0.302,0.0093256,0.04024276,0.01753967,0.77391449,0.13735899,3
AMPD2,26.6031,46.1086,0.577,-0.533,2.42e-06,0.00035197,0.00010237,0.94552275,0.13753022,3
FTH1P3,1.4624,1.6993,0.861,-0.069,0.65197684,0.63424209,0.66153778,0.48909302,0.13766154,0
WDR55,5.5216,6.8823,0.802,-0.252,0.03008225,0.08558868,0.05638807,0.57388325,0.13778495,1
NINJ1,76.9332,204.3468,0.376,-0.568,0.0,0.00016797,1.261e-05,0.6120509,0.1378617,3
ALG13,14.2616,11.6609,1.223,0.225,0.01146919,0.12344378,0.06734826,0.71170446,0.1381226,1
CORO1A,214.7746,348.4866,0.616,-0.466,0.00019743,0.00169759,0.0012342,0.816179,0.13815207,3
SND1,32.5675,43.6664,0.746,-0.419,0.00012608,0.00450286,0.00454757,0.98909653,0.13830085,3
DOT1L,42.6952,56.2097,0.76,-0.249,1.99e-06,0.08818108,0.00015891,0.73226424,0.13855488,2
NOP2,1.8409,1.9009,0.968,-0.014,0.95016176,0.92091233,0.75296996,0.23056365,0.13868484,0
VPS35,9.1381,9.0168,1.013,0.016,0.32310964,0.91317075,0.13621653,0.1960065,0.13882144,0
ZC3H7A,6.5383,5.9745,1.094,0.096,0.81390941,0.50721143,0.74551347,0.83750782,0.13883768,0
SLC11A2,5.1935,4.8714,1.066,0.078,0.14242004,0.59480042,0.08000424,0.69133573,0.13889312,0
SNORA49,229.3556,193.3952,1.186,0.127,0.22165332,0.38458939,0.50362815,0.06787552,0.13893425,0
DUSP18,1.1676,2.2481,0.519,-0.448,2.187e-05,0.002552,0.01375066,0.55520734,0.13898261,3
TMEM185A,7.7936,9.5035,0.82,-0.097,0.21322298,0.50460861,0.26219842,0.83750782,0.13926202,0
VCL,24.5956,35.9446,0.684,-0.348,1.34e-06,0.01769609,0.00016531,0.57388325,0.13963246,3
WIPF2,11.2308,8.1183,1.383,0.23,0.68307709,0.11488061,0.23209719,0.816179,0.13990463,0
ARPP19,0.9717,1.451,0.67,-0.211,0.33726345,0.15079082,0.25976308,0.47153307,0.14000724,0
WDR26,12.055,18.1515,0.664,-0.466,0.00073409,0.0016766,0.03662004,0.69133573,0.14027423,3
ZNF330,3.8905,4.6456,0.837,-0.205,0.11082279,0.16076708,0.08257958,0.31330231,0.14027855,0
ANKLE2,9.8982,11.6259,0.851,-0.134,0.00533527,0.36089602,0.0027022,0.44942115,0.14030238,2
ERCC1,17.7553,29.3059,0.606,-0.447,9.91e-06,0.00248461,0.00208108,0.83750782,0.14046522,3
MYO9B,55.3453,77.9317,0.71,-0.467,4.741e-05,0.00157111,0.00134469,0.73226424,0.14096757,3
PDS5A,13.0504,12.3448,1.057,0.057,0.68698623,0.6960964,0.66519801,0.816179,0.14105229,0
AKT1,42.7335,64.2302,0.665,-0.407,1.2e-06,0.00569332,0.000205,0.53681325,0.1414148,3
TMED2,5.3227,9.2549,0.575,-0.348,0.00134454,0.01825187,0.05450774,0.75300697,0.14150415,2
SLC39A11,5.339,6.8595,0.778,-0.236,0.0063807,0.10693161,0.0026589,0.57388325,0.14176377,2
WDFY2,4.1654,3.0932,1.347,0.157,0.6752842,0.2789939,0.96077908,0.06787552,0.14185239,0
RBPJ,6.7354,8.0274,0.839,-0.146,0.09996158,0.31587326,0.85948232,0.75300697,0.14202604,0
TPM4,4.7966,6.9752,0.688,-0.373,4.5e-06,0.01108437,0.00043798,0.65123214,0.14240542,3
CAPN7,4.5721,4.2256,1.082,0.108,0.10217468,0.46044633,0.03446721,0.96729961,0.14262267,1
MRPS5,11.873,16.3584,0.726,-0.337,0.00013023,0.0213944,0.00035675,0.50091734,0.14268033,3
ABCG1,10.6901,15.1883,0.704,-0.342,6.34e-06,0.01978508,2.85e-06,0.85894553,0.14302271,3
DAZAP1,26.1069,36.2587,0.72,-0.326,0.00015466,0.02617146,0.00107473,0.90209945,0.14307278,3
BRCC3,2.7433,1.9183,1.43,0.263,0.04446532,0.07186161,0.28811009,0.06058439,0.14308672,1
RNF139,4.8028,4.7419,1.013,0.013,0.20789319,0.93034907,0.63335779,0.75300697,0.14324661,0
MLEC,3.2853,4.333,0.758,-0.286,0.02256537,0.05116549,0.06661534,0.28697196,0.14331534,1
TBCB,28.1031,26.3756,1.065,0.052,0.71457985,0.71826754,0.65451369,0.21662026,0.14347285,0
SNORA22,4555.521,3482.1736,1.308,0.216,0.99681678,0.13780134,1.0,0.17677365,0.14350776,0
PIK3R2,1.5206,0.7819,1.945,0.281,0.0066941,0.05404382,0.061998,0.77786987,0.14358621,1
DGKZ,25.6981,30.4956,0.843,-0.217,0.00354109,0.13599264,0.00027368,0.10004523,0.14364964,2
DNAJA4,1.6259,1.0873,1.495,0.257,0.01233345,0.07852737,0.05433163,0.30093095,0.14365926,1
GDI1,46.5258,62.3526,0.746,-0.34,0.00054224,0.0203687,0.00139138,0.50091734,0.14380027,3
ACSL1,24.2798,59.3986,0.409,-0.439,0.00077038,0.00333881,0.0027022,0.53681325,0.14381902,3
PMM2,4.2467,3.6607,1.16,0.155,0.30395749,0.28737182,0.27280657,0.5928362,0.14385009,0
LIME1,45.5017,80.8894,0.563,-0.334,0.00742817,0.02406334,0.00383356,0.96729961,0.14388098,3
BAG3,11.2416,8.5248,1.319,0.216,0.78718942,0.13839239,0.43427537,0.370282,0.14401241,0
VDR,2.2662,3.5158,0.645,-0.369,0.00261695,0.01216142,0.19932026,0.12701804,0.14403611,2
CCDC134,9.9713,19.3944,0.514,-0.412,7.4e-07,0.00542226,9.61e-06,0.77786987,0.14407731,3
ALPL,5.8731,24.3577,0.241,-0.428,0.00023348,0.00439576,0.00100235,0.18622027,0.14413359,3
HCK,52.9216,103.7023,0.51,-0.54,1.3e-07,0.00028572,0.00014683,0.67117575,0.14414869,3
MED13L,24.1583,38.7133,0.624,-0.53,2.2e-07,0.000346,0.00051695,0.50091734,0.14440129,3
OGG1,14.3628,20.8515,0.689,-0.422,0.00027281,0.00427079,0.00863968,0.51871531,0.14456717,3
DPP9,35.2772,44.4375,0.794,-0.293,0.00062834,0.04531236,0.00136785,0.69133573,0.14476532,3
EIF4A2,176.726,69.0705,2.559,0.306,0.19022474,0.03645446,0.25803601,0.227454,0.14478163,1
TMEM59,31.2048,61.1568,0.51,-0.478,0.00010141,0.00136649,0.00066657,0.5928362,0.14483319,3
RGPD5,0.3647,0.2397,1.521,0.215,0.08382954,0.13971119,0.07831585,0.78869603,0.14502866,0
UBAC1,7.3517,11.6325,0.632,-0.495,6.961e-05,0.0008414,0.02054822,0.48343223,0.14507034,3
UNC45A,9.4881,11.3221,0.838,-0.206,0.01071046,0.15799392,0.06098541,0.1588897,0.14533244,1
VRK2,4.2524,3.9412,1.079,0.099,0.59937766,0.49492927,0.08433418,0.77391449,0.14536732,0
IKZF2,2.9308,2.182,1.343,0.244,0.0152243,0.09471904,0.07916031,0.55520734,0.14551725,1
ATF7IP,55.6949,81.9971,0.679,-0.306,2.3e-06,0.0369911,2.853e-05,0.85894553,0.14551813,3
CHSY1,5.8683,10.2885,0.57,-0.534,1.75e-06,0.00033614,0.00312192,0.43290855,0.14569811,3
REEP5,10.2205,15.8176,0.646,-0.417,9.921e-05,0.00464193,0.01180886,0.23864024,0.14583153,3
TTLL3,21.63,26.0071,0.832,-0.241,0.02288226,0.09885342,0.00554535,0.35550187,0.14599834,2
RXRA,61.9818,115.6413,0.536,-0.541,0.0,0.00026096,2.979e-05,0.46626286,0.14601268,3
CCND3,80.8,105.7653,0.764,-0.342,0.000427,0.0197226,0.00253276,0.77391449,0.14603315,3
SSBP1,0.7329,1.346,0.545,-0.393,0.13492376,0.00792907,0.6086689,0.1044826,0.14607435,1
BRD4,20.5043,27.4449,0.747,-0.382,0.00032156,0.00935705,0.00322292,0.385418,0.14622334,3
MCM3,7.5221,6.3949,1.176,0.238,0.25552473,0.10309337,0.50049595,0.1588897,0.14640656,0
CDC40,3.0776,4.4993,0.684,-0.248,0.64637581,0.09275872,0.63335735,0.32701011,0.14644674,0
CSK,76.6791,110.9938,0.691,-0.45,0.00015139,0.00232861,0.00208108,1.0,0.14654957,3
PGBD4,0.5633,0.2973,1.894,0.407,0.00042468,0.00559605,0.07519269,0.11077453,0.14659967,2
NUDT5,2.9325,4.9726,0.59,-0.448,0.03741242,0.00267209,0.24382942,0.67117575,0.14669289,2
TSEN54,14.0647,19.0265,0.739,-0.323,3.395e-05,0.0271854,0.0007162,0.65123214,0.14751621,3
PLEKHM1,1.3766,2.9541,0.466,-0.228,0.0546475,0.12329848,0.3450767,0.12418966,0.14778924,0
GOLGB1,6.9463,6.4647,1.074,0.119,0.98832857,0.41366941,0.7086002,0.6120509,0.14815501,0
NUDT3,1.1222,1.5652,0.717,-0.226,2.535e-05,0.12210777,0.00021311,0.77391449,0.14820891,2
PRKCD,40.7034,72.1606,0.564,-0.583,3.6e-07,9.08e-05,0.00056637,0.816179,0.14827966,3
TWF1,2.674,1.9763,1.353,0.376,0.03069255,0.01044999,0.204534,0.6017555,0.1484872,2
CYC1,14.4943,27.1259,0.534,-0.509,1.12e-06,0.00061343,0.000205,0.96729961,0.14848956,3
WWOX,5.2556,4.6175,1.138,0.122,0.33231086,0.40104716,0.7792454,0.00918821,0.14865633,1
DHTKD1,7.2153,12.24,0.589,-0.475,0.04505905,0.00147553,0.38676685,0.85894553,0.14873799,2
ELOVL5,16.8802,28.1152,0.6,-0.446,0.00032156,0.00263581,0.03242344,0.57388325,0.14884175,3
CXCR5,7.6564,9.6521,0.793,-0.263,0.00229318,0.07169146,0.00134469,0.63152163,0.14901162,2
PPP4R1,7.1768,12.6491,0.567,-0.446,0.01200116,0.00283543,0.13882145,0.75300697,0.14903257,2
LTBR,40.2072,76.2133,0.528,-0.532,1e-08,0.00033046,0.00011789,0.55520734,0.14905732,3
PRKRA,7.2241,8.019,0.901,-0.064,0.19845108,0.65995649,0.60905056,0.51871531,0.14918693,0
PTENP1,1.2543,0.9079,1.382,0.159,0.00044447,0.27819506,7.854e-05,0.98909653,0.14923469,2
SYNE1,29.513,32.4681,0.909,-0.12,0.21765691,0.41019927,0.02279558,0.57388325,0.14930667,1
MRI1,16.8802,23.8808,0.707,-0.289,8.226e-05,0.04890682,0.00023931,0.94552275,0.1493639,3
PFKFB3,14.9307,20.6405,0.723,-0.393,0.00293082,0.00772638,0.02338972,0.6120509,0.1494183,3
RTN4,16.1082,23.5893,0.683,-0.333,4.795e-05,0.02277151,0.01319492,0.46626286,0.14973117,3
CLMN,2.4176,2.2728,1.064,0.064,0.41800555,0.65900417,0.66877475,0.07756718,0.14978434,0
TCF7L2,20.8222,33.0014,0.631,-0.348,0.00520539,0.01885862,0.06031023,0.6120509,0.1501279,2
PEX1,4.7371,3.9569,1.197,0.236,0.07671932,0.10597108,0.12019445,0.385418,0.15017477,0
ITFG2,14.9434,17.4501,0.856,-0.165,0.00890084,0.25884945,0.00143957,0.51871531,0.15065981,2
SLC25A36,2.4769,1.9403,1.277,0.157,0.01864341,0.2801248,0.02430242,0.18960565,0.15071281,2
SLC3A2,24.1122,32.2736,0.747,-0.378,7.526e-05,0.01011792,0.0022227,0.85894553,0.15095939,3
FRS2,0.9594,0.9651,0.994,-0.005,0.36795163,0.97290076,0.11109321,0.27434987,0.15098997,0
GLT1D1,3.6008,8.7423,0.412,-0.435,0.00104504,0.00376843,0.00941826,0.71170446,0.15101019,3
JAZF1,7.9401,6.9459,1.143,0.104,0.26339007,0.47721433,0.1496261,0.73226424,0.1510312,0
CSNK2A2,8.9117,11.3583,0.785,-0.259,0.0048327,0.07690336,0.02793756,1.0,0.15128348,2
LMBR1L,23.2713,32.6999,0.712,-0.348,0.00012338,0.01785344,0.00046295,0.44942115,0.1516745,3
STARD10,7.6226,14.9187,0.511,-0.422,0.0014608,0.00460314,0.01452376,0.75300697,0.15168794,3
YWHAH,15.2287,23.7643,0.641,-0.485,2.95e-06,0.00105428,0.00215082,0.55520734,0.15170727,3
NFE2L1,13.9862,19.828,0.705,-0.44,0.00021701,0.0028638,0.0023731,0.50091734,0.15180274,3
COMMD7,4.0792,6.1227,0.666,-0.407,0.00046724,0.00582241,0.01801255,0.46626286,0.15210295,3
PIAS2,3.5434,3.1948,1.109,0.106,0.23710741,0.46735661,0.09260467,0.48343223,0.15210798,0
TRBC1,34.8333,28.921,1.204,0.089,0.8470883,0.53831009,0.26426202,0.29995754,0.15226882,0
KDM2A,31.28,39.5861,0.79,-0.314,0.00032156,0.03206462,0.00154059,0.65123214,0.1522825,3
EDEM2,15.9556,27.0738,0.589,-0.524,1.028e-05,0.00042072,0.00257419,0.98909653,0.15233917,3
SMPD4,24.8475,33.7239,0.737,-0.371,8.317e-05,0.01157762,0.00233465,0.85894553,0.1523445,3
USP19,18.2598,22.8493,0.799,-0.293,0.00105493,0.04560473,0.00218649,0.57388325,0.15249507,3
STX5,11.5911,10.891,1.064,0.051,0.2725817,0.72338223,0.41151113,0.02339707,0.1525861,1
NIPSNAP1,3.0154,2.9356,1.027,0.02,0.21953383,0.8914068,0.07028615,0.19916562,0.15258701,0
AP1S2,16.5397,29.985,0.552,-0.466,4.2e-07,0.00159584,0.00079711,0.7949782,0.15294864,3
CD2BP2,16.7197,20.2259,0.827,-0.208,0.00405524,0.15438148,0.0044094,0.26208651,0.15311838,2
ITGB5,5.725,8.5056,0.673,-0.267,0.00452188,0.06808197,0.01707771,0.63152163,0.15317049,2
HOXB2,7.9884,9.8447,0.811,-0.198,0.03889685,0.1745827,0.0644559,0.48343223,0.15366441,1
PRKX,13.1961,14.1009,0.936,-0.057,0.1582493,0.69720661,0.00571527,0.816179,0.15373031,1
TMEM183A,10.8617,15.676,0.693,-0.432,0.01015154,0.00353238,0.06958692,0.83750782,0.1537353,2
CCDC159,9.0846,10.7018,0.849,-0.156,0.01798993,0.28364884,0.00414443,0.69133573,0.15384713,2
MPZL2,0.8049,0.6612,1.217,0.141,0.01246472,0.33396783,0.03716537,0.31122969,0.15385843,2
PER1,13.0407,18.3902,0.709,-0.355,2.505e-05,0.01573806,0.00020902,0.88048261,0.15390268,3
DAPK2,1.5418,3.466,0.445,-0.403,0.52928037,0.00706123,0.18748419,0.70328843,0.15410166,1
NAA35,4.2282,3.7649,1.123,0.139,0.62739277,0.33944476,0.15526355,0.85894553,0.15435398,0
CHD9,8.5633,8.2441,1.039,0.058,0.92266289,0.69126985,0.26640698,0.50091734,0.15452562,0
MON2,7.0923,6.6283,1.07,0.089,0.05634565,0.54146603,0.05638807,0.7949782,0.15506008,0
STAG3L4,2.1708,1.1273,1.926,0.293,0.08546037,0.04483443,0.23523952,0.95323378,0.15511569,1
ATG2B,6.8385,5.8208,1.175,0.233,0.30395749,0.11031384,0.09847143,0.90209945,0.15520835,0
RCN1,2.1544,1.7472,1.233,0.257,0.10787817,0.07800307,0.26640698,0.57388325,0.15521218,0
TBCK,6.2578,5.2801,1.185,0.176,0.09303199,0.22555187,0.13364951,0.09402198,0.15530481,0
SESN3,7.4073,6.022,1.23,0.179,0.50185076,0.21763985,0.40039969,0.7949782,0.15548642,0
MMP25,27.9,45.6301,0.611,-0.341,0.00555825,0.0209753,0.01777473,0.92378602,0.15548948,3
USP4,19.7758,28.3812,0.697,-0.38,0.00213592,0.01005132,0.02338972,0.57388325,0.15565401,3
DOCK5,18.7351,33.5692,0.558,-0.41,0.00092404,0.00582075,0.01148319,0.48343223,0.15570121,3
ELP3,6.9052,6.4878,1.064,0.051,0.1975236,0.72796236,0.17469814,0.370282,0.15644266,0
ACAD9,6.5612,7.4442,0.881,-0.136,0.0967138,0.3517882,0.16551498,0.88048261,0.15647292,0
CISD2,0.3725,0.3171,1.175,0.061,0.63947951,0.67516803,0.19942835,0.50003597,0.156588,0
SMG1,15.9567,20.0934,0.794,-0.368,0.00017575,0.01214011,0.00537999,0.75300697,0.1571301,3
NIT2,1.8853,1.5589,1.209,0.185,0.04474779,0.20547978,0.03320885,0.64155456,0.15717133,2
REM2,2.057,3.2429,0.634,-0.284,0.61518348,0.0539283,0.67235903,0.816179,0.15721905,0
DIAPH2,8.0089,6.8478,1.17,0.091,0.53807516,0.53171934,0.82486548,0.27434987,0.15724909,0
RFFL,3.1,6.4931,0.477,-0.428,9.79e-06,0.00421687,0.00049833,0.63152163,0.15746154,3
SSBP4,69.3985,92.0048,0.754,-0.286,1.775e-05,0.05076135,0.00048926,0.96729961,0.15769508,2
PIGX,2.7248,2.5764,1.058,0.02,0.32572059,0.88971353,0.61941679,0.227454,0.15784304,0
SLC25A42,4.3266,5.1912,0.833,-0.144,0.29283483,0.32372339,0.10049126,0.385418,0.15816081,0
STAG3L2,2.4709,2.6538,0.931,-0.089,0.20502697,0.54172567,0.05964126,0.77391449,0.15821083,0
GSTM2,4.7192,3.9383,1.198,0.123,0.08503062,0.39913004,0.04326097,0.5256136,0.15838832,1
LAMP2,6.8011,13.5986,0.5,-0.474,0.00011068,0.00149572,0.00288193,1.0,0.15847807,3
LIN54,4.441,8.6351,0.514,-0.307,0.22165332,0.03839295,0.64037761,0.370282,0.15897182,1
MSTO2P,8.6088,7.2039,1.195,0.203,0.2749135,0.16340918,0.79058597,0.94552275,0.15921408,0
PID1,4.0552,4.6182,0.878,-0.085,0.07987206,0.56000808,0.29263261,0.48343223,0.15957791,0
RFK,1.1578,0.8708,1.33,0.233,0.03569581,0.11081569,0.05382427,0.84343938,0.15972344,1
PABPN1,4.049,8.21,0.493,-0.397,0.00349367,0.00733196,0.05030713,0.5073575,0.15983801,2
RAB2B,3.2008,4.3176,0.741,-0.299,0.01264934,0.04221031,0.06734826,0.44942115,0.15989701,2
P2RY2,1.6969,1.5274,1.111,0.072,0.10217468,0.61926092,0.19589842,0.88048261,0.160229,0
CMTM5,11.1517,19.1901,0.581,-0.322,0.00057527,0.02806841,0.02081814,0.16766616,0.16034446,3
SEPHS1,2.9017,3.1041,0.935,-0.049,0.84292671,0.73864284,0.64389795,0.66193088,0.16050365,0
SIGMAR1,7.2298,10.866,0.665,-0.344,7.74e-06,0.01893133,0.00211569,0.26208651,0.16055159,3
PPM1G,9.6257,15.2031,0.633,-0.498,0.000402,0.00079536,0.00915204,0.96729961,0.16069586,3
RNF123,17.1903,20.7066,0.83,-0.25,0.00408952,0.08740403,0.00803537,0.21662026,0.16070689,2
SH2D3C,33.1713,45.7112,0.726,-0.37,0.00019743,0.01177316,0.0023731,0.71170446,0.16077443,3
CHM,6.1503,4.2714,1.44,0.354,0.00643233,0.01564526,0.09165474,0.4009022,0.16084571,2
CAPZA2,4.9161,8.6589,0.568,-0.473,0.00471395,0.00153061,0.24382942,0.57388325,0.16088699,2
SP3,11.9549,21.3543,0.56,-0.46,0.00041851,0.00197343,0.03086403,0.48343223,0.16111473,3
NIPA2,0.4,0.4161,0.961,-0.019,0.32571665,0.89844014,0.14650462,0.26345812,0.16146236,0
FLOT2,32.0932,49.5817,0.647,-0.472,0.00034889,0.001464,0.00253276,0.41673557,0.16165346,3
CA14,1.3898,0.6063,2.292,0.411,0.00032673,0.00524258,0.13451281,0.71255237,0.16172714,2
ACADM,2.3803,2.1523,1.106,0.099,0.08265749,0.49936599,0.37342105,0.00744715,0.1617837,1
TMEM184C,4.4558,5.5711,0.8,-0.208,0.00842718,0.15498078,0.03574554,0.370282,0.16184719,2
GORASP2,21.2297,27.7944,0.764,-0.354,0.00999669,0.01635173,0.15814206,0.88048261,0.16221171,2
PXK,6.7844,9.6449,0.703,-0.408,0.00200649,0.00568494,0.05328398,0.6120509,0.16223433,2
PITPNC1,4.7976,6.5526,0.732,-0.243,0.00043131,0.09652987,0.00031264,0.94552275,0.16224479,2
ZNF687,22.7385,27.3777,0.831,-0.211,0.00227296,0.14868364,0.00229677,0.96729961,0.16237861,2
DHX30,25.8622,30.6546,0.844,-0.223,0.00333541,0.1267471,0.00151474,0.53681325,0.16256792,2
EIF2B1,4.2394,4.41,0.961,-0.035,0.84709206,0.8123123,0.94902704,0.15044329,0.16259591,0
HBS1L,8.7342,7.5045,1.164,0.173,0.22064932,0.23415811,0.09550198,0.75300697,0.162807,0
RIN3,70.3923,102.7249,0.685,-0.445,6.34e-06,0.00254784,0.00035011,0.5928362,0.16301641,3
TTC14,15.0138,11.0589,1.358,0.25,0.25999899,0.08650223,0.90605013,0.20613999,0.16334614,0
SLC25A12,3.8518,3.2124,1.199,0.212,0.15055269,0.14701026,0.02758894,0.04769022,0.16340278,2
TUBGCP3,8.2933,8.9083,0.931,-0.056,0.04121715,0.70031808,0.41996354,0.71170446,0.16348016,1
ZNF142,8.0893,10.6227,0.762,-0.33,0.00012745,0.02436997,0.00019717,1.0,0.16353238,3
MOV10,20.5171,23.7382,0.864,-0.18,0.0243566,0.21803392,0.03888638,0.77391449,0.1636233,2
TRAF3,3.1629,3.2587,0.971,-0.02,0.16869545,0.89231265,0.46975023,0.5928362,0.16363018,0
GLB1,24.4127,41.3597,0.59,-0.505,2.279e-05,0.0006747,0.00179219,0.5928362,0.1638561,3
POGK,4.8815,6.3001,0.775,-0.253,0.00303408,0.0833411,0.00408049,0.65123214,0.16393817,2
CDK6,8.2073,9.3315,0.88,-0.074,0.00250466,0.60996891,0.00098497,0.09402198,0.16397378,2
GRAP2,83.7704,99.8817,0.839,-0.182,0.00836139,0.21197431,0.00693903,0.7949782,0.16419375,2
HLX,3.3029,5.9237,0.558,-0.382,6.508e-05,0.00976955,0.00746918,0.94552275,0.16431825,3
CRCP,4.1876,8.8091,0.475,-0.35,9.79e-06,0.01809918,0.01640479,0.05129462,0.16448136,3
SLC35F5,2.4941,3.2437,0.769,-0.2,0.76680296,0.17328559,0.68677002,0.20613999,0.16452653,0
RUNDC3A,1.0356,0.5986,1.73,0.248,0.01676072,0.08940954,0.02747581,0.42078665,0.16454126,2
TGFBR3,16.263,15.0656,1.079,0.041,0.81390941,0.78086599,0.49426266,0.02766445,0.16468559,1
TNIP2,5.8276,7.8353,0.744,-0.313,0.00094177,0.03288191,0.00261623,0.65123214,0.16481384,3
UBN2,3.141,3.8249,0.821,-0.193,0.10329576,0.18665021,0.22450177,0.7949782,0.16494101,0
PRKAR2B,5.906,9.2588,0.638,-0.335,0.00025374,0.02227881,0.01899191,0.385418,0.16499345,3
DNM1L,6.3726,6.2932,1.013,0.012,0.55756015,0.93412083,0.20629456,0.370282,0.16503855,0
IFNAR2,2.245,1.9546,1.149,0.044,0.25198096,0.76290321,0.19951607,0.7107658,0.1650926,0
ATXN7L3,6.0335,8.2406,0.732,-0.341,0.00157184,0.02011779,0.01575527,0.55520734,0.16512263,3
PDHA1,6.9577,6.5525,1.062,0.066,0.36231866,0.64898602,0.38139397,0.10635126,0.16514904,0
EYA3,7.1793,6.7192,1.068,0.049,0.5593484,0.73379503,0.60905056,0.83750782,0.16522501,0
CD47,6.3432,6.4706,0.98,-0.013,0.15055288,0.93038341,0.11786616,0.92378602,0.16531478,0
CTDNEP1,28.2356,40.1685,0.703,-0.388,2.3e-06,0.00823551,0.00025351,0.57388325,0.16536041,3
GRN,235.9796,426.8752,0.553,-0.519,1e-08,0.00044967,4.666e-05,0.83750782,0.16564338,3
WDR74,11.6763,14.5364,0.803,-0.268,0.03504552,0.06740731,0.02001752,0.51871531,0.1657266,2
RANBP9,6.033,9.1256,0.661,-0.432,0.00012338,0.00347263,0.04750296,0.13451295,0.16587739,3
XPO4,3.3929,3.2538,1.043,0.04,0.14314516,0.7834247,0.05702662,0.370282,0.16631416,0
CD244,6.949,10.7987,0.644,-0.314,0.00053163,0.0329948,0.00055614,0.7949782,0.16633253,3
TH,1.0208,0.7403,1.379,0.211,0.04630558,0.14832667,0.03920999,1.0,0.16652339,2
CPEB4,7.5292,10.7932,0.698,-0.392,0.00022628,0.00784659,0.01356316,0.96729961,0.16682043,3
CCDC82,3.0047,2.286,1.314,0.287,0.01974024,0.04987534,0.09947747,0.34107567,0.16686772,2
ACSL3,3.5037,3.4445,1.017,0.018,0.39249491,0.90264241,0.02900568,0.96729961,0.16698723,1
SMAD5,3.7586,3.1081,1.209,0.178,0.05043833,0.22156733,0.02192895,0.71170446,0.16735277,1
FBXO48,1.0579,0.6784,1.559,0.252,0.24617774,0.08424112,0.09022984,0.26515936,0.16741217,0
FES,17.3903,25.768,0.675,-0.392,1.148e-05,0.00763137,0.00040663,0.69133573,0.16745616,3
DTNB,4.7345,4.1795,1.133,0.171,0.18051484,0.24204347,0.30174732,0.08278988,0.16755406,0
IDS,88.8382,120.0025,0.74,-0.237,0.00999669,0.10525372,0.00683715,0.94552275,0.16777957,2
DDX41,17.6211,26.9521,0.654,-0.499,1.028e-05,0.00074854,0.00141529,0.85894553,0.16781565,3
PADI2,9.4571,20.6801,0.457,-0.482,3.475e-05,0.00131413,0.00035675,0.7949782,0.16793788,3
PRKAB2,1.1949,0.7629,1.566,0.211,0.0869317,0.14635638,0.04173984,0.87666316,0.16794153,1
SNORA57,671.7705,543.1025,1.237,0.13,0.0914889,0.37251064,0.52263657,0.0196723,0.16804219,1
EXOSC2,3.1176,2.7476,1.135,0.097,0.93534424,0.50396145,0.41712265,0.32701011,0.16816036,0
NIPAL2,3.8935,2.3635,1.647,0.178,0.81597423,0.22155001,0.43427537,0.96729961,0.16820264,0
RSBN1,7.3947,9.3676,0.789,-0.289,0.00408952,0.04866274,0.04861498,0.43290855,0.16823756,3
SLC9A8,8.7378,8.3569,1.046,0.043,0.78309995,0.76852808,0.44592501,1.0,0.16863144,0
LTA4H,63.4268,116.8175,0.543,-0.531,1.7e-07,0.00034733,0.0005265,0.69133573,0.16904475,3
AKAP8L,22.914,20.6502,1.11,0.089,0.28677645,0.53999508,0.14550152,0.09402198,0.1690536,0
PIK3CB,8.3632,8.1245,1.029,0.027,0.74657666,0.85308235,0.82869632,0.7949782,0.16907089,0
MEPCE,22.5995,27.9467,0.809,-0.263,0.0025715,0.07260859,0.01899191,0.57388325,0.16907144,2
SLC9A9,4.6071,4.6623,0.988,-0.008,0.2965122,0.95426505,0.08000424,0.34107567,0.16922014,0
MAN2A2,33.4925,40.7046,0.823,-0.241,0.00231357,0.09806766,0.00969136,0.816179,0.16927252,2
TXN,5.6119,7.2674,0.772,-0.115,0.43423654,0.43044737,0.64565941,0.94552275,0.16930235,0
TXNDC15,5.9397,8.3294,0.713,-0.379,0.0002384,0.010013,0.00365737,0.44942115,0.16981676,3
MAN1B1,13.8185,16.5547,0.835,-0.169,0.04449238,0.2457312,0.05964126,0.816179,0.16986446,1
ARMC7,6.8276,9.0265,0.756,-0.32,0.00183404,0.02941653,0.00889256,0.67117575,0.17044124,3
GTPBP8,1.7979,1.5891,1.131,0.085,0.01622217,0.55985145,0.00675464,0.60045963,0.17044313,2
HMG20B,20.7608,27.2232,0.763,-0.272,0.00018336,0.06317907,0.00170441,0.370282,0.17045265,2
FAM118B,2.191,1.9403,1.129,0.099,0.52066292,0.49575001,0.10358344,0.25018521,0.17059606,0
BLVRB,16.1478,35.773,0.451,-0.45,4.4e-07,0.00247713,0.00074228,0.29995754,0.17063207,3
TAOK3,12.3695,16.2472,0.761,-0.306,0.00180123,0.03684162,0.00863968,0.63152163,0.17076617,3
ACIN1,27.3007,33.507,0.815,-0.279,0.00105493,0.0559164,0.00173322,0.6120509,0.17092106,2
ZDHHC24,6.71,10.2364,0.655,-0.32,7.443e-05,0.02922985,0.00173322,0.1960065,0.17094719,3
ZNF571,2.0998,1.6591,1.266,0.18,0.00383869,0.21897039,0.00791915,0.57388325,0.17129902,2
BTNL9,1.4756,1.7165,0.86,-0.122,0.91000014,0.40599096,0.89048332,0.31330231,0.17137722,0
CCM2,29.5102,43.6758,0.676,-0.43,2.279e-05,0.00350616,0.00028432,0.98909653,0.17151383,3
PLCG2,17.8862,25.8448,0.692,-0.343,0.00235484,0.01965609,0.01265913,0.94552275,0.17213105,3
TPST2,36.6299,48.8111,0.75,-0.225,0.00017389,0.12249677,0.0005265,0.90209945,0.17216541,2
LRIG2,10.227,11.0532,0.925,-0.073,0.01798993,0.61407019,0.00179219,0.51871531,0.17217028,2
SRPRB,2.7346,2.9047,0.941,-0.049,0.56829334,0.73747548,0.91774321,0.0355601,0.17223661,1
SSBP3,11.1299,11.3393,0.982,-0.019,0.18225215,0.89331227,1.0,0.77391449,0.17230178,0
ALKBH3,5.7873,5.3581,1.08,0.077,0.35535301,0.59769563,0.58855063,0.1588897,0.17238513,0
LRRC37A2,0.5003,0.646,0.774,-0.154,0.58832918,0.2926155,0.68676615,0.04769022,0.17244199,1
SAR1A,3.1465,4.8483,0.649,-0.277,0.10556662,0.06033217,0.32777761,0.81049955,0.17244288,0
TMEM183B,2.3881,1.8265,1.307,0.141,0.05599917,0.33243249,0.00359942,0.11983122,0.17253701,1
SPI1,135.6752,315.6838,0.43,-0.551,2e-08,0.00024477,0.00021311,0.55520734,0.17270539,3
NFE4,4.8838,2.8207,1.731,0.175,0.00021228,0.23007377,0.00164681,0.15425717,0.17293012,2
GDNF,0.4874,0.2557,1.906,0.323,0.00858401,0.02717541,0.00434358,0.24891819,0.17358276,3
LPAR6,11.3922,10.0405,1.135,0.146,0.00731107,0.31680225,0.09648373,0.10004523,0.17365806,1
MDN1,14.0943,12.1954,1.156,0.271,0.02573554,0.06365219,0.52263657,0.06339176,0.17366962,1
IL18RAP,6.5659,6.7775,0.969,-0.029,0.99257257,0.84224313,0.76044956,0.06339176,0.17389952,0
CARS2,27.447,38.9415,0.705,-0.431,0.00015139,0.0035044,0.01148319,0.98909653,0.17392114,3
TUBGCP4,3.0126,4.1878,0.719,-0.257,0.22877301,0.08061223,0.95686069,0.46626286,0.1740339,0
PREX1,123.3253,186.5018,0.661,-0.444,8.44e-06,0.00259583,0.00075565,0.55520734,0.17417031,3
GPR107,7.2919,10.5695,0.69,-0.41,9.6e-05,0.00554287,0.01337792,0.44942115,0.17428085,3
SRGAP2,8.1525,8.9058,0.915,-0.045,6.364e-05,0.75470131,0.00663741,0.816179,0.17441124,2
FBXO7,32.6953,64.4905,0.507,-0.369,4.12e-06,0.01292798,0.00141529,0.67117575,0.17468953,3
ARGLU1,16.6656,19.8592,0.839,-0.17,0.00195325,0.24251897,0.00307252,0.51871531,0.17480784,2
B4GALT5,4.5234,8.0489,0.562,-0.473,4.18e-05,0.00145606,0.00395528,0.98909653,0.17489563,3
TAF4,4.403,6.4506,0.683,-0.305,0.00036706,0.03818207,0.0052191,0.15044329,0.17509037,3
MARK3,8.5754,12.563,0.683,-0.395,0.00437336,0.0076654,0.01575527,1.0,0.17511538,3
ZNF776,4.8941,5.9948,0.816,-0.239,0.01303348,0.10115926,0.08885184,0.05913774,0.17541368,1
SERTAD2,2.9104,2.8165,1.033,0.019,0.06667175,0.89801882,0.08345335,0.7949782,0.17543091,0
SLC25A46,4.4158,4.1219,1.071,0.048,0.79743858,0.74189075,0.13492831,0.75300697,0.17576416,0
CTNND1,3.0275,2.7697,1.093,0.116,0.30646662,0.42710656,0.10999486,1.0,0.17590283,0
ZNF506,14.1038,11.9888,1.176,0.123,0.02521072,0.39846707,0.21525949,0.25018521,0.17603328,1
EIF3C,8.2937,6.6161,1.254,0.164,0.78105745,0.26104953,0.65451369,0.53681325,0.17607001,0
NUDCD3,8.1742,5.0936,1.605,0.221,0.30772631,0.12890514,0.42851711,0.75300697,0.17611966,0
SSH1,8.6604,11.4214,0.758,-0.323,0.00022628,0.02742497,0.00537999,0.50091734,0.17625727,3
NF2,4.1141,5.182,0.794,-0.258,0.00551299,0.07836855,0.0286458,0.98909653,0.1762619,2
TBC1D19,2.825,2.3896,1.182,0.161,0.03716976,0.27032841,0.15383929,0.85894553,0.17671965,1
PLK3,12.4287,15.5647,0.799,-0.324,0.02889148,0.02726197,0.14280054,0.35550187,0.17680959,2
ZNF671,5.1177,5.9424,0.861,-0.171,0.04828565,0.24141461,0.02001752,0.65123214,0.1769328,2
CD3D,138.3058,238.792,0.579,-0.379,0.0001048,0.01037421,0.00039912,0.98909653,0.1773634,3
BRD8,6.5837,5.555,1.185,0.243,0.57920068,0.0951932,0.5953498,0.46626286,0.17751638,0
CBLB,11.7513,10.2993,1.141,0.161,0.1770768,0.27090926,0.84790988,0.09402198,0.177553,0
DPM2,6.0914,9.7311,0.626,-0.322,0.0030077,0.02923165,0.01662632,0.5441589,0.17761754,3
TBC1D22B,3.4279,3.2914,1.041,0.042,0.57920068,0.77223832,0.58179142,0.71170446,0.17768163,0
MFNG,55.3607,78.783,0.703,-0.324,1.86e-06,0.02685229,4.473e-05,0.90209945,0.17783288,3
CDK2AP2,4.8175,5.3791,0.896,-0.091,0.12984501,0.53404642,0.86721425,0.63152163,0.17817799,0
SIRPA,20.4501,41.4737,0.493,-0.515,1e-08,0.00050861,2.853e-05,0.67117575,0.17841006,3
NAT10,14.526,16.6987,0.87,-0.179,0.00736941,0.21807569,0.00211569,0.94552275,0.17846805,2
DLST,11.0575,10.6484,1.038,0.039,0.1206743,0.78972773,0.23596257,0.51871531,0.17849077,0
CA2,8.8227,11.4183,0.773,-0.174,0.00984395,0.23331412,0.04326643,0.48343223,0.17852455,2
THOC6,16.0451,18.6384,0.861,-0.146,0.01332832,0.31685262,0.00085568,0.07259907,0.17855097,2
VHL,7.4167,10.9004,0.68,-0.354,0.00551299,0.01647296,0.01640479,0.75300697,0.17867127,3
YLPM1,19.2028,23.7326,0.809,-0.35,0.00027001,0.01693356,0.00725291,0.53681325,0.17874842,3
ZNF317,13.7721,17.0358,0.808,-0.199,0.08218786,0.17340389,0.05964126,0.77391449,0.17901101,0
USO1,5.7689,6.4096,0.9,-0.108,0.29405778,0.4583399,0.97646141,0.57388325,0.17904929,0
ABCC4,3.1127,2.4633,1.264,0.235,0.07071815,0.10670755,0.15669779,0.14231835,0.17906879,0
DHX40,4.6697,5.2226,0.894,-0.12,0.50694547,0.41109066,0.27280657,0.83750782,0.17909962,0
RNF14,3.1627,3.316,0.954,-0.037,0.71061397,0.79922814,0.46673413,0.85894553,0.17920882,0
CHD3,50.6649,57.8734,0.875,-0.157,0.0031137,0.2812039,0.0011127,0.53681325,0.17930508,2
SIRT7,18.7941,22.8193,0.824,-0.181,0.00503666,0.21442905,0.01452376,0.35550187,0.17942295,2
RBM39,19.4624,22.1567,0.878,-0.145,0.06826683,0.3187228,0.01164501,0.816179,0.17981006,1
TSPAN18,18.2367,22.3568,0.816,-0.201,0.00229318,0.1671526,0.01301414,0.1588897,0.18007117,2
ARMC10,0.5047,0.4204,1.2,0.127,0.18771302,0.38515158,0.10203382,0.7666393,0.18007647,0
PLEKHO2,15.9065,26.5036,0.6,-0.529,4.39e-06,0.00037008,0.00037738,0.94552275,0.18007765,3
UBXN4,16.5872,16.387,1.012,0.008,0.0740984,0.95531605,0.28591915,0.71170446,0.1801285,0
TMEM140,14.0883,20.5542,0.685,-0.367,7.279e-05,0.01252678,0.00529899,0.48343223,0.18019172,3
PANK3,2.189,3.0822,0.71,-0.247,0.09407227,0.09223888,0.21344441,0.34107567,0.18020789,0
SNORD46,5.1393,2.2158,2.319,0.26,0.02248519,0.07467193,0.03225973,0.91960506,0.18022634,2
KIAA1191,4.9893,5.0852,0.981,-0.018,0.03668763,0.90286259,0.38138776,0.21662026,0.1804454,1
TBX6,1.6501,1.3731,1.202,0.136,0.16436849,0.35088282,0.60894777,0.13050014,0.18046134,0
SCCPDH,1.7724,2.5406,0.698,-0.302,0.18662681,0.04024448,0.36291728,0.83244093,0.18049368,1
KNDC1,4.4117,5.4123,0.815,-0.255,0.03368767,0.08154519,0.06883401,0.90209945,0.18125102,1
NFIX,6.1858,11.7506,0.526,-0.261,0.00026448,0.07709746,0.01753967,0.57388325,0.18147309,2
SLC17A5,3.8004,3.1736,1.197,0.145,0.59200376,0.31949867,0.84790988,0.55520734,0.181643,0
TRAT1,7.8379,6.8532,1.144,0.124,0.30333214,0.39514233,0.28370464,0.57388325,0.1816776,0
HDDC3,5.2134,8.8515,0.589,-0.437,0.02245951,0.00328099,0.213313,0.64158697,0.18170307,2
KPNB1,17.0041,26.9905,0.63,-0.446,0.00275779,0.00270322,0.03796594,0.816179,0.18182771,3
DAD1,26.4894,53.9785,0.491,-0.503,1.134e-05,0.00078264,0.00997149,0.73226424,0.18185803,3
RAP2A,1.2984,1.8304,0.709,-0.251,0.34846986,0.08683491,0.31814571,0.36668125,0.18214371,0
NUP43,3.4792,3.3768,1.03,0.026,0.41191679,0.85570199,0.79817122,0.32701011,0.18231297,0
ADCY7,81.0257,104.9462,0.772,-0.274,0.00069939,0.06110186,0.00021311,0.4009022,0.18255344,2
NUDT21,3.4555,3.38,1.022,0.021,0.3866325,0.88391339,0.85948232,0.46626286,0.1829986,0
MMP9,4.9067,15.8055,0.31,-0.392,0.0071385,0.00886055,0.08885142,0.29995754,0.18315599,2
LPP,27.7305,38.2869,0.724,-0.312,0.04148206,0.03357607,0.07832363,0.26208651,0.18345,2
IP6K1,7.0566,12.9154,0.546,-0.427,0.00065976,0.00405809,0.00360029,0.816179,0.18364469,3
TRIM56,23.1494,30.0043,0.772,-0.241,0.00183404,0.09911193,0.00292854,0.92378602,0.18380344,2
NOB1,16.4181,23.6716,0.694,-0.41,5.882e-05,0.00535731,0.00571527,0.6120509,0.18397136,3
RBM25,14.6256,17.6439,0.829,-0.226,0.0022529,0.12122723,0.00863968,0.67117575,0.18418865,2
STRN3,8.5906,10.1246,0.848,-0.228,0.05532287,0.12002333,0.06031023,0.41673557,0.18423555,0
EPHB4,8.5176,11.1334,0.765,-0.262,0.01673756,0.07498201,0.01432697,0.96729961,0.18431275,2
FUNDC2,1.6386,1.4246,1.15,0.087,0.10669906,0.55197485,0.62984454,0.03812515,0.18432902,1
IVD,4.6147,4.4367,1.04,0.038,0.44764233,0.79164249,0.62288984,0.01123974,0.18450985,1
SSRP1,13.4795,14.8447,0.908,-0.089,0.02889148,0.54204373,0.14824144,0.69133573,0.18462588,1
SEC11A,1.9357,3.3085,0.585,-0.51,5.31e-06,0.00060741,0.00170441,0.65123214,0.18480195,3
EIF2A,16.2958,16.5266,0.986,-0.018,0.82010768,0.89943118,0.28150177,0.73226424,0.1848169,0
EXOC2,6.6987,5.7495,1.165,0.169,0.06948361,0.24603757,0.03010877,0.83750782,0.1851243,1
CYP1B1,7.5977,14.048,0.541,-0.442,0.0,0.00266889,1.349e-05,0.7949782,0.18521758,3
EIF2B4,8.2825,10.4691,0.791,-0.325,0.02320302,0.02685821,0.09260467,0.67117575,0.18532707,2
UCHL3,1.3151,1.1767,1.118,0.066,0.00366032,0.64975898,0.00085044,0.86345577,0.18536039,2
LRRK1,8.3332,8.9857,0.927,-0.032,0.00017024,0.8252774,0.0375127,0.75300697,0.18561502,2
TAS2R5,1.3423,0.9416,1.425,0.242,0.05359311,0.09706539,0.12975921,0.1542171,0.18584376,0
PSKH1,9.4206,13.399,0.703,-0.337,4.529e-05,0.02189322,0.00215082,0.55520734,0.18626832,3
RNF122,1.3619,1.7912,0.76,-0.15,0.3169585,0.3054005,0.27112613,0.86497492,0.18654863,0
CXCL16,7.7951,17.7571,0.439,-0.54,1.2e-07,0.00030996,0.00173322,0.51871531,0.18664748,3
ATP11A,18.3133,25.9289,0.706,-0.457,1.66e-06,0.00191661,0.00146424,0.50091734,0.18673558,3
TAF5L,6.449,6.0545,1.065,0.049,0.13256219,0.73466623,0.5551165,0.816179,0.18675407,0
PPFIBP2,7.28,6.7917,1.072,0.089,0.75464713,0.54050456,0.45775063,0.90209945,0.18681937,0
FARSA,49.0866,87.3574,0.562,-0.468,7e-08,0.00162027,0.0001066,0.5928362,0.1868544,3
PNN,42.6545,53.3342,0.8,-0.215,0.00028431,0.14061199,5.406e-05,0.92378602,0.18686794,2
PEX13,1.8155,2.2187,0.818,-0.132,0.39396806,0.37044239,0.60561034,0.75300697,0.18693121,0
PROK2,2.2749,5.7775,0.394,-0.337,0.09200082,0.02346593,0.02864559,0.23864024,0.187006,2
CTDSP2,36.4396,54.3212,0.671,-0.395,3.62e-06,0.00714346,0.00040663,0.43290855,0.18713771,3
CLU,52.9854,92.9873,0.57,-0.375,3.4e-06,0.01081223,0.00044616,0.32701011,0.18730212,3
PDLIM2,47.7164,71.6509,0.666,-0.42,3.49e-06,0.00429654,0.00040663,0.88048261,0.18798455,3
NBPF15,4.544,3.7644,1.207,0.172,0.03391081,0.23789137,0.10254487,0.88048261,0.18809484,1
TNPO2,24.0157,30.1364,0.797,-0.256,0.00021029,0.08009521,0.00136785,0.67117575,0.18811103,2
CD300E,7.9465,12.692,0.626,-0.434,0.00031505,0.0033005,0.01180886,0.83750782,0.18816911,3
NHEJ1,1.0684,1.0156,1.052,0.039,0.36583077,0.78745803,0.49737186,0.5928362,0.18842593,0
SEC23IP,10.4552,10.9537,0.954,-0.045,0.00588457,0.75415817,0.09165474,0.50091734,0.18843992,1
ARPC2,101.451,191.4189,0.53,-0.534,3.81e-06,0.00035467,0.00233465,0.65123214,0.18844514,3
OR2W3,4.2726,2.7907,1.531,0.149,0.960756,0.30339456,0.57506679,0.43290855,0.18862904,0
SIGLEC5,8.4909,14.3877,0.59,-0.277,0.00507768,0.0604223,0.06304175,0.04428548,0.18909026,2
CCRL2,1.8531,1.657,1.118,0.096,0.83045404,0.50910045,0.09547777,0.33043834,0.18917416,0
ANTXR2,4.0347,3.7263,1.083,0.076,0.12003916,0.60268825,0.15669779,0.18622027,0.18922325,0
LMNB1,4.496,6.819,0.659,-0.444,0.00044447,0.00277534,0.04326643,0.7949782,0.18944247,3
EXOSC5,9.6763,16.0065,0.605,-0.454,0.00035969,0.00220362,0.01116541,0.88048261,0.18962141,3
NCF4,2.713,5.5161,0.492,-0.365,0.00118054,0.01407041,0.0074691,0.11983122,0.18967872,3
DEF8,31.0383,41.8731,0.741,-0.331,4.741e-05,0.02403012,0.00043798,1.0,0.19024913,3
KHSRP,11.4933,15.4736,0.743,-0.372,2.817e-05,0.01130598,0.00107473,0.83750782,0.19029827,3
LYZ,177.8882,347.8007,0.511,-0.492,1.6e-07,0.00090682,0.00048926,0.88048261,0.19053723,3
APAF1,7.0151,10.4067,0.674,-0.371,0.01661663,0.01228956,0.20984744,0.6120509,0.19054775,2
RAB7A,19.5326,29.8249,0.655,-0.408,0.00507837,0.00581093,0.11331587,0.55520734,0.19081354,2
UBR3,9.8631,11.3472,0.869,-0.217,0.0417484,0.13749612,0.08000424,0.75300697,0.19081709,1
HTATIP2,3.6269,6.2823,0.577,-0.412,0.01939199,0.0055877,0.13882094,0.75632854,0.19088167,2
ISM1,1.2091,0.7721,1.566,0.241,6.257e-05,0.09817148,0.00346109,0.63152163,0.19136824,2
PGP,1.8822,3.0502,0.617,-0.389,0.000848,0.00838822,0.00408029,0.90209945,0.19154499,3
AGAP4,3.7476,4.1913,0.894,-0.126,0.2965122,0.38671417,0.16402007,0.63152163,0.19163267,0
CHST11,60.0001,78.0159,0.769,-0.295,0.00293082,0.04417081,0.00704228,0.69133573,0.1917248,3
SOCS5,1.6484,1.5158,1.087,0.068,0.70467971,0.63951086,0.35522198,0.25018521,0.19182538,0
ABCB8,18.4173,21.1762,0.87,-0.153,0.04738698,0.29578016,0.03363686,0.92378602,0.19182848,2
RAD23A,30.4462,32.7707,0.929,-0.056,0.03391081,0.6981171,0.13112008,0.50091734,0.19206894,1
FBXL4,3.9137,4.0804,0.959,-0.023,0.62174483,0.87519675,0.12986936,0.65123214,0.19207592,0
CDKN1A,7.22,12.3995,0.582,-0.429,4e-08,0.00356484,3.39e-05,0.50091734,0.19223392,3
SLC38A9,4.6316,3.9747,1.165,0.122,0.92160653,0.40178382,0.20984506,0.88048261,0.19252118,0
UBE2G1,1.1706,2.4004,0.488,-0.349,0.00699752,0.01823051,0.33266249,0.17677365,0.19256614,2
POLR1A,5.2928,4.5955,1.152,0.182,0.11141945,0.2107947,0.12019445,0.90209945,0.19262477,0
DDX56,15.1148,18.3682,0.823,-0.268,0.03621249,0.06697444,0.04326643,0.43290855,0.19292558,2
TSC22D2,9.8609,11.3077,0.872,-0.149,0.14904842,0.30596758,0.33512247,0.23864024,0.19322299,0
ADAM9,2.68,3.4838,0.769,-0.364,0.01974024,0.01352748,0.35266928,0.6120509,0.19328302,2
CYB5A,0.7786,0.7739,1.006,0.005,0.96287539,0.97163108,0.90215433,0.54417848,0.19368117,0
GNS,6.696,11.6446,0.575,-0.486,1.14e-06,0.00105616,0.0026589,0.48343223,0.19403114,3
MYLIP,4.0612,5.0998,0.796,-0.29,0.00849344,0.04751919,0.02309099,0.96729961,0.19405918,3
PPM1A,4.8853,5.9375,0.823,-0.18,0.94592654,0.22102623,0.85562136,0.32701011,0.19410341,0
RBM19,17.5277,19.6711,0.891,-0.12,0.02793039,0.40810312,0.004478,0.23864024,0.19412284,2
COIL,4.8077,4.5696,1.052,0.045,0.2679588,0.75398125,0.76795163,0.51871531,0.19425219,0
TAF8,6.6705,5.6885,1.173,0.141,0.33098592,0.33371962,0.21163981,0.85894553,0.19428034,0
SYNJ2BP,0.2665,0.2311,1.153,0.078,0.66989561,0.5919811,0.95232559,0.57945602,0.19449409,0
EGLN2,28.5339,39.7255,0.718,-0.377,0.00022866,0.01041596,0.00056637,0.370282,0.19500473,3
SPG7,22.8212,28.191,0.81,-0.267,0.00038611,0.06768775,0.00035011,0.50091734,0.19580323,2
ADAM10,16.6966,25.19,0.663,-0.368,5.496e-05,0.01241373,0.00597898,0.98909653,0.19591309,3
PGD,36.6054,70.8532,0.517,-0.578,8e-08,0.00010555,0.00032469,0.69133573,0.19617569,3
SORT1,7.4025,11.9815,0.618,-0.403,2.46e-06,0.00613342,0.00098497,0.55520734,0.19618981,3
NUBP1,2.8588,5.0223,0.569,-0.344,0.5807627,0.02019572,0.90990507,0.5721061,0.19623497,1
BTN2A2,13.1885,15.0771,0.875,-0.136,0.00593256,0.34988831,0.01777473,0.43290855,0.197114,2
RHOT1,8.6766,13.8436,0.627,-0.476,0.00049109,0.00138531,0.05090466,0.71170446,0.19712155,2
KRR1,3.2678,2.9119,1.122,0.076,0.34235507,0.60011659,0.15526355,0.94552275,0.19714964,0
SMAP2,25.1968,41.3145,0.61,-0.451,0.00112663,0.00243268,0.02900568,0.71170446,0.19727887,3
CDC25B,53.4415,59.9743,0.891,-0.155,0.04310194,0.2865743,0.01337792,0.4009022,0.19735421,2
KIF2A,8.5204,6.8985,1.235,0.145,0.31535636,0.31977313,0.06958692,0.85894553,0.19764057,0
WDR5,17.0128,15.853,1.073,0.058,0.22468493,0.69130193,0.98430634,0.55520734,0.19769015,0
ZC3H7B,21.6219,26.9251,0.803,-0.25,0.00020376,0.08625323,0.00082592,0.77391449,0.19770913,2
ANKRD42,5.4993,4.2711,1.288,0.225,0.79128477,0.12187535,0.58179142,0.21662026,0.19802416,0
STRAP,5.0308,5.8102,0.866,-0.131,0.20218959,0.37068441,0.97253975,0.32701011,0.19804902,0
TAGAP,71.3283,101.1265,0.705,-0.362,0.00024853,0.01410191,0.00136785,0.96729961,0.19816844,3
DBT,1.596,1.1814,1.351,0.233,0.11908562,0.11119857,0.03028853,0.50091734,0.19827797,1
TCP11L2,7.0604,11.8466,0.596,-0.401,0.00816676,0.00697503,0.09260467,0.63152163,0.19840969,2
PEX19,3.1437,2.7877,1.128,0.078,0.27843667,0.59323409,0.92165297,0.1588897,0.19844854,0
DCXR,58.4062,96.6105,0.605,-0.402,1.97e-06,0.00656116,8.183e-05,0.77391449,0.19850941,3
GADD45B,7.8903,12.1662,0.649,-0.468,9.6e-05,0.00158045,0.00434176,0.94552275,0.19863572,3
APH1A,39.2179,44.0629,0.89,-0.054,4e-08,0.709772,0.00023026,0.50091734,0.19867209,2
SPECC1,6.5812,8.4035,0.783,-0.284,0.00021475,0.05254746,0.01899191,0.75300697,0.1987093,2
CRTC3,10.7873,13.5308,0.797,-0.229,0.00976837,0.11749581,0.03124772,0.94552275,0.19880469,2
FAM171B,0.7995,0.5253,1.522,0.425,0.00058614,0.00385976,0.10673524,0.54411975,0.19886323,2
SYT1,1.2109,0.7978,1.518,0.428,0.00028725,0.00364235,0.01180886,0.5928362,0.19890431,3
UPF1,18.5329,25.2876,0.733,-0.387,0.000458,0.00859023,0.01319492,0.88048261,0.19918677,3
MMGT1,2.8635,4.8424,0.591,-0.269,0.00537921,0.06838201,0.03446721,0.816179,0.19930422,2
ATP10D,4.4191,4.3131,1.025,0.028,0.60308014,0.84934199,0.83253123,0.57388325,0.19930671,0
MAEA,24.3228,33.7357,0.721,-0.432,0.00089803,0.00345907,0.00461811,0.7949782,0.19944167,3
KCNAB2,27.059,39.4436,0.686,-0.347,8.986e-05,0.01788417,0.00151474,0.816179,0.19948422,3
CACNB1,4.9816,2.5283,1.97,0.24,0.06948361,0.09955204,0.12019445,0.67117575,0.19973535,0
TSPAN7,1.568,0.939,1.67,0.5,0.00034712,0.0007089,0.11671536,0.816179,0.19988956,2
CYBB,57.777,106.7032,0.541,-0.49,5.5e-07,0.00092698,0.00074228,0.63152163,0.19993515,3
ADSL,5.9268,10.0789,0.588,-0.361,0.03048844,0.01482261,0.1496261,0.34107567,0.19997173,2
IGDCC4,1.5484,0.8926,1.735,0.301,0.03110624,0.03972542,0.07149845,0.17677365,0.19998813,2
DDX6,16.6371,16.8433,0.988,-0.012,0.91421871,0.93292378,0.46372881,0.90209945,0.20057004,0
JUNB,51.3615,99.3528,0.517,-0.52,1.1e-07,0.00048875,0.0001252,0.50091734,0.20067323,3
CRLF3,7.5593,12.272,0.616,-0.431,0.00016665,0.00360816,0.00780411,0.83750782,0.2011029,3
CA5B,6.2642,5.8621,1.069,0.058,0.08649333,0.69317439,0.16853551,0.6120509,0.20169505,0
PARVG,20.6628,32.7032,0.632,-0.418,0.00019743,0.00463792,0.00476217,0.85894553,0.2017204,3
ZNF879,1.8696,1.2203,1.532,0.326,0.00209764,0.02577717,0.02476931,0.71170446,0.20211594,3
NR1D2,2.9625,2.6122,1.134,0.108,0.09251532,0.45929801,0.08885184,0.88048261,0.20213649,0
SH3BP1,49.9426,70.2174,0.711,-0.406,0.00024596,0.0057912,0.0016481,0.34107567,0.20214437,3
EIF5AL1,0.2508,0.1894,1.324,0.179,0.26217914,0.2199344,0.2151278,0.89898534,0.20222066,0
TLR9,9.2325,11.2602,0.82,-0.206,0.01129658,0.15787072,0.00955394,0.73226424,0.20226184,2
MICAL2,17.0588,27.4978,0.62,-0.489,1.632e-05,0.00096022,0.00915204,0.67117575,0.20248459,3
TAF2,7.7542,6.1238,1.266,0.173,0.54159231,0.2329384,0.42851711,0.67117575,0.20285441,0
ZXDB,5.6051,6.9491,0.807,-0.245,0.01414357,0.0944621,0.03363686,0.20613999,0.20331719,2
ACD,14.3896,19.3917,0.742,-0.36,4.581e-05,0.01411792,0.00997149,0.28697196,0.20338347,3
STXBP2,76.6264,123.0778,0.623,-0.49,6.58e-06,0.00093436,0.00132189,0.73226424,0.20394861,3
SLC37A3,3.2572,2.929,1.112,0.105,0.35535386,0.46935704,0.35266928,0.73226424,0.20414756,0
F5,13.8326,20.6649,0.669,-0.412,0.07281564,0.0055761,0.81339834,0.71170446,0.20432848,1
SUN1,21.6815,17.7746,1.22,0.273,0.34303174,0.06112056,0.8982619,0.08827147,0.20433807,0
RRP1B,6.6087,7.4085,0.892,-0.143,0.03152456,0.3276471,0.00354403,0.34107567,0.20484622,2
STX8,4.7087,8.0644,0.584,-0.38,0.03716892,0.01039934,0.10254442,0.50737814,0.20546542,2
ZFP36,299.8357,517.1404,0.58,-0.513,6.18e-06,0.00056431,0.00125561,0.7949782,0.20553903,3
TFE3,28.302,42.7553,0.662,-0.37,8e-08,0.01161248,2.398e-05,0.41673557,0.2055765,3
TBC1D9,13.3834,14.4288,0.928,-0.065,0.00055305,0.6529308,0.03842382,0.370282,0.20572441,2
TPRG1L,3.2393,5.0519,0.641,-0.412,0.00627833,0.00532645,0.02793552,0.94552275,0.20602991,3
PBX1,2.664,1.7294,1.54,0.218,0.02336485,0.13359204,0.00780443,0.77391449,0.20612947,2
PRPSAP1,4.8104,5.8175,0.827,-0.204,0.13324832,0.16331879,0.13621653,0.4009022,0.20613446,0
KCNJ2,1.8263,3.4314,0.532,-0.435,0.02538462,0.00347739,0.17470039,0.96729961,0.20624995,2
ZDHHC16,14.7585,15.5365,0.95,-0.045,0.00475324,0.75515273,0.31577014,0.98909653,0.20625183,1
TSC22D1,6.5432,5.9927,1.092,0.09,0.77493906,0.53738054,0.63686363,0.88048261,0.20650873,0
DNASE1L1,9.9953,16.7961,0.595,-0.421,5.73e-06,0.00432396,0.0074691,0.55520734,0.2067818,3
SYT11,2.6331,2.3232,1.133,0.099,0.50694547,0.49537685,0.44007807,0.6120509,0.20681901,0
TTLL7,1.0894,0.7679,1.419,0.278,0.01414357,0.05685906,0.06235457,0.55520734,0.20683314,1
LUC7L,13.2802,16.8183,0.79,-0.141,2.447e-05,0.33078875,0.00010447,0.57388325,0.20705679,2
NACC2,9.7568,12.6748,0.77,-0.151,0.00018531,0.29887229,0.01055349,0.1960065,0.20715647,2
CD9,8.3813,8.1415,1.029,0.016,0.04889268,0.90965028,0.87883578,0.7949782,0.20722421,1
MCAT,3.1265,4.0595,0.77,-0.202,0.00065306,0.16578711,0.07384594,0.28366554,0.20725405,1
PRDM10,5.1454,4.5779,1.124,0.155,0.72054313,0.2868193,0.28150177,0.71170446,0.20751916,0
CRKL,21.8126,29.2145,0.747,-0.295,0.00019331,0.04343364,0.00389399,0.73226424,0.20765017,3
ZNHIT6,1.1602,0.881,1.317,0.261,0.02521072,0.07452498,0.4171348,0.370282,0.20767764,1
TUBB1,68.8165,111.2594,0.619,-0.303,9.1e-07,0.03803874,0.00016531,0.44942115,0.20770717,3
TMEM39B,12.16,12.6409,0.962,-0.033,0.0651075,0.82045399,0.30174732,0.7949782,0.20780593,0
TBC1D13,6.0039,7.8264,0.767,-0.305,0.00106491,0.0374429,0.0027022,0.73226424,0.20783984,3
FADD,4.9654,7.9458,0.625,-0.456,4.822e-05,0.00201762,0.00343389,0.98874582,0.20831904,3
TRIM13,1.9344,1.4918,1.297,0.217,0.15707437,0.13640894,0.26011145,0.47190689,0.20852202,0
GCNT1,0.8408,1.0776,0.78,-0.228,0.30521013,0.11987695,0.74923879,0.4009022,0.20860748,0
ZFAND2B,8.2417,9.1155,0.904,-0.069,0.01722901,0.63377463,0.08702191,0.90209945,0.20874269,1
ROGDI,7.8769,12.7104,0.62,-0.521,6.582e-05,0.00045886,0.02309027,0.75300697,0.20887627,3
CTSS,132.3906,269.6078,0.491,-0.507,1.8e-07,0.00064353,0.0005981,0.88048261,0.20902573,3
THUMPD1,3.1571,3.039,1.039,0.04,0.6502009,0.78165028,0.60218262,0.6120509,0.20932559,0
HINFP,6.3375,5.8057,1.092,0.078,0.48009052,0.5932642,0.90994768,0.63152163,0.20956332,0
L3MBTL3,4.3447,3.8115,1.14,0.128,0.53632016,0.37889288,0.14686449,0.75300697,0.20956362,0
DBH,0.8307,0.4322,1.922,0.277,0.06239467,0.05751922,0.19299307,0.81863389,0.20963786,0
SLC39A10,4.834,4.7646,1.015,0.021,0.82838947,0.88596449,0.24382942,0.65123214,0.20982547,0
ARRB2,159.769,278.7402,0.573,-0.484,1.06e-06,0.00109018,0.00017194,0.7949782,0.21033028,3
ATP1A1,55.2443,73.7126,0.749,-0.339,1.733e-05,0.02061427,0.00027895,0.65123214,0.21042076,3
GCDH,5.3428,7.2583,0.736,-0.32,0.00144744,0.02919533,0.00225946,0.67117575,0.21050302,3
ZFYVE26,15.2522,18.0305,0.846,-0.246,0.00862735,0.09319114,0.01356316,0.55520734,0.21054248,2
MMAA,0.678,0.5213,1.301,0.214,0.06470316,0.14189064,0.44864949,0.06016716,0.210588,0
ARRDC2,23.2879,30.0528,0.775,-0.25,0.00275779,0.08748596,0.00338,0.94552275,0.21103785,2
RBMS1,7.4331,10.346,0.718,-0.441,0.00111612,0.00284547,0.04276003,0.85894553,0.21108076,3
CASP2,15.9106,21.1146,0.754,-0.312,0.00188429,0.03355756,0.0009022,0.05913774,0.21108946,3
HIPK2,20.1838,30.8986,0.653,-0.456,2.87e-06,0.00197398,0.00109356,0.5928362,0.21141424,3
GRHPR,21.0726,36.3906,0.579,-0.418,0.00022393,0.00484793,0.00420928,0.7949782,0.21149413,3
RIPK1,4.4932,6.0988,0.737,-0.327,0.05202473,0.0265199,0.20453459,0.57388325,0.21154838,1
ATE1,6.4201,8.6957,0.738,-0.28,0.00043131,0.05600801,0.00069097,0.16766616,0.21156199,2
SETD5,15.7472,14.5397,1.083,0.102,0.46695965,0.48294995,0.3302142,0.08827147,0.21166629,0
SCARNA13,1468.6095,1113.1151,1.319,0.214,0.27142089,0.14244505,0.95686069,0.94552275,0.21175302,0
TRIM4,6.8034,7.6602,0.888,-0.158,0.00588457,0.27776447,0.00476217,0.43290855,0.21185729,2
EBPL,3.6845,3.1622,1.165,0.084,0.74629344,0.56477935,0.6139097,0.28918736,0.21191499,0
PLEKHA1,0.8172,0.7618,1.073,0.059,0.55221216,0.68564257,0.27066179,1.0,0.21197085,0
YWHAB,4.4904,7.1705,0.626,-0.429,0.00037457,0.00373925,0.08702191,0.69133573,0.21219916,2
CD84,11.0825,9.9807,1.11,0.08,0.99257257,0.5838144,0.82103882,0.06787552,0.21237584,0
NONO,12.8651,16.9733,0.758,-0.374,0.00849344,0.01104744,0.0316355,0.90209945,0.21277841,3
HSD17B10,10.6277,16.8254,0.632,-0.356,7.869e-05,0.01538953,0.00297583,0.83750782,0.21281246,3
OR7E14P,3.136,2.9142,1.076,0.026,0.20639879,0.85957996,0.03981124,0.54405446,0.21308926,1
EAF1,2.4651,3.4884,0.707,-0.315,0.00564858,0.03193688,0.02399542,0.76706571,0.21329022,3
PDK3,0.861,1.8425,0.467,-0.343,0.23500397,0.0209909,0.49116165,0.28697196,0.21343852,1
ITK,16.2085,12.4174,1.305,0.23,0.59568551,0.11403315,0.76795163,0.46626286,0.21359949,0
FAM174A,9.0807,13.1932,0.688,-0.327,0.00020163,0.02594136,0.02690352,0.16766616,0.21369083,3
RNF166,18.5993,28.2776,0.658,-0.463,3.317e-05,0.00171283,0.00154059,0.51871531,0.21369259,3
ACADVL,59.125,75.1229,0.787,-0.322,0.00095981,0.02774542,0.00746918,0.57388325,0.21380177,3
CBX3,4.3955,3.6055,1.219,0.213,0.20030997,0.14493558,0.29489125,0.98874637,0.21389032,0
TUBA1A,35.0189,67.1695,0.521,-0.503,2.59e-06,0.00076234,0.00096788,0.55520734,0.21402208,3
CAPG,36.01,65.6385,0.549,-0.495,7.8e-07,0.00083926,0.0011127,0.65123214,0.21426536,3
MRPL9,5.1006,8.6186,0.592,-0.468,0.00095485,0.00163318,0.10566157,0.25018521,0.21453191,2
TNFRSF1B,37.8466,69.9851,0.541,-0.564,2e-08,0.00014999,0.00029535,0.67117575,0.21467677,3
UBA7,49.4061,61.0406,0.809,-0.263,0.0014608,0.07198712,0.00348857,0.83750782,0.21486197,2
AMDHD2,15.4449,18.5991,0.83,-0.241,0.00021251,0.09910479,0.00029535,0.7949782,0.21492955,2
NHLRC3,1.1848,1.3786,0.859,-0.13,0.8283894,0.37508343,0.51625919,0.50091734,0.21520199,0
CWF19L2,4.6209,3.8835,1.19,0.218,0.0152243,0.13591009,0.23791224,0.34107567,0.21643735,1
S100A12,59.8796,154.0665,0.389,-0.571,1e-08,0.00014182,5.52e-05,0.75300697,0.21674033,3
USP37,3.3921,3.1836,1.065,0.073,0.1318788,0.61840109,0.02001752,0.385418,0.21681415,1
RNF138,10.0368,17.2105,0.583,-0.391,0.0006793,0.00829297,0.0187428,0.43290855,0.21698587,3
FAM53C,17.6085,27.2564,0.646,-0.403,1.235e-05,0.00612579,0.00102001,0.57388325,0.21738585,3
COPS2,2.5972,2.2655,1.146,0.087,0.30021946,0.54925084,0.13751424,0.77391449,0.21764933,0
RRAGD,1.3986,2.4603,0.568,-0.418,0.01698173,0.00511978,0.51625973,0.03805062,0.21773028,3
LBH,14.9545,19.0523,0.785,-0.224,0.19660089,0.12671259,0.04429445,0.15044329,0.21777629,1
CDK2AP1,2.43,2.985,0.814,-0.079,0.07716327,0.58392742,0.92946601,0.69133573,0.21830606,0
GPN2,9.4724,15.0407,0.63,-0.379,2.418e-05,0.01021976,0.00279074,0.65123214,0.21880444,3
ZDHHC18,17.6662,34.6025,0.511,-0.373,0.00098748,0.01216318,0.01452376,0.73226424,0.21882795,3
PGS1,27.6895,39.1428,0.707,-0.332,0.00890084,0.02410509,0.00725291,0.43290855,0.21887197,3
UBASH3A,64.3309,75.7008,0.85,-0.157,0.00883175,0.27999477,0.00033088,0.13451295,0.21892579,2
RASA2,6.5698,5.6369,1.165,0.179,0.28677645,0.21949317,0.4973741,0.85894553,0.21897274,0
MCTP1,6.7386,7.4035,0.91,-0.081,0.80154815,0.57746046,0.09452825,0.51871531,0.21903884,0
PRKAR1A,10.7514,17.8489,0.602,-0.465,0.00382249,0.00186314,0.02109114,0.75300697,0.21904054,3
ORC2,4.0374,3.6316,1.112,0.117,0.16140997,0.42280858,0.07916031,0.5928362,0.21907938,0
DCTN2,8.7213,12.5827,0.693,-0.421,1.977e-05,0.00426113,0.00292854,0.83750782,0.21956371,3
RABEP1,5.1538,6.5349,0.789,-0.275,0.00043128,0.0603805,0.03706309,0.25018521,0.21968891,2
YBX1,72.742,137.1123,0.531,-0.549,2.04e-06,0.00023061,0.00371526,0.73226424,0.219699,3
PDXDC2P,1.7424,1.29,1.351,0.174,0.10724183,0.23133343,0.70409723,0.01795929,0.21970401,1
MEFV,21.3026,38.7828,0.549,-0.504,2.21e-06,0.00070938,0.00096788,0.83750782,0.21971495,3
BCKDHB,3.779,2.9614,1.276,0.219,0.13187537,0.13390663,0.49115939,0.47192844,0.21979148,0
GRPEL2,1.9209,2.3111,0.831,-0.124,0.95438721,0.39651941,0.42848338,0.5721061,0.2199261,0
IMPA1,3.1596,2.4497,1.29,0.176,0.62362502,0.22707865,0.52263657,0.90209945,0.22015484,0
TBP,5.1339,6.7721,0.758,-0.18,0.05075192,0.22026447,0.15669563,0.50091734,0.2203663,0
YDJC,12.3251,16.642,0.741,-0.311,0.00012884,0.03409458,0.0009022,0.57388325,0.22066027,3
TBRG1,5.2609,6.716,0.783,-0.298,0.08218786,0.04252412,0.08171403,0.85894553,0.22074904,1
ISG20L2,7.3062,7.9869,0.915,-0.089,0.15513572,0.53961146,0.065889,0.41673557,0.22085836,0
TMEM176A,17.8657,22.6608,0.788,-0.121,0.07987206,0.40455429,0.38947052,0.55520734,0.22102668,0
DEPDC5,10.0107,9.9192,1.009,0.01,0.29161702,0.94666434,0.26429692,0.63152163,0.22154237,0
STX7,3.3653,3.0275,1.112,0.105,0.73252048,0.47231059,0.85562136,0.53681325,0.22172906,0
CD300A,23.22,34.6412,0.67,-0.341,0.00012205,0.02033746,0.00312192,0.46626286,0.2218152,3
MCOLN2,1.7442,1.5498,1.125,0.116,0.02133505,0.42745352,0.03322585,0.35550187,0.22190082,2
CCNJ,1.9711,2.3137,0.852,-0.141,0.93746065,0.33423545,0.80577557,0.94552275,0.22222445,0
PGLS,153.5929,265.8605,0.578,-0.466,3.3e-07,0.00163473,0.00021311,0.73226424,0.22234111,3
WDR48,5.4809,5.9532,0.921,-0.075,0.67140077,0.60734852,0.45775004,0.57388325,0.22234998,0
ARMC8,9.0958,9.3426,0.974,-0.022,0.01773308,0.87979073,0.17784525,0.14231835,0.22241777,1
SLC25A37,16.616,40.599,0.409,-0.361,9.187e-05,0.01556733,0.00338,0.5928362,0.2226616,3
LRWD1,13.221,18.3563,0.72,-0.401,0.00173723,0.00659789,0.00377399,0.5928362,0.22296385,3
KDM5B,4.5686,4.6323,0.986,-0.015,0.79949267,0.91724192,0.3302142,0.90209945,0.22306055,0
PAX5,3.6489,3.3649,1.084,0.085,0.09407227,0.55979225,0.05032394,0.55520734,0.22306568,0
LPL,2.1973,1.5849,1.386,0.251,0.03991394,0.08601109,0.13237961,0.69133573,0.22315418,1
DUSP6,30.3011,59.739,0.507,-0.529,2e-08,0.00036188,0.00024396,0.85894553,0.22319816,3
LARS2,1.5907,1.1645,1.366,0.192,0.5129216,0.18665766,0.21344202,0.63152163,0.22337771,0
PTCD3,7.0373,6.7225,1.047,0.049,0.18051484,0.73876793,0.08885184,0.5928362,0.22339762,0
RNPEPL1,98.5821,141.0338,0.699,-0.366,7.09e-06,0.01258476,0.00146424,0.28697196,0.22347617,3
FAM76A,1.1652,0.9064,1.286,0.183,0.66747567,0.20793231,0.31571711,0.92132563,0.22352266,0
CUL1,5.4074,5.3021,1.02,0.017,0.82424613,0.90471987,0.13364951,0.88048261,0.22403126,0
INPP4B,9.7648,7.6898,1.27,0.26,0.05234696,0.0752824,0.44007807,0.44942115,0.22405317,0
HMGN4,2.0479,2.4026,0.852,-0.123,0.54937564,0.39898264,0.60547764,0.49814977,0.22408197,0
CD247,22.548,21.1801,1.065,0.055,0.62174483,0.70778881,0.56172889,0.41673557,0.22414996,0
PTPN7,18.839,16.8578,1.118,0.094,0.27142089,0.51782968,0.30405522,0.65123214,0.22442841,0
CHUK,2.846,3.0161,0.944,-0.071,0.90789186,0.62737665,0.69401885,0.5928362,0.22456617,0
ICOS,1.8986,1.7547,1.082,0.072,0.32050937,0.621793,0.60904869,0.28697196,0.22477673,0
TMCC1,2.5497,3.6783,0.693,-0.365,0.01264934,0.01334787,0.00704228,0.65123214,0.2248497,3
SMC5,11.185,12.2579,0.912,-0.072,0.0651075,0.62292843,0.00348857,0.35550187,0.22486102,1
LYST,30.7004,48.7272,0.63,-0.463,0.00073409,0.00182333,0.02001752,0.92378602,0.22487006,3
DENND4B,78.3014,97.5426,0.803,-0.274,0.00124844,0.06097267,0.00327453,0.28697196,0.22494981,2
AHCYL1,7.0865,6.9481,1.02,0.02,0.3736386,0.89220554,0.97646138,0.370282,0.22524761,0
SEMA4D,61.2346,73.7528,0.83,-0.218,0.00351102,0.13551117,0.00408049,0.88048261,0.22532614,2
NSUN2,6.3165,8.374,0.754,-0.3,0.06627782,0.04114929,0.27066179,0.370282,0.22541771,1
NCOA3,12.2604,17.1999,0.713,-0.419,0.00023106,0.00445762,0.01512848,0.67117575,0.22548587,3
TAZ,16.4951,19.1318,0.862,-0.182,0.11690263,0.21182723,0.02461844,0.73226424,0.2259834,1
FOXO3,14.932,23.6803,0.631,-0.31,4.86e-06,0.0347065,0.00253276,0.41673557,0.22616304,3
NLRP3,12.6341,18.617,0.679,-0.413,2.16e-06,0.00502686,0.00159351,0.51871531,0.22637666,3
RBM15B,14.6936,20.1061,0.731,-0.266,4.1e-07,0.06887235,2.616e-05,1.0,0.22664997,2
SCFD2,21.1983,29.2426,0.725,-0.25,0.00163022,0.0880366,0.00107473,0.44942115,0.22671219,2
TRAPPC6B,1.3256,1.6828,0.788,-0.18,0.12650888,0.21825623,0.182639,0.75300697,0.22681887,0
CBX6,5.0919,6.236,0.817,-0.17,0.00479282,0.24371473,0.01231273,0.90209945,0.22716316,2
TAP2,2.4262,3.8944,0.623,-0.119,0.55109525,0.41844419,0.1814185,0.11667431,0.22762488,0
BST1,8.4722,16.3387,0.519,-0.501,5.52e-06,0.00079985,0.00188412,0.92378602,0.22775149,3
EIF3D,77.8566,115.887,0.672,-0.436,1.93e-05,0.00306957,0.00057676,0.98909653,0.22786356,3
CRTC1,5.7291,6.935,0.826,-0.22,0.00097818,0.13101269,0.00312192,0.83750782,0.22813565,2
HEBP2,1.3182,1.3572,0.971,-0.022,0.25998713,0.877588,0.68313444,0.92378602,0.22825909,0
SUDS3,1.9915,2.2425,0.888,-0.153,0.0387704,0.29524396,0.19760158,0.02546007,0.2282659,2
RAB1A,5.1845,8.3684,0.62,-0.393,0.00360194,0.00799209,0.02028135,0.5928362,0.22827118,3
ZNF37BP,2.2105,1.6268,1.359,0.216,0.02793032,0.13762635,0.00434171,0.63152163,0.22849546,2
ITGB7,39.3364,45.4975,0.865,-0.153,0.06244295,0.29583641,0.02973714,0.7949782,0.22877861,1
KDM4A,6.7557,8.1523,0.829,-0.184,0.05464965,0.20646989,0.01662646,0.67117575,0.2288512,1
TP53INP1,1.9812,3.3011,0.6,-0.378,0.12519421,0.01093734,0.36036414,0.05510871,0.22922416,1
CETN2,1.6432,2.2547,0.729,-0.201,0.1507137,0.16883331,0.19393893,0.08095235,0.22932317,0
KIF1B,5.474,7.2704,0.753,-0.395,0.03237508,0.0075762,0.27713094,0.5928362,0.229364,2
FUBP3,4.267,3.6558,1.167,0.141,0.71259594,0.3314243,0.98038364,0.6120509,0.22971303,0
ING3,5.2886,8.8937,0.595,-0.477,0.0030604,0.00137478,0.52583956,0.6120509,0.23013058,2
TSPAN16,2.3609,2.8011,0.843,-0.174,0.00883175,0.23203762,0.02828977,1.0,0.2303011,2
OR4C16,2.8169,2.2989,1.225,0.17,0.02263431,0.24479887,0.01393348,0.70331591,0.23058707,2
TNFRSF4,3.0467,3.9646,0.768,-0.23,0.000402,0.11514828,0.00322288,0.07259907,0.23072392,2
TREML2,2.5003,4.4063,0.567,-0.292,0.06244062,0.04837876,0.07625957,0.67117575,0.23088555,1
VAV3,7.6127,7.0737,1.076,0.079,0.48839845,0.58579748,0.82103882,0.08827147,0.23104659,0
BID,18.0316,23.646,0.763,-0.279,0.00327867,0.05772789,0.01394045,0.5928362,0.23124534,2
CREB5,22.025,35.1145,0.627,-0.375,0.00102552,0.01110214,0.03048439,0.67117575,0.23127488,3
PIK3R5,52.6018,71.838,0.732,-0.363,0.000458,0.01362711,0.0051403,0.98909653,0.23148973,3
TPST1,2.6159,2.3233,1.126,0.066,0.70962249,0.65069675,0.35012509,0.71170446,0.23168248,0
AFF4,9.7804,14.0965,0.694,-0.374,0.02555956,0.01130057,0.19251982,0.83750782,0.23180904,2
GPA33,2.624,2.0465,1.282,0.265,0.05464965,0.06933444,0.09648373,0.14231835,0.23188063,0
KIF21B,31.2462,38.2576,0.817,-0.237,0.00048623,0.10425575,0.0011924,0.63152163,0.23192659,2
GDE1,4.7102,7.0945,0.664,-0.442,9.2e-07,0.00269728,0.00317206,0.35550187,0.23194523,3
CEACAM3,14.616,36.5891,0.399,-0.364,0.04505905,0.01466532,0.02758914,0.370282,0.23230652,3
STX12,8.061,13.6513,0.59,-0.372,0.00142105,0.0114904,0.18426108,0.34107567,0.23232815,2
CYTH1,21.0455,27.6765,0.76,-0.35,0.00127185,0.01706829,0.00580199,0.29995754,0.23233678,3
KEAP1,10.7265,14.5153,0.739,-0.342,0.00016489,0.01956326,0.00606929,0.48343223,0.23249099,3
ITPA,7.8719,10.1103,0.779,-0.199,0.01786008,0.17405956,0.00434125,0.63152163,0.23251269,2
PDE8A,4.3091,4.5663,0.944,-0.054,0.35952233,0.71015954,0.4488644,0.88048261,0.23254169,0
USP5,10.1417,9.3656,1.083,0.105,0.32834695,0.47065889,0.43717118,0.51871531,0.23264093,0
ANKRD12,14.0222,14.253,0.984,-0.017,0.75666897,0.90822339,0.17626759,0.77391449,0.23266017,0
EOMES,9.8507,9.0639,1.087,0.064,0.5345695,0.66135593,0.53551054,0.385418,0.23271427,0
WDTC1,15.2397,21.1723,0.72,-0.364,0.0001048,0.01309558,0.00941826,0.41673557,0.23285731,3
PIK3C3,5.6839,5.539,1.026,0.027,0.30021946,0.85279246,0.30870609,0.77391449,0.23296545,0
HNRNPF,22.5904,32.6417,0.692,-0.397,0.00044447,0.00696363,0.01472292,0.90209945,0.23323648,3
SENP5,3.7067,3.4799,1.065,0.066,0.93534524,0.65111311,0.92165297,0.25018521,0.23336647,0
KLHL9,2.4192,2.2458,1.077,0.056,0.93111581,0.70096685,0.68315633,0.46626286,0.23359959,0
DUSP11,3.4273,3.2406,1.058,0.051,0.36512751,0.72738629,0.28591852,0.53681325,0.23371813,0
TM7SF3,9.7387,12.947,0.752,-0.286,0.00022866,0.05061679,0.0044094,0.4009022,0.23394868,2
TRIM25,19.26,27.3472,0.704,-0.37,7.443e-05,0.0119383,0.00113215,0.816179,0.23411597,3
CD28,6.3964,7.9858,0.801,-0.138,0.76071756,0.34501546,0.92555864,0.96729961,0.23425624,0
DDHD2,5.0989,5.3068,0.961,-0.036,0.46370834,0.80499508,0.9177492,0.44942115,0.2343693,0
NFYC,20.3904,31.5093,0.647,-0.452,7.2e-07,0.0021484,0.00062016,0.50091734,0.23457017,3
ATP8A1,6.4851,6.0163,1.078,0.092,0.0428283,0.5278642,0.15242499,0.4009022,0.23466229,1
SPDYE5,3.7889,2.2394,1.692,0.282,0.67324849,0.05373573,0.30852554,0.81047243,0.23485342,0
PELI2,1.8068,3.2843,0.55,-0.465,8.694e-05,0.00175983,0.01356316,0.65123214,0.2350463,3
EP300,41.3648,61.1583,0.676,-0.475,1.754e-05,0.00130046,0.00292854,0.77391449,0.235079,3
LSG1,3.7918,3.4788,1.09,0.117,0.57920068,0.42037157,0.56172889,0.96729961,0.23560262,0
CNOT6L,11.1347,16.4714,0.676,-0.37,0.00354109,0.01189148,0.0644559,0.92378602,0.2356324,2
STAT5A,45.9048,64.7217,0.709,-0.388,1.016e-05,0.00822932,0.0005265,0.85894553,0.23570989,3
CHTF8,18.994,18.7929,1.011,0.006,0.15055215,0.96565001,0.26640698,0.78870606,0.235935,0
CLIC4,0.6329,0.8563,0.739,-0.18,0.82486325,0.21859376,0.49311889,0.92119817,0.23597619,0
NCF1,47.9829,114.5048,0.419,-0.459,1.733e-05,0.00219949,0.00182237,0.63152163,0.23604172,3
SEC13,36.6971,56.5634,0.649,-0.493,4.28e-06,0.00086867,0.00225946,0.98909653,0.2360605,3
ZNF160,7.3835,6.846,1.079,0.075,0.32572145,0.60463666,0.28150177,0.44942115,0.23636384,0
PEX16,19.3397,24.8042,0.78,-0.245,0.00029931,0.09259507,0.0082724,0.41673557,0.23654798,2
TBK1,5.2833,5.5425,0.953,-0.06,0.81390941,0.6830236,0.15383929,0.77391449,0.23703172,0
FYCO1,13.2088,17.1788,0.769,-0.291,0.00027281,0.04698281,0.00141529,0.43290855,0.23726287,3
DMTF1,9.5398,7.9334,1.202,0.201,0.08946353,0.16752052,0.17470039,0.53681325,0.23773641,0
TAS2R4,0.2679,0.1744,1.537,0.311,0.00108021,0.03390057,0.01361044,0.70165319,0.23781923,3
ZNF672,13.2042,17.8632,0.739,-0.359,1.329e-05,0.01444712,0.00058734,0.57388325,0.23826737,3
MGAM,9.1178,27.041,0.337,-0.378,0.01467516,0.01135916,0.20453459,0.227454,0.23828146,2
KLF2,209.648,290.1021,0.723,-0.392,3.241e-05,0.00766099,0.00062016,0.92378602,0.23849849,3
TBC1D5,5.5216,6.0782,0.908,-0.09,0.03131496,0.53755111,0.58179142,0.94552275,0.23851536,1
EIF3M,18.8194,29.6992,0.634,-0.386,0.00063451,0.00901327,0.03010877,0.94552275,0.23875302,3
SLC44A2,121.5091,167.0227,0.728,-0.343,0.00056406,0.01956024,0.00354403,0.46626286,0.23877413,3
SVIL,16.2713,20.2837,0.802,-0.285,0.00643233,0.05159206,0.00736033,0.57388325,0.23884036,2
PTPN6,113.4501,185.2095,0.613,-0.454,3.856e-05,0.00218609,0.00091822,0.83750782,0.23891704,3
ALAD,7.2145,8.8692,0.813,-0.207,0.00546807,0.15585081,0.00554535,0.71170446,0.23910283,2
DNAJC14,2.634,2.3445,1.123,0.069,0.40575337,0.63348905,0.33351012,0.23499544,0.23923097,0
SENP1,5.1703,4.829,1.071,0.085,0.33497058,0.55757636,0.40039969,0.27434987,0.23930506,0
FNIP2,5.1465,5.4403,0.946,-0.051,0.89525608,0.72630053,0.65451369,0.12701804,0.23935394,0
EXOC3,15.0202,19.459,0.772,-0.295,0.0002384,0.04378691,0.00185301,0.816179,0.23948723,3
MBD2,10.7949,11.4391,0.944,-0.056,0.04393172,0.70194342,0.3302142,0.85894553,0.2397747,1
USP32,12.9384,23.2249,0.557,-0.509,3.53e-06,0.0006437,0.00377399,0.69133573,0.24008381,3
MAP3K8,6.3186,8.2637,0.765,-0.277,0.00357134,0.05883859,0.03446627,0.816179,0.24008892,2
AGAP9,10.0354,10.7651,0.932,-0.063,0.14904842,0.66636302,0.15526355,0.15044329,0.2401787,0
ITPR1,19.4318,18.136,1.071,0.086,0.19660089,0.55525183,0.20278557,0.04107563,0.24021142,1
PEMT,6.2662,15.3499,0.408,-0.366,0.03864603,0.01387509,0.2458246,0.69133573,0.24036991,2
LY75,10.5778,9.5245,1.111,0.079,0.98620568,0.58635275,0.97253674,0.33043834,0.24043364,0
SLC30A5,5.3653,5.2071,1.03,0.023,0.13462865,0.87300593,0.69401847,0.92378602,0.2404747,0
PPP1R3E,5.5869,5.2418,1.066,0.058,0.82424613,0.69181825,0.7343735,0.43290855,0.24053079,0
ZNF337,1.9823,2.3526,0.843,-0.119,0.05732211,0.41470246,0.05023814,0.29009575,0.2406028,0
NCAPD3,10.2067,8.7813,1.162,0.215,0.00627856,0.14101553,0.04225864,0.41673557,0.24087584,2
GLCCI1,9.0608,8.4839,1.068,0.067,0.69090377,0.64376588,0.37606715,0.90209945,0.24092139,0
DCTN5,1.6854,1.2192,1.382,0.164,0.41040079,0.25847792,0.91774877,0.4009022,0.24093271,0
P2RY10,8.1391,7.5956,1.072,0.04,0.16910713,0.78069822,0.49426266,0.17677365,0.24093722,0
IGFBP7,4.4172,6.7134,0.658,-0.377,6.1e-06,0.01036983,0.00227699,0.50091734,0.24114282,3
SHARPIN,20.9359,32.5817,0.643,-0.432,4.07e-06,0.00337957,0.00148929,0.75300697,0.24115555,3
ST6GAL1,20.0573,19.347,1.037,0.034,0.0771634,0.81288978,0.23791224,0.50091734,0.24118005,0
NT5C2,11.0262,16.977,0.649,-0.453,0.00029931,0.00226278,0.01849656,0.35550187,0.24119621,3
CTDSPL2,8.9198,11.3466,0.786,-0.285,0.00010141,0.05095683,0.00297583,0.53681325,0.24120318,2
ASB1,18.8601,21.196,0.89,-0.099,0.0758374,0.49565653,0.02192895,0.5928362,0.24129463,1
RBMX2,3.211,2.3486,1.367,0.203,0.29086313,0.1640367,0.23582809,0.87666316,0.24134765,0
LRP1,98.9838,166.4353,0.595,-0.439,0.0,0.00287711,9.83e-06,0.63152163,0.24147043,3
RAB5B,6.3249,5.6688,1.116,0.085,0.26112597,0.55866917,0.13364951,0.85894553,0.24152063,0
ETS2,5.5919,9.3701,0.597,-0.474,1.05e-06,0.00136075,8.88e-05,0.67117575,0.24186482,3
OGFOD1,2.6995,1.9986,1.351,0.19,0.53107358,0.19041874,0.30404891,0.75300697,0.24187817,0
ST6GALNAC4,8.1564,9.2141,0.885,-0.083,0.00702554,0.56750378,0.10999486,0.7949782,0.24191703,1
CASC3,17.5426,24.1426,0.727,-0.43,0.00094177,0.00370286,0.00343389,0.35550187,0.24192158,3
NAGA,17.1106,31.7585,0.539,-0.477,8e-08,0.0012385,6.94e-05,0.98909653,0.24195178,3
ISG20,21.1287,34.4514,0.613,-0.362,0.00061016,0.01441067,0.00757947,0.15044329,0.24206454,3
WASH2P,0.4204,0.5432,0.774,-0.133,0.61515771,0.36288303,0.54359297,0.68251085,0.24206821,0
CLN3,10.8265,21.8163,0.496,-0.485,8.55e-06,0.00111284,0.00023026,0.44942115,0.24210087,3
POLM,10.9703,12.4819,0.879,-0.14,0.04592047,0.33793652,0.02136726,0.92378602,0.24218815,2
RECQL,5.1108,4.8369,1.057,0.063,0.10729671,0.66850279,0.11444026,0.50091734,0.24225823,0
ABAT,3.5271,2.698,1.307,0.219,0.24028747,0.13350436,0.3063748,0.94552275,0.24226136,0
AP1G1,14.5969,22.3698,0.653,-0.451,0.0006793,0.00237936,0.04587508,0.44942115,0.24248102,3
ARL2,10.8936,21.6612,0.503,-0.416,1.612e-05,0.00507658,0.05638807,0.16766616,0.24290279,2
SHMT2,28.0619,42.4057,0.662,-0.403,7.74e-06,0.00608844,0.00091822,0.96729961,0.24293755,3
RFX7,7.7897,6.2654,1.243,0.163,0.07324119,0.26346727,0.5953498,0.88048261,0.24310787,0
PICALM,53.1569,99.5905,0.534,-0.549,1.41e-06,0.00022766,0.00229677,0.96729961,0.24313724,3
FBXO42,6.4551,8.2257,0.785,-0.258,6.222e-05,0.07767907,0.00274615,0.63152163,0.24315459,2
TFIP11,8.3449,9.6026,0.869,-0.132,0.0525086,0.36645847,0.02793756,0.83750782,0.24316093,1
ANAPC1,6.1724,5.4929,1.124,0.113,0.24782414,0.4399444,0.07345356,0.7949782,0.24317271,0
CD40LG,8.3723,7.7328,1.083,0.057,0.56832772,0.69521591,0.78490724,0.10635126,0.24323587,0
UNK,12.9331,16.0485,0.806,-0.236,0.01579144,0.10647643,0.00644294,0.1960065,0.24332764,2
TAB2,17.9635,23.7931,0.755,-0.357,0.00999669,0.0153576,0.17784525,0.63152163,0.24337885,2
ITGB1BP1,4.8479,6.928,0.7,-0.347,0.00041017,0.01797934,0.00087092,0.94552275,0.24349534,3
SNX3,16.1204,25.5515,0.631,-0.394,0.0003024,0.00752412,0.03446721,0.63152163,0.24357645,3
TSN,3.8139,5.6118,0.68,-0.375,0.02320302,0.01131324,0.12862793,0.6120509,0.24386589,2
MGAT4A,4.2299,3.3627,1.258,0.174,0.50864973,0.23047068,0.60905056,0.65123214,0.24418236,0
DHDDS,3.6919,5.8551,0.631,-0.333,0.02503559,0.0242966,0.05032094,0.98874637,0.2443249,2
KLHL36,15.255,19.6177,0.778,-0.226,0.00491337,0.12174381,0.00634763,0.7949782,0.24434549,2
REXO2,4.7425,3.994,1.187,0.147,0.26452633,0.31144636,0.12019397,0.69133573,0.24449467,0
QTRT1,11.2649,13.5595,0.831,-0.183,0.03991403,0.21028368,0.02623266,0.85894553,0.2445662,2
STAB2,1.7585,1.1083,1.587,0.327,0.00035605,0.02573401,0.00461811,0.85894553,0.24479051,3
GDI2,55.2786,94.4248,0.585,-0.525,8.8e-07,0.00040159,0.00156685,0.816179,0.24481883,3
MALAT1,788.7842,826.7933,0.954,-0.037,0.1670555,0.80050048,0.01040523,0.55520734,0.2453577,1
FAM53B,15.6912,22.317,0.703,-0.335,0.00112663,0.02263473,0.02164652,0.83750782,0.24537525,3
MRPS14,1.255,1.2555,1.0,-0.0,0.0736406,0.99857854,0.00862925,0.48948052,0.24550729,1
R3HDM1,20.4338,19.6319,1.041,0.04,0.12650956,0.78338671,0.97253975,0.57388325,0.24573421,0
NFKB2,23.0534,29.4662,0.782,-0.301,0.00283077,0.03968208,0.00673662,0.83750782,0.24597,3
TXNRD1,3.8858,5.3603,0.725,-0.322,0.22165332,0.02906361,0.90605013,0.14231835,0.24619729,1
LMTK2,10.1713,12.1426,0.838,-0.199,0.0028804,0.17363085,0.02936945,0.67117575,0.24655284,2
WBP1,12.923,13.7771,0.938,-0.056,0.11690263,0.69895913,0.56172889,0.26208651,0.24689412,0
MAGEF1,2.3546,2.7444,0.858,-0.151,0.65595562,0.30094602,0.75670691,0.77391449,0.24698818,0
PSMC3,7.2827,11.5049,0.633,-0.386,0.00612811,0.00910909,0.08977836,0.75300697,0.24721985,2
CAPN3,4.893,4.3783,1.118,0.153,0.40588096,0.2929499,0.40593271,0.43290855,0.24740603,0
BTAF1,9.5152,7.9676,1.194,0.155,0.82217629,0.28645335,0.5194431,0.71170446,0.2474465,0
TAL1,2.207,3.4726,0.636,-0.285,0.00012883,0.05266333,0.00562911,0.5928362,0.24757242,2
ORC5,3.2982,3.1172,1.058,0.053,0.60215194,0.7177347,0.37606466,0.92378602,0.24784588,0
RFX3,4.3961,3.8625,1.138,0.108,0.71061397,0.4583612,0.42280352,0.94552275,0.24785794,0
NRGN,7.26,12.646,0.574,-0.299,1.378e-05,0.04110051,0.00476212,0.08827147,0.24788147,3
NLRX1,12.0308,17.3419,0.694,-0.364,2e-07,0.01314231,2.979e-05,0.67117575,0.24807347,3
MED6,5.0053,4.9062,1.02,0.024,0.70863395,0.86950233,0.50362815,0.73226424,0.2482974,0
KCTD20,9.7794,13.3123,0.735,-0.225,0.00012205,0.12310458,0.02028135,0.51871531,0.24831644,2
CDC42EP3,10.7361,17.7326,0.605,-0.472,1.51e-06,0.00137878,0.00198035,0.5928362,0.24832825,3
BCCIP,4.2498,6.5501,0.649,-0.398,0.002904,0.0072472,0.0557491,0.16682675,0.24885833,2
NFE2L2,14.3778,21.3786,0.673,-0.45,5.193e-05,0.00232477,0.01492449,0.92378602,0.24907469,3
SRFBP1,1.9207,1.3989,1.373,0.298,0.00311211,0.04193327,0.09846967,0.95498307,0.2494876,2
ANPEP,46.1364,86.6437,0.532,-0.44,7.18e-06,0.00302212,0.00109356,0.77391449,0.24950703,3
ANXA11,31.7286,50.2249,0.632,-0.424,5.75e-05,0.00414599,0.00338,0.46626286,0.24964652,3
ATP6AP1,20.9023,34.9797,0.598,-0.473,2.987e-05,0.00142852,0.00461811,0.65123214,0.24969736,3
EXT1,2.8544,3.1373,0.91,-0.081,0.05398328,0.57781645,0.63686363,0.77391449,0.24973501,0
GNPTAB,10.9264,12.0557,0.906,-0.141,0.87425694,0.33667562,0.56504931,0.75300697,0.24977146,0
RANGAP1,8.8738,10.9171,0.813,-0.211,0.0025715,0.14861981,0.00191571,0.31330231,0.24982295,2
ZNF644,8.3151,8.3863,0.992,-0.012,0.8325376,0.93693417,0.92165297,0.31330231,0.24991905,0
XPO6,94.6961,145.7263,0.65,-0.375,0.00016141,0.01109728,0.00167604,0.816179,0.24993665,3
AFTPH,10.0568,16.4298,0.612,-0.424,0.00375826,0.00426228,0.22450177,0.57388325,0.25040685,2
ILF2,21.8999,25.8922,0.846,-0.157,0.05431561,0.28320969,0.84790988,0.55520734,0.25061029,0
ALG10B,3.9005,3.0597,1.275,0.105,5.434e-05,0.47473697,0.00025351,0.00422105,0.25074696,3
ADK,3.6202,3.5859,1.01,0.007,0.97347797,0.96003749,0.24984922,0.67117575,0.25125817,0
STX18,3.2192,3.6705,0.877,-0.128,0.39685052,0.38118677,0.42276964,0.38158482,0.25133046,0
TTLL5,6.8699,5.833,1.178,0.226,0.07030465,0.12113203,0.05832177,0.31330231,0.25146353,0
RPPH1,135.1103,89.7785,1.505,0.165,0.65108125,0.25801941,0.91735574,0.09858866,0.25150708,0
STX11,12.786,20.8682,0.613,-0.499,5.2e-07,0.00074042,0.00146424,0.5928362,0.25166332,3
NAA10,26.0419,43.1144,0.604,-0.352,0.00010141,0.01733301,0.0005265,0.7949782,0.25217813,3
PPP2R2D,3.9275,4.291,0.915,-0.068,0.0345878,0.63764716,0.19084668,0.7949782,0.25218803,1
ADAM15,20.0221,28.1236,0.712,-0.354,9.55e-06,0.01581478,0.00016859,0.816179,0.25230067,3
GABPA,2.7516,2.5142,1.094,0.091,0.06004896,0.53426473,0.00606902,0.92378602,0.25249615,1
AP3M1,6.3278,6.0936,1.038,0.035,0.64828669,0.81223188,0.10151237,0.85894553,0.25269208,0
LIN37,4.8275,5.0481,0.956,-0.025,0.64109152,0.86315724,0.96851183,0.04511593,0.25288283,1
NCOA4,43.9204,88.652,0.495,-0.493,1.55e-06,0.00096066,0.00088644,0.69133573,0.2529303,3
XRRA1,4.862,6.6329,0.733,-0.231,0.1779317,0.1149595,0.50992348,0.73226424,0.25297236,0
ZXDA,5.0592,5.9248,0.854,-0.18,0.06206976,0.2173622,0.05389312,0.67117575,0.25297835,0
IFNGR1,11.4877,23.9604,0.479,-0.45,0.00021475,0.00260463,0.06661534,0.55520734,0.25306339,2
LIMK2,19.6457,29.0515,0.676,-0.283,0.00056406,0.05312875,0.00414443,0.5928362,0.25317244,2
GTF3C6,1.5345,1.3325,1.152,0.096,0.14748997,0.50989873,0.25997464,0.43788828,0.25359839,0
CDK19,2.8272,4.5622,0.62,-0.383,0.01255488,0.0099251,0.08345335,0.98909653,0.25379806,2
SIGLEC9,76.1486,115.6753,0.658,-0.459,4.56e-06,0.00187555,0.00016859,0.83750782,0.25386517,3
CDC42SE1,5.6879,7.6573,0.743,-0.273,0.00426489,0.06257898,0.00188412,0.6120509,0.25386965,2
POTEE,4.757,3.737,1.273,0.1,0.00190132,0.49657408,0.00454757,0.15044329,0.2539285,2
NDRG2,4.6429,4.7326,0.981,-0.028,0.92900181,0.84859989,0.54854237,0.77391449,0.25398762,0
RNF7,2.6849,2.8143,0.954,-0.041,0.877397,0.77716901,0.59701449,0.1129434,0.25429382,0
PARP1,11.8033,14.6108,0.808,-0.315,0.00702554,0.03170554,0.02623266,0.23864024,0.25431846,3
ARSB,4.4532,5.1491,0.865,-0.115,0.0001597,0.42798297,0.045343,0.75300697,0.25434147,2
ADO,9.3964,11.8746,0.791,-0.239,0.00183404,0.10224647,0.00529899,0.69133573,0.25470098,2
GATA2,2.9389,4.2489,0.692,-0.258,0.00351096,0.07758205,0.11557341,0.19441046,0.25500936,1
ALG10,5.4178,4.3206,1.254,0.26,0.01710498,0.07565541,0.10254487,0.69133573,0.25503141,1
NOL9,5.0417,4.5848,1.1,0.062,0.29161702,0.66799278,0.74923879,0.85894553,0.25520464,0
PDCD6IP,67.2655,48.6611,1.382,0.196,0.41343403,0.17731255,0.18589149,0.98909653,0.25575747,0
ABCA1,4.4487,6.4864,0.686,-0.348,0.00491337,0.01884452,0.05032394,0.98909653,0.25583934,2
MAP3K14,11.9438,15.0802,0.792,-0.257,0.00078536,0.07896772,0.0054621,1.0,0.25590046,2
TBC1D8,10.53,16.3303,0.645,-0.456,2.95e-06,0.00200336,0.00072913,0.90209945,0.2559399,3
CORO1C,25.7152,50.8347,0.506,-0.437,1.3e-06,0.00325636,0.00644294,0.5928362,0.2560313,3
GLUL,41.2419,46.2424,0.892,-0.055,0.00020376,0.70463101,0.02109114,0.98909653,0.25613887,2
ZBTB11,6.8704,7.1452,0.962,-0.04,0.90578419,0.78621357,0.9529433,0.816179,0.2561738,0
GLUD1,12.8493,19.56,0.657,-0.435,0.00351102,0.00326257,0.12375421,0.88048261,0.25619183,2
SLFN5,11.6171,14.4733,0.803,-0.239,0.07896071,0.1033207,0.17006121,0.816179,0.25621807,0
ARFGEF2,8.8661,11.3736,0.78,-0.305,0.00211697,0.03785744,0.01248487,0.53681325,0.25624442,3
ABT1,2.5099,3.9971,0.628,-0.426,0.00653671,0.00408191,0.41151113,0.07259907,0.25647982,2
AKAP1,5.8692,6.814,0.861,-0.193,0.0417484,0.18643893,0.01801255,0.48343223,0.25657339,2
VASP,92.9553,148.8924,0.624,-0.429,1.11e-06,0.00358836,0.00049833,0.67117575,0.25706148,3
CD180,4.5132,6.4497,0.7,-0.346,0.0031137,0.01880583,0.27931054,0.73226424,0.25736412,2
LPAR5,9.4761,11.0608,0.857,-0.174,0.00512039,0.23140449,0.0052191,0.63152163,0.25751821,2
ZNF131,4.9262,5.7811,0.852,-0.146,0.54688947,0.31767441,0.48499113,0.4009022,0.25764907,0
CMIP,47.5755,68.8564,0.691,-0.402,1.29e-06,0.00616812,0.00098497,0.5928362,0.2578262,3
RSL1D1,7.2479,8.2163,0.882,-0.127,0.93534524,0.38462524,0.41431732,0.7949782,0.25782811,0
SERP1,10.7948,19.4444,0.555,-0.461,9.3e-07,0.00186055,2.346e-05,0.85894553,0.25793862,3
PREPL,2.3457,2.3455,1.0,0.0,0.34710821,0.99949236,0.05208265,0.94552275,0.25801712,0
EFHD2,33.2452,56.4023,0.589,-0.501,1.206e-05,0.00074639,0.00154059,0.98909653,0.25810974,3
HPGDS,0.8232,0.4043,2.036,0.239,0.02157147,0.10157704,0.05852177,0.61493605,0.25839504,1
RBBP6,9.7701,9.2261,1.059,0.085,0.37363881,0.55996272,0.80577557,0.27434987,0.258405,0
TTC37,8.6329,8.0597,1.071,0.08,0.23500397,0.58122865,0.18753254,0.75300697,0.25883239,0
SLC25A1,11.3588,14.1644,0.802,-0.221,0.00039398,0.12972716,0.00915204,0.41673557,0.25914148,2
STK39,6.593,6.1932,1.065,0.055,0.47843823,0.70760392,0.90605013,0.1129434,0.25920232,0
FRAT1,4.3477,7.2556,0.599,-0.443,1.148e-05,0.00279749,0.00109356,0.43290855,0.259796,3
YPEL5,5.589,9.6457,0.579,-0.403,1.25e-06,0.00661667,0.00058734,0.51871531,0.26001069,3
PYGL,33.1582,67.1786,0.494,-0.451,3.598e-05,0.00249848,0.01180886,0.385418,0.26015619,3
ARL8A,11.2565,18.1436,0.62,-0.438,9.495e-05,0.00299239,0.04429445,0.6120509,0.26015721,3
LEF1,45.4589,37.8041,1.202,0.209,0.34710843,0.15178104,0.58179142,0.71170446,0.26054972,0
UBE2E2,2.8824,3.874,0.744,-0.235,0.20313138,0.10963021,0.62636903,0.46626286,0.26066955,0
AKAP9,8.7896,7.945,1.106,0.159,0.43658696,0.27610396,0.93728603,0.27434987,0.2607333,0
SNORD60,5.4815,4.5414,1.207,0.1,0.94684855,0.49336352,0.69748091,0.53772941,0.26084648,0
GATAD2B,0.6382,0.3228,1.977,0.149,0.55708928,0.30410884,0.81443628,0.60126585,0.26089556,0
MRPL3,4.1558,5.6107,0.741,-0.314,0.05566206,0.03285605,0.40871625,0.65123214,0.26101704,1
LGALS9,61.2038,102.3835,0.598,-0.454,3e-08,0.00208558,4.379e-05,0.65123214,0.26103975,3
POLR3K,2.8827,3.1602,0.912,-0.086,0.75060848,0.556293,0.69765383,0.12701804,0.26123808,0
ALDOC,6.3041,6.041,1.044,0.033,0.46208742,0.8222147,0.25803601,0.385418,0.26124466,0
ZNF580,5.4682,7.7598,0.705,-0.291,0.00140803,0.04725855,0.02656626,0.5928362,0.2614407,3
TUBA1C,15.4264,16.2038,0.952,-0.037,0.0654957,0.79873352,0.26219842,0.7949782,0.26160588,0
SMN1,0.7235,1.3065,0.554,-0.293,0.01842116,0.04644316,0.31279133,0.43782145,0.26163618,2
NBN,7.2405,7.1249,1.016,0.019,0.3609189,0.89648317,0.49426266,0.43290855,0.26197139,0
IFNAR1,3.3062,3.3158,0.997,-0.003,0.34438722,0.98572448,0.10890511,0.48343223,0.26203094,0
SMARCAL1,8.4552,8.1978,1.031,0.034,0.20313218,0.81535958,0.94511201,0.94552275,0.26252573,0
STK10,80.0149,100.7484,0.794,-0.288,0.00017206,0.04863943,0.00121314,0.92378602,0.2627998,3
PNOC,1.3007,1.3489,0.964,-0.021,0.47248901,0.88699128,0.95682918,0.40528265,0.26287998,0
FBXL5,21.3205,38.2359,0.558,-0.465,0.00124844,0.00180556,0.04429445,0.71170446,0.26342944,3
FDFT1,1.0701,1.9863,0.539,-0.322,0.58524431,0.02951559,0.52904367,0.65902165,0.26362298,1
NOLC1,5.4285,5.0747,1.07,0.076,0.76274447,0.60266382,0.40039969,0.816179,0.26366991,0
PPIL2,11.2066,12.4501,0.9,-0.126,0.485066,0.38753798,0.39765026,0.370282,0.26397094,0
WDR6,52.5489,61.4385,0.855,-0.157,0.00360194,0.28064306,0.00060903,0.08278988,0.26400576,2
SNX1,14.2856,19.5731,0.73,-0.337,0.02831147,0.02229353,0.10675124,0.43290855,0.26402866,2
TMBIM1,23.2199,37.7205,0.616,-0.472,2.418e-05,0.00142343,0.0082724,0.92378602,0.26420995,3
INPP4A,21.3998,22.9642,0.932,-0.071,0.05234696,0.62808493,0.00506257,0.51871531,0.26425335,1
HBQ1,5.5327,6.2559,0.884,-0.043,0.57365834,0.7693998,0.6903066,0.72433474,0.26473593,0
CD164,14.3826,16.1143,0.893,-0.129,0.00904047,0.37653334,0.17626759,0.26208651,0.26483148,1
CD96,19.5229,17.8911,1.091,0.08,0.6714009,0.58213372,0.68677002,0.7949782,0.26503354,0
SHISA5,61.5392,86.252,0.713,-0.346,1.412e-05,0.01820204,0.00245174,0.53681325,0.26516801,3
CPEB2,0.6834,0.7445,0.918,-0.068,0.91947902,0.64272726,0.73800831,0.5441589,0.26518377,0
TSPYL4,4.4353,3.4113,1.3,0.258,0.62550767,0.07703239,0.84405954,0.75300697,0.26520061,0
HRH4,0.5883,0.364,1.616,0.294,0.00083956,0.04464666,0.00185918,0.31302698,0.26539997,3
SPIN1,1.4254,1.3414,1.063,0.035,0.10434032,0.81179299,0.02523064,0.58205149,0.26550174,1
TYROBP,980.4287,2541.491,0.386,-0.5,0.0,0.00084226,3.539e-05,0.65123214,0.26572615,3
FOLR3,6.4939,17.3386,0.375,-0.341,0.1367201,0.02187932,0.26852797,0.65123214,0.26590553,1
BACE2,0.7246,0.7295,0.993,-0.003,0.25275354,0.98186535,0.46974792,0.05510871,0.26600061,0
PSMB2,4.1627,7.8842,0.528,-0.461,1.281e-05,0.0019562,0.01283555,0.63152163,0.26624254,3
TMEM45B,1.5456,1.0022,1.542,0.254,0.04232514,0.08148654,0.21084688,1.0,0.26635938,1
RBL1,2.9072,2.5536,1.139,0.152,0.08946353,0.29791764,0.30870609,0.98909653,0.26684111,0
SIRPB2,7.221,12.4904,0.578,-0.394,0.00191849,0.00786138,0.00588988,0.98909653,0.2669738,3
DNHD1,13.2603,9.7127,1.365,0.301,0.0345878,0.03919818,0.62288984,0.73226424,0.26728404,2
MXD1,6.0117,11.6139,0.518,-0.349,0.46370834,0.01893124,0.29489377,0.7949782,0.26785204,1
HGSNAT,9.1495,10.2747,0.89,-0.103,0.00061617,0.4788643,0.03935367,0.08278988,0.26802911,2
RHBDF2,30.4876,35.9802,0.847,-0.206,0.00083994,0.15836855,0.0022227,0.48343223,0.26827192,2
IQSEC1,48.1014,68.8786,0.698,-0.398,5.373e-05,0.00673521,0.0051403,0.7949782,0.26829715,3
RPL37,223.1416,488.3483,0.457,-0.288,0.00890084,0.05128233,0.15814206,0.98909653,0.26831351,1
VPS33B,2.3802,2.1329,1.116,0.064,0.62730707,0.6578201,0.61934183,0.64150052,0.26833033,0
TMEM127,8.6376,15.4572,0.559,-0.406,1.235e-05,0.00616262,0.00107473,0.88048261,0.26833142,3
ABI3,49.3674,67.76,0.729,-0.349,8.41e-05,0.01748853,0.0009022,0.6120509,0.2683553,3
DHRS7B,2.7582,3.2773,0.842,-0.192,0.21371258,0.18976238,0.15242499,0.69133573,0.26850999,0
FBXL18,12.9526,15.7292,0.823,-0.172,0.00093287,0.23921708,0.00780443,0.29995754,0.26859136,2
ZBTB34,2.9045,4.9175,0.591,-0.463,3.49e-06,0.0017796,0.00041426,0.7949782,0.26923482,3
F2RL1,1.5738,2.2563,0.698,-0.27,0.03269897,0.06640582,0.15526355,0.1588897,0.26952287,1
GPN1,2.8665,4.0386,0.71,-0.335,0.02889141,0.02297302,0.39491163,0.21662026,0.26960723,2
ANO10,3.3804,2.9949,1.129,0.081,0.58924767,0.57530854,0.23498588,0.32701011,0.27004613,0
UBASH3B,7.7088,11.9445,0.645,-0.421,0.00261696,0.00448947,0.13364951,0.41673557,0.27023779,2
SFTPD,1.2448,0.784,1.588,0.292,0.00380503,0.0459573,0.03934854,0.21975591,0.27026002,3
RIPK2,4.4332,6.6469,0.667,-0.439,0.00051096,0.00302474,0.0147224,0.77391449,0.27045629,3
USP7,7.885,9.9546,0.792,-0.296,0.19938093,0.04383249,0.32777761,0.7949782,0.27080425,1
ARHGAP27,1.0684,1.2058,0.886,-0.067,0.4669359,0.646924,0.06919692,0.72436045,0.27091939,0
PSME3,5.2813,6.7841,0.778,-0.307,0.01022976,0.03628808,0.02164652,0.83750782,0.27109265,3
TNFRSF9,0.9393,0.6438,1.459,0.272,0.80457608,0.06231678,0.92554266,0.19416457,0.27121082,0
BRAF,8.2468,8.259,0.999,-0.002,0.38809307,0.99070217,0.07916031,0.6120509,0.27166712,0
ADA,4.6668,5.5712,0.838,-0.118,0.18353145,0.41817238,0.52419162,0.89898534,0.27195254,0
ARNTL,10.3397,10.0581,1.028,0.026,0.6502009,0.85958566,0.73067243,0.53681325,0.27202549,0
KCTD2,1.309,2.0213,0.648,-0.272,0.00725304,0.06366565,0.06734683,0.77391449,0.2720855,1
RAB4B,1.8114,3.6563,0.495,-0.241,0.11005895,0.10064861,0.43538638,0.19432263,0.27215774,0
HHEX,10.835,17.9115,0.605,-0.498,3.5e-07,0.00077277,0.00839324,0.5928362,0.27237854,3
SMAD6,2.0624,1.535,1.344,0.275,0.25330779,0.05952857,0.55182462,0.55520734,0.2724548,0
DRAM2,7.8795,11.8423,0.665,-0.37,2.16e-06,0.01170068,0.00087092,0.6120509,0.27296396,3
CYP2R1,2.2922,1.9646,1.167,0.109,0.44921037,0.45169168,0.07185517,0.71170446,0.27364465,0
NUP88,12.6577,15.2922,0.828,-0.226,0.00736941,0.12194672,0.01100962,0.83750782,0.2738049,2
APBB3,10.3821,10.9445,0.949,-0.07,0.05703621,0.63118556,0.01924391,0.73226424,0.2739359,1
GATAD1,2.5989,2.5229,1.03,0.025,0.57013253,0.8613374,0.56837409,0.25018521,0.27447586,0
UBE2N,5.1415,5.4204,0.949,-0.047,0.50015856,0.7494743,0.14013821,0.71170446,0.27471568,0
TRPS1,13.6246,18.77,0.726,-0.29,1.281e-05,0.04712716,0.00018235,0.65123214,0.2747271,3
NDUFS7,16.501,31.8977,0.517,-0.434,3.5e-07,0.00351597,4.867e-05,0.96729961,0.27484963,3
IL4R,69.2633,90.8521,0.762,-0.307,0.0016906,0.03609099,0.00693903,0.13451295,0.2748854,3
CARHSP1,8.3041,20.0868,0.413,-0.341,0.00109536,0.02190823,0.03935342,0.85894553,0.27492292,3
BCL7B,10.5798,12.2599,0.863,-0.09,3.167e-05,0.53499401,0.00360029,0.92378602,0.27493488,2
SEMA4B,21.9733,33.5398,0.655,-0.437,1.08e-05,0.0030143,0.00121314,0.57388325,0.27506897,3
DERL2,2.1037,2.0372,1.033,0.019,0.66746302,0.89538216,0.73064406,0.33017175,0.27511902,0
YIPF5,1.1809,1.9312,0.611,-0.296,0.13923619,0.0451771,0.90989441,0.19869906,0.27514478,1
TMEM106B,1.7087,1.4016,1.219,0.09,0.1200385,0.53624154,0.01512795,0.53681325,0.27530203,1
ECD,3.6066,5.0536,0.714,-0.32,0.00121406,0.02931439,0.0644559,0.23864024,0.27532175,2
PHF20,9.5756,11.5685,0.828,-0.253,0.03008225,0.08427903,0.1468666,0.46626286,0.27547116,1
IDH3B,9.8244,13.7129,0.716,-0.338,0.03621249,0.02166956,0.17626759,0.48343223,0.27556273,2
ELL2,3.2641,3.0551,1.068,0.073,0.49510019,0.61630808,0.03796594,0.73226424,0.27556803,1
SSU72,19.6947,33.4667,0.588,-0.442,1.29e-06,0.00279024,0.00010237,1.0,0.27575249,3
ZFR,26.834,29.5215,0.909,-0.08,0.00074122,0.58276442,0.05575549,0.92378602,0.27576297,1
SNX27,5.3861,8.7063,0.619,-0.371,0.00273385,0.01195365,0.03796594,0.53681325,0.27594769,3
IRAK3,10.9637,17.2949,0.634,-0.371,0.00280625,0.01184047,0.23791224,0.51871531,0.27609584,2
GPR52,2.7228,3.7921,0.718,-0.297,0.55310156,0.04313432,0.37210171,0.5928362,0.27612463,1
SUMO4,1.4815,0.6958,2.129,0.276,0.01326322,0.05891783,0.05609801,0.16375483,0.27619984,1
WDR82,11.8574,17.8309,0.665,-0.379,0.00015466,0.01003098,0.00746918,0.53681325,0.27651797,3
NFATC3,62.3897,66.7134,0.935,-0.054,0.01255488,0.7105953,0.24184565,0.41673557,0.27659108,1
N4BP2L1,3.6267,3.7646,0.963,-0.027,0.82424613,0.85186399,0.15814206,0.29995754,0.27659938,0
IPO8,8.2216,7.8436,1.048,0.068,0.62550767,0.64049484,0.73808075,0.29995754,0.27672196,0
ZNF410,6.3329,5.1866,1.221,0.195,0.12454054,0.18106611,0.50362815,0.1129434,0.27673692,0
DDX1,5.3856,6.092,0.884,-0.091,0.86692728,0.53157498,0.40454457,0.816179,0.2768953,0
SPPL2A,3.7629,3.5692,1.054,0.027,0.31792709,0.85138598,0.02338972,0.50091734,0.27703276,1
COG3,6.5943,6.4983,1.015,0.019,0.45563549,0.89752874,0.27280657,0.71170446,0.27743227,0
STK35,2.1126,2.5983,0.813,-0.252,0.00101588,0.08396729,0.01085567,0.92378602,0.277436,2
NUMBL,9.1277,10.6614,0.856,-0.149,0.00039002,0.30545326,0.00182237,0.20613999,0.27779383,2
CCR7,83.467,70.9837,1.176,0.153,0.31025597,0.29181619,0.26852859,0.32701011,0.27791714,0
SESTD1,1.4792,1.5038,0.984,-0.012,0.32180865,0.93675505,0.79817096,0.46626286,0.27792767,0
ZNF200,1.971,2.1321,0.924,-0.044,0.51721586,0.762529,0.14146457,0.25018521,0.27797801,0
LRP8,1.7408,1.9669,0.885,-0.125,0.14314516,0.39303464,0.20104747,0.43290855,0.27808947,0
CAPZB,17.6779,35.7734,0.494,-0.518,1.429e-05,0.00051878,0.00427506,0.88048261,0.2781677,3
SNAP23,4.4553,6.3987,0.696,-0.339,0.00702554,0.02168825,0.41996354,0.02766445,0.27822534,3
CEBPA,46.2818,69.0759,0.67,-0.179,0.00241802,0.22020011,0.02192895,0.41673557,0.27850794,2
SET,7.3509,9.1399,0.804,-0.309,0.00643233,0.03516971,0.08611842,0.94552275,0.27854182,2
CAD,17.7814,18.932,0.939,-0.093,0.09200096,0.52429148,0.0316355,0.67117575,0.2787157,1
UBE2Q1,10.8582,12.6162,0.861,-0.119,0.01274442,0.41443491,0.30870609,0.65123214,0.2787702,1
NDUFB6,1.0749,1.7575,0.612,-0.288,0.23604237,0.04994638,0.64036889,0.05875215,0.27904043,1
NFATC1,36.6946,47.3189,0.775,-0.306,0.00028725,0.03648003,0.00317206,0.90209945,0.27906555,3
VNN2,19.8611,55.7641,0.356,-0.384,0.000402,0.01017435,0.0644559,0.41673557,0.27908255,2
CCNG1,8.8396,6.8678,1.287,0.135,0.3363047,0.35159776,0.4727765,0.44942115,0.27919528,0
SNORD13,6.8379,7.636,0.895,-0.047,0.69310942,0.74571481,0.29459518,0.11803605,0.27922093,0
AQR,7.5374,10.3735,0.727,-0.36,0.0137306,0.01470702,0.55841794,0.57388325,0.27938077,2
PRDM2,18.9986,26.2827,0.723,-0.42,0.00012472,0.00437314,0.00322292,0.67117575,0.27940879,3
TXNRD2,6.3537,7.4556,0.852,-0.147,0.0394023,0.31428818,0.00395523,0.73226424,0.27968136,2
BTRC,2.0702,1.7481,1.184,0.137,0.210777,0.34862319,0.05480664,0.6120509,0.27974338,0
MTHFD2,2.868,3.0548,0.939,-0.053,0.84709206,0.71707433,0.57506679,0.50091734,0.27976519,0
NGF,0.7902,0.4269,1.851,0.378,0.00017195,0.00996907,0.03894565,0.21813743,0.2798636,3
TADA3,38.2882,54.8343,0.698,-0.358,2.476e-05,0.01468938,0.00040663,0.96729961,0.27986876,3
PDK1,7.4811,6.6866,1.119,0.082,0.06096127,0.57608256,0.30405522,0.16766616,0.27987618,0
MAPK13,7.3993,7.4643,0.991,-0.009,0.59568551,0.95159101,0.0286458,0.55520734,0.28003281,1
FCRL3,11.5249,9.4986,1.213,0.188,0.35121581,0.19601061,0.82486548,0.18622027,0.28006743,0
MAP3K4,8.4549,7.5046,1.127,0.202,0.24028747,0.16633179,0.65806741,0.50091734,0.28014306,0
ZDHHC17,7.6035,7.7136,0.986,-0.012,0.31664001,0.93590675,0.20629456,0.69133573,0.28014924,0
THAP6,3.6565,2.5602,1.428,0.231,0.17034366,0.1134429,0.80577309,0.83750782,0.28018607,0
APPL2,5.3021,4.8418,1.095,0.11,0.37363881,0.44920979,0.47886283,0.816179,0.28019302,0
NOL12,11.7247,13.4973,0.869,-0.117,0.01274109,0.42106552,0.00204603,0.81049955,0.28027077,2
GPR132,26.4828,36.4746,0.726,-0.304,1.446e-05,0.03757184,0.00023026,0.85894553,0.28029626,3
PGLYRP1,12.48,22.7537,0.548,-0.39,1.412e-05,0.00842574,0.0062536,0.10635126,0.28044142,3
ABI2,3.6093,2.7498,1.313,0.16,0.38663228,0.27161187,0.23791163,0.816179,0.28052776,0
TADA2B,4.7636,6.7874,0.702,-0.411,0.00025112,0.00522636,0.00067867,0.15044329,0.28062023,3
ELMO1,14.1933,14.8182,0.958,-0.049,0.25887537,0.73663733,0.65451369,0.7949782,0.28102228,0
SAMHD1,93.588,143.8848,0.65,-0.42,1.191e-05,0.0043648,0.0027022,0.73226424,0.28116073,3
PDHX,6.4946,9.7096,0.669,-0.462,0.0013199,0.00183155,0.22263099,0.1960065,0.28116938,2
QSOX1,10.209,12.647,0.807,-0.207,0.00028725,0.15474254,0.00683715,0.73226424,0.28117005,2
PTRH2,1.8447,2.8445,0.649,-0.206,0.1010627,0.16249012,0.12862594,0.90209945,0.28123765,0
BCL2L13,8.6493,12.5907,0.687,-0.334,5.496e-05,0.02284464,0.00537999,0.41673557,0.28133901,3
VTI1B,4.1309,4.8689,0.848,-0.124,0.13954776,0.39416179,0.84405954,0.50091734,0.28148161,0
IMMT,8.361,9.0189,0.927,-0.088,0.16461808,0.54461877,0.40871625,0.48343223,0.28148659,0
CELF2,33.8639,49.0041,0.691,-0.306,0.01735384,0.03760942,0.07832363,0.94552275,0.28164808,2
THADA,8.9067,10.7107,0.832,-0.274,0.0061779,0.06145982,0.01040523,0.20613999,0.28165621,2
NXF1,20.8697,22.033,0.947,-0.057,0.05138523,0.69684308,0.02828977,0.06787552,0.28175825,1
NEK7,5.2282,4.8252,1.084,0.036,0.38955489,0.80251996,0.46974444,0.6120509,0.2823014,0
TLR7,4.0448,5.7511,0.703,-0.388,0.01878012,0.00867851,0.29263261,0.46626286,0.28239251,2
GPD2,2.4689,2.5524,0.967,-0.034,0.22570202,0.8141411,0.04078424,0.35550187,0.28246057,1
DUS1L,17.6684,22.4853,0.786,-0.255,0.0028804,0.08114726,0.01100962,0.85894553,0.28255728,2
RALGAPB,9.2532,8.8813,1.042,0.044,0.54688947,0.76456902,0.66519801,0.67117575,0.28257115,0
VPS72,7.2519,10.459,0.693,-0.412,0.00011435,0.00513009,0.00312192,0.32701011,0.28258114,3
SFT2D2,1.7905,2.4303,0.737,-0.215,0.22266058,0.14440963,0.18918426,0.18622027,0.2826845,0
TTC13,18.0519,21.1178,0.855,-0.062,0.08747442,0.66916847,0.86334665,0.92378602,0.28294506,0
PSMC1,1.4634,0.9572,1.529,0.277,0.05560543,0.05767791,0.08403111,0.43517424,0.28298438,0
LRRK2,17.4322,36.303,0.48,-0.439,3.901e-05,0.00330215,0.00915204,0.50091734,0.28300986,3
PPP3CC,11.8354,12.828,0.923,-0.064,0.79743858,0.66179781,0.90605013,0.370282,0.28305808,0
LRPPRC,17.2473,20.8502,0.827,-0.23,0.00056964,0.11480458,0.00597898,0.44942115,0.28311236,2
FXYD7,1.8463,1.5385,1.2,0.106,0.03385284,0.46871663,1.0,0.12244949,0.28324735,1
DIABLO,2.4141,2.5886,0.933,-0.054,0.68112515,0.71343075,0.51625919,0.48343223,0.28336242,0
ADD3,33.562,35.9134,0.935,-0.069,0.43034089,0.63625128,0.81339834,0.94552275,0.28393425,0
SP100,23.3751,30.4463,0.768,-0.307,0.08079194,0.03654796,0.19589842,0.65123214,0.284048,1
JKAMP,2.5179,3.2253,0.781,-0.227,0.18931543,0.12191953,0.39489991,0.21977833,0.28406155,0
SMC1A,24.4301,26.6067,0.918,-0.091,0.07366878,0.53332008,0.00803537,0.23864024,0.2842976,1
DIS3L2,8.1981,7.4786,1.096,0.106,0.31279932,0.46673264,0.50049595,0.63152163,0.28461667,0
SLC2A3,19.0385,29.4569,0.646,-0.367,0.00016666,0.01252857,0.01849656,0.48343223,0.28466361,3
DPYSL2,23.6295,39.4081,0.6,-0.472,2e-08,0.00138196,6.257e-05,0.71170446,0.28475742,3
ZDHHC6,3.3307,4.6883,0.71,-0.297,0.05703577,0.04248638,0.03163528,0.50091734,0.28475902,2
RAB18,4.7826,6.1963,0.772,-0.184,0.36372181,0.20866748,0.19251982,0.55520734,0.28479175,0
GP9,27.9623,44.5951,0.627,-0.279,2.918e-05,0.05675696,0.00876531,0.43290855,0.2849366,2
ABCD2,4.2849,3.4588,1.239,0.213,0.06023143,0.14361342,0.31340376,0.57388325,0.28504164,0
EIF2S2,6.0395,7.7041,0.784,-0.156,0.01710498,0.28461492,0.39765026,0.48343223,0.28535516,1
ZNF33B,7.7093,7.3294,1.052,0.042,0.19293848,0.77164011,0.16253536,0.44942115,0.28539704,0
AGPAT2,18.6705,30.0215,0.622,-0.364,5.66e-06,0.01318555,0.00261623,0.41673557,0.28553166,3
ATP13A1,34.2608,42.095,0.814,-0.275,0.00147427,0.0599777,0.00188412,0.1960065,0.28579466,2
HDC,5.2739,7.9907,0.66,-0.099,0.0647212,0.49939902,0.87883578,0.16766616,0.2858067,0
ZNF292,6.7263,6.3877,1.053,0.056,0.78923637,0.70210855,0.8095847,0.18622027,0.2858817,0
ATP6V1B2,12.284,24.0308,0.511,-0.412,0.00034536,0.00553921,0.02430613,0.98909653,0.28591021,3
WDR81,1.9276,2.1501,0.897,-0.086,0.12519421,0.55577043,0.15383929,0.10004523,0.28649162,0
GALNT1,3.5456,4.7787,0.742,-0.246,0.06948361,0.09320801,0.20278557,0.73226424,0.28685474,0
ZNF18,2.2944,2.9958,0.766,-0.259,0.03715123,0.07618658,0.16772995,0.83243291,0.28699036,1
TCP1,26.4877,29.3284,0.903,-0.08,0.04919859,0.58173348,0.08000424,0.48343223,0.28699057,1
CLEC4A,3.4623,4.2989,0.805,-0.088,0.00214462,0.54233369,0.02150054,0.66193088,0.28702938,2
PTPN23,21.7103,25.9462,0.837,-0.232,0.00178503,0.1120633,0.0054621,0.88048261,0.28705755,2
ADM,2.1854,4.3653,0.501,-0.35,0.27315592,0.0184885,0.30287773,0.26208651,0.28707224,1
RRAS,8.5706,16.8719,0.508,-0.461,0.00014582,0.00196513,0.01040523,0.34107567,0.28721503,3
UTP23,5.0353,4.4057,1.143,0.118,0.01613793,0.41889964,0.26011083,0.23042007,0.2872323,1
ILF3,36.9152,41.7431,0.884,-0.151,0.00785138,0.29983223,0.00274615,0.35550187,0.28730864,2
RNF34,7.0191,10.5141,0.668,-0.514,0.00027281,0.00053844,0.1035839,0.69133573,0.28745537,2
SRGN,44.982,106.8882,0.421,-0.466,2.4e-07,0.00186636,0.00020902,0.816179,0.28745544,3
FKBP15,13.1792,17.5627,0.75,-0.387,0.00085617,0.00856918,0.04326643,0.5928362,0.28748558,3
SLBP,2.8378,4.8207,0.589,-0.453,9.647e-05,0.00222758,0.0116412,0.25915771,0.28775783,3
WDR70,17.1343,11.5321,1.486,0.261,0.45082999,0.07360556,0.67954989,0.83750782,0.28781623,0
ENOSF1,6.1503,4.7785,1.287,0.202,0.27843667,0.16453602,0.71593153,0.5928362,0.28783324,0
RAB9A,2.31,3.4861,0.663,-0.256,0.96286972,0.08123376,0.61589787,0.54411975,0.28789035,0
SOD2,20.2405,72.5776,0.279,-0.365,0.00408952,0.01441678,0.03842382,0.385418,0.28792787,3
KLF5,1.4806,1.1662,1.27,0.162,0.38663165,0.26522128,0.57171781,0.48343223,0.28847055,0
USPL1,4.2187,3.9316,1.073,0.087,0.1670555,0.55032557,0.04695502,0.51871531,0.28851005,1
TMC8,174.1991,186.3913,0.935,-0.079,0.01602345,0.58435968,0.00148929,0.27434987,0.28851241,2
C1GALT1,3.3844,3.262,1.038,0.045,0.52933272,0.75843914,0.53551054,0.34107567,0.28856392,0
STAG2,14.0463,19.2065,0.731,-0.342,0.05202473,0.02037016,0.10999486,0.85894553,0.28886862,1
ZBTB33,2.9251,3.0748,0.951,-0.051,0.3505289,0.72387955,0.44592501,1.0,0.28896367,0
LNX2,2.1057,2.2146,0.951,-0.036,0.60865307,0.80649778,0.31814823,0.16766616,0.28898824,0
WWP1,8.5962,7.9383,1.083,0.106,0.61051579,0.46661136,0.32777761,0.46626286,0.28916774,0
SECISBP2L,7.4445,6.0453,1.231,0.124,0.76883462,0.3926085,0.41151113,0.96729961,0.28938574,0
USP38,5.0069,6.7274,0.744,-0.296,0.00250466,0.04363524,0.02690352,0.90209945,0.28944765,3
U2AF2,47.4308,60.1451,0.789,-0.28,0.00322282,0.05579457,0.00746918,0.63152163,0.28951211,2
B4GALT7,13.3171,16.9828,0.784,-0.246,1.412e-05,0.09239376,0.00070348,0.83750782,0.29004858,2
ERAP2,12.7857,11.4452,1.117,0.099,0.21371258,0.49402756,0.11902584,0.67117575,0.29006183,0
ACTN1,52.4658,81.463,0.644,-0.402,0.00019743,0.00643409,0.01100962,0.90209945,0.29009617,3
ZFAND6,17.0753,39.4476,0.433,-0.414,4.038e-05,0.00536349,0.0316355,0.75300697,0.29031096,3
MKLN1,7.1925,9.7989,0.734,-0.26,0.15982373,0.07677994,0.17159723,0.85894553,0.29036334,0
CHKB,2.3813,4.1783,0.57,-0.306,0.10272544,0.03855858,0.14345387,0.370282,0.2905209,1
UFC1,12.8709,23.3534,0.551,-0.432,0.00081222,0.00351141,0.01575527,0.73226424,0.29086095,3
NOTCH2,62.0279,91.0858,0.681,-0.413,8.34e-06,0.00500554,0.00082592,0.83750782,0.29136294,3
EEPD1,3.1827,5.8176,0.547,-0.346,0.03436087,0.02007117,0.11671536,0.41673557,0.29140384,2
NSA2,2.5494,2.6508,0.962,-0.031,0.7974355,0.83263953,0.19251402,0.70332965,0.29144119,0
PEPD,10.7103,15.4448,0.693,-0.4,0.00028431,0.0066512,0.00725291,0.65123214,0.29152351,3
ENY2,1.0897,1.1929,0.913,-0.056,0.60761413,0.69978628,0.07331693,0.72436045,0.29176902,0
ZRANB1,3.74,4.5973,0.814,-0.253,0.01637708,0.08338049,0.14414618,0.04428548,0.29185464,2
DFFB,1.975,1.8456,1.07,0.052,0.20264363,0.72177486,0.57170075,0.77786987,0.29204133,0
SLC8A1,7.7696,10.948,0.71,-0.295,0.01236785,0.04448895,0.06734826,0.85894553,0.29206691,2
TGM2,1.1432,0.9183,1.245,0.172,0.1703467,0.23886092,0.02724366,0.46626286,0.29207098,1
HDAC8,1.7395,1.1886,1.463,0.311,0.04095332,0.03335164,0.22827698,0.21977833,0.29208049,2
CBWD1,3.0799,2.7882,1.105,0.076,0.84917566,0.60244402,0.56504931,0.85894553,0.29228481,0
CCNL2,25.756,26.5157,0.971,-0.031,0.28437663,0.83308591,0.08171403,0.90209945,0.29232114,0
FCGR2A,106.3982,261.2773,0.407,-0.506,6.7e-07,0.00074332,0.00348857,0.55520734,0.29232489,3
ARF4,1.4509,1.3979,1.038,0.024,0.10051182,0.86696119,0.0174749,0.92119817,0.29263574,1
RABIF,1.4724,2.154,0.684,-0.282,0.02681358,0.05477574,0.01662646,0.75300697,0.29271278,2
EPN1,13.4085,22.4543,0.597,-0.462,5.373e-05,0.00183752,0.00597898,0.67117575,0.29282767,3
PPP1R16B,4.5744,5.3796,0.85,-0.191,0.03324517,0.19005923,0.02338972,0.92378602,0.29312901,2
ZNF652,4.3314,9.2136,0.47,-0.367,6.1e-07,0.01363115,0.00109356,0.98909653,0.29326068,3
STAT1,32.5105,46.9913,0.692,-0.387,0.00104504,0.00866238,0.06958692,0.31330231,0.29344397,2
LNPEP,14.5388,18.3185,0.794,-0.235,0.00345157,0.10802822,0.00332688,0.69133573,0.29347255,2
ULK4,6.9738,5.9984,1.163,0.215,0.11566619,0.14147306,0.75670691,0.25018521,0.29349717,0
PLA2G6,11.6519,14.4554,0.806,-0.199,0.00140803,0.1723546,0.004478,0.48343223,0.29350145,2
WASH7P,1.0384,1.2168,0.853,-0.101,0.14610957,0.48918049,0.06589919,0.12612824,0.29363562,0
ABCC5,7.5683,8.6852,0.871,-0.212,0.0027101,0.14654355,0.00179219,0.55520734,0.29366931,2
PPIF,9.814,14.7133,0.667,-0.318,2.59e-06,0.02993863,0.00085567,0.28697196,0.29393746,3
GMPPA,7.7124,10.5643,0.73,-0.278,0.00495416,0.05803082,0.01512848,0.75300697,0.29460127,2
ZNF223,2.2995,1.7456,1.317,0.21,0.22569768,0.15040601,0.48485892,0.80939648,0.29489437,0
USP33,8.977,8.9492,1.003,0.004,0.90157086,0.97808068,0.66519801,0.57388325,0.29507521,0
SLC46A2,11.4279,18.8734,0.606,-0.339,1e-08,0.02074869,1.686e-05,0.44942115,0.29538721,3
PARP6,8.0232,8.1352,0.986,-0.015,0.03889685,0.92032318,0.39765026,0.5928362,0.29567199,1
PRDX5,9.0174,17.3834,0.519,-0.444,4.33e-06,0.00284608,0.00065463,0.65123214,0.2959417,3
CCNH,11.9315,11.1863,1.067,0.062,0.29898029,0.67123741,0.33512247,0.83750782,0.29618774,0
TRAPPC1,30.8324,63.9979,0.482,-0.411,0.00041851,0.00562116,0.02001752,0.63152163,0.29620109,3
ADRM1,24.1065,38.0047,0.634,-0.439,0.00088106,0.00314359,0.05208296,0.94552275,0.29646975,2
IFRD1,1.9025,3.0649,0.621,-0.277,0.51893429,0.06141387,0.73807943,0.89898534,0.29659181,0
ASB8,8.8978,11.4304,0.778,-0.202,0.01318013,0.1650687,0.0052191,0.85894553,0.29668727,2
NDFIP1,5.1168,5.2313,0.978,-0.024,0.93534524,0.86937008,0.60218262,0.385418,0.29678558,0
BTN2A1,20.0855,26.9452,0.745,-0.349,0.00254904,0.01759747,0.00103796,0.1129434,0.29689996,3
YTHDF1,13.1404,17.7175,0.742,-0.312,0.00119163,0.03365219,0.00693903,0.816179,0.29694201,3
CLEC17A,3.3815,4.4503,0.76,-0.248,0.32441383,0.09101248,0.13621653,0.4009022,0.29715434,0
TRIM58,2.6071,3.8349,0.68,-0.323,0.00323668,0.02801801,0.02164652,0.44942115,0.29736957,3
CLASP2,9.5786,9.8344,0.974,-0.044,0.15436465,0.76052055,0.7343735,0.816179,0.29838401,0
TNFRSF10A,11.0787,12.7442,0.869,-0.141,0.00113723,0.33165401,0.00134469,0.83750782,0.29851187,2
SNAP29,3.4377,3.5387,0.971,-0.019,0.38372143,0.89645457,0.73808075,0.94552275,0.29871238,0
EPHB1,3.2071,2.8762,1.115,0.094,0.0341352,0.52120518,0.06374906,0.77391449,0.29912866,1
STYX,4.689,5.4998,0.853,-0.135,0.45242862,0.35698867,0.47886283,0.1588897,0.2995833,0
DOCK2,47.9737,72.5723,0.661,-0.456,0.00013745,0.00206591,0.00537999,0.71170446,0.29991051,3
DPF2,9.0841,10.0348,0.905,-0.087,0.00306041,0.54868048,0.02793756,0.98909653,0.30019604,2
COL9A2,2.5842,2.7586,0.937,-0.072,0.20933512,0.62245383,0.16626074,0.28697196,0.30021378,0
TBXAS1,31.0152,54.2784,0.571,-0.486,1.177e-05,0.00103471,0.00225946,0.88048261,0.30023374,3
ARAP2,12.7967,13.0208,0.983,-0.02,0.91421871,0.89080634,0.62288984,0.35550187,0.30035421,0
SIPA1,104.249,132.1413,0.789,-0.301,0.00020592,0.03934777,0.00461811,0.65123214,0.30064005,3
FTL,1603.726,2927.1503,0.548,-0.487,2e-08,0.00098568,6.522e-05,0.5928362,0.30075367,3
LZTR1,4.9366,5.756,0.858,-0.129,0.22774399,0.3748099,0.18589092,0.85451366,0.30090398,0
HSPB1,32.5743,50.5966,0.644,-0.317,0.00719563,0.03143889,0.04176225,0.48343223,0.30120541,3
CHMP2B,0.9557,1.2412,0.77,-0.254,0.41342241,0.08424033,0.17546297,0.46626286,0.30125275,0
PSMD11,7.3821,6.9343,1.065,0.058,0.99257257,0.68836234,0.26011145,0.7949782,0.30148354,0
SH3BGRL,5.3138,8.8582,0.6,-0.401,0.00685882,0.00675485,0.15669725,0.6017555,0.30159571,2
VPS45,7.3813,11.6083,0.636,-0.226,0.32834695,0.12393848,0.12986936,0.85894553,0.30164945,0
MLKL,9.4189,12.3147,0.765,-0.311,0.00150156,0.03387807,0.00215082,0.7949782,0.30242307,3
HOOK3,5.9141,6.5119,0.908,-0.14,0.07627732,0.33545933,0.88271555,0.85894553,0.30260977,0
LY86,8.4146,14.6125,0.576,-0.421,3.317e-05,0.0043284,0.01874219,0.98909653,0.30269105,3
SLAIN2,12.3955,11.9532,1.037,0.025,0.11752474,0.86089978,0.84790988,0.21662026,0.30270724,0
BRWD3,9.8337,10.1743,0.967,-0.042,0.84188771,0.77158411,0.84790988,0.85894553,0.30276919,0
GPBP1,9.0207,10.5699,0.853,-0.153,0.64256033,0.29622409,0.61249754,0.69133573,0.3028551,0
FAM172A,4.9333,5.0438,0.978,-0.016,0.71259594,0.91048237,0.94119831,0.53681325,0.30306479,0
GSTM4,6.6219,5.1871,1.277,0.228,0.01038782,0.11825921,0.12137202,0.77391449,0.30351638,1
GLRX3,5.1985,5.4834,0.948,-0.041,0.84084774,0.77630823,0.96077913,0.35550187,0.30355709,0
SNORA5A,15.2746,5.6405,2.708,0.22,0.03048814,0.13087921,0.05208173,0.85894553,0.30357287,1
FAM120AOS,2.13,2.7402,0.777,-0.264,0.24242413,0.07281257,0.41431732,0.816179,0.30415629,0
RBMX,12.8342,13.9005,0.923,-0.082,0.89525608,0.57505936,0.56172889,0.48343223,0.30425973,0
UCK1,25.3692,31.1195,0.815,-0.177,0.00029322,0.22484477,0.0092843,0.53681325,0.30451663,2
PARP4,16.3978,23.5624,0.696,-0.462,0.00092404,0.00182213,0.01777473,0.370282,0.30460496,3
EAF2,8.0027,7.3441,1.09,0.122,0.72452813,0.40286232,0.52263657,0.94552275,0.30473621,0
FLI1,30.6817,48.9312,0.627,-0.499,1.345e-05,0.00075506,0.00955394,0.69133573,0.30514023,3
ZNF24,3.0939,2.9673,1.043,0.041,0.92900181,0.77895878,0.99607635,0.43290855,0.30530671,0
TGS1,1.9659,1.7265,1.139,0.11,0.253231,0.45035974,0.41849677,0.68241839,0.30534142,0
MAPK9,2.3747,3.2077,0.74,-0.266,0.39840672,0.07076841,0.84405553,0.75300697,0.30553255,0
SNX9,3.2287,1.9073,1.693,0.222,0.424147,0.12684872,0.57506679,0.07259907,0.30556517,0
INPP5B,7.616,6.4769,1.176,0.188,0.47514299,0.19763583,0.98430634,0.69133573,0.30599245,0
NPC2,44.2796,98.812,0.448,-0.529,1e-08,0.0003725,0.00025842,0.85894553,0.30600282,3
OLA1,2.9326,3.3778,0.868,-0.13,0.13532251,0.37511193,0.36816103,0.92378602,0.30606818,0
NAPA,18.3477,30.6939,0.598,-0.39,0.00034186,0.00828237,0.01640479,0.6120509,0.30632612,3
PLIN2,5.9355,8.1507,0.728,-0.303,0.00876314,0.03876781,0.10999486,0.25018521,0.30634363,2
LCMT1,9.5633,14.0584,0.68,-0.358,0.00049109,0.01505329,0.03446721,0.816179,0.30649765,3
STAR,0.6786,0.4391,1.545,0.369,0.00682759,0.0118312,0.04693893,0.13122541,0.30668843,3
UBE2E3,19.3661,20.7508,0.933,-0.067,0.00708183,0.64627027,0.36036414,0.83750782,0.30691142,1
CDC73,10.9467,10.6515,1.028,0.041,0.57556668,0.77665075,0.5194431,0.34107567,0.30707531,0
VCPIP1,6.712,9.4663,0.709,-0.364,0.000458,0.01333882,0.01554385,0.35550187,0.30728497,3
VDAC2,17.0397,21.7223,0.784,-0.193,0.00876314,0.1851461,0.03010877,0.63152163,0.30754199,2
SNHG12,14.4912,8.0477,1.801,0.156,0.74859171,0.28335857,0.04861498,0.20613999,0.30794159,1
MIDN,35.4448,49.5517,0.715,-0.367,0.00027281,0.01254461,0.0044094,0.17677365,0.30794491,3
LAMP3,1.5931,1.1834,1.346,0.247,0.05431561,0.09112694,0.04587508,0.13451295,0.30864314,1
ACER3,1.2252,1.264,0.969,-0.022,0.42723658,0.88026413,0.75296965,0.53681325,0.30876255,0
CIITA,68.8034,78.3114,0.879,-0.138,0.02209718,0.34261094,0.02656626,0.53681325,0.30877552,2
ALG8,3.8578,3.0002,1.286,0.142,0.62362348,0.32801337,0.28370401,0.89898534,0.30881809,0
ZNF414,7.372,6.6108,1.115,0.073,0.02304215,0.61506157,0.0009022,0.15044329,0.30884785,2
FOSL2,12.4074,21.8289,0.568,-0.453,1.57e-06,0.0021484,0.00141529,0.816179,0.30888747,3
CACYBP,4.8163,4.0232,1.197,0.169,0.76274447,0.24515617,0.86721425,0.4009022,0.30896379,0
BRD3,6.4998,7.9583,0.817,-0.204,1.446e-05,0.16160438,0.00029535,0.46626286,0.30905035,2
RNF216,14.5045,16.0994,0.901,-0.135,0.02736707,0.35308649,0.03662004,0.28697196,0.30931389,2
RNGTT,4.3473,4.6465,0.936,-0.041,0.13462882,0.77857809,0.2116404,0.25018521,0.30948753,0
BASP1,6.3896,10.3557,0.617,-0.275,0.04201619,0.06131972,0.18426108,0.34107567,0.30955471,1
LGALS3,27.3248,51.962,0.526,-0.401,4e-08,0.0064717,0.00020902,0.65123214,0.3097747,3
CD86,5.3201,8.7295,0.609,-0.439,0.00048623,0.00299,0.09847099,0.816179,0.31021509,2
TMEM176B,19.0324,28.477,0.668,-0.214,0.03481602,0.14203411,0.44299603,0.73226424,0.31042594,1
SOCS3,7.4441,10.8774,0.684,-0.247,0.0345878,0.09375867,0.11444026,0.71170446,0.3107197,1
NLRC4,7.7297,11.8095,0.655,-0.375,0.00058095,0.01062255,0.0651692,0.816179,0.31090711,2
ACOT9,2.2093,3.2576,0.678,-0.349,0.1349755,0.01790355,0.31104907,0.88048261,0.31163112,1
TBC1D2,12.6089,18.381,0.686,-0.376,7.5e-07,0.01039064,0.00095105,0.6120509,0.31189862,3
TFEC,4.852,3.0332,1.6,0.204,0.10963735,0.16020577,0.03706384,0.5928362,0.31207539,1
NAA30,0.7805,0.9048,0.863,-0.153,0.01478357,0.2937135,0.05032394,0.43290855,0.31219693,1
LDB1,31.9831,41.9663,0.762,-0.316,0.00048623,0.03076531,0.00483572,0.96729961,0.31258747,3
ZC3H6,4.2394,4.1394,1.024,0.023,0.36512836,0.87286647,0.84021293,0.65123214,0.31311868,0
CYB5R4,4.5282,8.9785,0.504,-0.311,0.021943,0.03576949,0.41151113,0.92378602,0.31312488,2
RABGGTB,4.164,3.5589,1.17,0.121,0.09200096,0.40535369,0.24984922,0.51871531,0.31321061,0
CCDC115,3.7303,4.2897,0.87,-0.176,0.01722901,0.22856084,0.02136726,0.75300697,0.31362937,2
ZNF484,2.9043,2.6347,1.102,0.096,0.57194348,0.50993062,0.54526978,0.83750782,0.31389355,0
KCTD9,2.3064,1.8698,1.233,0.242,0.04228543,0.09803769,0.03446721,0.25018521,0.31409177,2
ZNF7,4.0571,4.8025,0.845,-0.185,0.18843127,0.2048261,0.14824144,0.75300697,0.31411999,0
ADARB1,12.2849,12.0389,1.02,0.015,0.0442113,0.91966674,0.00580199,0.63152163,0.31412586,2
CCR4,4.8758,6.6719,0.731,-0.262,0.00524836,0.07412969,0.02338972,0.88048261,0.31414576,2
WSB1,11.7341,12.8733,0.912,-0.091,0.45403046,0.53126849,0.79437617,0.69133573,0.31421872,0
TOR1AIP2,2.7933,2.924,0.955,-0.064,0.0495061,0.65908697,0.1496261,0.06787552,0.31437132,1
LCP1,64.6755,111.946,0.578,-0.49,5.252e-05,0.0009886,0.00803537,0.7949782,0.31441401,3
SREBF2,47.7368,62.9039,0.759,-0.33,6.508e-05,0.02447288,0.00018596,0.32701011,0.31448393,3
ZNF274,6.1755,7.431,0.831,-0.191,0.01112628,0.18929009,0.02192895,0.5928362,0.31471216,2
LMBRD1,6.6797,8.8479,0.755,-0.211,0.14460388,0.14830741,0.84790988,0.816179,0.31477741,0
LAPTM5,112.8062,202.4577,0.557,-0.507,1.3e-07,0.00062237,0.00024396,0.94552275,0.31498816,3
LIPT1,1.3381,1.618,0.827,-0.177,0.88999474,0.22770022,0.88658992,0.1129434,0.31530049,0
PTPN11,3.2441,3.3912,0.957,-0.047,0.76274447,0.74749168,0.3707865,0.5928362,0.31539672,0
RRN3P1,0.6251,1.0817,0.578,-0.218,0.02709553,0.13772895,0.03586718,0.7612222,0.31557541,2
RGS2,22.3916,59.6229,0.376,-0.415,0.00062223,0.00559277,0.04974877,0.53681325,0.31557956,3
COMMD2,2.7325,2.6257,1.041,0.038,0.20981805,0.7934751,0.07585518,0.73226424,0.31559163,0
STK25,33.7092,40.5963,0.83,-0.202,0.00011068,0.16602171,0.00016859,0.88048261,0.31577183,2
EAPP,8.9743,9.477,0.947,-0.041,0.53632016,0.77720011,0.33759162,0.57388325,0.31594718,0
DDX5,65.7519,84.2005,0.781,-0.292,0.0022529,0.0458305,0.01707771,0.63152163,0.3160468,3
ALG9,2.024,2.0623,0.981,-0.023,0.82010768,0.87550516,0.21344441,0.55520734,0.31638387,0
MRPS30,22.8487,28.9338,0.79,-0.288,0.00992006,0.04962783,0.03446721,0.75300697,0.31639365,3
HP1BP3,26.743,34.6983,0.771,-0.271,0.00533527,0.06381772,0.00288193,0.29995754,0.31661452,2
ATP6V1A,4.3387,7.8344,0.554,-0.468,0.00560385,0.00168601,0.14824144,0.51871531,0.31663994,2
CFP,31.0747,60.0656,0.517,-0.455,1.907e-05,0.00205787,0.00288193,0.53681325,0.31676124,3
DHFR,4.1613,3.3009,1.261,0.155,0.11659239,0.28853828,0.75296996,0.02147068,0.31690958,1
GABPB2,4.3445,4.1457,1.048,0.037,0.95863655,0.8017314,0.62637083,0.21662026,0.31714809,0
INTS12,4.6215,6.3863,0.724,-0.337,0.06059544,0.0221249,0.82486548,0.07259907,0.31718924,1
CREB1,6.3001,8.561,0.736,-0.292,0.00503666,0.04625284,0.31104907,0.20613999,0.31723148,2
C5AR1,23.1403,59.4424,0.389,-0.438,2.3e-07,0.00332385,0.00014111,0.90209945,0.31734822,3
ERP44,3.1552,5.3378,0.591,-0.382,0.00360194,0.00977614,0.7830205,0.48343223,0.3179587,2
POU6F1,3.2761,2.0768,1.577,0.271,0.13322763,0.06365992,0.03487562,0.54417848,0.31810669,1
MX2,11.9001,18.7104,0.636,-0.371,0.00035246,0.01174855,0.01685076,0.1960065,0.31819363,3
AFF3,4.7492,3.811,1.246,0.17,0.4572437,0.24337897,0.90215484,0.63152163,0.31922925,0
NCK2,21.4462,26.016,0.824,-0.202,0.00023593,0.16541956,0.00204699,0.385418,0.31962015,2
LANCL1,2.7602,2.7328,1.01,0.009,0.26112597,0.94926812,0.30870609,0.53681325,0.31975372,0
TK2,3.2394,3.7123,0.873,-0.086,0.86588117,0.5562568,0.12986936,0.63152163,0.32008942,0
CALR,40.755,60.3089,0.676,-0.383,0.00077784,0.00945219,0.0071469,0.53681325,0.32016023,3
GUSBP1,3.8074,3.0499,1.248,0.094,0.00682331,0.51979024,0.2315998,0.01674697,0.32032478,2
TRNT1,2.9485,3.0571,0.964,-0.026,0.12582279,0.85651585,0.09945275,0.68249626,0.32038774,0
KRIT1,5.444,5.1589,1.055,0.057,0.11201848,0.6964606,0.05450805,0.48343223,0.32071523,0
MRPL36,10.5245,25.818,0.408,-0.347,0.00724887,0.01902593,0.41428322,0.56304472,0.32089307,2
SIPA1L1,13.5806,20.78,0.654,-0.481,8.03e-06,0.00114619,0.01283555,0.73226424,0.32106177,3
TNRC6A,5.4426,5.6169,0.969,-0.032,0.06357364,0.82580353,0.32293952,0.73226424,0.32123759,0
CLTC,23.7413,36.032,0.659,-0.43,0.00062834,0.00368585,0.05149099,0.96729961,0.32128833,2
PSMB1,10.7536,21.0159,0.512,-0.411,8.045e-05,0.00565283,0.00139118,0.41673557,0.32132088,3
CDV3,11.2367,17.7803,0.632,-0.444,6.66e-06,0.0026086,0.0011924,0.88048261,0.32138594,3
STX2,1.8335,2.1081,0.87,-0.094,0.59378361,0.51830634,0.92554702,0.3303678,0.32139277,0
DNAJC19,7.2835,10.6591,0.683,-0.288,0.02663124,0.0504889,0.01533493,0.46626286,0.32143482,2
SRXN1,1.7952,3.8282,0.469,-0.405,0.00873777,0.00654207,0.30725034,0.09515552,0.32147121,2
RHOXF2,2.4707,2.3667,1.044,0.031,0.02264363,0.83360172,0.54037861,0.18025959,0.32174127,1
SNX30,4.0546,3.6396,1.114,0.09,0.2127344,0.53556426,0.57842401,0.10004523,0.32188985,0
PCIF1,34.4095,44.4789,0.774,-0.305,6.016e-05,0.03721629,0.0016206,0.63152163,0.32194365,3
HAGH,15.026,22.9825,0.654,-0.358,0.00010711,0.01511108,0.00179219,0.28697196,0.32207773,3
AKAP10,6.3081,8.8458,0.713,-0.36,0.00533527,0.0146218,0.04377789,0.94552275,0.3220998,3
DCLRE1C,7.6109,7.0334,1.082,0.084,0.81804032,0.56342365,0.82486548,0.07259907,0.32253458,0
FLNA,604.5166,820.8054,0.736,-0.333,2.918e-05,0.0229258,0.00076924,0.90209945,0.32260138,3
MKNK2,103.8409,153.7692,0.675,-0.398,9.706e-05,0.00698688,0.00159351,0.6120509,0.32262932,3
SAMD3,18.7368,23.2968,0.804,-0.083,0.46533222,0.5712967,0.51625919,0.6120509,0.32293826,0
GATA3,26.3207,23.593,1.116,0.109,0.53282101,0.45238512,0.36816353,0.46626286,0.32294188,0
NT5DC1,3.4993,3.0933,1.131,0.13,0.0344741,0.372669,0.07916031,0.08827147,0.32324753,1
EPS15,15.2214,22.0198,0.691,-0.393,0.00627856,0.0077668,0.10254487,0.94552275,0.32353465,2
RNASEL,4.1815,4.9171,0.85,-0.165,0.15436465,0.25912854,0.22450177,0.77391449,0.32377405,0
B2M,0.733,2.1171,0.346,-0.33,0.04026547,0.02639304,0.25112157,0.67177416,0.32396371,2
MASTL,1.9615,2.0144,0.974,-0.021,0.6502009,0.88388939,0.3063748,0.88048261,0.32410092,0
PHLPP2,3.3657,4.1526,0.811,-0.258,0.34033102,0.07850584,0.88271555,0.65123214,0.32429883,0
KLF6,52.2369,73.3022,0.713,-0.264,1.692e-05,0.07187413,0.00013293,0.73226424,0.32446123,2
PARP16,1.4675,2.1748,0.675,-0.331,0.32832116,0.02505805,0.56337011,0.42138958,0.32448831,1
CREG1,3.5579,6.0976,0.583,-0.406,9.09e-06,0.0058225,0.00154059,0.94552275,0.32455543,3
SIPA1L2,3.8903,4.0913,0.951,-0.052,0.57920068,0.72278688,0.81721641,0.77391449,0.32463686,0
KREMEN1,1.3256,2.7953,0.474,-0.327,0.73953658,0.02706872,1.0,0.33043834,0.32464203,1
GMDS,6.9558,8.4273,0.825,-0.19,0.00911101,0.19319682,0.06883401,0.77391449,0.32482465,1
WHAMM,3.6158,4.3765,0.826,-0.237,0.00314066,0.1044464,0.04326643,0.98909653,0.32489522,2
MAPK1,32.0444,56.4128,0.568,-0.429,0.00241802,0.00388888,0.08611842,0.88048261,0.32514098,2
WDR76,2.224,2.0786,1.07,0.06,0.46208046,0.67802334,0.21163802,0.68249626,0.32545512,0
GABARAP,45.5815,90.521,0.504,-0.488,1.2e-06,0.00102033,0.00191571,0.67117575,0.3255293,3
SDCBP,12.1603,28.6526,0.424,-0.449,0.00322282,0.00277203,0.04974877,0.92378602,0.32575263,3
CHI3L1,10.0621,19.5765,0.514,-0.381,0.00542347,0.01031337,0.17470039,0.35550187,0.32621301,2
SNX13,13.5065,17.4271,0.775,-0.278,0.00124844,0.05801287,0.00997149,1.0,0.32629676,2
SEC23B,9.4436,14.182,0.666,-0.411,1.91e-06,0.00524453,0.00051695,0.75300697,0.32657425,3
GNB2,159.0497,265.3173,0.599,-0.449,1.4e-07,0.00234685,7.537e-05,0.7949782,0.32674812,3
EIF1,28.3011,57.8958,0.489,-0.484,1.3e-07,0.00113387,0.00056637,0.6120509,0.32690255,3
INPPL1,39.2346,53.5452,0.733,-0.365,4.23e-06,0.01282041,0.00261623,0.69133573,0.3269387,3
ZNF121,1.0049,1.1165,0.9,-0.081,0.81081454,0.58082069,0.54526978,0.46626286,0.32694842,0
PARK7,8.8731,16.9179,0.524,-0.426,0.00014818,0.00410809,0.00634756,0.71170446,0.32702444,3
ACTR3,12.8417,21.2216,0.605,-0.377,0.01735384,0.01125624,0.05328398,0.63152163,0.3272073,2
POLD3,3.3814,3.1767,1.064,0.061,0.91210898,0.67298562,0.29038061,0.96729961,0.327359,0
ZCCHC2,12.5269,15.9472,0.786,-0.324,0.00658947,0.02730189,0.09747353,0.96729961,0.32749677,2
ALOX15,1.2165,1.063,1.144,0.077,0.05770935,0.59681014,0.08340502,0.37421673,0.32752855,0
BMPR2,5.9152,7.7188,0.766,-0.337,0.00520539,0.02164198,0.65806741,0.63152163,0.3277986,2
ARCN1,3.9454,6.1879,0.638,-0.408,0.00842718,0.00584058,0.22638376,0.4009022,0.32780284,2
SLC5A3,2.9412,3.2698,0.9,-0.104,0.29528328,0.47390361,0.18589149,0.77391449,0.3278408,0
CD8B,10.8083,24.0829,0.449,-0.268,0.19845108,0.07036864,0.18426108,0.85894553,0.3278474,0
ACVR1,2.9295,2.7332,1.072,0.072,0.38372143,0.61946635,0.09847143,0.69133573,0.32789772,0
FAM160A2,36.3571,50.5351,0.719,-0.235,8.135e-05,0.10797828,0.0005265,0.816179,0.32807637,2
SLC35E1,10.7551,12.826,0.839,-0.182,0.00033157,0.21082364,0.00757947,0.20613999,0.32810431,2
CUL4A,7.0659,6.3754,1.108,0.061,0.33363901,0.67208558,0.43139067,0.227454,0.32811871,0
NOD1,16.2938,15.1631,1.075,0.052,0.00345157,0.71738321,0.01375066,0.85894553,0.32830549,2
DEAF1,11.4667,14.3011,0.802,-0.256,0.00018336,0.07985083,0.00218649,0.7949782,0.32841896,2
HERC3,5.6361,7.9118,0.712,-0.232,0.40507051,0.11372459,0.95097448,0.13124415,0.32848913,0
SPTB,5.9849,7.0782,0.846,-0.217,0.99893892,0.13936216,0.23596257,0.35550187,0.32851157,0
CIAO1,4.7683,6.5239,0.731,-0.316,0.01104199,0.0314039,0.045343,0.98909653,0.32866553,3
CISH,31.634,29.3425,1.078,0.071,0.10963751,0.62702055,0.38676685,0.816179,0.32871328,0
IKZF3,19.2255,13.7322,1.4,0.146,0.78923637,0.31488599,0.36555213,0.20613999,0.32874534,0
FUS,30.671,35.4233,0.866,-0.179,0.16951994,0.22114906,0.26219842,0.71170446,0.32883988,0
MPO,14.7189,20.3175,0.724,-0.259,1.36e-06,0.07553283,0.0005265,0.71170446,0.32972955,2
AMACR,1.9953,2.8027,0.712,-0.356,0.0178611,0.01570518,0.10568704,0.34107567,0.32993851,2
REPS2,3.5983,4.8372,0.744,-0.15,0.96711588,0.30542673,0.29489314,0.63152163,0.33010806,0
NSUN4,3.625,5.0436,0.719,-0.26,0.25999877,0.07696699,0.35012698,0.41673557,0.33026175,0
SERPINB9,11.1354,11.0445,1.008,0.008,0.05738412,0.95866959,0.34507922,0.77391449,0.33046644,0
PHF11,6.2949,8.2934,0.759,-0.316,0.25330779,0.03223368,0.87495891,0.816179,0.3305558,1
CAPRIN1,21.4155,29.341,0.73,-0.363,0.00154337,0.01368516,0.08522253,0.7949782,0.33059405,2
GNA12,6.8129,8.321,0.819,-0.206,3.13e-05,0.15673191,0.00082592,0.385418,0.33099721,2
HMGXB3,11.5817,14.3143,0.809,-0.232,0.00044894,0.11111569,0.00079711,0.92378602,0.33128821,2
ATG14,2.1375,2.0683,1.033,0.035,0.35397111,0.81107708,0.74923879,0.20613999,0.33130825,0
SFT2D1,3.2057,3.4088,0.94,-0.049,0.62362502,0.73586499,0.8095847,0.83750782,0.33164994,0
TRAF7,45.1363,61.2517,0.737,-0.322,4.68e-06,0.02788493,0.00040663,0.57388325,0.331693,3
ITPR2,11.0177,12.188,0.904,-0.156,0.06169843,0.2851646,0.01924391,0.57388325,0.33180147,1
QSER1,6.942,10.0969,0.688,-0.334,0.00178503,0.02270234,0.16402007,0.88048261,0.33185904,2
ACTR5,2.1366,2.1253,1.005,0.005,0.87635291,0.9699692,0.43139007,0.63152163,0.33201094,0
FAM193B,31.5191,35.5522,0.887,-0.13,0.00533527,0.37314641,0.0044094,0.96729961,0.33224733,2
HEG1,14.3041,9.6325,1.485,0.162,0.41953598,0.26349694,0.34759758,0.27434987,0.33231733,0
MAP2K5,4.2983,3.7418,1.149,0.13,0.58284374,0.37030778,0.4228011,0.5928362,0.33237783,0
PRAM1,40.3227,59.5744,0.677,-0.393,2.18e-06,0.00742475,0.00067867,0.73226424,0.3324769,3
APH1B,2.8435,2.6402,1.077,0.042,0.26337819,0.7725712,0.56503154,0.46626286,0.33282449,0
MPP7,3.5878,4.1183,0.871,-0.116,0.21078836,0.42523072,0.99607635,0.77391449,0.3331544,0
BMS1P1,0.503,0.4605,1.092,0.076,0.34033016,0.60257643,0.56837863,0.51871531,0.33368583,0
AGL,6.462,5.7026,1.133,0.181,0.04174831,0.21580682,0.06098508,0.55520734,0.33413406,1
SMCHD1,29.8261,51.2962,0.581,-0.377,0.08552115,0.01131507,0.33512247,0.51871531,0.33432913,1
PACS2,30.5389,34.5925,0.883,-0.122,0.00111612,0.40167481,0.00302382,0.7949782,0.33441986,2
JAK3,75.7045,90.7256,0.834,-0.212,0.00104504,0.14637253,0.00302382,0.83750782,0.33467709,2
SLC46A3,1.0895,1.0721,1.016,0.016,0.16787322,0.91251407,0.12375421,0.68251085,0.33520403,0
NMI,4.5331,8.113,0.559,-0.368,0.1875353,0.01314425,0.64742118,0.27434987,0.33596573,1
TRANK1,39.5247,45.5678,0.867,-0.113,2.565e-05,0.43742387,0.00013561,0.73226424,0.33599855,2
KLF11,9.2625,10.7154,0.864,-0.13,0.01393573,0.37304411,0.11444026,0.23864024,0.3364433,1
TNFAIP8L2,14.0359,24.4203,0.575,-0.424,2.55e-06,0.00407911,0.00017882,0.71170446,0.33706169,3
PHF10,2.2889,1.6131,1.419,0.185,0.1179631,0.20294696,0.10012961,0.74562731,0.33727057,0
ALDH9A1,7.8111,8.2062,0.952,-0.044,0.02908708,0.76281702,0.15669779,0.63152163,0.33761342,1
GNAZ,27.0,24.9898,1.08,0.036,0.00021929,0.80557036,0.01055349,0.4009022,0.33762309,2
NOL10,2.4874,3.3845,0.735,-0.295,0.07987152,0.04471386,0.3976478,0.14231835,0.33788471,1
USP28,6.1258,5.9007,1.038,0.042,0.42569056,0.77198136,0.46372881,0.1960065,0.33808231,0
RCOR1,2.5042,3.8812,0.645,-0.38,0.00016314,0.00974332,0.04750296,0.43290855,0.33821812,3
HNRNPA1P10,2.6699,1.636,1.632,0.183,0.19888268,0.20803108,0.08560214,0.57388325,0.33846397,0
RNF24,2.4171,4.6935,0.515,-0.275,0.74657666,0.06289193,0.5953498,0.67117575,0.33863706,0
PSAP,189.7686,357.0182,0.532,-0.482,2.4e-07,0.00113312,0.00041426,0.67117575,0.33879334,3
POLR2C,7.5901,8.3395,0.91,-0.079,0.46859004,0.58799752,0.87108503,0.34107567,0.33897421,0
SLC25A45,3.7841,4.3354,0.873,-0.146,0.12195247,0.31611714,0.11331587,0.6120509,0.33900439,0
TNFAIP3,13.7963,17.6198,0.783,-0.284,0.00081613,0.05217187,0.02399726,0.75300697,0.33934622,2
ITM2B,18.7714,47.4952,0.395,-0.429,3.53e-06,0.0041157,0.00100235,0.67117575,0.3394382,3
UBXN1,27.2839,40.04,0.681,-0.429,4.277e-05,0.00364918,0.00132189,0.71170446,0.33945522,3
UBA1,65.2577,84.1253,0.776,-0.298,0.00452188,0.04199452,0.01055349,0.90209945,0.33959886,3
WIPI2,22.4003,32.6513,0.686,-0.415,3.598e-05,0.00482414,0.01197475,0.7949782,0.33967722,3
ICAM2,29.7392,46.984,0.633,-0.315,1.518e-05,0.03222568,0.00327453,0.53681325,0.340008,3
NDST2,13.88,16.9754,0.818,-0.178,0.03069329,0.22413818,0.07667188,0.15044329,0.34042323,1
PSMB10,22.5249,47.5029,0.474,-0.413,0.00048382,0.00554137,0.01662646,0.67117575,0.34048511,3
MFF,3.9389,4.8584,0.811,-0.198,0.75262653,0.17698479,0.22449935,0.816179,0.34072965,0
SLC17A4,1.1191,0.6521,1.716,0.273,0.00422833,0.06185979,0.12253127,0.7949782,0.34083957,1
PPIAL4A,1.9724,1.3009,1.516,0.213,0.00551067,0.14437744,0.01494922,0.36312702,0.34086604,2
PRR5L,19.7868,20.7209,0.955,-0.038,0.05138523,0.79413571,0.09260467,0.14231835,0.34087676,0
MED23,10.3493,11.1133,0.931,-0.09,0.29898029,0.53778424,0.5194431,0.21662026,0.34105006,0
JMJD1C,23.348,33.4927,0.697,-0.381,0.0063807,0.00994126,0.17470039,0.63152163,0.34113683,2
CNNM2,2.7841,3.2374,0.86,-0.133,0.04310184,0.36037624,0.0570263,0.44942115,0.34120481,1
FBXW5,74.2097,104.6941,0.709,-0.367,1.84e-06,0.01229824,0.00019717,0.63152163,0.3413885,3
CHD1,6.613,6.679,0.99,-0.013,0.36936834,0.93028999,0.15383929,0.43290855,0.34170356,0
BIRC2,9.4634,9.4266,1.004,0.004,0.60865307,0.97557686,0.65806741,0.1588897,0.3417357,0
SNORD94,177.4793,179.6387,0.988,-0.009,0.92477534,0.9513109,0.8982619,0.04769022,0.34174689,1
UBE2D4,3.6339,4.8166,0.754,-0.211,0.0169199,0.14868715,0.04974758,0.69133573,0.34188506,2
KIAA0319L,7.5947,9.8014,0.775,-0.32,0.0013199,0.02905142,0.02828977,0.71170446,0.34188573,3
YPEL2,5.0821,8.6885,0.585,-0.363,0.00140803,0.01413662,0.18918426,0.6120509,0.34192526,2
PAPOLG,6.0143,6.6443,0.905,-0.083,0.93746065,0.57043917,0.3552226,1.0,0.34195335,0
AQP9,3.7634,17.3836,0.216,-0.36,1.429e-05,0.01583147,0.00420928,0.370282,0.34196926,3
EIF2S3,25.9921,31.9269,0.814,-0.237,0.01054804,0.10475116,0.02590269,0.77391449,0.34220942,2
RBMS2,3.4812,4.7394,0.735,-0.235,0.00999669,0.10705029,0.82869632,0.88048261,0.34246825,1
PSMA2,1.3205,2.6343,0.501,-0.292,0.36510279,0.0484033,0.21252014,0.34462432,0.34248785,1
NOL11,4.5661,4.6081,0.991,-0.014,0.86169887,0.92355136,0.24783119,0.83750782,0.34253304,0
VAPA,2.9656,3.589,0.826,-0.174,0.25000755,0.23271711,0.52263657,0.05129462,0.34262968,0
KAT5,18.4894,26.0302,0.71,-0.361,0.00314066,0.01394763,0.06374906,0.92378602,0.34263459,2
ST8SIA4,3.1188,5.263,0.593,-0.37,0.35535386,0.01284815,0.5258401,0.53681325,0.34327454,1
CSDE1,58.0351,80.9353,0.717,-0.348,1.93e-05,0.01763938,0.00395528,0.67117575,0.34328732,3
PPP4R2,2.0309,2.1448,0.947,-0.065,0.61051579,0.65779675,0.54854237,0.65123214,0.34331457,0
ALG1,2.051,1.9248,1.066,0.06,0.65595562,0.67795702,0.29945112,0.26208651,0.3433936,0
PPP2R2A,2.821,3.9725,0.71,-0.318,0.12388621,0.03102419,0.21162848,0.44942115,0.34340947,1
IFITM3,92.5277,302.2232,0.306,-0.445,2.36e-06,0.00292772,0.00736033,0.55520734,0.34344001,3
KLRG1,19.0565,15.5098,1.229,0.143,0.87635312,0.32391614,0.84405954,0.43290855,0.34359974,0
TTYH2,13.0984,16.8353,0.778,-0.275,0.00039002,0.05974519,0.00088644,0.41673557,0.34367346,2
COTL1,53.6908,107.5888,0.499,-0.53,2e-08,0.00035459,2.295e-05,0.88048261,0.34370053,3
SRP72,10.5928,11.1511,0.95,-0.058,0.92266289,0.68942587,0.39218566,0.75300697,0.3437299,0
STXBP3,5.7315,6.0875,0.942,-0.052,0.97559904,0.72016572,0.29489377,0.816179,0.34375106,0
BAX,15.7488,24.8134,0.635,-0.366,0.00170601,0.01316775,0.01040523,0.65123214,0.34388651,3
TCHP,3.0638,3.6548,0.838,-0.231,0.02718149,0.1148886,0.00757947,0.00744715,0.34390151,3
LYPLA2,21.7902,30.8014,0.707,-0.41,9.391e-05,0.00531001,0.00194778,0.32701011,0.34428372,3
SLC22A18,1.8661,1.9993,0.933,-0.024,0.66115704,0.87124159,0.5479466,0.37294337,0.344862,0
PLEKHM2,23.6369,33.0796,0.715,-0.341,2.36e-06,0.01988348,0.00018235,0.90209945,0.34515253,3
TMEM50A,3.5672,5.7765,0.618,-0.339,0.0817204,0.02184259,0.73067243,0.57388325,0.34517883,1
NADSYN1,25.5868,29.9755,0.854,-0.187,0.00471395,0.19829228,0.004478,0.31330231,0.34527005,2
CYFIP1,0.6507,0.679,0.958,-0.018,0.74927919,0.90375999,0.90252795,0.28571227,0.34532486,0
IGHM,42.3432,34.6548,1.222,0.112,0.4588551,0.44085219,0.58516746,0.5928362,0.34538025,0
HAL,6.6466,7.9469,0.836,-0.093,0.67140077,0.52495308,0.93728595,0.73226424,0.34573439,0
RPS15,5043.5455,9422.7578,0.535,-0.338,7.279e-05,0.02227416,0.03662004,0.73226424,0.3458955,3
ELF4,35.5862,54.0949,0.658,-0.426,8.8e-07,0.00381658,0.0001303,0.85894553,0.34589905,3
MIR142,0.4295,0.4944,0.869,-0.077,0.02856804,0.59620314,0.05954612,0.82145278,0.34594626,1
PTGER4,23.8397,29.1356,0.818,-0.165,0.00546807,0.25857403,0.19932026,0.6120509,0.34596397,1
SLC35C1,3.6141,5.2933,0.683,-0.424,0.00033157,0.00408293,0.01055349,0.20613999,0.34628475,3
ZBED4,11.867,14.6065,0.812,-0.246,0.00939813,0.09205906,0.00414443,0.32701011,0.34633436,2
NPEPPS,20.2173,26.5526,0.761,-0.242,0.02272333,0.09894521,0.07188632,0.7949782,0.34635678,1
SLC22A15,2.2872,3.4975,0.654,-0.331,0.02987479,0.02472576,0.15811168,0.85894553,0.34663251,2
ABHD2,6.6288,14.5278,0.456,-0.371,0.00402122,0.01270595,0.05638807,0.7949782,0.34715593,2
DHX58,9.0087,10.6382,0.847,-0.156,0.04679572,0.28517242,0.10675124,0.77391449,0.34727761,1
YWHAG,7.8591,10.1633,0.773,-0.259,0.00339304,0.07731802,0.03086403,0.73226424,0.34751986,2
CDC123,7.9484,13.4646,0.59,-0.361,0.00273385,0.01506629,0.05450805,0.46626286,0.34851248,2
SRP54,3.6489,4.1869,0.871,-0.106,0.40738494,0.46902304,0.01899191,0.55520734,0.34880928,1
LDHB,21.8735,36.6733,0.596,-0.364,0.01227526,0.01390956,0.1122002,0.7949782,0.34900168,2
CLNS1A,8.9086,9.6996,0.918,-0.058,0.05202473,0.69263893,0.18103207,0.55520734,0.34907221,0
TLE3,22.9616,42.4462,0.541,-0.428,1.395e-05,0.00401683,0.00491029,0.5928362,0.34923149,3
BAZ1B,8.0235,10.2224,0.785,-0.282,0.04534467,0.05481921,0.14146457,0.90209945,0.3501169,1
CLIP4,5.3237,4.7302,1.125,0.121,0.94380946,0.40429114,0.29945112,0.77391449,0.35017142,0
COG7,6.0686,5.5766,1.088,0.051,0.65787842,0.72279976,0.38139397,0.370282,0.35048001,0
TAOK1,10.963,13.5549,0.809,-0.275,0.01974024,0.06029427,0.67595076,0.28697196,0.35054225,1
DENND4C,8.7959,9.3581,0.94,-0.064,0.92055099,0.65997156,0.44886499,0.12701804,0.35094098,0
AMIGO1,6.3649,6.2807,1.013,0.01,0.23710741,0.94476161,0.0062536,0.41673557,0.351054,1
UROS,3.9314,4.631,0.849,-0.136,0.74456334,0.35342168,0.09847143,0.88048261,0.35130023,0
MIF4GD,16.6678,26.0342,0.64,-0.394,1.95e-06,0.00732317,0.0003845,0.4009022,0.35137663,3
RBM15,24.8834,31.8793,0.781,-0.302,0.00044447,0.03920225,0.00156685,0.31330231,0.35214584,3
SCAI,2.9712,2.435,1.22,0.164,0.0417484,0.26010165,0.05638807,0.6120509,0.35240845,1
ZRSR2,13.1594,15.3657,0.856,-0.142,0.47350005,0.33230877,0.34257252,0.29995754,0.35257261,0
SMARCD1,9.1838,9.4361,0.973,-0.032,0.20597917,0.8264903,0.79437617,0.55520734,0.35259998,0
CD300LB,3.0127,5.6922,0.529,-0.417,0.00696955,0.00498726,0.35266677,0.75300697,0.3526166,2
ZNF836,4.3714,3.639,1.201,0.204,0.02178976,0.16279019,0.03404987,0.90209945,0.35311964,2
FGL2,18.7958,39.1561,0.48,-0.495,5.31e-06,0.00088767,0.01432697,0.7949782,0.35341612,3
SLC39A9,5.1761,4.894,1.058,0.057,0.82838947,0.69358868,0.76419783,0.67117575,0.35349883,0
NR2C2,24.7175,27.3808,0.903,-0.085,0.0095447,0.55887565,0.1122002,0.96729961,0.35375913,1
KDM1A,6.0971,8.4658,0.72,-0.287,0.01446045,0.05094542,0.11902584,0.57388325,0.3539017,1
DNTTIP1,6.8016,11.8062,0.576,-0.417,0.0019358,0.00506509,0.04917913,0.370282,0.35397157,3
GTPBP2,32.3774,42.5198,0.761,-0.222,0.00018336,0.12772914,0.00815311,0.85894553,0.35435536,2
NDUFV3,4.7884,6.1012,0.785,-0.284,0.08600613,0.0534925,0.1004917,0.227454,0.35449204,0
PTPRE,31.6007,51.2188,0.617,-0.404,0.00042274,0.00622063,0.01949883,0.57388325,0.3550071,3
TMEM191A,2.1846,1.6627,1.314,0.142,0.51720934,0.32862394,0.15813664,0.29011921,0.35552286,0
HAUS4,17.2478,19.292,0.894,-0.089,0.00696965,0.54094541,0.07034658,0.96729961,0.35554337,1
LAMB3,1.1355,0.805,1.41,0.342,0.00501524,0.01967553,0.09212448,0.98874637,0.35569133,2
KLF7,2.5631,3.3176,0.773,-0.24,0.15359648,0.10241379,0.22263099,0.31330231,0.35576326,0
TRMT2A,19.4331,24.4765,0.794,-0.193,0.00369501,0.18556973,0.01070363,0.370282,0.35580106,2
CEP192,10.5597,9.9438,1.062,0.077,0.81804032,0.5950823,0.43139067,0.03252987,0.35585011,1
ZNF398,7.2511,7.4116,0.978,-0.021,0.05843846,0.88757207,0.75670691,0.46626286,0.35603671,0
PIP5K1A,17.8305,26.0137,0.685,-0.382,0.00408952,0.00954271,0.24382942,0.51871531,0.35618172,2
RPL28,415.0535,910.5513,0.456,-0.311,0.00028431,0.03552721,0.07832363,0.75300697,0.35619887,2
CD79B,18.7987,25.8975,0.726,-0.249,0.00233412,0.08829881,0.05638807,0.370282,0.35656768,1
TREM1,10.5527,27.101,0.389,-0.46,6e-07,0.00206971,0.00070348,0.816179,0.3571835,3
SPARC,28.9357,47.2483,0.612,-0.33,0.00014196,0.02475892,0.00338,0.48343223,0.35785956,3
EPM2AIP1,6.0212,7.1546,0.842,-0.171,0.00702554,0.24032061,0.00902147,0.85894553,0.35812041,2
GNG5,17.3878,38.3712,0.453,-0.458,1.774e-05,0.00214628,0.00714539,0.77391449,0.3581423,3
FCGR1A,11.4815,21.3033,0.539,-0.396,7.1e-07,0.00697158,0.0012342,0.67117575,0.35845499,3
PTPRJ,49.1387,78.2498,0.628,-0.425,4.17e-06,0.00390831,0.00253276,0.53681325,0.35851057,3
ALG12,6.2157,5.8535,1.062,0.047,0.02469519,0.74662484,0.30870609,0.88048261,0.35864049,1
MGA,7.9942,8.5167,0.939,-0.091,0.40588096,0.53198966,0.69765383,0.46626286,0.3587176,0
SLC30A7,7.7624,6.254,1.241,0.193,0.08218786,0.18449507,0.24783119,0.44942115,0.35884431,0
CLCN6,5.8657,6.661,0.881,-0.153,0.78923637,0.29799419,0.64037761,0.7949782,0.35912528,0
RPP38,1.3579,1.7999,0.754,-0.207,0.11161039,0.15677239,0.17763926,0.48945941,0.35927208,0
NDUFS2,12.4877,17.0777,0.731,-0.349,0.00999669,0.01773306,0.00983053,0.35550187,0.35937435,3
MCFD2,0.7516,1.1284,0.666,-0.154,0.72368585,0.29169999,0.94302344,0.34179212,0.35952469,0
CRYZL1,3.1602,3.0143,1.048,0.039,0.21863966,0.78831744,0.29602243,0.87669489,0.35991697,0
GLRX,8.4649,13.487,0.628,-0.351,0.08079059,0.01725819,0.92946573,0.53681325,0.36007598,1
SLC25A5,59.5304,107.3722,0.554,-0.429,2.7e-07,0.0036099,0.0003845,0.98909653,0.36024432,3
METAP1,4.1831,4.1898,0.998,-0.002,0.84084774,0.99104399,0.84790988,0.92378602,0.36038464,0
S100A9,747.1308,2528.072,0.296,-0.438,5e-08,0.00352005,0.00045448,0.53681325,0.36043555,3
CYBA,251.883,492.187,0.512,-0.416,4.45e-06,0.00509566,0.00037738,0.90209945,0.36057315,3
CBX4,15.0872,20.1726,0.748,-0.314,6.883e-05,0.03194773,0.00571527,0.32701011,0.36061024,3
PRMT5,9.5418,9.7689,0.977,-0.027,0.84917566,0.85459457,0.28591915,0.92378602,0.36110469,0
MAP3K1,18.5585,29.6312,0.626,-0.474,2.279e-05,0.00134894,0.01132336,1.0,0.36171384,3
RNF19B,16.378,31.1024,0.527,-0.475,5.73e-06,0.00141702,0.00173322,0.83750782,0.36174233,3
YTHDF2,6.6306,9.2737,0.715,-0.374,0.00564978,0.0113368,0.13882145,0.73226424,0.36202278,2
CHID1,6.579,5.6695,1.16,0.111,0.12816868,0.44478071,0.16402007,0.94552275,0.3620817,0
SNRK,10.3653,11.8888,0.872,-0.1,0.38372143,0.49456078,0.24783119,1.0,0.36230191,0
POM121,31.5268,33.6281,0.938,-0.066,0.00829606,0.64806908,0.05767117,0.67117575,0.36253886,1
SLC35B1,12.5776,12.7338,0.988,-0.012,0.11201848,0.93293855,0.28814531,0.43290855,0.36284919,0
HECTD1,14.3776,14.5159,0.99,-0.014,0.40138894,0.9243503,0.9294661,0.67117575,0.36285256,0
TAF1,21.534,22.458,0.959,-0.067,0.20885502,0.645971,0.00395528,0.05129462,0.3629803,1
LACTB,1.9837,2.9215,0.679,-0.316,0.22463961,0.03222396,0.69034492,0.98874637,0.36303622,1
METTL14,1.9091,1.6847,1.133,0.134,0.66365759,0.35812841,0.81339356,0.5928362,0.3632756,0
TAF7,7.2484,8.2523,0.878,-0.184,0.17622496,0.20729098,0.07585671,0.25018521,0.3633143,0
TMEM71,22.9428,45.2366,0.507,-0.403,4.795e-05,0.0067723,0.00288193,0.92378602,0.36334497,3
PLXNB2,129.5623,191.4442,0.677,-0.354,9e-08,0.01567304,3.248e-05,0.7949782,0.36343425,3
RAB6C,0.85,0.4043,2.102,0.294,0.0062145,0.04403,0.40902788,0.23893761,0.36345859,2
CYP20A1,6.7059,4.7157,1.422,0.149,0.57013595,0.30544762,0.39491224,0.88048261,0.36347421,0
SNORD15B,6622.7979,6138.9677,1.079,0.051,0.20982008,0.72936247,0.26219842,0.26208651,0.36354636,0
TMED5,5.3335,5.3342,1.0,-0.0,0.09778688,0.99960401,0.75296996,0.29995754,0.36362149,0
DPEP2,26.4191,42.4433,0.622,-0.422,6.582e-05,0.0043638,0.00141529,0.43290855,0.36364764,3
PLXND1,45.8752,68.4183,0.671,-0.388,1.4e-07,0.00821525,2.732e-05,0.71170446,0.36365074,3
STAG1,10.7659,11.2752,0.955,-0.072,0.74657666,0.62169495,0.81339834,0.21662026,0.36371258,0
MYO1F,209.0559,344.0907,0.608,-0.461,1.61e-06,0.00182819,0.00065468,0.85894553,0.36379521,3
SPPL3,4.8517,6.1219,0.793,-0.21,0.02133563,0.1514106,0.07266648,0.73226424,0.36400853,1
CES2,18.9996,26.2418,0.724,-0.332,4.132e-05,0.02358991,0.00343389,0.67117575,0.36406948,3
TMOD1,0.456,0.3977,1.147,0.074,0.0082208,0.61402457,0.01639988,0.78852197,0.36407951,2
NRAS,2.5166,3.4295,0.734,-0.177,0.3553359,0.22899018,0.4592206,0.36668125,0.36461785,0
PRKACB,7.1875,7.0263,1.023,0.025,0.71855346,0.86326581,0.81339834,0.32701011,0.36462682,0
GRK6,106.3902,122.9305,0.865,-0.184,0.00366375,0.2059178,0.00198035,0.05510871,0.36463393,2
LRRC41,11.0404,15.3931,0.717,-0.357,6.83e-06,0.01493747,0.00218649,0.83750782,0.36479285,3
IKBKB,15.7257,18.89,0.832,-0.203,0.09407227,0.16489078,0.05702662,0.90209945,0.36486064,0
SCAMP1,2.3343,2.5361,0.92,-0.068,0.27141663,0.64316116,0.12617077,0.62154062,0.36488774,0
FARSB,6.1393,5.4219,1.132,0.216,0.14755546,0.13866475,0.48807113,0.63152163,0.36504963,0
EVL,107.5254,118.6436,0.906,-0.121,0.05808524,0.4046637,0.00757947,0.05913774,0.36521984,1
NBR2,0.7351,0.5089,1.444,0.225,0.41778517,0.12243475,0.40468945,0.16375483,0.36539925,0
POLR2J4,4.2788,4.5003,0.951,-0.034,0.04534428,0.81558317,0.04481586,0.1960065,0.36601541,2
FRAT2,9.5077,13.1444,0.723,-0.26,0.00064074,0.07527149,0.00139138,0.90209945,0.36603005,2
RPL4,157.2311,174.4023,0.902,-0.084,0.01735384,0.56309405,0.10675124,0.88048261,0.36622676,1
SSH3,4.4151,5.2602,0.839,-0.195,0.08946353,0.18149443,0.19420373,0.75300697,0.36629542,0
MBTPS1,21.4853,25.9089,0.829,-0.261,0.00023106,0.07455979,0.00139138,0.77391449,0.36653988,2
CXCL1,2.8857,2.6584,1.086,0.033,0.09644686,0.81948929,0.09118229,0.92378602,0.36669918,0
MFSD2B,1.9836,2.5519,0.777,-0.184,0.71655895,0.21039592,0.9021523,0.47192844,0.36670961,0
MAML3,7.7148,10.2846,0.75,-0.339,9.288e-05,0.02066829,0.0092843,0.94552275,0.36695,3
MUS81,12.0811,15.233,0.793,-0.236,0.00071308,0.10594305,0.00253276,0.96729961,0.3673771,2
NUP210,73.5504,88.8392,0.828,-0.221,0.00116959,0.12908573,0.00148929,0.69133573,0.36744171,2
FPR1,83.2525,233.8934,0.356,-0.432,1.1e-07,0.00376327,0.0011127,0.48343223,0.36752618,3
ICAM1,7.2762,10.2714,0.708,-0.298,0.00109537,0.0417981,0.04078424,0.98909653,0.36761204,3
GANAB,28.8348,36.4859,0.79,-0.271,0.0005264,0.0634802,0.00057676,0.48343223,0.36762302,2
TRIB1,2.755,5.0792,0.542,-0.459,1.429e-05,0.00188067,0.02108946,0.67117575,0.36769403,3
PAK2,9.077,14.2955,0.635,-0.454,0.00022628,0.00215872,0.02136726,0.71170446,0.36772286,3
EXOC4,11.2021,11.6354,0.963,-0.051,0.57375372,0.72482812,0.94902704,0.25018521,0.3677926,0
GTF2A1,2.8726,3.7866,0.759,-0.233,0.0079762,0.11186755,0.04695502,0.88048261,0.36796979,2
DHRS13,2.4913,4.0581,0.614,-0.314,0.15206815,0.03354554,1.0,0.25018521,0.36797105,1
GLTP,8.4978,14.1584,0.6,-0.502,8.87e-06,0.00070199,0.00483572,0.65123214,0.36820172,3
SYMPK,22.9231,26.8635,0.853,-0.21,0.00342219,0.14940713,0.00780443,0.92378602,0.36827622,2
TESC,6.3794,12.8758,0.495,-0.417,6.39e-06,0.0048643,0.00250689,0.74561537,0.3682832,3
CD55,23.4916,35.232,0.667,-0.407,0.00268653,0.00596811,0.03574554,0.96729961,0.36848289,3
CABIN1,31.1928,36.8166,0.847,-0.201,0.00330693,0.16725858,0.00139138,0.50091734,0.36851657,2
CYP4V2,2.245,2.1794,1.03,0.024,0.78923628,0.86785694,0.37078588,0.31330231,0.36854904,0
MPZL1,1.8803,2.0284,0.927,-0.053,0.35534189,0.71501592,0.1538205,0.6120509,0.36876168,0
NCK1,1.5545,1.5807,0.983,-0.017,0.41191679,0.90782305,0.37606715,0.7949782,0.36887707,0
ABHD14B,10.9212,10.5322,1.037,0.029,0.02163746,0.84263652,0.1510206,1.0,0.36957312,1
MLX,7.5346,10.4813,0.719,-0.36,0.00551299,0.01469956,0.07667188,0.69133573,0.36973832,2
TES,7.454,7.8902,0.945,-0.055,0.71259582,0.70743318,0.91774909,0.816179,0.36976886,0
ANKRD44,49.0233,64.0562,0.765,-0.293,0.00215502,0.04512462,0.00663741,0.73226424,0.3698374,3
CSF1,3.245,2.9892,1.086,0.055,0.99893892,0.70391691,0.43717118,0.98909653,0.37041858,0
TRAK2,10.1125,10.7456,0.941,-0.074,0.01838131,0.60925581,0.30174732,0.46626286,0.37049765,1
CD7,92.2218,122.8127,0.751,-0.277,0.0035714,0.05926723,0.0044094,0.67117575,0.37049892,2
DSN1,0.7938,0.6435,1.234,0.169,0.1617221,0.24665555,0.12455718,0.94370094,0.37081563,0
ANAPC13,0.917,1.7149,0.535,-0.316,0.78998712,0.03231623,0.83382414,0.84098039,0.37084311,1
PTPRC,44.9666,72.1055,0.624,-0.434,0.00231357,0.00346039,0.07832363,0.7949782,0.37092753,2
GNAI2,129.1234,221.8154,0.582,-0.471,2.1e-07,0.00141358,0.00075565,0.5928362,0.37105615,3
SEC24C,38.9463,54.2003,0.719,-0.351,0.00014818,0.01671419,0.00915204,0.57388325,0.37175254,3
MEX3C,9.1123,12.9502,0.704,-0.426,3.682e-05,0.00386197,0.01319492,0.48343223,0.37177225,3
YIPF2,7.0952,9.6907,0.732,-0.285,0.00569605,0.05197631,0.0680878,0.6120509,0.37217914,1
RRP1,11.9966,13.8661,0.865,-0.111,0.03668847,0.44438543,0.01849656,0.63152163,0.37271899,2
CNIH4,9.4435,18.9787,0.498,-0.385,0.00097817,0.0093251,0.04176198,1.0,0.37272241,3
STK11,18.2397,24.2206,0.753,-0.24,1.37e-06,0.100062,0.0001303,1.0,0.37344623,2
DVL3,30.2178,38.674,0.781,-0.239,2.626e-05,0.10079346,0.00042993,0.57388325,0.37348123,2
PDHB,7.3283,7.7104,0.95,-0.054,0.80978368,0.70993443,0.55182462,0.73226424,0.3736486,0
TMEM62,2.2269,2.4938,0.893,-0.098,0.61424881,0.50129403,0.21892295,0.92378602,0.37371048,0
THAP1,2.865,4.1629,0.688,-0.301,0.10551086,0.04054496,0.18259334,0.28997065,0.37394262,1
ARID5B,8.2081,6.7456,1.217,0.217,0.0654957,0.13756469,0.38947052,0.27434987,0.37428673,0
DENND1B,3.7101,4.6552,0.797,-0.12,0.39544623,0.40959896,0.18753254,0.02147068,0.3744597,1
P2RX4,11.8029,17.4693,0.676,-0.347,0.0003024,0.0182571,0.00693903,0.90209945,0.37462693,3
TRMT1,18.8685,23.1053,0.817,-0.223,0.00363273,0.12723868,0.00704228,0.71170446,0.37479159,2
RPL32P3,1.997,1.4949,1.336,0.102,0.50122703,0.48103394,0.66472947,0.47133145,0.37499194,0
CLEC2D,6.3798,6.8338,0.934,-0.046,0.33630556,0.75250661,0.27713094,0.32701011,0.37529137,0
CNP,5.3016,6.7494,0.785,-0.269,0.0031137,0.06613249,0.02900568,0.67117575,0.37535798,2
MYCBP2,20.5774,21.2948,0.966,-0.046,0.08946353,0.7508595,0.2518787,0.46626286,0.37538909,0
VPS13C,21.2718,22.7194,0.936,-0.084,0.12850273,0.56443154,0.49116165,0.48343223,0.37559726,0
ZC3H13,9.3345,9.2144,1.013,0.024,0.52759294,0.86985019,0.37606715,0.15044329,0.37624038,0
ASXL2,8.0603,10.6319,0.758,-0.305,0.02336485,0.03738516,0.12862793,0.53681325,0.37634154,2
NFKBIE,5.6526,7.0738,0.799,-0.228,0.00058669,0.11851125,0.00176248,0.5928362,0.37678006,2
CEP57,6.5051,5.8833,1.106,0.119,0.52066236,0.41191987,0.7830194,0.370282,0.3768871,0
ZNF350,3.7505,3.8003,0.987,-0.012,0.52066311,0.93278552,0.24984922,0.32701011,0.3771089,0
ASH1L,14.6446,16.5416,0.885,-0.172,0.08698276,0.2383763,0.08257998,0.370282,0.37730132,0
MCOLN1,18.2706,28.5638,0.64,-0.467,1.593e-05,0.00156595,0.00414443,0.75300697,0.37752202,3
UBFD1,1.3183,1.1418,1.154,0.103,0.10300172,0.47781204,0.0847632,0.40530548,0.37765131,0
BECN1,14.5618,18.7347,0.777,-0.19,0.00178503,0.19262141,0.04861498,0.75300697,0.37773302,2
ZFAND2A,1.9033,3.814,0.499,-0.4,0.21818218,0.0070796,0.99016834,0.78748208,0.37788266,1
ARL5A,1.4933,1.1985,1.246,0.191,0.48340441,0.18971948,0.80197105,0.816179,0.37788628,0
UQCR10,28.6153,67.1657,0.426,-0.369,9.759e-05,0.01308042,0.02461844,0.90209945,0.37809613,3
ZNF574,16.5187,21.5942,0.765,-0.295,0.00013023,0.04380786,0.01116551,0.98909653,0.3784391,3
SLC39A8,13.2032,15.6662,0.843,-0.172,0.00333541,0.23810749,0.00208108,0.90209945,0.37856869,2
S100A4,230.2346,558.497,0.412,-0.435,6.3e-07,0.00357147,0.0011924,0.77391449,0.37860459,3
MTARC1,2.2335,2.2227,1.005,0.004,0.12003899,0.97863577,0.34507859,0.73226424,0.37904312,0
JAK2,10.4983,11.5419,0.91,-0.085,0.25663824,0.56182231,0.98822942,0.27434987,0.37906121,0
MAVS,18.1109,25.6598,0.706,-0.234,0.00044447,0.10918017,0.0236918,0.23864024,0.37918953,2
MED12,24.9128,30.0469,0.829,-0.272,0.00065336,0.06311568,0.00245174,0.57388325,0.37923669,2
NAPG,2.0395,1.8667,1.093,0.09,0.44444323,0.53880143,0.54037386,0.9887429,0.37936904,0
FGR,206.0081,310.2616,0.664,-0.399,3.1e-07,0.00657768,0.00069097,0.77391449,0.37987132,3
KANK2,1.9313,1.7411,1.109,0.079,0.64637303,0.58558516,0.09071096,0.37421673,0.37992373,0
SCAMP2,29.2485,44.2936,0.66,-0.43,1.235e-05,0.00351696,0.00136785,0.63152163,0.37999746,3
IL5RA,0.8382,0.6326,1.325,0.176,0.04282738,0.22906556,0.08257597,0.7949782,0.38005839,1
SETX,36.7004,43.6967,0.84,-0.19,0.000402,0.19307091,0.00134469,0.7949782,0.380149,2
GTPBP10,2.3023,2.1751,1.058,0.043,0.01838126,0.76996462,0.01148308,0.85894553,0.38033463,2
MBD4,8.2404,9.2595,0.89,-0.118,0.05299644,0.41784959,0.17159723,0.73226424,0.38047132,0
EIF4A3,6.0193,4.8871,1.232,0.081,0.13742227,0.5768334,0.65451327,0.90209945,0.38053812,0
UBE2J1,19.0601,34.1898,0.557,-0.445,0.00012884,0.00272895,0.02724447,0.67117575,0.38076431,3
AIMP2,8.6959,12.3156,0.706,-0.308,0.01362887,0.03557502,0.15526301,0.92378602,0.3807774,2
LARP1,23.4537,30.8345,0.761,-0.352,8.317e-05,0.01629667,0.00218649,0.96729961,0.3809952,3
ACTR10,12.8021,14.7889,0.866,-0.08,0.34303174,0.58070094,1.0,0.6120509,0.3810337,0
ESD,7.9427,15.471,0.513,-0.492,2.174e-05,0.00091781,0.0259025,0.69133573,0.38112777,3
CDC42,15.5282,22.3384,0.695,-0.36,3.279e-05,0.01426095,0.00571527,0.55520734,0.38133677,3
CPSF4,4.5971,4.3172,1.065,0.066,0.42412229,0.64810994,0.39216404,0.33041483,0.38154329,0
STK38L,4.1121,3.9191,1.049,0.041,0.12683838,0.78086689,0.023389,0.51871531,0.38194594,1
VPS4B,8.7605,11.3625,0.771,-0.296,0.00836139,0.0434408,0.04861498,0.98909653,0.38201101,3
INPP5A,4.0218,5.2107,0.772,-0.195,0.01121111,0.18114934,0.09356207,0.48343223,0.38221549,1
GSDMB,4.6292,5.096,0.908,-0.097,0.06023143,0.5048482,0.09260467,0.20613999,0.38230866,0
SLC25A13,4.0233,4.3939,0.916,-0.127,0.17034745,0.38305989,0.73808075,0.41673557,0.38233823,0
MORF4L1,16.1253,16.2772,0.991,-0.01,0.71855346,0.94561184,0.58179142,0.94552275,0.38236588,0
FGFR1OP2,2.3385,2.7333,0.856,-0.101,0.69971209,0.48849373,0.21705208,0.9437593,0.38259425,0
RPS6KA5,3.4758,5.3886,0.645,-0.503,6.807e-05,0.00071697,0.08702191,0.57388325,0.38273299,2
GTF2B,10.0262,15.3156,0.655,-0.297,0.16787378,0.04363948,0.11109274,0.26208651,0.38328215,1
SIK3,18.9893,25.338,0.749,-0.284,3.812e-05,0.05208738,0.00769121,0.69133573,0.38350117,2
CTBS,2.1397,3.4128,0.627,-0.371,0.00455972,0.01252431,0.01949883,0.25018521,0.3836284,3
HERC4,5.0656,5.0545,1.002,0.003,0.22468493,0.9857105,0.28814531,0.5928362,0.38385594,0
KIDINS220,11.3055,14.8762,0.76,-0.34,0.00691416,0.02076211,0.10254487,0.77391449,0.3840691,2
RAB3GAP1,4.99,5.8818,0.848,-0.172,0.5345695,0.23896764,0.7086002,0.31330231,0.38412897,0
TAX1BP1,8.4233,9.1806,0.918,-0.071,0.22367112,0.62497003,0.71960709,0.6120509,0.38418411,0
UBAC2,18.1256,23.6288,0.767,-0.304,0.00227296,0.03811071,0.01356316,0.92378602,0.38427941,3
ATP6V0B,20.1119,45.8437,0.439,-0.446,1e-07,0.00279572,0.00053621,0.55520734,0.38435438,3
CLCN3,4.0792,4.38,0.931,-0.041,0.48174592,0.77827532,0.61941725,0.65123214,0.38515822,0
AVIL,3.5622,2.7961,1.274,0.265,0.02074294,0.0702354,0.4973741,0.02766445,0.38563797,2
PDP1,5.3396,7.6086,0.702,-0.383,3.64e-05,0.00909471,0.00360029,1.0,0.38579381,3
RPS20,222.0788,446.8776,0.497,-0.361,2.2e-05,0.01469526,0.00606929,0.77391449,0.38612572,3
TNPO1,6.1845,6.6398,0.931,-0.096,0.51378047,0.50914041,0.7417941,0.16766616,0.38625466,0
GPR146,2.1684,1.973,1.099,0.064,0.29695884,0.65954787,0.08040418,0.58153008,0.38689551,0
SCARNA17,44.7173,36.5278,1.224,0.071,0.74154652,0.62635809,0.5551165,0.09402198,0.38689749,0
CD300LF,20.8528,33.1049,0.63,-0.433,3.557e-05,0.0033383,0.00498591,0.92378602,0.38700116,3
ARRDC4,2.4311,2.4719,0.983,-0.02,0.69090324,0.89302584,0.09452653,0.67117575,0.387105,0
NUBP2,8.1962,8.4674,0.968,-0.019,0.40588096,0.89648552,0.24783119,0.88048261,0.38744068,0
PI4KA,48.8362,60.4208,0.808,-0.261,0.00011814,0.07428751,0.0011924,0.67117575,0.38747995,2
MAPKAP1,6.5502,7.8331,0.836,-0.224,0.12717126,0.12634422,0.16853551,0.69133573,0.38763687,0
KLF9,4.4255,5.8537,0.756,-0.169,0.00062223,0.24764848,0.00020105,0.370282,0.38776898,2
RNF168,4.5395,5.0386,0.901,-0.089,0.14460388,0.54289935,0.03488891,0.32701011,0.38789385,1
ARHGAP21,13.4166,13.5269,0.992,-0.008,0.07539956,0.95405136,0.42851711,0.53681325,0.3883714,0
LGALS8,6.1918,7.5319,0.822,-0.172,0.80978368,0.23913841,0.7830205,0.7949782,0.38861542,0
SUPT7L,5.6277,6.2904,0.895,-0.105,0.04310194,0.47278825,0.05208296,0.88048261,0.38917495,1
ORMDL2,6.4288,10.6874,0.602,-0.25,0.00382249,0.08929012,0.02590269,0.816179,0.38953247,2
CDK16,21.0169,21.1401,0.994,-0.006,0.04069164,0.96958478,0.0680878,1.0,0.38959899,1
CD226,10.4997,9.8505,1.066,0.04,0.6772293,0.78162495,0.9177492,0.15044329,0.38969536,0
NES,1.1922,0.7989,1.492,0.317,0.00093287,0.03031125,0.00997149,0.17677365,0.38990909,3
PNP,8.5001,9.2752,0.916,-0.093,0.40438029,0.52397317,0.97646141,0.69133573,0.39026964,0
MRPL11,5.0443,7.3996,0.682,-0.32,0.04068851,0.02987469,0.31221864,0.53485541,0.39031024,2
KDELR2,16.0935,19.7321,0.816,-0.121,3.96e-06,0.40611426,0.00098497,0.370282,0.39048833,2
DENND5A,23.2853,40.2104,0.579,-0.489,8.9e-07,0.00093869,0.00317206,0.63152163,0.39051312,3
INTS8,14.8808,18.0855,0.823,-0.288,0.0740984,0.04982228,0.36555213,0.44942115,0.39057093,1
SYNGR2,113.8247,172.5695,0.66,-0.396,4.6e-07,0.00708879,0.00028432,0.77391449,0.39064555,3
ACSS2,7.4196,8.2647,0.898,-0.11,0.02538462,0.44764845,0.18918426,0.88048261,0.39068797,1
FBXO8,2.4778,2.5053,0.989,-0.009,0.78105745,0.9490622,0.65096778,0.16766616,0.39073041,0
TNIK,7.7663,8.7807,0.884,-0.147,0.46859004,0.3150243,0.71960709,0.98909653,0.39075278,0
ELAVL1,10.2863,10.8207,0.951,-0.029,0.00760697,0.8422472,0.07916031,0.48343223,0.39103762,1
MLLT10,11.1437,11.5125,0.968,-0.032,0.05202473,0.82380419,0.76044956,1.0,0.39108172,0
SLC36A1,3.9455,4.888,0.807,-0.215,0.02736707,0.14245571,0.32053802,0.28697196,0.39112023,1
EXOC7,17.3226,20.7759,0.834,-0.21,0.0022529,0.14889553,0.00653952,0.85894553,0.39132761,2
RPA1,11.9345,12.828,0.93,-0.048,0.41495457,0.74406021,0.88659815,0.67117575,0.39142525,0
PAFAH2,2.8952,3.9896,0.726,-0.236,0.01904997,0.10642027,0.17943283,0.88048261,0.39143701,1
STK40,20.3877,29.0315,0.702,-0.203,4.07e-06,0.16245938,0.00229677,0.816179,0.39145518,2
CLEC4D,1.3089,1.7554,0.746,-0.275,0.50005188,0.06203851,0.39208374,0.48934675,0.39159943,0
FAM117A,15.0349,19.5992,0.767,-0.278,0.00077038,0.05766191,0.00597898,0.98909653,0.39213413,2
YPEL3,41.4913,79.2673,0.523,-0.36,0.00020376,0.01525732,0.00241213,0.96729961,0.39215114,3
ACAP2,14.8183,23.4494,0.632,-0.414,1.89e-06,0.00493941,0.00020902,0.75300697,0.39239883,3
NR3C1,8.8166,13.8146,0.638,-0.382,0.0002384,0.00960648,0.01214269,0.75300697,0.39240946,3
PANX1,2.1595,2.8021,0.771,-0.253,0.12650888,0.08479269,0.62985839,0.73226424,0.39257452,0
ZNF281,4.368,4.7864,0.913,-0.108,0.77697699,0.46067478,0.27496295,0.63152163,0.39257992,0
TRAP1,12.1617,12.0729,1.007,0.008,0.59937701,0.95491953,0.63335602,0.06787552,0.3928427,0
MS4A2,0.7188,0.7879,0.912,-0.024,0.00053519,0.86838503,0.00662181,0.72433474,0.39307393,2
ECHDC1,4.8205,4.3168,1.117,0.112,0.38227094,0.44106641,0.60561223,0.83750782,0.3933552,0
NFAM1,10.6952,25.0555,0.427,-0.37,2.36e-06,0.01297758,0.0009022,0.96729961,0.39361584,3
SUSD3,22.493,26.3245,0.854,-0.094,0.000824,0.51665449,0.03322814,0.88048261,0.3938796,2
RAB11B,43.9819,62.7414,0.701,-0.349,0.00048623,0.01757603,0.07345356,0.32701011,0.39402249,2
CWC22,4.9697,4.9468,1.005,0.006,0.84709206,0.96963244,0.29945112,1.0,0.39405307,0
NDUFA1,10.8639,35.1689,0.309,-0.34,0.00369318,0.02199284,0.2188893,1.0,0.39423366,2
P2RY13,12.9975,31.2645,0.416,-0.46,2e-08,0.00204106,0.00021728,0.50091734,0.39424576,3
CARD16,33.8822,74.724,0.453,-0.46,0.00268653,0.00215045,0.25391965,0.816179,0.39435705,2
MAFB,5.4539,8.6844,0.628,-0.391,1.72e-06,0.00789454,0.00322292,0.6120509,0.39450676,3
TMEM229B,3.5419,4.6328,0.765,-0.261,0.00588457,0.07434787,0.02623266,0.83750782,0.39459329,2
CXCR1,10.7369,37.8896,0.283,-0.363,0.00024341,0.01484301,0.00634763,0.50091734,0.39460742,3
CCDC69,20.7111,26.2408,0.789,-0.272,0.00081613,0.06243211,0.00915204,0.75300697,0.39468314,2
SNX14,4.2474,5.82,0.73,-0.226,0.2737459,0.12352852,0.44007807,0.75300697,0.39482557,0
DICER1,13.4159,18.5927,0.722,-0.363,0.00911101,0.01371362,0.03363686,0.35550187,0.39496471,3
MAP1LC3B2,1.7323,1.4168,1.223,0.165,0.11690101,0.25758867,0.23596012,0.53681325,0.39504136,0
VPS25,6.2883,8.3862,0.75,-0.176,0.48502332,0.22956357,0.86527396,0.60164357,0.39511459,0
CRNKL1,3.7003,4.5828,0.807,-0.269,0.01173247,0.0662689,0.35266866,0.20613999,0.39531998,1
IRF1,33.2744,65.0636,0.511,-0.425,0.00047665,0.0044176,0.00780443,0.83750782,0.39556099,3
IFIH1,9.833,11.0553,0.889,-0.135,0.02988091,0.35490033,0.03446721,0.69133573,0.39647491,2
DRD5,2.8205,2.0189,1.397,0.251,0.00495408,0.0861701,0.04974758,0.65123214,0.39681403,2
EPC1,15.0068,14.9778,1.002,0.002,0.6292803,0.99021698,0.71960709,0.31330231,0.39704697,0
SLC19A2,1.2913,1.2072,1.07,0.066,0.73452315,0.65062147,0.54200691,0.816179,0.39731778,0
DGAT2,2.3485,6.659,0.353,-0.358,0.0035714,0.01653861,0.12617275,0.57388325,0.39746071,2
ACTR8,5.6314,5.1556,1.092,0.074,0.88684657,0.60854301,0.95686064,0.69133573,0.3975859,0
HEXB,84.3052,112.4241,0.75,-0.323,0.00043131,0.02756088,0.01533493,0.7949782,0.39759294,3
YKT6,1.9868,3.239,0.613,-0.337,0.0055808,0.0218945,0.01301367,0.88048261,0.39762638,3
TRAF1,31.1281,34.4244,0.904,-0.066,0.00622805,0.65110142,0.00274615,0.55520734,0.39762683,2
NSMAF,14.0258,15.9865,0.877,-0.134,0.0345878,0.35641923,0.60905056,0.85894553,0.3977229,1
DROSHA,9.3325,9.6787,0.964,-0.053,0.76477291,0.71424388,0.52263657,0.43290855,0.39775618,0
PDK4,3.6708,5.681,0.646,-0.403,0.00183404,0.00645185,0.34007749,0.34107567,0.39806723,2
HUS1,10.4254,7.8698,1.325,0.134,0.72253457,0.35560363,0.34007686,0.25018521,0.39846583,0
SCPEP1,11.4607,18.5438,0.618,-0.449,6.293e-05,0.00239809,0.03488891,0.94552275,0.39862086,3
VPS26B,6.9825,9.4577,0.738,-0.292,0.00685907,0.04603671,0.16702011,0.816179,0.39885418,2
DTX3L,4.1623,6.5837,0.632,-0.441,0.00014504,0.00289785,0.00851566,0.75300697,0.39904739,3
RNPC3,4.8231,4.8522,0.994,-0.005,0.32703249,0.97150132,0.15383929,0.85894553,0.39940131,0
MPEG1,93.5136,176.4856,0.53,-0.474,2e-08,0.00132553,0.0003845,0.85894553,0.39954847,3
SLC7A6,13.0708,11.4421,1.142,0.097,0.94592654,0.50640476,0.82103882,0.25018521,0.3997726,0
LILRB1,1.9719,5.9958,0.329,-0.414,0.02002076,0.0055375,0.34436072,0.28985331,0.39978238,2
THRAP3,27.4318,38.0321,0.721,-0.353,0.00076299,0.01647486,0.01432697,0.77391449,0.39998922,3
NPRL2,6.7512,8.279,0.815,-0.159,0.9692364,0.27723103,0.19760392,0.98909653,0.40011953,0
STK3,5.2389,6.4692,0.81,-0.256,0.14169775,0.08138291,0.54200691,0.65123214,0.40054228,0
HARS2,4.467,4.7825,0.934,-0.068,0.85960916,0.64073088,0.73067243,0.73226424,0.40078437,0
MSTO1,6.4489,5.4237,1.189,0.212,0.12650956,0.14630018,0.43717118,0.44942115,0.40089638,0
ZNF561,5.8661,5.8877,0.996,-0.003,0.95016185,0.98410142,0.63335779,0.94552275,0.40131414,0
MS4A7,12.0891,16.3126,0.741,-0.184,0.00598092,0.2059096,0.19932026,0.98909653,0.40221252,1
MFN2,16.0222,17.6044,0.91,-0.078,0.00030552,0.59181446,0.02623266,0.53681325,0.40221941,2
ZNF862,6.7909,7.3355,0.926,-0.077,0.04738698,0.59797971,0.17784525,0.48343223,0.40305022,1
POLDIP3,13.1447,17.1448,0.767,-0.351,0.000402,0.0168319,0.00261623,0.385418,0.40306174,3
PI4KAP2,4.6175,4.9541,0.932,-0.06,0.25940182,0.68046516,0.06882677,0.14615654,0.40318076,0
THOC3,5.876,6.0987,0.963,-0.037,0.04679572,0.79646898,0.04225864,0.16766616,0.4033448,2
ATOH8,1.1713,0.9617,1.218,0.132,0.89525516,0.36272373,0.1401377,0.07786913,0.40355699,0
USP30,2.9594,4.9496,0.598,-0.297,0.25552473,0.04426737,0.93337526,0.5928362,0.40394655,1
CD46,20.705,36.4586,0.568,-0.324,0.00083194,0.02902022,0.00454757,0.88048261,0.40411521,3
DNASE1,7.6421,5.1334,1.489,0.232,0.61799185,0.11113813,0.31577014,0.88048261,0.40438636,0
SPDYE7P,1.0513,0.6454,1.629,0.27,0.00857365,0.06484394,0.16617506,0.76695198,0.40440094,1
ZNF592,24.5709,35.6628,0.689,-0.435,1.22e-05,0.00312076,0.00653952,0.67117575,0.40461114,3
RPS6,538.9488,896.9734,0.601,-0.394,0.00090662,0.00781241,0.00420928,0.6120509,0.40471662,3
MFSD11,2.8681,2.8312,1.013,0.011,0.518938,0.93896998,0.2080655,0.50091734,0.40548162,0
RYK,4.3001,5.1155,0.841,-0.188,0.24565412,0.19839872,0.75670691,0.41673557,0.40555451,0
ECHDC2,11.0772,12.1386,0.913,-0.087,0.05398328,0.55038453,0.00307252,0.41673557,0.40658792,1
MSRB2,1.9344,3.0913,0.626,-0.316,0.02264417,0.03156103,0.44299603,0.07756718,0.40675054,2
NDUFB4,24.2573,52.0855,0.466,-0.378,0.00064074,0.01077124,0.23791224,0.73226424,0.40675573,2
P2RX1,9.5168,13.1118,0.726,-0.284,0.00013452,0.0518903,0.00725291,0.46626286,0.40679486,2
CREB3L2,4.509,5.1029,0.884,-0.136,0.10614125,0.35009998,0.29038313,0.370282,0.40697596,0
DUSP23,15.2561,23.9822,0.636,-0.302,0.00295628,0.04034543,0.04641126,0.94552275,0.4072314,3
FKBP4,3.1561,3.9426,0.8,-0.223,0.73853389,0.12933557,0.24783119,0.25018521,0.40751353,0
GIT1,21.8908,26.6966,0.82,-0.221,0.00028139,0.12919488,0.00371526,0.69133573,0.40772684,2
TMOD3,2.8531,3.159,0.903,-0.141,0.04121715,0.33221303,0.48807113,0.31330231,0.40776067,1
ZFP36L1,28.626,47.762,0.599,-0.471,3.14e-06,0.00145454,0.0026589,0.98909653,0.40784959,3
VMAC,2.367,2.3361,1.013,0.009,0.00206101,0.9514807,0.00889248,0.09402198,0.40823706,2
RAP1B,15.6283,15.5982,1.002,0.001,0.35952254,0.99281496,0.05638807,0.227454,0.40824457,0
MAN2B1,119.0525,177.7361,0.67,-0.395,2.5e-07,0.00722175,0.00023026,0.71170446,0.40849938,3
KDM1B,8.3972,12.9519,0.648,-0.396,1.041e-05,0.00703911,0.00322292,0.69133573,0.40853003,3
POMP,5.2542,9.3444,0.562,-0.354,0.01116738,0.01660438,0.21344202,0.40528265,0.40857641,2
ANXA2,237.7785,330.0838,0.72,-0.333,4.4e-07,0.02296511,0.00035011,0.48343223,0.40877079,3
GNA15,9.0588,13.2698,0.683,-0.327,4.01e-06,0.02558873,0.00070344,0.63152163,0.40889028,3
DPY30,3.1935,5.9963,0.533,-0.187,0.76913659,0.20326543,0.61988608,0.58002246,0.40891485,0
ENTPD1,3.8685,6.5517,0.59,-0.398,0.00022628,0.00698687,0.0187428,0.92378602,0.40910108,3
CASP1,50.8372,68.2861,0.744,-0.22,0.00119163,0.13111647,0.11671536,0.816179,0.40914505,1
DDX46,6.2193,6.3444,0.98,-0.025,0.48839845,0.86232609,0.81339834,0.77391449,0.40914775,0
CTSB,1.2733,2.372,0.537,-0.282,0.15977065,0.05647613,0.99019,0.30977518,0.40915025,0
CHST2,7.5486,9.6071,0.786,-0.256,0.00058095,0.07910801,0.00420928,0.51871531,0.40929632,2
CGGBP1,2.0706,2.5099,0.825,-0.231,0.00823118,0.11348803,0.12375421,0.13451295,0.40940267,1
SUMO2,2.6231,4.3361,0.605,-0.346,0.00088951,0.01899303,0.01319492,0.20613999,0.40953476,3
CHMP5,1.8741,3.1763,0.59,-0.327,0.3850984,0.02765147,0.94901907,0.74559149,0.41018294,1
CWF19L1,3.9503,4.7654,0.829,-0.184,0.19384935,0.20798701,0.72697762,0.7949782,0.41022382,0
IL16,135.1604,168.6241,0.802,-0.238,0.00046724,0.103458,0.0016481,0.816179,0.41031948,2
UBE2E1,11.1676,14.081,0.793,-0.151,0.00533455,0.29923801,0.29943851,0.73226424,0.41032543,1
MRPS11,2.5728,3.1668,0.812,-0.101,0.25484949,0.48996145,0.03773025,0.28918736,0.41034681,1
SIGLEC10,16.9011,29.0055,0.583,-0.367,8.79e-05,0.01284459,0.02221459,0.51871531,0.41045624,3
H6PD,11.8744,13.8303,0.859,-0.09,6.26e-06,0.53513381,0.00040663,0.71170446,0.41069216,2
SLC35A4,7.7428,11.4776,0.675,-0.298,1.6e-07,0.04165172,6.06e-06,0.71170446,0.41090086,3
TPT1,10365.1537,10932.1074,0.948,-0.048,0.00112663,0.74124813,0.10463127,0.94552275,0.41091067,1
ODF3B,25.5239,39.7473,0.642,-0.31,0.00044894,0.03509523,0.01231273,0.816179,0.41095243,3
LYPLA1,2.7691,3.5846,0.772,-0.206,0.01022788,0.15899137,0.59533299,0.73226424,0.41185488,1
TNIP1,30.2634,41.4407,0.73,-0.371,5.019e-05,0.01145169,0.00109356,0.6120509,0.41214641,3
PNRC2,0.7046,1.0356,0.68,-0.251,0.01841469,0.08579871,0.01562808,0.96587067,0.41221736,2
AP4B1,4.8774,5.1354,0.95,-0.055,0.07453006,0.70452249,0.27931054,0.11983122,0.4123544,0
DPEP1,0.951,0.8843,1.075,0.06,0.04016118,0.68002218,0.21522597,0.3592411,0.41238299,1
CHD2,13.5976,15.2476,0.892,-0.144,0.09724916,0.32313318,0.06883401,0.50091734,0.41248368,0
ATG13,9.2584,13.2394,0.699,-0.306,0.00869501,0.03677443,0.04587508,0.67117575,0.41257924,3
RHBDD2,45.2594,62.5594,0.723,-0.357,1.612e-05,0.01501658,0.00597898,0.53681325,0.41277685,3
SDHAP1,6.7241,5.4901,1.225,0.188,0.11846112,0.19576921,0.31814823,0.74561537,0.41290106,0
PEBP1,2.636,4.1206,0.64,-0.328,0.19885853,0.0265433,0.75294377,0.71378436,0.41318213,1
FOXJ2,7.3943,11.1933,0.661,-0.361,0.00024089,0.01452419,0.0375127,0.55520734,0.41322911,3
PLXDC2,9.9985,15.2153,0.657,-0.357,0.01255488,0.01533855,0.9138474,0.55520734,0.41353713,2
LCK,69.0804,91.6248,0.754,-0.283,0.00422928,0.05439178,0.00746918,0.385418,0.41387187,2
BOD1,1.3411,1.3195,1.016,0.01,0.90676488,0.94399339,0.74161202,0.74540816,0.41420981,0
NFKBIZ,10.7682,14.6754,0.734,-0.365,0.00643233,0.01304908,0.10675124,0.90209945,0.41423384,2
GM2A,6.7661,7.1804,0.942,-0.059,0.14169775,0.68581381,0.28814531,0.69133573,0.41472732,0
CPSF6,31.1884,26.6401,1.171,0.122,0.03765642,0.40126959,0.23209719,0.73226424,0.41475461,1
MLLT1,13.4935,16.9046,0.798,-0.237,0.00195325,0.10413869,0.0062536,0.16766616,0.41479687,2
UBXN2B,3.354,3.7181,0.902,-0.067,0.31407182,0.64682432,0.18424963,0.83750782,0.41486664,0
PPP3CB,6.1746,7.0283,0.879,-0.153,0.02774152,0.29493202,0.08977836,0.29995754,0.41492839,1
SH3RF3,2.147,1.9962,1.076,0.045,0.6198671,0.75992415,0.82869632,0.31330231,0.41515531,0
SYTL4,1.5184,1.0142,1.497,0.298,0.04917642,0.04174354,0.4652243,0.72413736,0.41524518,2
WDFY3,10.7565,16.6647,0.645,-0.381,0.00089803,0.00988675,0.14013821,0.48343223,0.41525878,2
HBA2,2550.1854,5632.0459,0.453,-0.172,0.84292809,0.24258931,0.61249754,0.18622027,0.4155488,0
STIM2,5.0274,5.3748,0.935,-0.108,0.11752474,0.45767848,0.49116165,0.69133573,0.41563233,0
SLC25A38,4.2779,5.468,0.782,-0.262,0.03839658,0.07450725,0.14414618,0.5928362,0.41569326,1
DDB2,11.7517,13.6134,0.863,-0.116,0.32966462,0.42575677,0.95686064,0.96729961,0.41583078,0
ITM2C,5.8903,8.5684,0.687,-0.298,0.00051608,0.04255579,0.02054822,0.27434987,0.41600449,3
DCUN1D2,1.7947,1.2327,1.456,0.167,0.43971241,0.24965865,0.48805127,0.47192844,0.41615024,0
AMBRA1,15.1056,16.2613,0.929,-0.101,0.01946164,0.48558882,0.00769121,0.35550187,0.41625226,2
HERC2P3,0.3108,0.3235,0.961,-0.019,0.83860573,0.89527425,0.88647807,0.70307746,0.41629678,0
GPATCH1,2.599,3.1581,0.823,-0.198,0.83149939,0.17654956,0.63335602,0.35550187,0.41637085,0
ZNF267,9.6818,12.4321,0.779,-0.25,0.22980325,0.08882475,0.2971666,0.83750782,0.41660899,0
PCBP1,162.7101,251.8621,0.646,-0.452,3.35e-06,0.00218584,0.00292854,0.83750782,0.41671656,3
ARPC3,20.2349,40.0921,0.505,-0.463,0.00025639,0.00196545,0.03404987,0.94552275,0.41675711,3
CPPED1,10.1428,22.8632,0.444,-0.369,0.0019886,0.01315087,0.08885184,0.50091734,0.41682215,2
PTTG2,6.5594,5.1191,1.281,0.164,0.04768398,0.2611734,0.24184319,0.27434987,0.41709127,1
CLDN15,3.4634,3.4395,1.007,0.003,0.34974551,0.98525151,0.91375591,0.40363189,0.41719092,0
CNOT3,4.368,4.3516,1.004,0.002,0.00499363,0.98791904,0.06372968,0.26208651,0.41719253,1
IQCE,5.8269,7.1536,0.815,-0.199,0.08649333,0.17357876,0.58179142,0.16766616,0.41743094,0
PELI1,4.4108,8.6775,0.508,-0.339,0.01851336,0.0223985,0.11786616,0.71170446,0.41749017,2
PGAM1,5.3067,9.2911,0.571,-0.407,0.00598092,0.00595885,0.25597208,0.370282,0.4176463,2
STIM1,21.3023,25.1549,0.847,-0.213,0.00283077,0.14528376,0.02590269,0.67117575,0.41775742,2
ZFX,5.862,4.8643,1.205,0.206,0.17284814,0.15859261,0.65806741,0.29995754,0.41793927,0
LRRC8D,12.7767,19.4375,0.657,-0.457,3.167e-05,0.00196852,0.03048439,0.94552275,0.41848658,3
PPA1,3.0973,4.5117,0.687,-0.32,0.39766639,0.03072962,0.89437087,0.63152163,0.4185278,1
EID3,1.8338,1.3458,1.363,0.252,0.04505571,0.0835828,0.31103645,0.98909653,0.41856356,1
RSRC2,5.6803,6.2068,0.915,-0.083,0.80772278,0.57058297,0.18264128,0.41673557,0.4187053,0
MAP3K7,8.8088,9.759,0.903,-0.095,0.00675006,0.51453833,0.02936945,0.7949782,0.41950338,2
MFSD5,7.3998,10.3292,0.716,-0.294,0.0003384,0.04471074,0.03010877,0.44942115,0.41977174,3
SNTB2,5.0563,3.3185,1.524,0.098,0.63875412,0.49761056,0.96469851,0.35550187,0.41987217,0
CPSF7,9.904,12.6787,0.781,-0.266,0.0345878,0.06949225,0.06235457,0.34107567,0.42025177,1
PPP2R5B,7.6018,8.946,0.85,-0.114,0.00653671,0.43213028,0.02221459,0.07259907,0.42028302,2
NIP7,3.1316,3.0769,1.018,0.014,0.05879346,0.92253617,0.06374906,0.34107567,0.42028842,0
DHPS,7.3917,11.3887,0.649,-0.241,0.27725888,0.10067182,0.32293952,0.67117575,0.42030263,0
BTF3,70.6188,141.884,0.498,-0.444,7.1e-07,0.00275023,0.00148929,0.69133573,0.42042964,3
FAM107B,9.5789,9.8643,0.971,-0.026,0.23605403,0.8592146,0.98430634,0.88048261,0.42056496,0
THAP7,9.6374,10.6539,0.905,-0.066,0.00308695,0.64984996,0.00851566,0.71170446,0.42120168,2
GPX7,2.9965,3.8945,0.769,-0.192,0.48962516,0.190102,0.39456666,0.37329352,0.4213285,0
RPS28,16.9109,31.2776,0.541,-0.298,7.957e-05,0.04329288,0.02028135,1.0,0.42132977,3
NMUR1,3.9441,5.724,0.689,-0.242,0.00213592,0.09870066,0.00537999,0.816179,0.42138813,2
NUP93,8.6409,7.089,1.219,0.116,0.78309995,0.42386959,0.58179142,0.816179,0.42143444,0
PLBD1,27.9688,58.5482,0.478,-0.459,0.0,0.00187726,5.406e-05,0.63152163,0.42150205,3
TOX,2.5878,2.9499,0.877,-0.132,0.52585608,0.36724895,0.61249754,0.77391449,0.42156904,0
DNAJB11,1.2467,1.4754,0.845,-0.155,0.7607156,0.28996452,0.40593026,0.5630637,0.42175923,0
ATL3,5.2371,7.4587,0.702,-0.386,0.00013745,0.00861608,0.01148319,0.77391449,0.42178455,3
UBA2,8.4469,10.1374,0.833,-0.132,0.01424851,0.36657151,0.32535272,0.7949782,0.42192119,1
SIGLEC7,3.0077,5.3742,0.56,-0.262,0.68979895,0.07450844,0.46435875,0.75601056,0.42198999,0
BZW2,2.8561,3.3755,0.846,-0.166,0.23710324,0.25505015,0.57338639,0.90209945,0.42215791,0
RCBTB2,6.1323,9.984,0.614,-0.359,0.18843127,0.01543113,0.23596257,0.50091734,0.42251459,1
SMARCE1,4.8479,6.093,0.796,-0.268,0.13954776,0.06711339,0.82869632,0.21662026,0.4229391,0
SDF2,3.2971,5.1171,0.644,-0.271,0.20930375,0.06521004,0.09355394,0.56294346,0.42294829,0
NEK4,3.4883,4.4313,0.787,-0.247,0.27961764,0.09287665,0.74551315,0.75300697,0.42326983,0
NIPAL3,5.3784,4.4341,1.213,0.119,0.15513572,0.4128234,0.26429692,0.96729961,0.42335853,0
CLK1,23.4125,32.2073,0.727,-0.356,0.00419394,0.01553793,0.0071469,0.816179,0.423395,3
IVNS1ABP,12.1922,13.8922,0.878,-0.126,0.26910945,0.38744304,0.44299603,0.09402198,0.42343301,0
STOML2,7.776,8.628,0.901,-0.092,0.27725802,0.5301995,0.69765233,0.55520734,0.42351462,0
PTGDR,54.3604,64.3519,0.845,-0.137,0.00151538,0.34739364,0.00095105,0.94552275,0.42376146,2
FLYWCH2,2.3824,3.2874,0.725,-0.153,0.4799755,0.29419798,0.64739609,0.09442612,0.42381908,0
DNAJB6,4.806,6.5613,0.732,-0.266,0.01062898,0.07014005,0.11557341,0.88048261,0.42391726,1
GIMAP6,19.5809,22.8423,0.857,-0.14,0.00221327,0.33416132,0.00191571,0.75300697,0.42428297,2
ARF1,57.5156,92.9764,0.619,-0.397,7.279e-05,0.00710106,0.00969136,0.71170446,0.42428505,3
ZNF79,6.3158,6.5915,0.958,-0.035,0.20502697,0.81153483,0.94511201,0.85894553,0.42446513,0
CD83,2.5339,2.6354,0.962,-0.022,0.41463504,0.88228956,0.6866593,0.68193042,0.42456013,0
NUP160,4.6221,4.9043,0.942,-0.051,0.03436087,0.72802277,0.09747353,0.28697196,0.42457821,1
PARP9,7.2875,9.9716,0.731,-0.289,0.0495061,0.04895538,0.14414618,0.75300697,0.42458087,2
MFSD1,11.73,12.8104,0.916,-0.087,0.00499525,0.54718489,0.22827698,0.55520734,0.42534541,1
SSNA1,12.7855,26.0315,0.491,-0.393,0.00021701,0.0079629,0.0044094,0.75300697,0.42536594,3
PPP1R12B,5.9669,5.5147,1.082,0.069,0.81804032,0.63409695,0.89437142,0.6120509,0.42538729,0
SP4,6.4764,6.095,1.063,0.079,0.55221216,0.58842578,0.60218262,0.53681325,0.42538992,0
NQO2,7.6081,13.3978,0.568,-0.357,0.01877991,0.01582031,0.03842281,0.90209945,0.4256361,3
SEC24A,10.7489,12.5403,0.857,-0.179,0.09886946,0.21963716,0.96861875,0.69133573,0.4259867,0
PMF1,9.5574,11.1506,0.857,-0.107,0.81597423,0.46514511,0.98038364,0.12701804,0.42615421,0
PIP5K1C,16.1229,23.4852,0.687,-0.373,2.7e-07,0.01096618,0.00014683,0.88048261,0.42632661,3
AZI2,3.8047,4.6585,0.817,-0.189,0.95757675,0.1982995,0.88853903,0.4009022,0.42734705,0
HDAC1,12.214,13.0841,0.933,-0.07,0.13742296,0.62832091,0.47886283,0.51871531,0.42738506,0
CASS4,6.3543,12.2768,0.518,-0.351,5.622e-05,0.01815135,0.00018235,0.85894553,0.42747208,3
ST13P4,1.0542,0.7088,1.487,0.317,0.01484956,0.03024649,0.29471356,0.45448023,0.42761515,2
PIK3CG,28.8358,36.0111,0.801,-0.273,0.00013165,0.06158022,0.0009345,0.73226424,0.42772557,2
TMEM168,1.3487,1.209,1.115,0.113,0.73452315,0.43499489,0.62986017,0.85894553,0.42801604,0
PUM1,17.5817,24.5369,0.717,-0.369,0.00076299,0.01198986,0.00941826,0.77391449,0.42801865,3
DCP1A,4.6919,5.2379,0.896,-0.085,0.03152456,0.55783864,0.62288984,0.85894553,0.4285664,1
TBC1D2B,11.8074,13.7301,0.86,-0.143,0.02908708,0.32711081,0.03404987,0.32701011,0.42905246,2
ZMAT5,3.1005,3.8497,0.805,-0.093,0.76603432,0.52391866,0.43531304,0.44621132,0.42918609,0
AHCYL2,3.3813,3.6135,0.936,-0.068,0.12783564,0.63847339,0.10782392,1.0,0.42927672,0
SMARCD2,20.5254,23.3489,0.879,-0.126,0.00351102,0.38638303,0.06734826,0.67117575,0.42984953,1
TOR1B,5.9765,7.7988,0.766,-0.206,0.0359764,0.15959392,0.33021357,0.23864024,0.4300483,1
BCKDHA,8.3792,7.6469,1.096,0.042,0.59936857,0.77119395,0.49736849,0.89898046,0.43013136,0
APPBP2,1.7428,2.3604,0.738,-0.25,0.16664551,0.08783961,0.58010188,0.51871531,0.43086952,0
IRF2,15.554,23.6567,0.657,-0.385,8.986e-05,0.00886062,0.00408049,0.71170446,0.43087445,3
SON,85.2771,108.123,0.789,-0.289,0.00032156,0.04789452,0.00815311,0.816179,0.4308782,3
DYNLL2,0.6696,0.6823,0.981,-0.009,0.6805221,0.94951011,0.49985768,0.76626981,0.43097263,0
NUDT16,4.324,4.3573,0.992,-0.009,0.43345742,0.94810418,0.34507922,0.34107567,0.43099002,0
TPI1,31.0697,55.264,0.562,-0.503,4e-07,0.0006877,0.00143957,0.65123214,0.43165824,3
FAM106A,0.472,0.47,1.004,0.002,0.294975,0.98894941,0.01908752,0.01332636,0.4317478,2
ROCK1,10.7836,10.7987,0.999,-0.003,0.59016682,0.98628305,0.26219842,0.96729961,0.43186488,0
CEP63,1.5903,1.7821,0.892,-0.092,0.6665588,0.53134749,0.55182462,0.04428548,0.43213566,1
TNFRSF10C,8.5217,35.7997,0.238,-0.332,0.00158625,0.02595114,0.01753967,0.6120509,0.43241166,3
MAP4K2,31.9009,41.6231,0.766,-0.252,8.135e-05,0.08393788,0.00091822,0.67117575,0.43251243,2
INPP5K,15.1391,20.0415,0.755,-0.292,0.01200116,0.0468785,0.08885184,0.98909653,0.43271869,2
MIA3,12.2054,13.3107,0.917,-0.116,0.43345742,0.42615659,0.60218262,0.98909653,0.43275922,0
MCOLN3,1.2398,0.9813,1.263,0.259,0.05090984,0.07683003,0.32535272,0.85894553,0.4327862,0
ECHS1,10.0374,14.6495,0.685,-0.327,5.434e-05,0.02584434,0.02936945,0.10635126,0.43302302,3
RNASEK,83.7672,194.2502,0.431,-0.419,1.177e-05,0.00481345,0.01662646,0.51871531,0.43305213,3
GYG1,9.4714,13.2309,0.716,-0.234,0.00028725,0.10796111,0.12862793,0.98909653,0.43397698,1
MSI2,2.8417,2.7092,1.049,0.043,0.57375372,0.76976381,0.11109321,0.370282,0.43397784,0
CPSF3,3.7331,5.4607,0.684,-0.344,0.00363267,0.01924962,0.34257,0.32701011,0.43446017,2
REL,2.362,2.8553,0.827,-0.168,0.21567825,0.25081476,0.69765383,0.98909653,0.43452109,0
BBS9,4.2044,3.7532,1.12,0.144,0.09047166,0.32423245,0.70494459,0.28697196,0.43464915,0
PPP2R5E,3.3995,3.8017,0.894,-0.172,0.03574179,0.23939346,0.16402007,0.57388325,0.434751,1
CCL8,0.6437,0.5251,1.226,0.075,0.04236027,0.60793112,0.06454874,0.67075507,0.43496196,1
CD1D,5.6301,7.0107,0.803,-0.145,2.16e-06,0.31686173,0.00021311,0.88048261,0.43508699,2
PPIB,21.415,53.9626,0.397,-0.423,1.862e-05,0.00439173,0.0071469,0.50091734,0.43518215,3
NAMPT,27.2095,101.7566,0.267,-0.343,0.00088106,0.021507,0.08885184,0.4009022,0.43556517,2
OSGIN2,1.8343,2.1732,0.844,-0.155,0.89315261,0.28887301,0.07749417,0.94552275,0.43562715,0
CAPN5,2.6292,2.347,1.12,0.108,0.19476337,0.45770842,0.04127079,0.77391449,0.43575274,1
DAB2,9.2806,11.2765,0.823,-0.171,0.00876314,0.2410767,0.00644294,0.43290855,0.4357798,2
PCGF5,6.2664,7.7471,0.809,-0.164,0.07760904,0.25915456,0.41431489,0.34107567,0.43579785,0
GLA,2.0954,2.2834,0.918,-0.051,0.50862713,0.72514584,0.09845606,0.83243291,0.4359326,0
RANBP3,16.476,21.471,0.767,-0.285,0.00096896,0.05099306,0.00156685,0.98909653,0.43614646,2
TCEA1,6.8029,7.2484,0.939,-0.05,0.73452315,0.72932761,0.50677068,0.85894553,0.43689352,0
PPM1B,3.6659,4.0455,0.906,-0.078,0.6330596,0.59110889,0.92946426,0.71170446,0.43725531,0
GRAP,5.0024,6.1215,0.817,-0.147,0.04918196,0.31323738,0.26849363,0.21975591,0.43772161,1
TCTN3,6.093,5.8726,1.038,0.029,0.04981523,0.84040895,0.62637083,0.75300697,0.43787158,1
CAMK4,2.9819,3.2506,0.917,-0.045,0.87635312,0.7557517,0.59876179,0.04769022,0.43818634,1
RBL2,47.9399,53.2068,0.901,-0.1,0.02573554,0.4930403,0.39491224,0.73226424,0.43860802,1
ACOT13,0.7847,0.9812,0.8,-0.08,0.00028773,0.58730889,0.00030372,0.08202041,0.43870013,2
APPL1,8.1629,9.5025,0.859,-0.111,0.82424613,0.44857856,0.22450177,0.16766616,0.43879971,0
CLEC16A,12.386,17.0558,0.726,-0.333,0.01015154,0.02414028,0.05090466,0.55520734,0.43886794,2
HSDL2,2.7545,4.3139,0.639,-0.313,0.17750194,0.03380948,0.14549942,0.96729961,0.43900672,1
KLF3,39.1958,35.8861,1.092,0.087,0.09459589,0.54974356,0.0375127,0.1129434,0.43907127,1
SLC12A6,19.3282,29.6035,0.653,-0.37,3.058e-05,0.01174414,0.00454757,0.69133573,0.43923567,3
ABI1,12.0014,15.2741,0.786,-0.178,0.0007062,0.22093927,0.06374906,0.88048261,0.43940539,1
GTF2E2,2.3251,2.6629,0.873,-0.119,0.92477134,0.41644734,0.90214773,0.23056365,0.43963302,0
HM13,28.1243,42.6437,0.66,-0.378,6.92e-06,0.01002662,0.00229677,0.5928362,0.4397999,3
SPG21,11.638,18.6732,0.623,-0.373,1.08e-05,0.01106867,0.01825315,0.51871531,0.43980082,3
GTF2A2,1.8404,3.9153,0.47,-0.358,0.16220381,0.015697,0.9725396,0.45472891,0.43997119,1
MBOAT2,2.4209,10.6004,0.228,-0.276,0.33098614,0.06283883,0.03202739,0.7949782,0.44004034,1
VAMP8,14.769,30.4311,0.485,-0.441,5.95e-06,0.00293951,0.00562973,0.55520734,0.44066729,3
MAPRE2,13.1725,16.6008,0.793,-0.218,0.00516273,0.13567972,0.05767117,0.85894553,0.44073131,1
CMPK1,5.9888,7.8313,0.765,-0.288,0.00463625,0.04917198,0.11331587,0.90209945,0.44079948,2
ZBED5,4.4273,4.9137,0.901,-0.108,0.46046968,0.46019523,0.86334665,0.13451295,0.44086152,0
CYLD,26.9183,31.064,0.867,-0.14,0.09097914,0.33532768,0.23402423,0.5928362,0.44126319,0
CHMP4B,9.8542,17.0955,0.576,-0.379,0.00491335,0.01026287,0.27066116,0.69133573,0.4414295,2
WDR77,4.5844,4.6277,0.991,-0.012,0.21765691,0.93488636,0.33266249,0.370282,0.44154661,0
NCF2,78.7581,160.8694,0.49,-0.466,5e-08,0.00163931,0.00021311,0.5928362,0.44169342,3
DCUN1D3,0.7094,1.0105,0.702,-0.156,0.87216158,0.28826797,0.74551347,0.14231835,0.44276312,0
SNIP1,1.9556,2.1702,0.901,-0.096,0.32506506,0.5086861,0.75296871,0.48343223,0.44289599,0
TMEM167A,0.7481,0.6524,1.147,0.067,0.2737459,0.64556289,0.4607343,0.18622027,0.44299573,0
SNORA68,50.579,31.0172,1.631,0.202,0.06706762,0.16453883,0.81339834,0.03805062,0.44302938,1
ASCL4,0.5392,0.4963,1.086,0.053,0.71676979,0.71570006,0.29377581,0.01479705,0.4430558,1
MBTD1,4.9018,5.4103,0.906,-0.123,0.06989314,0.39714518,0.67235903,0.05510871,0.44366107,0
NDUFAF3,24.5625,41.8021,0.588,-0.397,5.434e-05,0.00730822,0.00179219,0.6120509,0.44366203,3
SLC6A4,1.7936,1.1476,1.563,0.146,0.63483462,0.31448364,0.54176695,0.08274523,0.44377541,0
RNASE3,4.4954,6.6642,0.675,-0.153,0.06972363,0.29434375,0.11023147,0.91825573,0.44381317,0
TMX2,13.5757,17.6631,0.769,-0.299,0.04255614,0.04176498,0.06166685,0.816179,0.44389159,2
APOBEC3F,9.2381,8.3972,1.1,0.089,0.22468493,0.54051463,0.13751424,0.73226424,0.44436191,0
S100A8,171.5579,594.6959,0.288,-0.392,6.02e-06,0.00878729,0.00683715,0.92378602,0.44483712,3
CYP27A1,11.8086,21.7512,0.543,-0.387,0.01293649,0.00911391,0.30174732,0.90209945,0.44490681,2
BUB3,17.4904,14.4711,1.209,0.147,0.68894396,0.31348667,0.40871625,0.5928362,0.44498918,0
IK,15.3464,19.1118,0.803,-0.333,0.04650242,0.02357982,0.21708566,0.77391449,0.44512865,2
MYO1G,82.7274,112.6407,0.734,-0.355,1.953e-05,0.01534161,0.001172,0.98909653,0.44570315,3
POLR2E,8.9068,13.4795,0.661,-0.361,0.00077784,0.01443317,0.01825315,0.26208651,0.44599645,3
ATIC,13.1591,14.9224,0.882,-0.185,0.06948361,0.20421092,0.06098541,0.13451295,0.44605064,0
CMKLR1,3.3243,3.0732,1.082,0.044,0.19476337,0.75958153,0.47277707,0.15044329,0.44631015,0
SLAIN1,4.3004,4.7442,0.906,-0.121,0.50185057,0.40591093,0.96077908,0.71170446,0.4466438,0
KCNQ1,22.0306,31.5749,0.698,-0.292,3.27e-06,0.04576697,5.406e-05,0.67117575,0.44669516,3
KHNYN,10.674,11.8113,0.904,-0.104,0.02256537,0.47285947,0.0316355,0.83750782,0.44701584,2
CBWD5,1.6912,1.3062,1.295,0.224,0.03435927,0.12542992,0.22077079,0.43786601,0.44705321,1
TBC1D14,24.3942,36.2771,0.672,-0.366,0.00017762,0.01296986,0.01618571,0.98909653,0.44719707,3
RRAGC,2.4309,3.574,0.68,-0.232,0.00896371,0.11286207,0.60214283,0.72436045,0.44778431,1
CSTB,36.1009,72.6063,0.497,-0.388,4.4e-07,0.00879026,0.00034359,0.63152163,0.44827067,3
LCLAT1,2.3964,2.6107,0.918,-0.041,0.03277942,0.77864745,0.02395681,0.13124415,0.44829175,2
RASA4,3.9725,5.088,0.781,-0.171,0.05202264,0.24028673,0.1925175,0.18025959,0.44839599,0
GOLGA5,2.5986,3.17,0.82,-0.193,0.17537618,0.18600987,0.30174732,0.73226424,0.44858083,0
PDIA3,18.703,24.7913,0.754,-0.285,0.00079295,0.05159091,0.00955394,0.92378602,0.44872013,2
LRCH1,3.7167,4.0722,0.913,-0.112,0.1779317,0.43968246,0.24382942,0.69133573,0.44887985,0
TRAM1,18.0702,25.2255,0.716,-0.29,0.00019128,0.0474242,0.03842382,0.26208651,0.44896118,3
TRERF1,9.7515,9.408,1.037,0.033,0.05915026,0.81993207,0.07034658,0.46626286,0.4490272,0
USP10,10.8405,12.5756,0.862,-0.179,0.10329576,0.21939335,0.60218262,0.50091734,0.44948783,0
AP2S1,18.1941,35.521,0.512,-0.393,2.817e-05,0.00800256,0.00087094,0.88048261,0.44956138,3
ABHD5,2.383,3.8853,0.613,-0.33,0.0345878,0.02572477,0.27280657,0.57388325,0.44960426,2
TTC39C,8.6776,9.0748,0.956,-0.044,0.36231866,0.76506898,0.78680072,0.6120509,0.45014959,0
MPV17L2,7.1865,8.8544,0.812,-0.152,0.00128371,0.29570402,0.06734826,0.12701804,0.45020262,1
SLC29A3,6.7624,9.0858,0.744,-0.303,0.00015633,0.03829187,0.00736033,0.48343223,0.45059728,3
ARFIP2,7.4363,7.1298,1.043,0.035,0.82424613,0.81124821,0.17006121,0.05913774,0.45061982,0
TRAPPC9,18.0008,21.4756,0.838,-0.191,0.02699699,0.18970691,0.03363686,0.41673557,0.45070805,2
SHKBP1,114.0567,182.4988,0.625,-0.428,4.17e-06,0.00373568,0.00156685,0.69133573,0.45072531,3
GIMAP2,10.3545,11.8295,0.875,-0.112,0.58102171,0.44140201,0.46372881,0.94552275,0.4507888,0
STAT3,25.3651,37.4084,0.678,-0.357,0.00250466,0.01557428,0.06958692,0.63152163,0.45110752,2
CBL,26.5746,44.0386,0.603,-0.392,7e-06,0.00771162,0.0008114,0.65123214,0.451281,3
PGM2,6.3548,8.762,0.725,-0.31,0.02755374,0.03499495,0.06304863,0.90209945,0.45134658,2
FCGR2C,34.2193,50.7624,0.674,-0.297,0.04592047,0.04422253,0.22263099,0.50091734,0.45139626,2
CERK,14.1483,17.1914,0.823,-0.223,0.01798993,0.12687828,0.03404987,0.85894553,0.45140835,2
TOMM20,5.9407,8.217,0.723,-0.208,0.0048327,0.1551403,0.21708566,0.83750782,0.45176562,1
XBP1,17.597,21.6071,0.814,-0.215,0.06786515,0.14202422,0.01197475,0.6120509,0.45179768,1
EIF4G1,39.5269,50.8941,0.777,-0.32,0.00013598,0.02867213,0.00170441,0.43290855,0.45185381,3
RAB40C,3.5034,3.9139,0.895,-0.103,0.13153796,0.47880041,0.26429692,0.28697196,0.45224536,0
JUND,25.7971,35.5902,0.725,-0.291,6.656e-05,0.04632522,0.00839324,0.75300697,0.45229051,3
OTUB1,28.1718,45.1303,0.624,-0.382,0.00049109,0.00988047,0.00997149,0.92378602,0.45234859,3
ANAPC7,2.8243,3.7685,0.749,-0.297,0.03965764,0.04287316,0.11671536,0.5928362,0.45237402,2
ATF7,3.5342,4.5584,0.775,-0.244,0.01155564,0.09466494,0.15526139,0.39739203,0.45243114,1
SEC31A,25.053,31.634,0.792,-0.296,0.02272333,0.04376854,0.17784525,0.65123214,0.45249677,2
RNF114,14.8576,19.0394,0.78,-0.229,0.00869501,0.11748613,0.08171403,0.92378602,0.4525032,1
RAC1,6.4484,11.7804,0.547,-0.424,0.00027565,0.0043529,0.03086403,0.67117575,0.45265863,3
CREBBP,117.1487,140.2996,0.835,-0.187,0.00029931,0.19919728,0.00241213,0.34107567,0.45270393,2
CTSD,85.2261,142.7443,0.597,-0.455,5.8e-07,0.0020113,0.00091822,0.96729961,0.45288435,3
GRAMD1B,7.5299,7.1656,1.051,0.04,0.2679588,0.78112972,0.94511201,0.370282,0.4529227,0
KLC1,6.8086,7.4409,0.915,-0.083,0.12003916,0.5695227,0.1004917,0.63152163,0.45342109,0
FAS,4.6413,5.9538,0.78,-0.17,0.84292809,0.24664508,0.7830205,0.85894553,0.45343951,0
TRIT1,1.1971,1.7457,0.686,-0.219,0.05703235,0.13471791,0.07667034,0.70331591,0.4538303,0
RNASE6,7.0422,12.8728,0.547,-0.436,6.845e-05,0.00317345,0.05450805,0.53681325,0.45421103,2
PRKAR2A,3.0859,4.071,0.758,-0.259,0.0048327,0.07715622,0.00537999,0.96729961,0.45422359,2
N4BP2L2,9.9886,12.6246,0.791,-0.168,0.71457985,0.2532393,0.36295233,0.23864024,0.45429654,0
MYL6,86.8591,175.1087,0.496,-0.469,4.529e-05,0.00165632,0.00915204,0.73226424,0.45436809,3
CAST,22.6398,31.9152,0.709,-0.424,0.00316783,0.00407486,0.20984744,0.5928362,0.45474873,2
PCMT1,8.8929,15.7769,0.564,-0.342,0.09618065,0.02063737,0.70494459,0.21662026,0.45512257,1
CITED2,6.6035,8.1733,0.808,-0.209,0.00363273,0.15272453,0.08433418,0.67117575,0.45536131,1
MEF2B,2.1462,2.5321,0.848,-0.09,0.87505621,0.53810214,0.7548467,0.65592245,0.45586549,0
TRAFD1,10.476,15.2298,0.688,-0.409,0.0011057,0.00560002,0.06304863,0.816179,0.45616264,2
NDUFC1,6.1368,9.0383,0.679,-0.285,0.00047191,0.05224623,0.0316355,0.38957249,0.45617082,2
REV1,6.904,7.383,0.935,-0.079,0.6198671,0.58783624,0.85948232,0.6120509,0.4564273,0
FAM168A,3.4924,4.4987,0.776,-0.163,0.12194667,0.26361347,0.94119678,0.48343223,0.45644691,0
MKNK1,10.3065,13.9227,0.74,-0.301,0.02503785,0.04024127,0.1468666,0.816179,0.45646484,2
SLC16A5,21.7616,26.008,0.837,-0.107,3.64e-05,0.45990997,0.00167604,0.77391449,0.45668851,2
RNF149,80.6701,103.8848,0.777,-0.126,0.00013452,0.38975112,0.00208108,0.57388325,0.45673411,2
SASS6,2.6515,2.5348,1.046,0.046,0.05464965,0.75393889,0.16106081,0.34107567,0.45692924,0
CCDC6,3.8318,4.2948,0.892,-0.091,0.00250466,0.53188106,0.08085546,0.88048261,0.45702196,1
PINK1,4.8929,11.5934,0.422,-0.395,6.5e-06,0.00804332,0.00047157,0.816179,0.45711724,3
IL1R2,3.649,7.3934,0.494,-0.289,0.49676032,0.0509198,0.76794134,0.62152367,0.45725034,0
CD58,5.4527,9.0345,0.604,-0.4,0.01446045,0.0070081,0.33266249,0.92378602,0.45751073,2
IGF2BP2,3.2944,2.842,1.159,0.105,0.9395765,0.46909104,0.77171088,0.05129462,0.45773844,0
APOBEC3C,7.1692,10.7434,0.667,-0.411,0.00200649,0.00541302,0.12255859,0.98909653,0.4579305,2
PYGB,20.7172,21.5459,0.962,-0.031,0.00947116,0.83017482,0.02399726,0.90209945,0.45816889,2
PDIA4,12.855,17.0823,0.753,-0.338,0.00024341,0.02118025,0.00395528,0.98909653,0.45827939,3
ZDHHC5,19.1216,24.3693,0.785,-0.209,0.00136962,0.1523096,0.14280054,0.44942115,0.4587504,1
NRTN,0.8528,0.3827,2.228,0.156,0.36103859,0.28294701,0.43289166,0.30223992,0.45925329,0
RFXANK,18.8658,19.4552,0.97,-0.024,0.02352767,0.8683874,0.23209719,0.6120509,0.45944131,1
RANBP2,10.8178,12.5476,0.862,-0.224,0.23605403,0.12609699,0.20104747,0.55520734,0.45950069,0
MYL4,1.8839,1.6731,1.126,0.056,0.00026863,0.70022951,0.0153129,0.18921083,0.4597145,2
ADNP,6.743,8.4099,0.802,-0.264,0.01121114,0.07086499,0.29263261,0.57388325,0.4600213,1
ACP1,6.5897,6.3239,1.042,0.045,0.90367633,0.75461144,0.43426338,0.85894553,0.46004416,0
SSH2,49.4614,83.8115,0.59,-0.417,1.191e-05,0.00478623,0.0044094,0.69133573,0.46005223,3
VPS18,13.9137,17.7446,0.784,-0.277,0.00016141,0.0582202,0.00179219,0.55520734,0.46050313,2
CYB5R1,9.7852,13.6683,0.716,-0.309,0.00890084,0.03571114,0.0651692,0.71170446,0.46070783,2
INTS9,6.3587,7.9438,0.8,-0.273,0.07366878,0.06294183,0.1122002,0.73226424,0.46077908,0
FECH,3.6705,3.9407,0.931,-0.032,0.67722659,0.82623159,0.94902638,0.10004523,0.46092571,0
ANXA3,2.2963,3.2974,0.696,-0.198,0.31662797,0.17868463,0.93728521,0.85450666,0.46128037,0
MRPL21,6.8042,10.2278,0.665,-0.32,0.12353752,0.02961766,0.70493175,0.67214513,0.4613543,1
ORAI1,5.9681,7.052,0.846,-0.102,0.00191849,0.48097694,0.00983053,0.12701804,0.46138353,2
TNFRSF10B,12.9573,18.5472,0.699,-0.334,1.29e-06,0.02263581,0.00010877,0.98909653,0.46152377,3
TIRAP,4.301,4.7546,0.905,-0.105,0.05012597,0.4706203,0.2080655,0.96729961,0.46158491,0
IFITM2,479.0841,1830.5473,0.262,-0.355,0.00027001,0.01750125,0.12739574,0.50091734,0.46166502,2
BCL2A1,6.254,15.0699,0.415,-0.319,0.06627541,0.03137376,0.05481455,0.69133573,0.46167389,1
ATP6V1E1,3.8373,4.2316,0.907,-0.092,0.85543271,0.52686107,0.8095847,0.41673557,0.46192911,0
CR1,16.0816,23.7844,0.676,-0.313,0.00524836,0.03343218,0.04695502,0.73226424,0.46213465,3
FCER1G,103.3346,231.0698,0.447,-0.442,1.8e-07,0.00289936,0.00075565,0.6120509,0.46218601,3
GOLGA1,2.4789,2.5352,0.978,-0.026,0.90578419,0.85858753,0.02279558,0.67117575,0.46270625,1
MAST2,7.2289,7.4988,0.964,-0.041,0.42878751,0.77707347,0.82486548,0.34107567,0.46284522,0
DNAJC16,1.6712,1.9432,0.86,-0.132,0.58650082,0.36732176,0.38676685,0.14231835,0.46317444,0
DDX47,4.7273,5.482,0.862,-0.127,0.71060709,0.38664154,0.18917272,0.75632854,0.46330567,0
ASXL1,22.5437,27.7875,0.811,-0.213,0.02103747,0.14508275,0.03574554,0.385418,0.46330932,2
CHRAC1,2.0124,2.3948,0.84,-0.103,0.00435286,0.47897955,0.287175,0.46303764,0.46359666,1
MKRN2,5.5109,6.8491,0.805,-0.249,0.19568055,0.09006903,0.39765026,0.94552275,0.46387567,0
BLVRA,6.284,10.5807,0.594,-0.436,0.00047192,0.00318032,0.01180886,0.67117575,0.46401853,3
UBE2L3,5.7932,7.6346,0.759,-0.185,0.10385995,0.20407247,0.89437142,0.92378602,0.46416075,0
CREB3,4.8342,5.3316,0.907,-0.089,0.00680437,0.54020832,0.03935367,0.28697196,0.46427329,2
COPB1,13.9332,15.5707,0.895,-0.12,0.17537618,0.41031611,0.83253123,0.85894553,0.464675,0
VAMP1,0.8099,0.6292,1.287,0.16,0.34036971,0.27164996,0.68926463,0.40007133,0.46499742,0
TIA1,5.9027,5.9407,0.994,-0.006,0.11322417,0.96880093,0.29038313,0.43290855,0.46500777,0
CD2,40.9359,41.1011,0.996,-0.004,0.28798148,0.9797318,0.3302142,0.370282,0.46516583,0
TMSB10,310.352,544.7528,0.57,-0.355,7.45e-06,0.01628835,0.00037738,0.94552275,0.46550275,3
CLEC2B,6.4475,12.5453,0.514,-0.37,0.07627719,0.01281993,0.32777698,0.90209945,0.46555695,1
SNX12,5.0237,5.3276,0.943,-0.041,0.15168243,0.77871164,0.53227499,0.31659015,0.46556312,0
DHX36,6.2839,6.0186,1.044,0.067,0.63685457,0.644839,0.7086002,0.11983122,0.46610853,0
COX15,2.2303,2.2956,0.972,-0.024,0.24135413,0.86655317,0.98430634,0.41673557,0.46618282,0
RNF170,2.1472,2.619,0.82,-0.108,0.37363881,0.46062195,0.00253276,0.53681325,0.46623302,1
PPP2R5D,8.1494,12.534,0.65,-0.441,0.00048623,0.0028637,0.01924391,0.23864024,0.46627257,3
ZDHHC2,3.4605,5.0072,0.691,-0.239,0.33363815,0.10475285,0.84405874,0.77391449,0.46627742,0
AP3M2,1.9423,1.7382,1.117,0.105,0.49173934,0.47211269,0.29489125,0.20935994,0.46640333,0
SPTLC1,3.8115,3.846,0.991,-0.007,0.66076547,0.96080318,0.77547436,0.63152163,0.46663602,0
THAP5,5.8712,5.2335,1.122,0.099,0.25000734,0.49512069,0.44592441,0.46626286,0.46664975,0
PDE7A,4.3448,4.6439,0.936,-0.052,0.2725817,0.72442163,0.28370464,0.83750782,0.46665051,0
BOK,2.2185,1.6069,1.381,0.168,0.28790349,0.24846892,0.45768022,0.48941717,0.46686144,0
ARPC4,30.9894,50.9957,0.608,-0.421,2.987e-05,0.00439568,0.00354403,0.88048261,0.46720442,3
IREB2,6.5475,6.9607,0.941,-0.068,0.69482959,0.63909157,0.56504931,0.98909653,0.46721842,0
GATM,1.4918,1.5121,0.987,-0.008,0.20122615,0.9567968,0.55839997,0.81049051,0.46791852,0
CEPT1,5.3747,7.0504,0.762,-0.198,0.51377972,0.17737902,0.77171059,0.16766616,0.46858154,0
SNX5,7.7215,10.6915,0.722,-0.326,0.01533627,0.02671253,0.22827698,0.90209945,0.46861834,2
PRDX6,56.0071,71.5981,0.782,-0.207,0.00342219,0.1570811,0.03618053,0.63152163,0.46904689,2
NCOA6,12.1858,16.723,0.729,-0.323,0.00188429,0.02748978,0.06661534,0.5928362,0.46905654,2
RNF44,37.3305,45.6972,0.817,-0.202,0.00062223,0.16618589,0.00091822,0.65123214,0.46915199,2
IFI16,22.1948,25.8524,0.859,-0.156,0.95439855,0.28757196,0.38947052,0.67117575,0.46934009,0
MAPK3,21.1813,32.6153,0.649,-0.358,0.0001156,0.01476276,0.01432697,0.816179,0.46935899,3
ZNF266,4.7235,4.3267,1.092,0.092,0.43345742,0.52538389,0.70494459,0.73226424,0.46996174,0
RPL14,113.7562,226.5949,0.502,-0.376,0.02793039,0.01167987,0.23987326,0.88048261,0.47051405,2
LIMK1,45.3331,53.7837,0.843,-0.131,1.953e-05,0.36599097,0.00065468,0.35550187,0.47060963,2
TMBIM6,24.8493,41.1311,0.604,-0.39,0.00392071,0.00858836,0.03888638,0.88048261,0.47079976,3
CFLAR,30.3523,48.729,0.623,-0.362,0.01182146,0.01455336,0.03574554,0.816179,0.47117512,3
PGPEP1,4.7228,7.2154,0.655,-0.301,0.00529165,0.0407889,0.03010877,0.65123214,0.47123331,3
CYSLTR1,1.4099,1.4646,0.963,-0.032,0.74858955,0.82674882,0.57004705,0.94377386,0.47123758,0
FBXO32,3.7716,3.8246,0.986,-0.011,0.16950933,0.93970103,0.21983976,0.5073575,0.47143729,0
BTF3L4,1.9255,1.6944,1.136,0.096,0.16690158,0.51054836,0.25174258,0.3163469,0.47151221,0
MTMR1,5.9832,6.0567,0.988,-0.011,0.10671774,0.93873113,0.22077139,0.96729961,0.47195918,0
ZFAND3,7.6633,11.146,0.688,-0.357,0.00020163,0.01498894,0.00588988,0.370282,0.47222094,3
TPD52L2,6.9229,10.2352,0.676,-0.339,0.00170601,0.0210154,0.02054822,0.77391449,0.4722338,3
ITGA4,33.5429,40.7542,0.823,-0.198,0.01236785,0.17561513,0.02192895,0.816179,0.47255881,2
GPAA1,26.8667,31.1388,0.863,-0.145,0.00487289,0.31740667,0.03446721,0.09402198,0.47286636,2
ATP6AP2,14.4895,17.4691,0.829,-0.16,0.03965764,0.27375729,0.38676685,0.98909653,0.47323857,1
LIN7A,4.0421,4.2709,0.946,-0.029,0.28080244,0.84019881,0.01164501,0.57388325,0.47332493,1
DECR1,9.8828,15.9599,0.619,-0.375,0.00876314,0.01138849,0.13882145,0.816179,0.47343689,2
TAF6,10.8616,11.8799,0.914,-0.106,0.02288226,0.4657316,0.09260467,0.28697196,0.47371678,1
PRPF38B,10.0301,10.3749,0.967,-0.039,0.19938093,0.78650416,0.01492449,0.10004523,0.47378302,1
DDI2,14.9889,18.1149,0.827,-0.162,0.00195325,0.26502401,0.01432697,0.50091734,0.47389787,2
DDIT3,3.136,4.1137,0.762,-0.178,0.04029403,0.22295717,0.01634101,0.83229361,0.47409901,2
MAD2L1BP,5.0077,5.7218,0.875,-0.102,0.11082294,0.48272755,0.98038364,0.67117575,0.4742689,0
STRN4,33.7545,43.0072,0.785,-0.248,6.364e-05,0.08947654,0.00085568,0.92378602,0.47449337,2
CLEC4E,6.7939,11.6185,0.585,-0.398,0.00034536,0.00727863,0.06374906,0.370282,0.47465732,2
SUPT5H,33.008,36.7347,0.899,-0.149,0.02591256,0.30635803,0.00644294,0.06787552,0.47484633,2
ACTR1A,13.6509,19.3116,0.707,-0.352,0.00999669,0.0166397,0.23209719,0.370282,0.47484934,2
PDZD8,5.6864,7.1179,0.799,-0.176,1.378e-05,0.22593339,0.00053621,0.46626286,0.47485326,2
AGTPBP1,14.1235,20.632,0.685,-0.333,0.01456746,0.02390259,0.16551498,0.73226424,0.47493336,2
TSG101,11.353,16.85,0.674,-0.378,0.00124844,0.01024452,0.04127079,0.63152163,0.47525038,3
ZMYM6,5.0401,4.9264,1.023,0.023,0.54159213,0.87285143,0.30174669,0.92378602,0.47591907,0
TP53BP2,7.5795,8.2116,0.923,-0.086,0.02133563,0.55252787,0.52905363,0.48343223,0.47604166,1
ATP8B1,6.5067,6.7137,0.969,-0.046,0.73853389,0.75268237,0.94511201,0.75300697,0.47645898,0
ARG1,2.2755,1.769,1.286,0.196,0.279617,0.17803316,0.41150869,0.77391449,0.47665886,0
DUSP1,17.914,35.9841,0.498,-0.419,2.595e-05,0.0048035,0.01337792,0.44942115,0.47675708,3
SYNE2,24.8467,24.1217,1.03,0.048,0.84292809,0.74348602,0.94119831,0.5928362,0.47695643,0
DENND1A,15.2808,22.8251,0.669,-0.338,1.672e-05,0.0213311,0.00683715,0.77391449,0.47711616,3
AKR7A2,9.6579,12.1051,0.798,-0.127,0.12454054,0.38336283,0.21708566,0.7949782,0.47759176,0
WDR41,9.3864,12.488,0.752,-0.319,0.00810279,0.02987381,0.2971666,0.5928362,0.47768378,2
TMEM120A,12.6716,20.5476,0.617,-0.294,0.00105493,0.04484385,0.01512835,0.90209945,0.47777559,3
SFPQ,20.1381,25.2552,0.797,-0.293,0.0061779,0.04590626,0.02623266,0.69133573,0.47793243,3
LRBA,16.1829,16.6498,0.972,-0.029,0.37221194,0.84128574,0.77171088,0.11983122,0.47813423,0
IRF5,23.4051,37.1349,0.63,-0.434,4.1e-07,0.00319491,0.00045448,0.98909653,0.47820559,3
USP11,16.4283,16.7024,0.984,-0.02,0.33231086,0.88833595,0.27066179,0.5928362,0.47828224,0
IQGAP1,29.2332,49.2584,0.593,-0.438,0.00018728,0.00313392,0.04276003,0.6120509,0.47841052,3
PIK3CA,7.7726,7.6077,1.022,0.026,0.56833116,0.85633891,0.10568704,0.816179,0.4784157,0
SSR3,12.5426,13.6278,0.92,-0.095,0.09047166,0.51365052,0.85176385,0.83750782,0.47850817,0
SMURF1,2.8961,3.177,0.912,-0.112,0.27961785,0.44076359,0.40039969,0.77391449,0.47893846,0
MPV17,7.2308,8.7493,0.826,-0.169,0.41647841,0.24660412,0.44299603,0.41673557,0.47933975,0
RAB27A,1.663,2.8017,0.594,-0.366,0.00709853,0.01320599,0.03747165,0.25908823,0.47942505,3
HTRA2,7.6899,7.1743,1.072,0.068,0.5451209,0.64093159,0.30174732,0.48343223,0.4795286,0
RPL19,1169.1312,2066.4187,0.566,-0.37,3.167e-05,0.01227606,0.00483572,0.88048261,0.47960863,3
SIGLEC1,10.4507,9.4755,1.103,0.038,0.15206888,0.79460753,0.61249754,0.6120509,0.4796923,0
GMPR,6.0625,7.0177,0.864,-0.146,0.46370834,0.31703519,0.69401885,0.4009022,0.47970064,0
VCP,14.7094,18.0128,0.817,-0.239,0.00173723,0.10198226,0.0082724,0.96729961,0.4799357,2
STAMBPL1,3.2383,2.9668,1.091,0.071,0.35952169,0.62735276,0.46372823,0.6120509,0.47995056,0
ZNF655,8.1079,9.5047,0.853,-0.247,0.06244295,0.09094585,0.4607343,0.92378602,0.48092699,0
PRPF4B,5.6434,5.453,1.035,0.051,0.40438029,0.72818119,0.26219842,0.07756718,0.48103771,0
FUT11,3.1458,3.4227,0.919,-0.036,0.18780094,0.80474174,0.58972403,0.02481359,0.48118897,1
SMG5,20.5873,25.4874,0.808,-0.263,0.00112663,0.0713527,0.00483572,0.75300697,0.48136247,2
COPS7B,3.2267,2.7778,1.162,0.162,0.20885482,0.26628609,0.5650488,0.98909653,0.48143564,0
TULP4,10.6863,11.9037,0.898,-0.114,0.02133563,0.43142394,0.01640479,0.77391449,0.48146615,2
RASA1,7.2831,7.6076,0.957,-0.037,0.6636604,0.80014105,0.75670691,0.85894553,0.48175567,0
HDDC2,4.9849,5.3574,0.93,-0.055,0.73652762,0.70840804,0.1122002,0.94552275,0.48180618,0
COPE,47.9231,75.5202,0.635,-0.414,2.306e-05,0.0051243,0.00297583,0.98909653,0.48197312,3
RCOR3,11.3425,11.2927,1.004,0.005,0.21865112,0.97043106,0.49426266,0.48343223,0.48221125,0
MCRS1,15.5549,18.7531,0.829,-0.219,0.00360194,0.13355098,0.00983053,0.65123214,0.4823773,2
DMXL2,21.8123,30.3757,0.718,-0.392,0.00180123,0.00775111,0.15526355,0.7949782,0.4823962,2
APOL6,3.5121,4.9337,0.712,-0.201,0.00760697,0.16851033,0.06166685,0.96729961,0.48258568,1
SEL1L3,13.5451,12.6908,1.067,0.075,0.87635312,0.60515954,0.75296996,0.83750782,0.48270506,0
PI3,2.558,10.1699,0.252,-0.291,0.35401844,0.04978623,0.10942325,0.24435164,0.48283378,1
ZNF175,2.0334,1.3723,1.482,0.174,0.14681328,0.2322366,0.18753254,0.53681325,0.48288787,0
NDUFV2,8.3901,14.0543,0.597,-0.367,0.00810279,0.01310019,0.65451369,0.03520522,0.48292998,3
APLP2,19.9154,34.1773,0.583,-0.424,1.395e-05,0.00411331,0.01164501,0.98909653,0.48294457,3
MORF4L2,3.6908,3.4792,1.061,0.054,0.62927878,0.71169104,0.5851655,0.96729961,0.48297396,0
WTAP,7.3355,10.1528,0.723,-0.315,0.01104199,0.03232765,0.08977836,0.370282,0.48351488,2
RNF126,28.9933,36.6311,0.791,-0.277,0.00041018,0.05781668,0.0071469,0.5928362,0.48385353,2
ITGB3,30.5211,43.9541,0.694,-0.21,0.00013894,0.15091236,0.00365737,0.5928362,0.48401603,2
FCHO1,34.2089,42.4565,0.806,-0.28,0.00028431,0.05544035,0.00302382,0.73226424,0.48413711,2
CHST12,28.4499,32.8522,0.866,-0.11,0.02521072,0.45183897,0.12137202,0.7949782,0.48414947,1
CLASP1,10.164,11.4345,0.889,-0.169,0.0740984,0.24765376,0.1794334,0.46626286,0.48436011,0
RNF38,21.891,36.1513,0.606,-0.441,1.93e-05,0.00282625,0.01085567,1.0,0.4847761,3
CDC26,1.0226,1.0336,0.989,-0.005,0.32791707,0.97276493,0.63541511,0.4317403,0.48490704,0
PAPSS1,6.9513,7.7626,0.895,-0.122,0.24782414,0.40415091,0.56172889,0.50091734,0.48505303,0
MS4A6A,100.9887,183.446,0.551,-0.443,1e-08,0.00260381,0.00018235,0.77391449,0.48508469,3
NMT1,15.0017,17.5581,0.854,-0.168,0.09832698,0.2502852,0.43427537,0.94552275,0.48517604,0
KPNA1,5.3068,5.4718,0.97,-0.028,0.68503061,0.84959152,0.54526978,0.29995754,0.48527101,0
PIGL,9.2495,9.8682,0.937,-0.065,0.77901646,0.65726257,0.60218262,0.57388325,0.48533492,0
ADPGK,19.0256,26.5158,0.718,-0.262,2.048e-05,0.07352099,0.00025842,0.92378602,0.4853958,2
PDCD4,6.922,8.0075,0.864,-0.131,0.52239097,0.37106168,0.26219779,0.385418,0.48551573,0
SH3GLB1,3.407,4.4009,0.774,-0.197,0.07071815,0.17622946,0.7754755,0.73226424,0.48554003,0
CXCL8,1.6353,2.3469,0.697,-0.094,0.00701998,0.52244056,0.00475911,0.56300676,0.48580308,2
ZBTB40,8.5026,9.0387,0.941,-0.071,0.01511304,0.62510694,0.00969136,0.816179,0.48582784,2
GDPD3,3.6865,3.8443,0.959,-0.032,0.06339243,0.82585277,0.00458828,0.69273054,0.48589228,1
POLR2F,9.8835,13.993,0.706,-0.257,0.13462882,0.0799933,0.27931054,0.1129434,0.48596481,0
ANAPC4,7.4686,7.2167,1.035,0.049,0.40288295,0.7386147,0.77171088,0.03252987,0.4860452,1
EPS15L1,10.6726,13.1063,0.814,-0.263,0.01685925,0.07308663,0.00725291,0.46626286,0.48628174,2
ATP6V0D1,29.88,58.4934,0.511,-0.433,2.62e-06,0.0034625,0.00225946,0.75300697,0.48632166,3
TMED8,2.3037,2.1669,1.063,0.044,0.6198671,0.76284714,0.0464124,0.13451295,0.48637693,1
DDX20,1.7647,2.0971,0.841,-0.243,0.11689938,0.09691204,0.97253903,0.48343223,0.48637801,0
RAB27B,0.6487,0.485,1.337,0.102,0.97984151,0.48188224,0.58178649,0.88048261,0.48650863,0
LANCL2,1.0639,1.0185,1.045,0.047,0.98832743,0.74851696,0.58178157,0.30957904,0.48662985,0
SAMD4B,21.3521,25.9764,0.822,-0.189,0.00036706,0.19518978,0.00562973,0.43290855,0.48721244,2
WDR44,4.4492,4.8105,0.925,-0.078,0.98620669,0.592562,0.40039969,0.88048261,0.48729605,0
SPRYD3,8.1614,9.2141,0.886,-0.118,0.15982373,0.41996901,0.25803601,0.48343223,0.48735999,0
UTRN,65.1092,67.3677,0.966,-0.045,0.19660089,0.75709944,0.05208296,0.12701804,0.48747439,0
TRIM32,1.9623,1.5665,1.253,0.183,0.1975236,0.20936722,0.47886226,0.98909653,0.48761847,0
APBB1IP,32.4589,55.2366,0.588,-0.392,0.00058095,0.00805627,0.01011425,0.816179,0.48763828,3
ITGAM,86.7001,127.6962,0.679,-0.348,1.5e-07,0.01746311,0.00021311,0.65123214,0.48765502,3
YBX1P2,3.7231,4.0082,0.929,-0.027,0.08265749,0.85593045,0.01231273,0.92378602,0.48774707,1
CNBP,9.6932,15.5643,0.623,-0.38,0.00102552,0.01005559,0.03888638,0.50091734,0.48780672,3
RB1,6.6436,6.1832,1.074,0.133,0.26910945,0.36239707,0.49116165,0.50091734,0.48787557,0
HINT1,103.503,158.1745,0.654,-0.314,0.00546807,0.03313893,0.07749417,0.77391449,0.48806908,2
OPN3,3.3401,4.1608,0.803,-0.152,0.00144741,0.29692906,0.12617077,0.71170446,0.48824964,1
AOC2,2.7339,2.3527,1.162,0.1,0.44843602,0.4921204,0.79627283,0.43788828,0.48855472,0
UBQLN1,15.7768,24.5582,0.642,-0.374,0.000402,0.01109382,0.03202739,0.83750782,0.48866925,3
CNN2,75.6341,111.2852,0.68,-0.343,0.00011943,0.01983681,0.00483572,0.92378602,0.48877861,3
CAB39,7.1847,10.8492,0.662,-0.415,0.01038782,0.00503758,0.42280352,0.51871531,0.48899313,2
SAP30L,1.6967,1.6626,1.021,0.014,0.56283603,0.92217034,0.72682192,0.83750782,0.48899769,0
RHEB,3.5923,4.363,0.823,-0.108,0.59015757,0.46099702,0.1595855,0.19930401,0.48951573,0
TRIM8,31.0889,43.191,0.72,-0.313,6.26e-06,0.03227219,0.00039175,0.67117575,0.49002695,3
RPL15,114.7762,232.9824,0.493,-0.337,0.00029931,0.02278594,0.05702662,0.63152163,0.49011474,2
DYRK2,7.7912,7.9854,0.976,-0.022,0.40288295,0.87732958,0.01452376,0.12701804,0.4903597,1
TOP2B,13.1553,15.3488,0.857,-0.231,0.20982008,0.11592943,0.26219842,0.63152163,0.49037185,0
ARID4A,5.0729,5.0324,1.008,0.01,0.102734,0.94665439,0.49426266,0.28697196,0.49045857,0
TBC1D10A,18.2411,21.3145,0.856,-0.131,0.09047166,0.36954735,0.03048439,0.26208651,0.49046181,1
HDHD2,2.984,3.5645,0.837,-0.154,0.35674002,0.29262413,0.23791224,0.26208651,0.49061413,0
MYO15B,64.0735,68.609,0.934,-0.072,0.01489269,0.61890017,0.00215082,0.46626286,0.49070383,2
NBPF10,11.859,14.3552,0.826,-0.118,0.00327867,0.41617013,0.00401744,0.85894553,0.49077519,2
METAP2,9.3624,7.0521,1.328,0.224,0.84084774,0.1234707,0.27713094,0.48343223,0.49164162,0
SCYL3,3.3368,3.5793,0.932,-0.066,0.97984169,0.65419956,0.2458246,0.05913774,0.49165944,0
FOXK1,13.3936,15.238,0.879,-0.146,0.01851341,0.31582601,0.05638807,0.88048261,0.49204457,1
UTP6,3.1548,3.1013,1.017,0.016,0.30772631,0.91506261,0.65806741,0.17677365,0.49216179,0
USP14,5.4658,7.2742,0.751,-0.322,0.03069329,0.02878596,0.4607343,0.96729961,0.49217127,2
FTH1,393.3413,716.0604,0.549,-0.42,7.4e-07,0.00447954,0.00051695,0.73226424,0.49245282,3
ZNF598,11.3371,12.0257,0.943,-0.064,0.0577338,0.65798559,0.01319492,0.27434987,0.49253551,1
SLC38A2,13.7852,13.8218,0.997,-0.003,0.16787397,0.98098546,0.16853551,0.71170446,0.4928281,0
DPYD,42.3193,53.0799,0.797,-0.244,0.02521072,0.09531348,0.02590269,0.370282,0.49287002,2
WSB2,35.4275,40.8099,0.868,-0.11,0.00036706,0.44828664,0.02164652,0.67117575,0.49321214,2
PRKCZ,6.9377,7.6506,0.907,-0.118,0.22774585,0.42005924,0.18589092,0.55520734,0.49345901,0
PTPMT1,3.2817,4.959,0.662,-0.305,0.00038602,0.03732199,0.0216431,0.35550187,0.49376366,3
CTLA4,1.2075,1.2715,0.95,-0.039,0.96923018,0.7870468,0.46660622,0.17123937,0.49399977,0
DGCR8,6.9092,6.9014,1.001,0.001,0.04477496,0.99329808,0.01949883,0.83750782,0.49409547,2
PVRIG,25.653,37.3154,0.687,-0.27,0.02889148,0.06645314,0.01777473,0.69133573,0.49433225,2
RAB8A,17.4179,31.7432,0.549,-0.416,0.00045344,0.00494435,0.03982546,0.816179,0.49441575,3
EXOC6,5.4207,7.5519,0.718,-0.311,0.16869545,0.03495746,0.16853551,0.67117575,0.49471903,1
PLAGL1,3.1688,3.8313,0.827,-0.184,0.8263172,0.20896489,0.5194431,0.55520734,0.49481481,0
ALOX5AP,25.4483,50.0758,0.508,-0.37,0.00147427,0.01290943,0.09550198,0.31330231,0.49496822,2
SF3B3,16.5336,17.3387,0.954,-0.054,0.102734,0.70916274,0.19251982,0.370282,0.49519946,0
BAZ2A,49.3055,60.8076,0.811,-0.269,0.0002216,0.06586853,0.00302382,0.83750782,0.49530211,2
KLHL2,7.7613,10.1756,0.763,-0.267,0.23395721,0.06899617,0.10568704,1.0,0.49531108,0
GRK5,4.9953,6.0861,0.821,-0.226,0.00261696,0.12178072,0.01197475,0.92378602,0.49577235,2
SEC61A2,2.1625,2.0152,1.073,0.076,0.05250766,0.60390132,0.03842281,0.71170446,0.49599357,1
LMAN1,12.5613,13.2835,0.946,-0.038,0.10217468,0.79209046,0.16402007,0.6120509,0.49616833,0
RASGRP1,12.9652,12.2031,1.062,0.046,0.62174483,0.75037139,0.97253975,0.46626286,0.49625784,0
BTBD2,47.8009,59.7405,0.8,-0.233,7.279e-05,0.10990934,0.00483572,0.5928362,0.49633566,2
PRDX3,4.8675,7.131,0.683,-0.254,0.00065336,0.08230881,0.05702662,0.94552275,0.49656297,1
GMFG,52.6197,106.7043,0.493,-0.409,0.00012073,0.00603733,0.00454757,0.57388325,0.49657784,3
AKR1A1,6.4928,9.1175,0.712,-0.299,0.01274438,0.04201606,0.00815303,0.03252987,0.49661834,4
MED13,21.2121,29.0774,0.73,-0.364,3.812e-05,0.01306728,0.00554535,0.90209945,0.49665802,3
CUL4B,5.1685,5.291,0.977,-0.018,0.64828727,0.89912003,0.18918426,0.46626286,0.49674344,0
CHMP1B,3.1097,4.522,0.688,-0.325,0.00829606,0.0273493,0.01825315,0.69133573,0.49682873,3
CUX1,27.6972,43.5905,0.635,-0.431,4.9e-07,0.00342721,0.00095105,0.5928362,0.49694191,3
PILRA,61.0139,103.0534,0.592,-0.41,5.434e-05,0.00548573,0.00491029,0.90209945,0.49725543,3
ARPC5,17.0881,20.8544,0.819,-0.133,0.04017182,0.36202691,0.00902147,0.75300697,0.49790362,2
SLC25A32,2.1755,3.0943,0.703,-0.245,0.64250654,0.09515369,0.968612,0.92134597,0.49817394,0
ARHGEF11,14.6235,21.7699,0.672,-0.35,2.505e-05,0.01696443,0.00091822,0.90209945,0.498692,3
PHC3,90.5711,115.0946,0.787,-0.162,0.10904856,0.26685944,0.88659815,0.55520734,0.49872707,0
PSEN1,30.1696,54.2572,0.556,-0.331,1.281e-05,0.02439205,0.00483572,0.5928362,0.49876558,3
TMEM123,102.3473,136.6129,0.749,-0.311,0.00128371,0.03350866,0.04917913,0.385418,0.49952701,3
TMEM33,2.0042,3.4627,0.579,-0.251,0.06530017,0.08963185,0.57506479,0.6120509,0.50000943,0
SSBP2,4.3722,5.0351,0.868,-0.092,0.4693995,0.53016777,0.66697115,0.63152163,0.50127714,0
RPS4X,841.249,1180.8003,0.712,-0.268,0.00152932,0.06772904,0.00876531,0.94552275,0.50145634,2
MAPKAPK3,24.3089,44.363,0.548,-0.463,8.1e-07,0.00173602,0.00115192,0.69133573,0.50184077,3
ARHGEF3,13.3751,16.7244,0.8,-0.236,0.04889268,0.10754666,0.11786616,0.63152163,0.50189049,1
WIPI1,10.3999,15.7355,0.661,-0.378,0.00034186,0.01043945,0.09847143,0.53681325,0.50199168,2
FBXO34,3.4333,3.8232,0.898,-0.127,0.12131207,0.38306439,0.24783119,0.6120509,0.50202642,0
TSPAN3,2.7197,3.5405,0.768,-0.171,0.05950884,0.24146236,0.73067243,0.75300697,0.50233462,0
AQP3,15.7861,20.0135,0.789,-0.253,0.00658947,0.08386803,0.02399726,0.73226424,0.50248643,2
MAGED2,9.2475,11.0522,0.837,-0.153,0.10301442,0.29388898,0.03706408,0.73226424,0.50249391,1
RRAGA,8.9811,11.8318,0.759,-0.246,0.03864603,0.09254658,0.15669779,0.18622027,0.50259115,1
HSP90AA1,25.1414,35.7539,0.703,-0.388,0.00181757,0.00852417,0.02656626,0.5928362,0.50294358,3
ORAI3,14.3048,23.0688,0.62,-0.353,5e-08,0.01586446,2.398e-05,0.63152163,0.50307375,3
TLR10,3.0473,3.2528,0.937,-0.063,0.0577338,0.66895436,0.0375127,0.26208651,0.50315364,1
GNPAT,7.0786,7.7038,0.919,-0.107,0.05365264,0.46276318,0.36036414,0.85894553,0.5031974,0
TMIGD2,6.6412,7.5176,0.883,-0.106,0.08796832,0.46770479,0.01197475,0.88048261,0.50345786,1
MAML2,12.6771,12.6491,1.002,0.003,0.16787397,0.98476792,0.34507922,0.816179,0.5034723,0
POLR2A,3.011,4.0849,0.737,-0.271,0.01864614,0.06438344,0.33512247,0.31661368,0.50356071,1
COX5A,19.1851,37.0552,0.518,-0.359,5.496e-05,0.01507237,0.03010877,0.6120509,0.50373576,3
HERC2P2,3.5022,2.343,1.495,0.211,0.03008218,0.14747611,0.36816353,0.78870606,0.50385728,1
PFDN1,3.7899,4.4124,0.859,-0.142,0.26904859,0.32951979,0.66160569,0.96623767,0.50419116,0
UBN1,13.519,17.5321,0.771,-0.264,0.00091529,0.07076413,0.00105619,0.69133573,0.50422653,2
TRBC2,16.3922,21.0571,0.778,-0.125,0.60122761,0.39242493,0.87883578,0.96729961,0.50427434,0
ZNF143,5.3311,6.6803,0.798,-0.234,0.00520539,0.10861454,0.60561223,0.4009022,0.50458596,1
KTI12,4.3224,5.265,0.821,-0.183,0.10963751,0.20885689,0.50992348,0.17677365,0.50474716,0
PDLIM5,11.1862,12.1046,0.924,-0.049,0.00772831,0.73437074,0.37606715,0.816179,0.50479299,1
SAMM50,10.3356,11.31,0.914,-0.087,0.1857645,0.55198782,0.66162888,0.90209945,0.50484412,0
DDX42,14.118,13.9896,1.009,0.011,0.07496378,0.94079067,0.22827698,0.96729961,0.50508653,0
SLC35E2B,16.4944,16.6081,0.993,-0.006,0.01825003,0.96876611,0.06235457,0.69133573,0.50527282,1
CXCR2,35.7272,133.5474,0.268,-0.277,8.045e-05,0.06180928,0.00249195,0.51871531,0.50601239,2
CX3CR1,15.045,22.181,0.678,-0.344,0.0008644,0.01935102,0.03363686,0.83750782,0.50631311,3
GALNT7,6.8609,8.0543,0.852,-0.102,0.03324517,0.48510658,0.3063748,0.51871531,0.50653103,1
TBCCD1,3.4932,3.047,1.146,0.155,0.34574612,0.28825699,0.71593153,0.370282,0.50669541,0
TERC,34.1538,50.224,0.68,-0.244,3.768e-05,0.09448224,0.00022145,0.51871531,0.50683053,2
CCR1,12.6455,24.0717,0.525,-0.456,3.5e-07,0.00200792,0.00127735,0.85894553,0.50722313,3
NAP1L1,11.1556,12.9277,0.863,-0.174,0.29283569,0.23528479,0.15526355,0.385418,0.50799247,0
CLC,2.2999,10.106,0.228,-0.272,0.12377695,0.06635645,0.96653066,0.43625549,0.50814421,0
GLG1,15.7588,18.1324,0.869,-0.16,0.00366375,0.27160936,0.00815311,0.77391449,0.50854081,2
DEGS1,6.7511,7.4438,0.907,-0.077,0.06059544,0.59859414,0.32535272,0.90209945,0.50860627,0
USP34,19.0577,22.0404,0.865,-0.175,0.21865112,0.22969076,0.92555864,0.90209945,0.50863765,0
RRP8,5.0587,5.0382,1.004,0.005,0.85543271,0.97054896,0.56504931,0.67117575,0.50934782,0
GVINP1,7.898,6.7348,1.173,0.193,0.83669039,0.18462437,0.28370464,0.07259907,0.50984627,0
ZBP1,8.7178,9.2139,0.946,-0.042,0.16910713,0.77076759,0.41996354,0.96729961,0.51009707,0
FBXL20,1.7562,2.7026,0.65,-0.332,0.02163746,0.0249472,0.08793304,0.7949782,0.5101336,2
PRPF19,15.7241,20.8203,0.755,-0.33,0.00178503,0.02469042,0.01777473,0.32701011,0.51021418,3
ATP2B4,25.3303,33.8421,0.748,-0.28,0.00028431,0.055512,0.0051403,1.0,0.51039832,2
NOP14,12.5299,13.588,0.922,-0.086,0.01200116,0.55309957,0.01394045,0.94552275,0.51057588,2
PF4,123.3477,187.9417,0.656,-0.234,4.99e-06,0.10829998,0.00070348,0.43290855,0.51089919,2
ANXA7,7.9292,10.054,0.789,-0.179,0.03280766,0.21913508,0.54200691,0.23864024,0.51098971,1
ERGIC2,3.2769,3.6295,0.903,-0.102,0.50524422,0.48314065,0.87883578,0.92378602,0.51102467,0
XYLT1,0.6942,1.0093,0.688,-0.231,0.00025374,0.11435314,0.00780443,0.57388325,0.51115006,2
ZC3H11A,3.6594,3.7727,0.97,-0.018,0.46859004,0.9043905,1.0,0.816179,0.51122621,0
ENO1,66.6584,106.5415,0.626,-0.417,6.83e-06,0.00470895,0.00132189,0.71170446,0.51130386,3
CCL2,1.8184,1.48,1.229,0.087,0.01568901,0.55150478,0.00915594,0.94377659,0.51148464,2
KIF13A,8.2386,10.7315,0.768,-0.305,0.03965764,0.03788509,0.33512247,0.71170446,0.51160976,2
TMEM75,0.5298,0.3141,1.686,0.356,0.01179849,0.01528265,0.46872121,0.88731383,0.51167093,2
SART3,10.6409,12.3262,0.863,-0.151,0.18843127,0.30181908,0.29945112,0.90209945,0.51167506,0
RIT1,4.9263,5.8954,0.836,-0.116,0.34032673,0.42616105,0.79817019,0.94377659,0.51193278,0
CXCL6,1.1511,0.8364,1.376,0.234,0.01578754,0.10952981,0.23206309,0.34107567,0.51197076,1
UBB,784.9262,1059.5419,0.741,-0.315,0.00375826,0.03201469,0.01472292,0.6120509,0.51232826,3
CUTC,1.7148,1.8017,0.952,-0.034,0.75353412,0.81638462,0.87877865,0.81044228,0.51233277,0
ZBTB38,5.5377,6.6321,0.835,-0.158,0.08946353,0.27942201,0.5953498,0.15044329,0.5124474,0
C3,4.4577,4.4806,0.995,-0.004,0.69090377,0.97830833,0.86334665,0.71170446,0.51249616,0
RCE1,5.0326,5.8634,0.858,-0.108,0.0771634,0.45871399,0.23402423,0.41673557,0.51257199,0
ABHD3,7.8776,11.7642,0.67,-0.296,0.33764375,0.04486108,0.64037718,0.90209945,0.51275538,1
LIN7C,1.6773,1.5185,1.105,0.11,0.72651692,0.44977681,0.59193704,0.83244093,0.5127888,0
VAPB,2.9669,5.9393,0.5,-0.232,0.86169156,0.11554684,0.35775244,0.64160317,0.51294905,0
KATNB1,23.5284,23.9459,0.983,-0.014,0.00044004,0.92458453,0.00302382,0.77391449,0.51295615,2
HNRNPA3,17.7952,21.2601,0.837,-0.198,0.09459589,0.17663234,0.10999486,0.816179,0.51295905,0
ATXN3,3.5303,3.7043,0.953,-0.036,0.21666596,0.80583783,0.04225864,0.7949782,0.51297067,1
RASSF2,29.4785,52.2055,0.565,-0.399,1e-06,0.00677576,0.00136785,0.53681325,0.51306504,3
NCOA1,16.9782,26.4329,0.642,-0.429,3.204e-05,0.00365672,0.0316355,0.96729961,0.51308431,3
SBNO2,0.1249,0.265,0.471,-0.386,2.899e-05,0.00916061,0.01125007,0.26489594,0.51328722,3
TIGD1,0.9978,0.7522,1.326,0.298,0.03889685,0.04151557,0.45775063,0.44942115,0.51342427,2
TNRC6C,11.1815,10.9118,1.025,0.024,0.41495457,0.86689503,0.50049595,0.44942115,0.51361043,0
XRN2,15.4437,24.21,0.638,-0.413,0.00295633,0.00524697,0.3787248,0.75300697,0.51387897,2
ETS1,71.0961,71.0656,1.0,0.0,0.35397111,0.99758224,0.48499113,0.25018521,0.5138816,0
ERLEC1,10.7119,8.9475,1.197,0.077,0.32572123,0.59564576,0.96077908,0.227454,0.51459661,0
SLC30A6,2.1778,2.4732,0.881,-0.104,0.53807516,0.4767293,0.23987326,0.90209945,0.51479618,0
ZNF808,14.77,16.4592,0.897,-0.147,0.99681678,0.31446129,0.44592501,0.83750782,0.51491184,0
BMS1,5.485,6.0666,0.904,-0.157,0.00342219,0.27985173,0.00233465,0.370282,0.51536397,2
RAB1B,14.9713,22.4369,0.667,-0.36,7.611e-05,0.01433267,0.00529899,0.98909653,0.51611456,3
RNF125,6.7027,7.6655,0.874,-0.127,0.05738412,0.38433279,0.10782392,0.816179,0.51627418,0
FIG4,4.917,5.9334,0.829,-0.221,0.08747442,0.13099819,0.03124772,0.1129434,0.51631474,1
CAT,26.4407,52.2305,0.506,-0.478,7.18e-06,0.001311,0.00889256,0.96729961,0.51632844,3
TEX261,4.8159,5.4515,0.883,-0.075,0.09564956,0.606927,0.2498486,0.31330231,0.51665648,0
MKRN1,13.5653,19.0126,0.713,-0.327,0.00876314,0.02674575,0.29489377,0.816179,0.51683039,2
ARID3B,5.7079,6.9935,0.816,-0.232,0.01121114,0.11285928,0.01432697,0.77391449,0.51698265,2
TAPBPL,11.6564,14.143,0.824,-0.214,0.00876314,0.14348614,0.02623266,0.98909653,0.51739715,2
TSPAN33,8.7042,11.0846,0.785,-0.191,0.00360194,0.19049346,0.42851711,0.44942115,0.51748449,1
AP3S2,7.4157,9.5216,0.779,-0.139,0.00360194,0.34040772,0.01924391,0.15044329,0.5179271,2
CHMP7,15.0596,15.4768,0.973,-0.024,0.05234696,0.86682751,0.00102001,0.13451295,0.5179971,1
SLAMF6,9.1565,8.0941,1.131,0.092,0.79128477,0.52692449,0.9138474,0.63152163,0.51820361,0
TPP1,29.9209,38.3757,0.78,-0.206,6.582e-05,0.15746665,0.03282368,0.67117575,0.5189604,2
LTF,28.5194,39.7964,0.717,-0.251,5.816e-05,0.08525834,0.01055349,0.71170446,0.51905124,2
STAM,6.9241,8.0135,0.864,-0.159,0.01403931,0.27635929,0.04078424,0.71170446,0.51908398,2
ATG9A,2.7702,4.0636,0.682,-0.265,0.33231065,0.07162757,0.66519801,0.05510871,0.51918635,0
EIF4A1,13.8426,16.6761,0.83,-0.13,0.00537921,0.37090954,0.01413255,0.13451295,0.51933448,2
RPS19,139.1805,249.4345,0.558,-0.293,0.00017762,0.04643912,0.00338,0.88048261,0.51965303,3
CSNK1G2,62.4523,75.402,0.828,-0.193,0.00035246,0.18400197,0.00468964,0.83750782,0.51966028,2
SRRM1,25.4845,27.8296,0.916,-0.138,0.06746541,0.34289319,0.12862793,0.69133573,0.51982792,0
MARK2,19.5477,26.1552,0.747,-0.342,0.00035969,0.01961542,0.01825315,0.73226424,0.52025444,3
USE1,8.2088,8.9911,0.913,-0.068,0.07626635,0.64169486,0.18426051,0.78859232,0.52039499,0
VWF,4.7922,5.2688,0.91,-0.126,0.87216164,0.38737986,0.94119831,0.90209945,0.52051119,0
NUTF2,3.8134,4.4387,0.859,-0.112,0.09724916,0.44219674,0.62288984,0.90209945,0.5205347,0
RBBP4,6.9086,7.2405,0.954,-0.057,0.14681328,0.69495015,0.64037761,0.85894553,0.52071877,0
MRPS15,10.5634,14.4516,0.731,-0.257,0.03110654,0.07990173,0.65806741,0.23864024,0.52100515,1
WDR91,6.4062,7.1237,0.899,-0.114,0.04393172,0.43590326,0.07111304,0.88048261,0.52108591,1
STAG3L3,4.0864,4.971,0.822,-0.153,0.13462882,0.29371253,0.2518787,0.44942115,0.52113308,0
MBP,11.0645,12.9016,0.858,-0.149,0.12717126,0.30717188,0.0286458,0.385418,0.5213633,1
VAV1,43.6046,60.9523,0.715,-0.37,4.277e-05,0.01176266,0.0012342,0.6120509,0.52138114,3
XK,0.7861,0.7239,1.086,0.058,0.16787208,0.69177867,0.16106027,0.38957249,0.5220477,0
LGALS9B,1.9468,2.3345,0.834,-0.089,0.51736348,0.5419203,0.64262826,0.7447513,0.52213091,0
MTO1,6.0953,7.5529,0.807,-0.196,0.17284814,0.17974626,0.22077139,0.7949782,0.52215933,0
NOP58,8.0999,7.7472,1.046,0.049,0.44288495,0.73493953,0.92555864,0.04428548,0.52220128,1
PLAC8,23.7629,32.5887,0.729,-0.265,0.01710498,0.07034245,0.05897845,0.85894553,0.52237104,1
SETD7,1.5615,1.8379,0.85,-0.182,0.52759294,0.21493042,0.66162888,0.1960065,0.52241185,0
EIF3L,47.1455,79.1386,0.596,-0.443,3.1e-06,0.00264846,0.00322292,0.71170446,0.52268951,3
RPAIN,1.2081,1.3445,0.899,-0.085,0.87697941,0.56138057,0.72803933,0.26294333,0.52279153,0
LGALS12,11.201,10.1359,1.105,0.042,0.00217424,0.77424208,0.04641126,0.67117575,0.52308344,2
HERPUD1,32.126,43.9039,0.732,-0.35,0.00019536,0.01703717,0.0023731,0.88048261,0.5231327,3
SLC39A1,7.9168,11.7109,0.676,-0.382,0.00017575,0.00949679,0.01949883,0.94552275,0.5231376,3
SNF8,3.4568,4.9244,0.702,-0.294,0.01283998,0.04499001,0.23209476,0.73226424,0.52321644,2
DNMT1,23.9935,25.482,0.942,-0.081,0.05738412,0.57882902,0.03124772,0.90209945,0.52350947,1
CSNK1E,6.6333,7.4944,0.885,-0.082,0.06244062,0.57145908,0.12255811,0.68249626,0.52352482,0
MPG,12.8848,20.5411,0.627,-0.327,0.00144744,0.0262711,0.05897845,0.94552275,0.52376783,2
TRAPPC5,18.3093,38.0962,0.481,-0.301,2.362e-05,0.04168337,0.00693896,0.46626286,0.52400305,3
H2BC21,330.5039,547.5039,0.604,-0.337,0.00013308,0.02261903,0.02936945,0.65123214,0.52423596,3
DDX58,4.8953,6.8438,0.715,-0.307,0.1848818,0.03748016,0.71960709,0.88048261,0.52456286,1
RPL37A,30.0994,57.4086,0.524,-0.325,0.00104504,0.02772287,0.05208296,0.96729961,0.52469626,2
TMEM40,5.4335,5.8672,0.926,-0.039,0.19659393,0.78808764,0.73251883,0.59197066,0.52514753,0
DHRS9,1.1577,1.2698,0.912,-0.064,0.27233867,0.66411892,0.29347505,0.64150052,0.52518063,0
PIGS,18.5966,24.5172,0.759,-0.266,0.00166016,0.0691823,0.08000424,0.90209945,0.52527956,1
NDUFB7,31.6057,58.1953,0.543,-0.31,0.00014978,0.03575048,0.00302382,0.90209945,0.52529022,3
RAB33B,1.5722,2.0693,0.76,-0.202,0.02059231,0.16726861,0.01898318,0.57388325,0.52556494,2
VAMP5,5.6533,13.4309,0.421,-0.303,0.13330525,0.04032091,0.07236207,0.68144019,0.5259516,1
SACM1L,5.5012,5.8776,0.936,-0.057,0.97135708,0.6970611,0.42851711,0.85894553,0.52616394,0
NCKAP1L,37.8544,50.5995,0.748,-0.358,0.00080061,0.01487833,0.03282368,0.51871531,0.52617828,3
CNOT4,8.9795,8.6721,1.035,0.043,0.60865307,0.76679638,0.7754755,0.98909653,0.52618422,0
TARDBP,7.8291,10.0335,0.78,-0.257,0.02418881,0.07942915,0.26429692,0.75300697,0.5261969,1
SMPD1,30.7552,33.6607,0.914,-0.073,0.00268653,0.61535666,0.00562973,0.85894553,0.52657144,2
S1PR1,62.1582,71.1346,0.874,-0.145,0.00869501,0.32106708,0.01231273,0.98909653,0.52662511,2
VPS33A,4.1026,4.7361,0.866,-0.139,0.1181478,0.3406308,0.15241964,0.90209945,0.52665038,0
TMEM86A,0.6165,0.6255,0.986,-0.011,0.88474538,0.93792818,0.82486324,0.46626286,0.52676679,0
COX7A2L,13.52,15.369,0.88,-0.116,0.03280766,0.42738089,0.36555213,0.7949782,0.52796732,1
PTPN12,26.2674,32.4787,0.809,-0.18,0.00766743,0.21633771,0.2116404,0.83750782,0.52804243,1
STYXL1,12.1914,15.6397,0.78,-0.19,0.01209192,0.1923917,0.21708566,0.50091734,0.52806912,1
PILRB,22.35,20.524,1.089,0.072,0.87216164,0.6206855,0.56837913,0.35550187,0.52845082,0
CPA3,1.5833,1.5866,0.998,-0.002,0.75464713,0.99164707,0.86334665,0.48343223,0.5285218,0
SLPI,2.3088,5.0987,0.453,-0.286,0.00162995,0.05256325,0.14413572,0.92378602,0.52873847,1
SIAH2,13.8098,22.904,0.603,-0.433,1.692e-05,0.00333638,0.0051403,0.65123214,0.52879917,3
SLC15A3,26.9568,45.0009,0.599,-0.421,3.3e-07,0.00418949,0.00148929,0.63152163,0.52921688,3
GNG2,6.0458,6.933,0.872,-0.133,0.21175986,0.36116056,0.65451369,0.46626286,0.52934702,0
ZFYVE1,9.0356,11.3586,0.795,-0.23,8.79e-05,0.11530219,0.00348857,0.816179,0.52959464,2
SLFN13,2.3821,2.375,1.003,0.002,0.389557,0.9888565,0.50049595,0.34107567,0.52963666,0
BMP2K,6.6136,10.0956,0.655,-0.437,0.00207954,0.00312107,0.11331587,0.7949782,0.52976476,2
PIN1,7.5238,9.805,0.767,-0.17,0.0456318,0.24500658,0.1468666,0.7949782,0.52998326,1
CDK17,13.6087,14.9495,0.91,-0.087,0.28677645,0.55034059,0.74551347,0.73226424,0.53026718,0
NFIA,1.8434,2.0603,0.895,-0.079,0.3665383,0.58766227,0.16853551,0.44942115,0.53037466,0
IKZF5,2.6091,2.9447,0.886,-0.091,0.77901646,0.53595366,0.63686363,0.20613999,0.53069452,0
SSR1,10.7459,10.1547,1.058,0.056,0.37078845,0.70153667,0.62288984,0.85894553,0.5307419,0
ATPAF2,5.6599,6.9009,0.82,-0.186,0.10499569,0.20344326,0.75296996,0.51871531,0.53081509,0
KCTD5,3.4131,5.1148,0.667,-0.279,0.0079762,0.05647923,0.03446721,0.50091734,0.5308692,2
PSMD6,8.0572,11.3764,0.708,-0.308,0.04798452,0.03669547,0.10568704,0.69133573,0.53086984,2
MAD2L2,8.1118,12.2044,0.665,-0.332,6.293e-05,0.02387353,0.00109356,0.65123214,0.53096248,3
TBX21,28.3257,33.2133,0.853,-0.15,0.02088975,0.30407726,0.07832363,0.83750782,0.53128488,1
UXS1,9.7315,11.2495,0.865,-0.131,0.52066311,0.36841838,0.94119831,0.5928362,0.5312966,0
GUSB,26.0187,38.9572,0.668,-0.394,3.72e-06,0.00743903,0.00218649,0.71170446,0.53131588,3
CFL1,90.0767,154.6787,0.582,-0.395,0.00027565,0.0076503,0.03363686,0.67117575,0.53152662,3
LUC7L2,2.3015,2.5183,0.914,-0.065,0.35601125,0.65405332,0.80006799,0.33017175,0.53176911,0
C2CD3,8.0463,8.9749,0.897,-0.202,0.10787817,0.16614836,0.2080655,0.370282,0.5318241,0
ZMAT3,1.839,1.9526,0.942,-0.033,0.51721586,0.82157831,0.69765383,0.05129462,0.53184633,0
ENO2,16.2406,17.0459,0.953,-0.046,0.02133563,0.75312955,0.01248487,0.69133573,0.53185161,2
KIAA0040,0.9918,1.3128,0.755,-0.177,0.03688148,0.22478983,0.49405752,0.79958329,0.53231057,1
ZBTB24,3.6736,4.5738,0.803,-0.24,0.0577338,0.10208288,0.52263657,0.48343223,0.53240574,0
BTK,22.0979,30.7061,0.72,-0.338,6.153e-05,0.02096497,0.01265913,0.7949782,0.53250982,3
HCCS,1.22,1.2193,1.001,0.001,0.48333364,0.99708324,0.68676228,0.44565079,0.53294442,0
UTP18,19.6874,23.1499,0.85,-0.146,0.00017952,0.31728356,0.01132336,0.5928362,0.53341283,2
LIPN,1.9936,2.0635,0.966,-0.031,0.85647638,0.83366389,0.50049595,0.7949782,0.53355697,0
SEC22A,1.5912,2.5485,0.624,-0.287,0.30084011,0.05208818,0.98038364,0.41673557,0.53383995,0
VCAN,96.2977,161.5059,0.596,-0.409,3e-08,0.00543793,0.00030101,0.65123214,0.53384785,3
PTBP1,52.8684,68.8563,0.768,-0.306,0.00041018,0.0368208,0.05032394,0.83750782,0.53393496,2
TRAPPC10,20.5244,25.3622,0.809,-0.246,0.02163746,0.09303462,0.04326643,0.816179,0.53396356,2
PMPCB,4.6847,5.7048,0.821,-0.171,0.4381566,0.24296916,0.93337526,0.5928362,0.5343961,0
NUP133,6.8733,7.8369,0.877,-0.153,0.0035714,0.2934855,0.02557631,0.77391449,0.53441836,2
TLR1,17.8626,32.4058,0.551,-0.355,0.01191101,0.01693475,0.28370464,0.69133573,0.53463484,2
COPS3,15.6001,19.4261,0.803,-0.191,0.26566767,0.19160603,0.81339834,0.77391449,0.53484219,0
ERF,8.4986,11.8663,0.716,-0.23,0.0002672,0.11568567,0.0103308,0.73226424,0.53513109,2
CTSW,66.2447,78.1196,0.848,-0.083,0.33098614,0.56907752,0.77171088,0.55520734,0.53518711,0
TRPV1,1.3685,1.1878,1.152,0.11,0.34632932,0.45116621,0.8749233,0.76706571,0.53536406,0
DMXL1,8.1418,8.9749,0.907,-0.155,0.28199043,0.28686723,0.94119831,0.4009022,0.53565656,0
ARL6IP4,3.7709,6.7158,0.561,-0.147,0.05685366,0.31500363,0.47578239,0.53681325,0.53569534,0
PATL2,12.2434,11.1285,1.1,0.097,0.50524422,0.50361132,0.48499113,0.90209945,0.53647561,0
SCLY,2.5446,3.8592,0.659,-0.31,0.24728017,0.03571007,0.31934103,0.94552275,0.53733452,1
TCF7,96.7855,91.0043,1.064,0.065,0.50185076,0.65544116,0.34507922,0.31330231,0.53738418,0
TFEB,9.3337,12.427,0.751,-0.309,0.00072702,0.0352173,0.03282368,0.53681325,0.53742811,3
CTR9,8.4559,8.3887,1.008,0.006,0.33630556,0.96727465,0.97253975,0.65123214,0.53746624,0
CD36,23.9427,37.1325,0.645,-0.345,7.198e-05,0.01865049,0.01801255,0.6120509,0.53747319,3
NGLY1,11.6121,12.7597,0.91,-0.111,0.20693457,0.44555732,0.52263657,0.83750782,0.53765995,0
RNF181,19.1876,38.6986,0.496,-0.344,0.00061016,0.0200345,0.00791915,0.67117575,0.53773092,3
FRY,14.5513,19.7605,0.736,-0.406,0.002233,0.00597112,0.32293952,0.65123214,0.53779176,2
TLN1,139.0513,190.7386,0.729,-0.288,8.98e-06,0.04889363,0.00148929,0.6120509,0.53780718,3
PRRG4,0.4101,0.6046,0.678,-0.252,0.47088084,0.08737668,0.53915921,0.34421738,0.53783736,0
PINX1,0.7972,0.7746,1.029,0.012,0.47995697,0.93221229,0.40155919,0.17768781,0.53812197,0
RASGRP4,23.3859,41.054,0.57,-0.379,5.5e-07,0.00979125,0.00043798,0.53681325,0.53859962,3
HEBP1,5.1774,7.6155,0.68,-0.306,0.00027281,0.03688345,0.00461806,0.6120509,0.53895527,3
NSUN5P2,2.6232,2.9892,0.878,-0.075,0.54660765,0.60650601,0.49531158,0.54179162,0.53897128,0
N4BP1,4.9722,7.0465,0.706,-0.349,0.00402122,0.01776671,0.03662004,0.69133573,0.53902714,3
TEX264,31.7641,50.051,0.635,-0.312,5.622e-05,0.03390918,0.00102001,0.83750782,0.53930152,3
HERC1,21.0009,24.0659,0.873,-0.189,0.00612811,0.19485207,0.00955394,0.73226424,0.53952674,2
TCF4,7.9638,7.8026,1.021,0.024,0.50864973,0.87141856,0.85562136,0.55520734,0.5400522,0
HSPA8,253.5656,310.7727,0.816,-0.197,0.00134454,0.17746198,0.05702662,0.71170446,0.54007219,1
SH3KBP1,21.4566,27.57,0.778,-0.28,0.01274442,0.05620173,0.03010877,0.73226424,0.54083984,2
PLVAP,0.8413,0.5238,1.606,0.211,0.12231929,0.14733636,0.19693178,0.52253812,0.54084887,0
ATP6V0E1,7.6109,13.8664,0.549,-0.409,0.00083194,0.00581305,0.03842382,0.816179,0.54090674,3
MTR,5.8951,5.378,1.096,0.12,0.12917251,0.4111385,0.45181594,0.44942115,0.5409501,0
SBF2,6.4389,9.1094,0.707,-0.402,0.00083994,0.00636287,0.06235457,0.4009022,0.54151621,2
RSPRY1,4.9122,5.7042,0.861,-0.176,0.43502057,0.22910351,0.90605013,0.816179,0.54178394,0
CCDC50,1.9972,1.5047,1.327,0.119,0.44764213,0.41225505,0.05090436,0.98909653,0.54193989,0
GET4,7.5535,8.822,0.856,-0.134,0.00823115,0.35664264,0.01011415,0.98909653,0.54197026,2
RBM4B,5.071,4.5224,1.121,0.091,0.98196323,0.53250188,0.3552226,0.63152163,0.54205143,0
SLC38A5,8.8083,9.3781,0.939,-0.058,0.24511349,0.69187994,0.40039969,1.0,0.54220282,0
EMD,43.2254,52.5445,0.823,-0.128,0.0108337,0.38132412,0.1122002,0.57388325,0.54222869,1
VPS41,4.4501,4.9587,0.897,-0.141,0.68698623,0.33509592,0.73808075,0.04107563,0.54270585,1
PSMC2,3.3626,3.3885,0.992,-0.007,0.07627732,0.95948066,0.02221459,0.85894553,0.5427314,1
RPL10,1280.7408,2085.7798,0.614,-0.31,0.0002216,0.03549643,0.00176248,0.94552275,0.5428135,3
GTPBP1,14.559,14.6501,0.994,-0.006,0.02755374,0.96532088,0.01640479,0.77391449,0.54378427,2
MTX1,3.7158,6.2056,0.599,-0.385,0.00148783,0.00911954,0.10782346,0.370282,0.54397212,2
CRH,0.6918,0.6467,1.07,0.042,0.1157405,0.77282227,0.7041993,0.35701082,0.54493074,0
CRELD1,2.5816,2.0535,1.257,0.175,0.05398328,0.23026567,0.47581462,0.63152163,0.5450058,0
KPNA6,7.0423,8.7934,0.801,-0.154,0.00408952,0.29110091,0.10675124,0.25018521,0.54534718,1
BCL11B,28.0424,30.0256,0.934,-0.073,0.05532287,0.61534534,0.01596922,0.65123214,0.54556292,1
TGFBR2,46.8068,62.9244,0.744,-0.322,0.00011943,0.0279461,0.00225946,0.67117575,0.54558687,3
NR1H2,33.7651,37.381,0.903,-0.094,0.00030867,0.51827493,0.01265913,0.816179,0.54621142,2
IFI35,12.6191,15.6278,0.807,-0.185,0.00021029,0.20321805,0.00107473,0.46626286,0.54639342,2
NDUFB10,47.5341,102.105,0.466,-0.346,5.134e-05,0.01936976,0.01472292,0.7949782,0.54675015,3
CSTA,8.9823,21.2411,0.423,-0.401,0.00033497,0.00701807,0.04078424,0.75300697,0.54677756,3
SDHB,17.2876,30.0973,0.574,-0.412,8.226e-05,0.00534077,0.01975669,0.53681325,0.54680128,3
RAP1GDS1,3.9624,4.2585,0.93,-0.071,0.77697699,0.62850028,0.46372881,0.29995754,0.54717635,0
RPS6KC1,3.7073,3.9495,0.939,-0.059,0.79128477,0.68586646,0.28150177,0.44942115,0.54723336,0
SCMH1,16.6593,17.1333,0.972,-0.016,0.00259414,0.91153453,0.06374906,0.83750782,0.54754359,1
GZMB,56.5767,95.3258,0.594,-0.16,0.08503838,0.27719829,0.43717118,0.75300697,0.54766473,0
SLC14A1,3.1399,4.0704,0.771,-0.145,0.92900181,0.32145139,0.22827698,0.65123214,0.54770651,0
BTLA,2.6186,2.6137,1.002,0.001,0.30395749,0.99195341,0.92555864,0.83750782,0.54779292,0
UBA52,827.6055,1501.0762,0.551,-0.347,4.581e-05,0.01880363,0.01375066,0.98909653,0.54784383,3
XPR1,4.6891,5.5134,0.85,-0.177,0.31279932,0.22704666,0.16551498,0.94552275,0.54789662,0
SEC31B,8.8104,8.8174,0.999,-0.001,0.21469379,0.99489713,0.06734826,0.75300697,0.54856263,0
SMARCC1,7.6665,9.7695,0.785,-0.275,0.03368767,0.06134081,0.0464124,0.5928362,0.54865777,2
EP400,24.5981,26.6111,0.924,-0.118,0.01112628,0.41708523,0.01512848,0.63152163,0.54871347,2
CNTNAP3,1.1594,1.3484,0.86,-0.108,0.41040287,0.45797156,0.23402423,0.18622027,0.54893475,0
RPL23A,1176.4167,2204.1024,0.534,-0.34,5.252e-05,0.02130744,0.02399726,0.7949782,0.54895859,3
RBCK1,14.9797,20.0474,0.747,-0.296,3.72e-06,0.04282927,0.00035675,1.0,0.54898827,3
RPS5,1049.3825,1817.5294,0.577,-0.288,0.00095981,0.05093933,0.05575549,0.88048261,0.54919792,1
ABLIM1,16.5348,14.1503,1.169,0.147,0.48009052,0.31270744,0.87108503,0.69133573,0.54959015,0
SFXN3,6.6086,6.7471,0.979,-0.022,0.06023143,0.87943762,0.3063748,0.48343223,0.54972954,0
ADAM17,6.3198,8.5725,0.737,-0.327,0.08796832,0.02620149,0.74551347,0.370282,0.54991048,1
IDH1,3.9089,4.4403,0.88,-0.135,0.81390941,0.35494432,0.18589149,0.83750782,0.55019545,0
DNAJA1,8.3454,11.8324,0.705,-0.32,0.01112628,0.02913231,0.28814531,0.55520734,0.55050303,2
OXCT1,4.3573,3.7287,1.169,0.126,0.84084704,0.38681247,0.41150869,0.7949782,0.55061025,0
ARHGAP26,18.505,32.0316,0.578,-0.311,0.05170415,0.03545697,0.1004917,0.94552275,0.55066178,1
HCST,110.7207,160.7584,0.689,-0.159,0.1333724,0.27861994,0.39426404,0.50486156,0.55067407,0
MRPS34,4.5329,5.9136,0.767,-0.174,0.03562485,0.23392498,0.23987326,0.88048261,0.55076393,1
NDUFA7,28.0033,56.506,0.496,-0.396,0.00017389,0.00763833,0.02590269,0.92378602,0.5507921,3
TSHZ3,5.7665,7.9231,0.728,-0.214,5.5e-07,0.14225711,0.00225946,0.6120509,0.55129984,2
ZNF564,11.4934,9.3447,1.23,0.128,0.32376109,0.37646102,0.08793304,0.71170446,0.55143137,0
TDP1,2.6468,2.5867,1.023,0.024,0.45082918,0.86686174,0.20278498,0.90209945,0.55149368,0
UBL5,22.7274,49.1824,0.462,-0.343,0.00061617,0.02043902,0.01197475,0.67117575,0.55151461,3
FBXW4P1,1.9662,2.2513,0.873,-0.114,0.39102007,0.43477893,0.1670179,0.58225951,0.55190491,0
MRPS18A,6.9402,9.637,0.72,-0.207,0.00602962,0.15814373,0.21892295,0.71170446,0.55206977,1
XAF1,7.1141,6.0535,1.175,0.12,0.40513,0.4097231,0.23791224,0.35550187,0.55218059,0
NUMB,19.69,31.0516,0.634,-0.33,6.66e-06,0.0245491,0.00983053,0.73226424,0.55232172,3
EZR,22.0669,26.9883,0.818,-0.248,0.00441007,0.0892207,0.01707771,0.385418,0.55244013,2
ARF6,18.5582,19.0856,0.972,-0.02,0.00163022,0.88987145,0.01100962,0.28697196,0.55257812,2
MAP4,10.4241,11.6611,0.894,-0.162,0.03716976,0.2653562,0.05389312,0.69133573,0.55281281,1
NSUN3,1.7824,1.799,0.991,-0.007,0.66462462,0.96326033,0.61595129,0.69133573,0.55284988,0
SRSF7,14.2751,14.1055,1.012,0.012,0.99681678,0.93496561,0.33512247,0.04107563,0.55332064,1
SYK,19.0928,31.0943,0.614,-0.426,1.712e-05,0.00388645,0.00338,0.67117575,0.55383198,3
PPP2R1B,5.071,5.1261,0.989,-0.013,0.86169887,0.93073804,0.93728603,0.385418,0.55406262,0
KLRK1,7.521,8.3264,0.903,-0.058,0.66946191,0.69071064,0.89437087,0.77391449,0.55414901,0
OXNAD1,4.9153,4.3041,1.142,0.106,0.02774124,0.46614356,0.20806313,0.25018521,0.55416744,1
ANKRD17,30.8212,33.8616,0.91,-0.121,0.00303408,0.40316277,0.11331587,0.57388325,0.55437353,1
HIF1A,14.5983,22.3386,0.654,-0.433,0.01121114,0.00362933,0.26219842,0.370282,0.55447654,2
GPR65,2.6232,2.9908,0.877,-0.14,0.1770768,0.33557512,0.7792454,0.73226424,0.55448163,0
GRSF1,7.1804,8.4697,0.848,-0.18,0.06706762,0.21713692,0.19760392,0.69133573,0.5546145,0
MRPL51,4.8837,7.4217,0.658,-0.274,0.02503423,0.06189377,0.59363028,0.1129434,0.55504411,1
OSBP,5.6946,6.2163,0.916,-0.101,0.23710741,0.48699124,0.9529433,0.77391449,0.55505105,0
CLPX,3.4527,3.507,0.985,-0.013,0.18312573,0.92978467,0.06374906,0.23864024,0.55507091,0
UPP1,6.642,7.2408,0.917,-0.094,0.54688947,0.52051669,0.86334665,0.7949782,0.55511801,0
ARRDC3,12.5834,22.3357,0.563,-0.342,0.002233,0.0209388,0.18589149,0.44942115,0.55513958,2
HIGD1A,3.9698,6.0561,0.656,-0.215,0.54954586,0.14190862,0.44886499,0.81049051,0.5553434,0
AUP1,43.7823,69.7277,0.628,-0.42,2.6e-07,0.00436012,0.00010877,0.98909653,0.55536459,3
TRRAP,36.0432,46.5778,0.774,-0.306,0.00170601,0.0371125,0.00644294,0.28697196,0.55539369,3
UIMC1,10.1492,11.7407,0.864,-0.098,0.94804401,0.50369297,0.97253975,0.41673557,0.55553775,0
GPATCH8,15.6017,15.4774,1.008,0.009,0.05808524,0.9523748,0.07345356,0.12701804,0.55558673,0
ETV6,30.7807,52.902,0.582,-0.397,1.49e-06,0.00689797,0.00616082,0.65123214,0.55564779,3
ASF1A,4.0063,4.1955,0.955,-0.052,0.84292781,0.72064895,0.37872418,0.92378602,0.55576154,0
OXA1L,45.7414,71.7222,0.638,-0.429,2.76e-06,0.003596,0.00332688,0.73226424,0.55577031,3
IPMK,2.5587,4.5469,0.563,-0.286,0.0047928,0.05281587,0.12019397,0.34107567,0.55585716,1
FAM24A,0.8117,0.6194,1.31,0.135,0.47210335,0.35275996,0.61550628,0.5721061,0.55586825,0
ZNF805,1.9736,2.2926,0.861,-0.15,0.1770768,0.30564171,0.06661534,0.385418,0.55589797,0
POLI,2.7639,3.0027,0.92,-0.092,0.33764396,0.52834681,0.85562136,0.44942115,0.55618984,0
ESYT1,32.1551,36.806,0.874,-0.174,0.04017182,0.23306764,0.0680878,0.55520734,0.55646031,1
DNM2,80.4748,104.3065,0.772,-0.3,0.00029625,0.04046072,0.00229677,0.43290855,0.5566259,3
TMEM63A,79.1613,80.3513,0.985,-0.017,0.08218786,0.90595739,0.01618571,0.57388325,0.55663149,1
SEC63,7.2739,7.1912,1.012,0.017,0.91632888,0.90939547,0.64742976,0.69133573,0.55704314,0
HNRNPH2,5.5389,7.9436,0.697,-0.308,0.06169843,0.03628215,0.15383929,0.816179,0.55708241,1
DHRS3,12.5217,17.5448,0.714,-0.319,2.657e-05,0.02918389,0.00028979,0.57388325,0.55720481,3
DUSP12,4.2272,5.175,0.817,-0.179,0.47021963,0.22137451,0.2971603,0.96729961,0.55746771,0
BCL10,1.3592,2.2047,0.616,-0.391,0.00564935,0.00820474,0.05328087,0.69133573,0.55784926,2
SLC25A39,29.2767,49.2256,0.595,-0.277,0.00029022,0.06108208,0.00129944,0.28697196,0.55789237,2
UBLCP1,4.196,4.4032,0.953,-0.047,0.32115955,0.74741261,0.0220712,0.43290855,0.55815609,1
EIF3F,27.8893,33.918,0.822,-0.162,0.00030867,0.26503876,0.00889256,0.816179,0.55815665,2
PTGS1,20.6296,28.8478,0.715,-0.215,6.58e-06,0.1394928,0.002836,0.35550187,0.55851577,2
CAMK1,5.2718,8.7204,0.605,-0.276,4.917e-05,0.05867261,0.02275656,0.38954944,0.55862263,2
MCCC2,1.7037,1.5285,1.115,0.096,0.0089698,0.51393307,0.00562948,0.78870606,0.55896054,2
KRT18,1.0023,0.8118,1.235,0.145,0.00999484,0.32106345,0.08883727,0.83750782,0.55907375,1
RALBP1,2.6784,3.7791,0.709,-0.313,0.0341352,0.03354676,0.20453459,0.98909653,0.55971836,2
ITM2A,5.6068,5.2547,1.067,0.041,0.85541454,0.77989401,0.83251917,0.47179195,0.55972617,0
PFDN2,2.1182,3.2638,0.649,-0.219,0.52055451,0.13463157,0.4391573,0.53772941,0.55984902,0
SNRPB2,1.5834,2.2485,0.704,-0.299,0.02681222,0.04177596,0.3450767,1.0,0.56022361,2
CASP8,18.0004,23.0192,0.782,-0.262,0.00233412,0.07349658,0.05090466,0.50091734,0.56065905,1
TRAF5,11.5097,12.7641,0.902,-0.065,0.59200376,0.65559419,0.75670691,0.32701011,0.56117538,0
TMSB4XP2,2.7119,1.808,1.5,0.15,0.00514661,0.30447996,0.09408493,0.53182134,0.56136248,1
TCTA,1.4137,1.2975,1.09,0.073,0.48174572,0.6142675,0.60218262,0.14231835,0.56207718,0
RPL36A,66.2988,128.3034,0.517,-0.26,0.00869501,0.0769274,0.23209719,0.71170446,0.56238651,1
HADH,4.9276,5.251,0.938,-0.052,0.99045054,0.72135019,0.50992348,0.65123214,0.56257001,0
CCNK,8.3881,10.3878,0.807,-0.153,0.29161273,0.29419584,0.98038338,0.57388325,0.56257314,0
SECISBP2,8.6295,9.2264,0.935,-0.089,0.85960916,0.53975565,0.84790988,0.44942115,0.56296007,0
RNF130,40.2845,87.4506,0.461,-0.457,0.0,0.00195095,2.451e-05,0.57388325,0.56301426,3
LEMD3,5.4651,6.2551,0.874,-0.162,0.00984395,0.26563026,0.12739574,0.90209945,0.56301751,1
SLC38A1,15.8039,17.8336,0.886,-0.125,0.59753029,0.39351738,0.39218566,0.41673557,0.56362559,0
CD99L2,3.0781,4.0428,0.761,-0.213,0.4572437,0.14735937,0.62288984,0.21662026,0.56367689,0
MORC3,11.7083,13.7314,0.853,-0.11,0.93323029,0.45208945,0.59876179,0.41673557,0.56381309,0
TXNL4B,0.9107,1.2009,0.758,-0.136,0.12313333,0.35147456,0.23347084,0.72194667,0.56413233,0
CTNNA1,12.4611,14.834,0.84,-0.202,0.13954776,0.16723768,0.76795163,0.75300697,0.56426435,0
FBXO3,1.7014,2.0024,0.85,-0.122,0.59384317,0.40677342,0.45181535,0.98909653,0.56443085,0
SELL,50.6985,77.7648,0.652,-0.36,0.00142105,0.01489847,0.02054822,0.53681325,0.5653142,3
ERAL1,7.538,9.0321,0.835,-0.134,0.0342478,0.3564979,0.11786616,0.21662026,0.56533385,1
NECAP1,6.4228,6.6888,0.96,-0.043,0.92055099,0.76568892,0.18426108,0.53681325,0.56534074,0
ACOX3,6.6471,7.7317,0.86,-0.171,0.0647212,0.24232165,0.08702191,0.53681325,0.56571426,0
HPSE,4.4724,5.4238,0.825,-0.149,0.00185065,0.3058671,0.05512883,0.35550187,0.56579222,1
PPP2R3C,5.5364,8.7752,0.631,-0.38,0.01303344,0.010148,0.1133154,0.94552275,0.56588139,2
DAPP1,6.1702,8.7271,0.707,-0.296,0.00023348,0.04309409,0.00606929,0.75300697,0.56597088,3
TMEM87B,1.4944,1.8156,0.823,-0.15,0.50694358,0.30538467,0.84405753,0.32701011,0.56597317,0
PIGM,1.3289,1.1619,1.144,0.095,0.70863395,0.51238114,0.31340376,0.94552275,0.56600525,0
CD101,3.4243,4.6816,0.731,-0.298,0.00062222,0.04195068,0.02164635,0.98909653,0.56628629,3
NRIP1,2.0742,2.5905,0.801,-0.267,0.16787397,0.06887886,0.85176385,0.57388325,0.56642424,0
CAPZA1,15.7889,28.5856,0.552,-0.395,0.00947116,0.00787424,0.21708566,0.98909653,0.56652971,2
ATP1B3,14.6714,19.5014,0.752,-0.193,0.00112663,0.18538547,0.05389312,0.83750782,0.56657973,1
SRRM2,395.1216,456.4874,0.866,-0.183,0.00061016,0.20769694,0.00245174,0.53681325,0.56659199,2
SGPL1,5.0271,6.3121,0.796,-0.244,0.07896071,0.09535555,0.17159723,0.816179,0.56672418,0
DCAF8,9.5823,10.3089,0.93,-0.081,0.01747945,0.57928874,0.00389399,0.29995754,0.56740069,2
ODF2,11.27,9.803,1.15,0.095,0.44605311,0.51040464,0.17006065,0.08827147,0.56764967,0
U2AF1,0.4041,0.4935,0.819,-0.13,0.56474949,0.37406503,0.71728581,0.19407406,0.56766737,0
TBC1D23,6.563,6.6166,0.992,-0.01,0.78514394,0.94729233,0.37342105,0.04769022,0.568022,1
STARD7,26.6283,26.3582,1.01,0.012,0.11566619,0.93274366,0.17470039,0.7949782,0.56849117,0
PAFAH1B2,5.2607,5.5908,0.941,-0.059,0.02045202,0.68300415,0.02054822,0.48343223,0.56855713,2
TFB2M,2.0657,2.1494,0.961,-0.038,0.5593484,0.79638514,0.12019445,0.31330231,0.5686046,0
LITAF,78.7227,134.8273,0.584,-0.292,0.00034889,0.04830431,0.01214269,0.46626286,0.56865018,3
FRMD4B,5.0596,4.8503,1.043,0.044,0.69482959,0.76198064,0.54854237,0.31330231,0.56875561,0
ENG,14.6203,22.1328,0.661,-0.362,5e-08,0.01343497,2.149e-05,1.0,0.56883222,3
AMD1,3.379,4.8084,0.703,-0.299,0.00290551,0.04180354,0.02430613,0.65123214,0.56890929,3
FNDC3A,8.3067,10.295,0.807,-0.208,0.21175986,0.15427997,0.95686069,0.88048261,0.56903863,0
NOL7,1.4337,1.9462,0.737,-0.258,0.13722372,0.0784537,0.96466718,0.62152367,0.56926382,0
SF1,57.9675,74.3026,0.78,-0.283,0.00013023,0.05268769,0.00218649,0.77391449,0.56934811,2
ELF2,11.6142,15.7333,0.738,-0.332,0.00925358,0.02425266,0.03202739,0.48343223,0.56937681,3
TERF2IP,5.2263,7.5836,0.689,-0.414,0.00731107,0.00511023,0.21708566,0.4009022,0.56966772,2
TMEM131,11.9939,13.3871,0.896,-0.125,0.02418881,0.39174757,0.47886283,0.88048261,0.56973204,1
TMCO1,1.8793,2.7286,0.689,-0.272,0.07030465,0.06402927,0.54854237,0.88048261,0.56987842,0
MDH2,43.2973,68.9339,0.628,-0.422,2.39e-05,0.00423835,0.00302382,0.83750782,0.56999509,3
PTCH1,9.8975,8.529,1.16,0.129,0.4572437,0.37424087,0.76044956,0.98909653,0.57012266,0
IGHA2,3.944,5.6972,0.692,-0.211,0.27906171,0.14932936,0.55799856,0.59147152,0.57016422,0
DGUOK,16.6187,23.9373,0.694,-0.249,0.0048327,0.08898097,0.0375127,0.816179,0.57027623,2
TMLHE,5.4249,6.8267,0.795,-0.179,0.0428283,0.22114407,0.32535272,0.385418,0.57039869,1
DDOST,61.4301,88.1109,0.697,-0.376,1.054e-05,0.01051565,0.00091822,1.0,0.57044273,3
BLZF1,1.8391,1.8077,1.017,0.021,0.84604999,0.88420678,0.2161652,0.12701804,0.57053801,0
JMJD7,2.692,2.3037,1.169,0.104,0.06705305,0.47594206,0.18422903,0.62154062,0.57058274,0
RLIM,2.5016,2.7628,0.905,-0.08,0.77799644,0.58241428,0.66162888,0.69133573,0.57108686,0
DOCK11,24.1955,31.8104,0.761,-0.303,0.0831293,0.03911797,0.31104907,0.83750782,0.57119822,1
RBBP5,3.8902,4.0823,0.953,-0.053,0.97772027,0.71733866,0.42851651,0.51871531,0.57120118,0
FOXO1,6.6508,7.5844,0.877,-0.121,0.00754695,0.40567868,0.18753254,0.75300697,0.57128341,1
KHDRBS1,12.8859,18.6177,0.692,-0.397,0.00167532,0.00701915,0.06661534,0.90209945,0.57139985,2
TUBA4A,180.9511,205.1796,0.882,-0.094,0.00020376,0.51752849,0.01085567,0.65123214,0.57157982,2
COX4I1,66.2932,126.7941,0.523,-0.387,2.476e-05,0.00894908,0.00408049,0.92378602,0.57162686,3
GNE,3.6427,3.1736,1.148,0.139,0.97559904,0.33963801,0.82869632,0.57388325,0.57195299,0
RALB,2.7226,4.509,0.604,-0.338,0.08844749,0.02214658,0.47124207,0.08786592,0.57197372,1
PPP1R12A,24.2697,29.6043,0.82,-0.252,0.02573554,0.08506699,0.09260467,0.96729961,0.572142,1
MEF2D,18.0172,22.212,0.811,-0.265,0.00191849,0.07043049,0.04078424,0.6120509,0.57239053,2
FICD,3.6625,4.1487,0.883,-0.091,0.08600557,0.5323544,0.14280002,0.83750782,0.57254935,0
RPL30,562.5255,1123.2624,0.501,-0.3,0.00154337,0.0413809,0.07916031,0.83750782,0.57277707,2
SLC7A6OS,5.0017,5.3862,0.929,-0.071,0.45242862,0.62413268,0.03010877,0.27434987,0.57288766,1
TNFSF10,12.6392,18.0534,0.7,-0.273,0.04201619,0.06250479,0.99607635,0.65123214,0.57290782,1
EFTUD2,21.301,26.865,0.793,-0.273,0.00138231,0.06228019,0.03404987,0.83750782,0.57292945,2
COX16,1.0949,1.6251,0.674,-0.213,0.5309264,0.14818573,0.2131098,0.3592411,0.57298452,0
PNPLA8,4.8808,5.0764,0.961,-0.041,0.32310964,0.78020484,0.55182462,0.73226424,0.57317685,0
S100A6,76.1586,201.8577,0.377,-0.387,2e-08,0.00914667,0.00024869,0.48343223,0.57327122,3
DHX15,12.0868,15.1687,0.797,-0.289,0.00533527,0.04834116,0.0286458,0.71170446,0.57339828,3
SLC5A10,2.0878,1.7843,1.17,0.148,0.15359648,0.31094486,0.32535272,1.0,0.57342291,0
ARFGAP3,9.1968,12.2981,0.748,-0.314,0.0019445,0.03246454,0.00302382,0.09402198,0.57344429,3
NDUFS5,24.6521,52.3297,0.471,-0.31,0.01424851,0.03578301,0.63335779,0.41673557,0.57348503,2
POLR2J3,16.6759,22.6032,0.738,-0.148,0.03280735,0.30884914,0.40315806,0.75300697,0.57364102,1
FIP1L1,24.6622,39.5993,0.623,-0.314,0.00430077,0.03345347,0.05638807,0.57388325,0.57377871,2
MRS2,6.1125,7.4264,0.823,-0.201,0.00207954,0.16749662,0.01164501,0.48343223,0.57414858,2
FAR2,3.7187,4.4623,0.833,-0.157,0.12585055,0.28059203,0.38676685,0.05510871,0.57419958,0
PTPN22,16.3953,20.7298,0.791,-0.166,0.23816411,0.25649404,0.90215484,0.98909653,0.57437567,0
TRIP12,22.5879,26.1093,0.865,-0.157,0.00602962,0.28203742,0.09847143,0.83750782,0.57450395,1
PDPR,15.7016,13.7303,1.144,0.13,0.52412215,0.37139671,0.65096778,0.28697196,0.57486792,0
PSMD2,13.7429,15.184,0.905,-0.112,0.13119814,0.44127882,0.58516746,0.65123214,0.57488029,0
GAS7,13.9824,21.8319,0.64,-0.374,3.3e-07,0.01085573,0.00031264,0.816179,0.57489665,3
LPGAT1,2.6497,4.2935,0.617,-0.242,0.86588111,0.10000917,0.61595267,0.67117575,0.57502051,0
ASAH1,16.793,28.7878,0.583,-0.352,1.59e-06,0.01688856,0.00434176,0.35550187,0.57510822,3
EXTL3,8.747,13.2423,0.661,-0.346,3.356e-05,0.01850445,0.00327453,0.5928362,0.57541949,3
CPT1B,7.5924,7.1312,1.065,0.041,0.63590418,0.78002974,0.32535272,0.74561537,0.57555194,0
TTI1,9.6347,9.1564,1.052,0.054,0.03110654,0.70790882,0.00348857,0.31330231,0.57600197,2
RPL35A,165.6694,349.5675,0.474,-0.301,0.00107497,0.04126402,0.12862793,0.92378602,0.57612847,2
ANAPC5,22.1808,24.8609,0.892,-0.12,0.00680437,0.40781143,0.09648373,0.96729961,0.57636623,1
RPL29,196.9057,396.7356,0.496,-0.338,1.054e-05,0.02204519,0.01148319,0.65123214,0.57652825,3
LAT2,7.1332,10.1655,0.702,-0.302,0.04393172,0.04021567,0.25391965,0.57388325,0.5768673,2
POLR2G,7.2671,9.3629,0.776,-0.156,0.69876362,0.28531333,0.98038364,0.35550187,0.57691034,0
APOL2,10.156,12.4847,0.813,-0.229,0.03668847,0.1172558,0.18589149,0.227454,0.57754204,1
ZAP70,69.795,74.0221,0.943,-0.068,0.04069164,0.64241818,0.01472292,0.44942115,0.57756207,2
TTL,1.7378,2.0314,0.855,-0.099,0.55756015,0.495279,0.32053802,0.63152163,0.57767096,0
CSF1R,52.0185,91.3392,0.57,-0.398,2e-07,0.00690094,0.00050756,0.816179,0.57773792,3
RAB10,5.1789,5.8941,0.879,-0.108,0.03048844,0.45859563,0.38139397,0.63152163,0.57809845,1
RALGPS2,3.7185,3.6777,1.011,0.009,0.19660089,0.95183159,0.08257998,0.5928362,0.57818695,0
YEATS2,10.6399,11.9828,0.888,-0.091,0.0035714,0.52949648,0.09165474,0.44942115,0.57862967,1
ZHX2,12.8483,14.3078,0.898,-0.116,0.01590707,0.42487004,0.02164652,0.7949782,0.57863167,2
PLXDC1,4.1817,3.0038,1.392,0.175,0.91421795,0.22895425,0.36816103,1.0,0.57867613,0
GOLGA7,2.4147,3.9719,0.608,-0.339,0.00031482,0.02079412,0.12433824,0.21975591,0.57868248,2
JMJD8,17.9173,22.1155,0.81,-0.214,0.000427,0.14205458,0.00941826,0.816179,0.57880738,2
AGFG1,13.2725,18.9863,0.699,-0.297,0.00085617,0.04270395,0.3787248,0.75300697,0.57886878,2
AHSA1,17.674,19.8655,0.89,-0.109,0.43972948,0.45688863,0.50362815,0.35550187,0.57887505,0
TBRG4,29.3481,35.0337,0.838,-0.179,0.0456318,0.22002734,0.06166685,0.16766616,0.57887968,1
GFPT1,2.2899,2.1566,1.062,0.075,0.38372143,0.60838892,0.92165297,0.4009022,0.57940528,0
FUBP1,9.1059,8.3548,1.09,0.105,0.65211685,0.47012831,0.9138474,0.18622027,0.57943928,0
DNAJC4,30.4273,45.4075,0.67,-0.382,0.00013165,0.00944138,0.02028135,0.92378602,0.5795398,3
TBCD,17.3583,23.4847,0.739,-0.218,5.193e-05,0.13618408,0.00076924,0.6120509,0.57955374,2
ANXA2P2,3.234,2.9207,1.107,0.059,0.00129564,0.68982317,0.01849595,0.1960065,0.57976669,2
KPNA4,4.8524,5.7964,0.837,-0.155,0.02074294,0.28744606,0.1510206,0.65123214,0.58012241,1
STRN,4.971,5.9456,0.836,-0.129,0.03436087,0.37728191,0.30405522,0.65123214,0.58057238,1
APOL1,3.7019,3.6417,1.017,0.013,0.94592631,0.92850685,0.39764964,0.64160317,0.58068835,0
TGFBR1,4.3574,4.853,0.898,-0.082,0.31792623,0.57292046,0.88271495,0.7949782,0.58076428,0
RPL34,189.3904,373.2126,0.507,-0.305,0.00691416,0.03877671,0.23402423,0.65123214,0.58093334,2
NSMCE1,9.3506,12.5488,0.745,-0.2,0.0276468,0.17147736,0.41150869,0.55520734,0.5811187,1
RNF185,2.0415,2.3812,0.857,-0.102,0.00075477,0.48105819,0.03443897,0.89898534,0.58134539,2
EID2,1.7766,2.4905,0.713,-0.289,0.00823018,0.04928866,0.26851611,0.10635126,0.58161473,2
ATXN7L3B,0.2233,0.2075,1.076,0.056,0.19200706,0.69903514,0.64037325,0.5821433,0.58175126,0
GPR18,4.253,4.4914,0.947,-0.047,0.69679559,0.74748742,0.18103207,0.18622027,0.58180934,0
ZNF417,8.3414,8.0918,1.031,0.031,0.13119814,0.83182807,0.01685076,0.27434987,0.58184096,1
VPS13B,15.7338,17.7114,0.888,-0.13,0.30646662,0.3744729,0.61595313,0.57388325,0.58206359,0
GGA3,18.7513,16.5976,1.13,0.058,0.00278192,0.69012262,0.01825315,0.71170446,0.58211102,2
COMMD9,13.6174,18.4514,0.738,-0.262,0.00243942,0.07340319,0.36036414,1.0,0.58218016,1
YOD1,1.7441,2.5823,0.675,-0.232,0.19022474,0.11575062,0.98038364,0.06339176,0.58260455,0
SF3B2,47.247,58.5055,0.808,-0.257,0.00022393,0.07852796,0.00032469,0.14231835,0.58264391,2
PSTPIP2,5.8566,6.5502,0.894,-0.093,0.518938,0.52293732,0.69401885,0.50091734,0.5827894,0
TMEM147,10.8232,14.9885,0.722,-0.181,0.00422928,0.2159695,0.26011145,0.71170446,0.58300902,1
PABPC1,437.4524,664.7666,0.658,-0.413,4.7e-07,0.00493888,0.00107473,0.85894553,0.58313441,3
SPCS1,3.5418,5.4206,0.653,-0.274,0.10902968,0.06257317,0.54524042,0.85451366,0.58333147,0
FOXK2,16.0567,15.5339,1.034,0.015,4.376e-05,0.91693495,0.01533493,0.69133573,0.5837208,2
ZZZ3,4.7742,4.6143,1.035,0.046,0.9649957,0.7511242,0.74551347,0.71170446,0.58374143,0
SAT1,32.4777,52.0577,0.624,-0.341,0.00057527,0.02062759,0.00704228,0.75300697,0.58374604,3
ARL1,4.7942,4.962,0.966,-0.017,0.79640896,0.90688904,0.69401127,0.90209945,0.58374805,0
FAM135A,3.0607,2.8429,1.077,0.075,0.25220435,0.60901401,0.06661534,0.43290855,0.58392749,0
SGK3,4.2222,5.8575,0.721,-0.252,0.0019886,0.08485835,0.02973714,0.29995754,0.58423629,2
TDRD3,3.5796,4.8314,0.741,-0.177,0.20030997,0.22833177,0.00928393,0.47192844,0.5845101,1
MRPL14,4.9197,6.6842,0.736,-0.151,0.57994767,0.30183217,0.54022797,0.28985331,0.58456817,0
SNORA71B,20.4639,17.7779,1.151,0.088,0.35397111,0.54650542,0.5551165,0.48343223,0.58469115,0
CCT5,20.0798,25.7707,0.779,-0.319,0.0341352,0.02991965,0.33266249,0.7949782,0.58504256,2
PRICKLE3,4.0487,4.6319,0.874,-0.128,0.04269111,0.38035976,0.17314305,0.84346192,0.58595323,1
PRNP,4.5939,6.6295,0.693,-0.323,0.00065976,0.02747658,0.08702191,0.51871531,0.58628192,2
LILRB3,3.3025,5.347,0.618,-0.175,0.23710324,0.23131794,0.82103652,0.7949782,0.58636154,0
SPN,86.4467,107.0139,0.808,-0.187,0.0003024,0.19962712,0.0316355,0.6120509,0.5866762,2
STAT2,28.3137,34.4799,0.821,-0.231,0.00375826,0.11284845,0.02164652,0.51871531,0.58671463,2
MSH3,10.4616,11.3546,0.921,-0.08,0.23922392,0.58325686,0.71226218,0.71170446,0.58671972,0
EXOSC1,25.7857,46.6413,0.553,-0.293,0.00072702,0.04700247,0.04481614,0.83750782,0.58677946,3
TESK1,35.345,44.5635,0.793,-0.268,1.395e-05,0.06619168,0.00022585,0.44942115,0.58728374,2
DPEP3,1.3681,1.3982,0.978,-0.015,0.19865039,0.91614692,0.09500901,0.94366804,0.58730035,0
ATG4C,2.2695,2.0291,1.119,0.106,0.05566206,0.46898333,0.00746918,0.27434987,0.58744453,1
SUPT16H,5.9959,6.4051,0.936,-0.121,0.56293322,0.40512391,0.62986017,0.69133573,0.58744549,0
CMTM7,22.0603,28.3701,0.778,-0.178,0.00031829,0.22063372,0.01777473,1.0,0.58762352,2
ARL4C,30.3113,36.3084,0.835,-0.103,0.00064074,0.47854446,0.00491029,0.43290855,0.58765132,2
IMPA2,3.0187,4.9043,0.616,-0.355,0.00607824,0.01615323,0.00265821,0.385418,0.58776167,3
PHF8,9.1545,9.0001,1.017,0.019,0.424147,0.89397554,0.19589842,0.51871531,0.58794404,0
GNL2,9.4559,9.6245,0.982,-0.022,0.18225234,0.88140542,0.36036414,0.85894553,0.58795507,0
LPIN1,8.0218,8.4558,0.949,-0.055,0.03237508,0.70711505,0.00377399,0.07259907,0.58843552,2
ALDOA,333.2619,587.6461,0.567,-0.442,2e-08,0.00268049,0.00015891,0.71170446,0.58867457,3
GBP1,16.7987,18.487,0.909,-0.081,0.91632888,0.57970827,0.82103882,0.88048261,0.5888055,0
SEC24D,17.0459,19.3868,0.879,-0.126,0.00207954,0.38504822,0.2116404,0.85894553,0.58885462,1
ZNF397,3.1423,2.7097,1.16,0.254,0.00602962,0.08308235,0.07345356,0.5928362,0.58900429,1
TM2D3,12.1387,17.6343,0.688,-0.259,0.46695965,0.07847738,0.94902704,0.85894553,0.58924952,0
NCLN,29.0784,39.6401,0.734,-0.288,9.187e-05,0.04898364,0.00103796,0.88048261,0.58944358,3
GGA1,29.3589,36.6808,0.8,-0.237,0.00164513,0.10470196,0.00204699,0.4009022,0.58963718,2
WWP2,30.6074,36.5596,0.837,-0.178,0.00101588,0.22016011,0.00644294,0.35550187,0.58980828,2
TFG,12.4065,14.3512,0.864,-0.124,0.00904047,0.39266171,0.30405522,0.98909653,0.59043436,1
ATP13A2,25.3858,30.8266,0.824,-0.205,1.345e-05,0.15845139,0.00037738,0.92378602,0.59050895,2
DEFA3,4.4466,7.6971,0.578,-0.224,0.00052448,0.12506,0.24972212,0.036723,0.59055503,2
RPS26,122.1737,250.2627,0.488,-0.279,0.01825003,0.05877539,0.06304863,0.83750782,0.59098896,1
SLC35E3,1.1061,1.1048,1.001,0.001,0.45563549,0.99437332,0.84405954,0.31330231,0.5910324,0
BTG1,9.3777,12.6267,0.743,-0.287,0.00211697,0.05010084,0.08433418,0.44942115,0.59116692,1
MBNL1,83.6943,97.4431,0.859,-0.129,0.0002785,0.37512876,0.01394045,0.85894553,0.59125661,2
XPA,2.4108,2.7373,0.881,-0.143,0.3166398,0.32883847,0.32777698,0.67117575,0.59141654,0
LSM14B,11.7784,14.7924,0.796,-0.226,0.01054804,0.12277088,0.23402423,0.94552275,0.59163576,1
ASCC2,12.6266,15.0636,0.838,-0.148,0.00050095,0.30909633,0.03242344,0.63152163,0.59164338,2
GSR,9.8758,16.1869,0.61,-0.414,5.558e-05,0.00508503,0.0187428,0.83750782,0.59172958,3
GNAQ,3.7737,6.3499,0.594,-0.296,0.00101588,0.04444653,0.00427506,0.94552275,0.59209531,3
AP3D1,32.2126,40.5563,0.794,-0.258,6.153e-05,0.07735555,0.00129944,0.90209945,0.59219374,2
KCNJ15,3.3329,6.5907,0.506,-0.307,0.00036706,0.03761209,0.02430613,0.17677365,0.59237662,3
DNPEP,10.6747,12.5239,0.852,-0.137,0.00211697,0.34652965,0.02557631,0.90209945,0.59246163,2
RLF,3.0994,3.6782,0.843,-0.175,0.62174483,0.23339232,0.57506679,0.75300697,0.59255795,0
STEAP4,1.4769,4.3291,0.341,-0.3,0.08503838,0.04305392,0.43717118,0.90209945,0.59263199,1
YTHDC2,6.2688,5.6819,1.103,0.126,0.31025597,0.38736768,0.54854237,0.1960065,0.59282921,0
PSMF1,14.6388,22.2229,0.659,-0.416,7.782e-05,0.00473714,0.00955394,0.6120509,0.59283599,3
TERF1,3.1193,2.8923,1.079,0.102,0.39249491,0.48264712,0.26429692,0.57388325,0.59338703,0
MOSPD3,11.5696,15.5761,0.743,-0.23,0.00627856,0.11588994,0.33512247,0.7949782,0.59378653,1
GSS,5.4116,6.3348,0.854,-0.153,0.19938093,0.29392854,0.97253975,0.92378602,0.59402418,0
EEFSEC,10.4164,9.4412,1.103,0.034,0.22928565,0.81411112,0.50519757,0.43788828,0.59420151,0
POLE3,3.522,5.1612,0.682,-0.181,0.19568055,0.21653416,0.68315633,0.34107567,0.59445039,0
CASP5,6.6777,7.486,0.892,-0.065,0.36231866,0.65478898,0.26219842,0.77391449,0.59468284,0
ST13,5.3606,5.2521,1.021,0.02,0.63875412,0.89256491,0.33759414,0.7949782,0.59470832,0
RAB2A,7.0361,7.5237,0.935,-0.042,0.56472978,0.77240425,0.40871625,0.67117575,0.5952227,0
SCAPER,5.4925,5.4206,1.013,0.015,0.68112569,0.91791968,0.30405522,0.94552275,0.59541706,0
SIK2,5.9897,6.1931,0.967,-0.033,0.07239212,0.81843611,0.12019445,0.83750782,0.59545976,0
RNF19A,4.7284,5.164,0.916,-0.124,0.16461808,0.39621079,0.64037761,0.67117575,0.59551655,0
TERF2,12.2642,15.3313,0.8,-0.184,0.00664261,0.20750981,0.03404987,0.5928362,0.59582396,2
TRAF6,1.1898,1.4572,0.816,-0.218,0.41040203,0.13716196,0.85176308,0.07259907,0.59582694,0
HSPH1,6.4729,6.4312,1.006,0.009,0.34303174,0.95171914,0.07585671,0.83750782,0.59631936,0
SSR2,46.4905,73.6437,0.631,-0.357,6.1e-06,0.01502586,0.00125561,0.7949782,0.59644018,3
FAF1,4.1627,5.9382,0.701,-0.278,0.0341352,0.05901678,0.17626759,0.83750782,0.59675497,1
PMS2CL,2.7352,2.5548,1.071,0.071,0.65980293,0.62591308,0.46073196,0.73226424,0.5968997,0
ZCCHC8,4.8486,5.3204,0.911,-0.102,0.23395721,0.48353264,0.50992348,0.69133573,0.59710109,0
BCLAF1,11.4763,11.8262,0.97,-0.039,0.88684677,0.79021425,0.58516746,0.90209945,0.59743184,0
RPS6KA3,10.5464,13.7298,0.768,-0.206,0.31407612,0.15981752,0.89437142,0.55520734,0.59743925,0
KBTBD7,3.933,4.8368,0.813,-0.205,0.2965122,0.16133292,0.76795163,0.94552275,0.59748847,0
PLEKHA2,21.816,29.5386,0.739,-0.279,0.00360194,0.057054,0.0680878,0.73226424,0.59753906,1
HSD17B12,7.9392,8.2884,0.958,-0.031,0.80566322,0.83338417,0.41151113,0.85894553,0.59797002,0
CAMK2D,6.0836,5.9152,1.028,0.029,0.20031397,0.84188366,0.22450177,0.51871531,0.5979896,0
ABL1,11.1059,11.7323,0.947,-0.055,0.00348118,0.70537386,0.00693903,0.53681325,0.59824575,2
NRBF2,1.8817,3.2604,0.577,-0.311,0.37649081,0.03564866,0.94902571,0.5256136,0.59849534,1
WBP2,15.6248,20.9131,0.747,-0.209,0.01071046,0.15342514,0.31814823,0.83750782,0.59850416,1
IGBP1,23.5762,35.3277,0.667,-0.335,3.279e-05,0.02231424,0.00365737,0.77391449,0.59859198,3
PPP1R8,4.9514,4.5762,1.082,0.069,0.55577469,0.63718429,0.77171088,0.67117575,0.59860815,0
CDS2,18.8149,22.0473,0.853,-0.159,0.00402122,0.27468189,0.01413255,0.90209945,0.59866058,2
WBP11,7.9122,8.9327,0.886,-0.155,0.20502697,0.28776919,0.7792454,0.71170446,0.5987688,0
ZBTB20,5.9216,5.1342,1.153,0.095,0.0093256,0.51172307,0.06098541,0.51871531,0.59881788,1
ZMIZ2,45.7067,41.7817,1.094,0.105,0.24565412,0.46937402,0.11671536,0.41673557,0.59903284,0
ADRB2,13.9226,16.4686,0.845,-0.136,0.00237573,0.35018061,0.00969136,0.67117575,0.59916557,2
TMEM167B,1.5702,1.7031,0.922,-0.057,0.68626504,0.6975433,0.33910538,0.96612771,0.59948079,0
SLC40A1,15.2679,17.2029,0.888,-0.099,0.01747945,0.4948349,0.13751424,0.57388325,0.59959208,1
SHQ1,2.3279,2.318,1.004,0.004,0.81804,0.97840931,0.97842243,0.48343223,0.59971615,0
TMEM39A,2.6072,3.8789,0.672,-0.315,0.01164411,0.03292288,0.50049539,0.57388325,0.59981926,2
RBM22,6.6281,7.4422,0.891,-0.116,0.19845088,0.42760844,0.73067209,0.71170446,0.59996057,0
HBB,3631.829,8358.6345,0.435,-0.147,0.79128477,0.3178537,0.88659815,0.15044329,0.60000575,0
MPP1,22.9252,35.6958,0.642,-0.294,5.882e-05,0.0449143,0.00129944,0.5928362,0.60001037,3
RAB5C,11.6485,25.6397,0.454,-0.408,0.00044004,0.00610521,0.16253536,0.83750782,0.60009722,2
NEDD9,11.1688,17.8758,0.625,-0.345,0.01191101,0.01986909,0.25597208,0.67117575,0.60024305,2
CSE1L,6.8707,7.6624,0.897,-0.132,0.57375372,0.36462068,0.31340376,0.75300697,0.60047612,0
DHX9,20.4853,23.0192,0.89,-0.145,0.07197061,0.31975967,0.53227713,0.65123214,0.60112097,0
ABCB7,5.6499,5.2163,1.083,0.064,0.61611845,0.65912851,0.45775004,0.92378602,0.60156392,0
DCK,3.4685,3.5242,0.984,-0.016,0.47678905,0.91346792,0.96469851,0.46626286,0.60169929,0
ARL5B,1.124,0.9529,1.18,0.108,0.07307141,0.46109012,0.07167868,0.9437593,0.60171541,0
UBAP2,24.4525,31.1998,0.784,-0.176,0.02103747,0.2292387,0.39218566,0.816179,0.60176147,1
RNF145,5.729,8.0397,0.713,-0.294,0.00925358,0.04538183,0.28370464,0.32701011,0.60196543,2
DERL1,5.7872,6.3629,0.91,-0.08,0.12259552,0.58085604,0.38676685,0.816179,0.60205919,0
RPL12,25.7783,51.4945,0.501,-0.337,7.09e-06,0.02214321,0.00851566,0.88048261,0.6020858,3
CAPN1,65.7105,81.0085,0.811,-0.175,5.252e-05,0.22826948,0.00253276,0.57388325,0.60211523,2
CCNI,150.7847,204.4842,0.737,-0.293,2.418e-05,0.04476318,0.00078306,0.67117575,0.60213727,3
ZNF814,17.1688,16.0459,1.07,0.082,0.6198671,0.57281217,0.94511201,0.51871531,0.60276602,0
PWP1,5.5441,5.5386,1.001,0.001,0.37938007,0.99522704,0.2080655,0.4009022,0.60281458,0
CSGALNACT1,7.8009,7.1839,1.086,0.095,0.30646662,0.51396839,0.5551165,0.77391449,0.60292763,0
PRKCH,36.349,37.5574,0.968,-0.041,0.22468493,0.77833865,0.03888638,0.57388325,0.60378143,1
GATC,0.4577,0.6904,0.663,-0.176,0.81157654,0.23101535,0.95486185,0.3429292,0.60383336,0
ELAC2,11.0153,12.8466,0.857,-0.166,0.00533527,0.25628745,0.02900568,0.90209945,0.60395415,2
IGSF6,0.6686,0.5545,1.206,0.056,0.00549439,0.70030935,0.02019523,0.43517424,0.60414703,2
FGFRL1,4.6219,5.0079,0.923,-0.082,0.02288226,0.57178154,0.01753967,0.55520734,0.60496552,2
POLR3C,4.4659,5.6186,0.795,-0.214,0.04621068,0.14289654,0.55841794,0.71170446,0.60551676,1
HS1BP3,4.069,6.4937,0.627,-0.398,0.0013199,0.00696819,0.0935625,0.98909653,0.60555881,2
PPP4C,26.4597,42.1192,0.628,-0.36,3.557e-05,0.01412491,0.00093449,0.75300697,0.60576302,3
TTC17,14.9111,15.0942,0.988,-0.017,0.1975244,0.90837218,0.28150177,0.4009022,0.60579973,0
OAT,3.1405,3.7619,0.835,-0.16,0.68112435,0.27478422,0.0557523,0.63152163,0.60580334,0
DLGAP4,13.6354,16.6685,0.818,-0.226,0.01303348,0.12193284,0.03010877,0.18622027,0.60584352,2
SCFD1,6.2522,7.0903,0.882,-0.141,0.77290268,0.33436564,0.45477783,0.65123214,0.60600088,0
PRPF3,8.494,9.1502,0.928,-0.101,0.1388367,0.48819457,0.29263261,0.98909653,0.60617973,0
AGK,2.556,1.7829,1.434,0.227,0.00969058,0.11933264,0.35520064,0.3592411,0.6066562,1
CCT7,32.5512,40.2087,0.81,-0.228,0.12850273,0.11972192,0.17626759,0.5928362,0.606833,0
MXD3,14.941,25.6507,0.582,-0.454,4.33e-06,0.00214155,0.0092843,0.48343223,0.6068599,3
FBXO28,3.8995,4.9235,0.792,-0.244,0.07071815,0.09507187,0.54526978,0.57388325,0.60696332,0
UBE4B,9.6733,12.7439,0.759,-0.274,0.00385498,0.06156334,0.02623266,0.7949782,0.60699906,2
UBE2K,5.0917,5.7098,0.892,-0.086,0.29040176,0.55607136,0.84405954,0.55520734,0.60734187,0
ATXN2L,97.4194,122.2118,0.797,-0.28,0.000158,0.05543918,0.00201342,0.55520734,0.60745426,2
LAMP1,28.476,41.652,0.684,-0.392,4.85e-05,0.00772363,0.00815311,0.98909653,0.60748322,3
L3MBTL2,8.9572,9.102,0.984,-0.018,0.16828415,0.89928921,0.23596257,0.90209945,0.60754944,0
CC2D1B,12.9545,13.8993,0.932,-0.074,0.01236785,0.60881377,0.01618571,0.94552275,0.60770231,2
IL13RA1,5.0053,7.6273,0.656,-0.323,0.09355097,0.02858228,0.64389968,0.57388325,0.60788356,1
ZNF490,2.3965,3.0218,0.793,-0.232,0.02336485,0.11256443,0.00194778,0.05129462,0.6080546,2
ANKHD1,17.3183,19.9316,0.869,-0.146,0.14755546,0.31725972,0.61595313,0.41673557,0.60822466,0
RAP2C,3.3263,4.7394,0.702,-0.242,0.05755863,0.09991129,0.35012761,0.75300697,0.60828922,0
SAP30,0.5956,0.6279,0.949,-0.032,0.13720371,0.8250793,0.0847765,0.0649504,0.60854141,0
PSMD3,14.4005,17.7812,0.81,-0.202,0.00100633,0.16598914,0.02028135,0.85894553,0.60882143,2
ASAP1,22.8244,32.146,0.71,-0.31,0.01602345,0.03454851,0.26429692,0.94552275,0.60885301,2
ZNF195,4.0869,4.2262,0.967,-0.033,0.61799185,0.82080348,0.28150177,0.96729961,0.60936376,0
R3HDM2,21.8191,27.3489,0.798,-0.256,0.00017762,0.08002154,0.02724447,0.77391449,0.60970951,2
ZNF148,3.5797,5.1455,0.696,-0.22,0.0647212,0.13251767,0.55182462,0.71170446,0.60974216,0
RPL35,39.3403,68.4476,0.575,-0.246,0.00106491,0.09452867,0.04078424,0.63152163,0.60976399,2
MRPL49,2.8106,3.2443,0.866,-0.119,0.04364579,0.41556561,0.6616206,0.47190689,0.60984335,1
AASDHPPT,2.3715,2.6055,0.91,-0.071,0.87634113,0.6277951,0.38137223,0.28997065,0.61022187,0
FUCA2,4.2371,5.5825,0.759,-0.206,2.279e-05,0.1566943,0.00815311,0.25018521,0.61024234,2
IDUA,16.2597,15.0897,1.078,0.073,0.24028747,0.61434476,0.23987326,0.43290855,0.61024458,0
TAF3,4.805,5.2045,0.923,-0.113,0.0495061,0.43572799,0.02623266,0.27434987,0.61044443,2
RPS18P9,0.3761,0.545,0.69,-0.13,0.11252916,0.37553413,0.07644382,0.52580364,0.61063872,0
FCRL6,15.5451,16.8495,0.923,-0.06,0.04337705,0.68076048,0.001172,0.92378602,0.61130311,2
NFAT5,9.25,12.8732,0.719,-0.246,0.01456746,0.09365304,0.15526355,0.41673557,0.61167682,1
VPS36,10.1902,12.4714,0.817,-0.152,0.66946233,0.29869938,0.8019708,0.385418,0.61176653,0
ACTR2,16.7578,27.2599,0.615,-0.403,0.00243942,0.00641556,0.19420373,0.816179,0.61178288,2
SMAP1,7.5552,8.9109,0.848,-0.204,0.04828565,0.16264135,0.08702191,0.370282,0.61224503,1
GAB2,18.7348,24.347,0.769,-0.256,0.00030552,0.07921089,0.02054822,0.55520734,0.61270945,2
RPL18,427.7107,698.5772,0.612,-0.282,0.00160078,0.05549265,0.02399726,1.0,0.61274075,2
MAL,27.8594,29.7449,0.937,-0.065,0.18932644,0.65599347,0.26219842,0.53681325,0.61287637,0
MRPL41,63.8301,93.5367,0.682,-0.264,0.00348118,0.07234705,0.01825315,0.75300697,0.61307369,2
COX8A,78.8905,139.2164,0.567,-0.35,1.75e-06,0.01751676,0.00035011,0.73226424,0.61308112,3
RPS16,645.8594,1183.1472,0.546,-0.288,0.00037838,0.05057919,0.03935367,0.83750782,0.61311974,2
COPS6,17.6305,27.9497,0.631,-0.352,0.00069939,0.01680773,0.10151415,0.94552275,0.61356459,2
HPS3,5.7978,5.8477,0.991,-0.011,0.63875412,0.93981595,0.87108503,0.98909653,0.61364641,0
PAF1,7.0859,8.0126,0.884,-0.162,0.35259176,0.26820248,0.8982619,0.5928362,0.61368934,0
PLEKHF2,3.2361,4.1546,0.779,-0.255,0.00772831,0.08063277,0.13364951,0.83750782,0.61375705,1
RAB11FIP2,2.0604,1.6597,1.241,0.165,0.40511268,0.25698435,0.44737289,0.76707671,0.61391381,0
ANXA1,41.253,66.9324,0.616,-0.451,6.5e-06,0.00224849,0.01040523,0.92378602,0.61395832,3
TOP1,5.2534,6.2219,0.844,-0.191,0.05669005,0.19091206,0.14280054,0.08278988,0.61396802,0
SUPT6H,18.0588,20.4419,0.883,-0.179,0.01112628,0.2196104,0.03363686,0.69133573,0.61401071,2
PIGO,9.0202,9.8901,0.912,-0.094,0.00227296,0.5158074,0.00902147,0.98909653,0.6143172,2
SF3A1,23.1323,29.4013,0.787,-0.298,0.0022529,0.04200713,0.0187428,0.55520734,0.61440035,3
PRPS1,6.6356,7.7888,0.852,-0.166,0.17537235,0.25604546,0.0458748,0.48945941,0.61441555,1
TRMT112,37.4979,58.5669,0.64,-0.323,0.00742817,0.02824121,0.15959639,0.88048261,0.61447672,2
KIAA1109,23.861,25.705,0.928,-0.126,0.43034089,0.38844592,0.7754755,0.7949782,0.61492645,0
HIP1,5.5973,6.016,0.93,-0.068,0.05669005,0.63957119,0.24783119,0.90209945,0.61500452,0
DTD1,0.7088,0.7889,0.899,-0.068,0.98620568,0.63914928,0.61418545,0.73497494,0.61504902,0
EXOSC9,2.7745,2.8317,0.98,-0.021,0.55043511,0.8876058,0.56504931,0.46626286,0.6152509,0
ATG4B,23.8363,26.8764,0.887,-0.159,0.01932363,0.27618361,0.00815311,0.50091734,0.61534438,2
DNAJC15,1.7315,2.2013,0.787,-0.173,0.4365625,0.23682924,0.73807417,0.59191663,0.61548819,0
RALY,39.618,45.4016,0.873,-0.101,9.921e-05,0.48621861,0.00588988,0.85894553,0.61557975,2
NFX1,10.1752,10.4188,0.977,-0.024,0.62174483,0.87159463,0.19589842,0.6120509,0.6155999,0
TMEM129,8.0261,9.9584,0.806,-0.237,0.00023593,0.10416814,0.00103796,0.51871531,0.61580791,2
GZMK,20.4704,23.6441,0.866,-0.072,0.82631644,0.62521506,0.66519637,0.69133573,0.61602579,0
PRPF38A,2.997,3.4143,0.878,-0.124,0.45242662,0.39727887,0.44007569,0.83750782,0.61632458,0
POLB,11.6467,16.0178,0.727,-0.287,0.26681155,0.05149609,0.61249754,0.6120509,0.61675612,0
NNT,8.5309,9.2501,0.922,-0.079,0.00836139,0.58471901,0.14550152,0.63152163,0.61680655,1
SLC37A2,7.1436,10.9558,0.652,-0.292,2.99e-06,0.04544351,0.02758914,0.85894553,0.61692073,3
GPX1,105.5085,192.2404,0.549,-0.384,5e-08,0.00902934,0.00020902,0.5928362,0.617116,3
CCAR1,27.6768,32.9376,0.84,-0.134,0.73853389,0.35838785,0.39218566,0.57388325,0.61751434,0
LSM4,15.9176,17.851,0.892,-0.129,0.05464965,0.37796431,0.13364951,0.94552275,0.61766972,0
GFRA1,1.3236,1.205,1.098,0.106,0.11939744,0.46707705,0.09550025,0.31654309,0.61767424,0
STMN3,3.2353,2.6816,1.206,0.094,0.30392204,0.51660619,0.23592834,0.58224117,0.61769125,0
DYNLT1,10.4763,17.0695,0.614,-0.375,0.00041018,0.01131732,0.14824144,0.65123214,0.61781402,2
SENP2,5.99,5.8183,1.03,0.021,0.21964859,0.88808729,0.19760392,0.48343223,0.61798985,0
ATP8B2,34.1941,32.2669,1.06,0.073,0.33363901,0.6142142,0.15959639,0.75300697,0.61801043,0
PSME4,14.3727,15.0338,0.956,-0.07,0.11022897,0.63116634,0.32535272,0.21662026,0.61811802,0
SPCS2,6.2852,7.9683,0.789,-0.225,0.19248225,0.12435631,1.0,0.12767901,0.61815462,0
PAXIP1,2.7053,2.967,0.912,-0.159,0.50015856,0.2757065,0.80197105,0.50091734,0.61821908,0
MTOR,19.1334,22.554,0.848,-0.195,0.0006793,0.18122965,0.00218649,0.6120509,0.61859177,2
AEBP2,4.6539,5.4779,0.85,-0.13,0.67528433,0.37467251,0.79058597,0.43290855,0.6187424,0
ZBTB25,5.2223,5.1047,1.023,0.016,0.74456334,0.91204218,0.85176385,0.96729961,0.61876332,0
RAB37,10.4522,14.46,0.723,-0.257,0.0442113,0.08029646,0.16551498,0.90209945,0.61901115,1
SNRPA,32.6949,40.9952,0.798,-0.216,0.00154337,0.1393562,0.06166685,0.6120509,0.61907134,1
SH2D5,0.307,0.26,1.181,0.091,0.09503177,0.53416115,0.41888677,0.5411874,0.61921094,0
MRPL39,2.7536,3.08,0.894,-0.096,0.20031317,0.51394987,0.03935342,0.96729961,0.61925833,1
STK38,29.2767,35.1045,0.834,-0.218,0.08407945,0.1352887,0.12019445,0.41673557,0.6197011,0
ERP29,13.8642,23.1082,0.6,-0.371,6.34e-06,0.01149732,0.00141529,0.92378602,0.62025701,3
ACSS1,8.2646,9.7234,0.85,-0.197,0.00748735,0.17756791,0.02136726,0.94552275,0.62043913,2
LSS,3.0827,2.473,1.247,0.149,0.75855418,0.30555984,0.29466439,0.87659168,0.62062475,0
HSD17B7,9.1741,9.539,0.962,-0.035,0.97559904,0.80863363,0.5258401,0.67117575,0.6207532,0
GYPC,55.4134,87.1435,0.636,-0.242,0.00408952,0.09990683,0.06166685,0.94552275,0.62098174,1
IL11RA,12.0674,10.56,1.143,0.11,0.33898578,0.44964214,0.01248487,0.370282,0.62110085,1
FBXW11,3.5824,4.4249,0.81,-0.183,0.02385625,0.21065484,0.0680878,0.31330231,0.62133293,1
AFF1,16.5309,20.694,0.799,-0.279,0.00392071,0.05666498,0.08433418,0.71170446,0.62165201,1
FCER2,6.0634,7.9552,0.762,-0.244,0.17878967,0.09610464,0.75296996,0.65123214,0.62220848,0
UHMK1,6.383,7.8096,0.817,-0.206,0.00829606,0.15784985,0.03202739,0.75300697,0.62230231,2
RARS2,5.8444,5.5504,1.053,0.059,0.15668665,0.68553192,0.29489377,0.1960065,0.62244131,0
KLHL12,4.1478,4.3456,0.954,-0.059,0.17622496,0.68335501,0.14414618,0.53681325,0.62252333,0
IFIT3,2.4528,3.4051,0.72,-0.213,0.44288495,0.14531716,0.82869632,0.48343223,0.62338037,0
IFI6,18.2914,31.2354,0.586,-0.253,1.71e-06,0.08306019,0.00062012,0.53681325,0.62348902,2
POMC,1.8109,1.744,1.038,0.03,0.24988966,0.83752775,0.6193624,0.70317383,0.62350074,0
OSBP2,4.3418,4.5113,0.962,-0.028,0.11322417,0.84872403,0.19251982,0.90209945,0.62394553,0
LILRB2,6.0061,9.6454,0.623,-0.157,0.00069937,0.28078481,0.00111264,0.14231835,0.62411742,2
IL21R,27.4164,35.7385,0.767,-0.154,0.01191101,0.28992239,0.045343,0.94552275,0.62423701,2
ALDH2,6.8726,11.6696,0.589,-0.356,0.00020163,0.01568017,0.01432697,0.67117575,0.62452113,3
FBXO38,9.473,10.4497,0.907,-0.132,0.99045054,0.36536465,0.92165297,0.90209945,0.62462877,0
TMEM106C,7.4523,7.3705,1.011,0.006,0.42183058,0.96843605,0.58685401,0.31661368,0.62471958,0
DDX3X,21.6788,24.1671,0.897,-0.127,0.15055288,0.38296909,0.01248487,0.73226424,0.6247583,1
CIZ1,26.8536,32.8694,0.817,-0.216,0.00053691,0.13844914,0.01432697,0.12701804,0.62499138,2
CDK11A,4.5455,4.5661,0.995,-0.002,0.91843929,0.98632398,0.5258347,0.50091734,0.62538244,0
LAX1,4.1337,4.1182,1.004,0.004,0.78309957,0.97950649,0.7417928,0.67117575,0.62606162,0
FGD2,36.2588,47.4,0.765,-0.289,4.132e-05,0.04822201,0.00317206,0.41673557,0.62636048,3
YME1L1,9.0388,12.2372,0.739,-0.321,0.01200116,0.02901468,0.26640698,0.67117575,0.62642785,2
PIAS4,26.2205,31.344,0.837,-0.182,0.00098748,0.21213094,0.00044616,0.5928362,0.6264713,2
TANK,11.4605,15.7819,0.726,-0.343,0.03324517,0.01981159,0.57506679,0.50091734,0.62662073,2
IRF4,6.6262,7.7127,0.859,-0.113,0.0096933,0.43714873,0.07749417,0.67117575,0.62664254,1
PLRG1,5.2612,5.4353,0.968,-0.038,0.74456334,0.79503586,0.13112008,0.816179,0.62681319,0
LBR,16.27,21.7496,0.748,-0.253,0.00602962,0.08441227,0.18264128,0.43290855,0.62701513,1
HSP90B1,19.4448,22.2202,0.875,-0.173,0.16624003,0.2357391,0.07749417,0.41673557,0.62714069,0
NPLOC4,8.4438,10.0921,0.837,-0.162,0.0016906,0.2652592,0.02081814,0.69133573,0.62727001,2
MRPL42,5.3764,5.6031,0.96,-0.04,0.69482959,0.78479171,0.13751424,0.31330231,0.62729365,0
PRAF2,10.6317,10.8728,0.978,-0.016,0.03504098,0.91305712,0.26640074,0.60173784,0.62747377,1
ZSWIM6,6.9989,9.9138,0.706,-0.377,0.00426489,0.01041327,0.21525949,0.73226424,0.62757018,2
NME6,2.2765,2.2313,1.02,0.019,0.50354598,0.89446187,0.16702011,0.7949782,0.62775205,0
NAA40,2.971,3.5703,0.832,-0.096,0.49167312,0.51116998,0.43131855,0.67214513,0.6277829,0
SELP,6.275,5.7555,1.09,0.043,0.88264682,0.76896442,0.38139397,0.18622027,0.62797425,0
CXCR4,90.5153,110.7054,0.818,-0.179,0.00785138,0.22055325,0.15814206,0.69133573,0.62816673,1
LARP4,4.1205,4.3152,0.955,-0.047,0.10385995,0.74807671,0.7417941,0.57388325,0.62840288,0
ISCA2,0.7131,1.2636,0.564,-0.303,0.15728075,0.03930498,0.70865257,0.44621132,0.6289919,1
GPR183,14.046,15.8933,0.884,-0.117,0.05808524,0.42117342,0.30870609,0.73226424,0.62935938,0
RALGDS,25.4317,30.1571,0.843,-0.16,0.00180123,0.27249484,0.01554385,0.85894553,0.62946356,2
SH2D2A,20.8454,22.899,0.91,-0.091,0.01811957,0.53043713,0.01777473,0.83750782,0.62946754,2
UBE3C,10.7247,12.2202,0.878,-0.162,0.10846211,0.26801338,0.68677002,0.35550187,0.63011643,0
CSRP1,3.3797,4.6205,0.731,-0.179,0.08431698,0.21895274,0.9196998,0.67117575,0.63016993,0
FKBP5,8.0953,8.983,0.901,-0.102,0.68894396,0.48704456,0.10782392,0.08278988,0.63044742,0
SECTM1,24.23,51.5728,0.47,-0.454,4.56e-06,0.00224777,0.00383356,0.63152163,0.6304779,3
PIAS1,23.9989,31.8963,0.752,-0.229,0.0095447,0.11656282,0.58516746,0.65123214,0.63059824,1
HPCAL1,21.124,33.4124,0.632,-0.357,0.0003384,0.01535957,0.03242344,0.5928362,0.63071991,3
BCAS3,10.5234,11.7533,0.895,-0.124,0.1770768,0.39456806,0.36036414,0.77391449,0.63136397,0
EDF1,85.6221,154.1979,0.555,-0.326,3.946e-05,0.02708797,0.00498591,0.67117575,0.63143786,3
SNRPB,11.1322,16.9613,0.656,-0.357,0.00013745,0.01530627,0.00327453,0.94552275,0.63154972,3
ZMYM4,6.7855,7.588,0.894,-0.155,0.0355084,0.28868917,0.64037761,0.67117575,0.63157132,1
CAMK2G,12.8433,17.6803,0.726,-0.316,0.01146919,0.03185571,0.02493422,0.41673557,0.6316504,3
SNCA,0.9867,1.062,0.929,-0.029,0.19633043,0.84105447,0.01380716,0.18900965,0.6317108,1
F2R,2.0638,1.9811,1.042,0.034,0.91000002,0.8165422,0.96861859,0.41673557,0.63209302,0
SUMO1P1,2.5372,2.5321,1.002,0.001,0.09664547,0.99428549,0.24323282,1.0,0.63299431,0
ARIH1,1.7736,2.0113,0.882,-0.104,0.67334153,0.47869901,0.09648373,0.07756718,0.63313818,0
ANKRD27,6.2985,7.3093,0.862,-0.179,0.00369501,0.22021549,0.01849656,0.77391449,0.63317273,2
NDUFS3,6.8721,11.9631,0.574,-0.355,0.00019743,0.01596636,0.00769121,0.63152163,0.63328966,3
IL1RN,7.5506,10.6517,0.709,-0.183,2e-05,0.20906009,0.00571527,0.7949782,0.6334065,2
AK3,2.7493,2.927,0.939,-0.049,0.14169775,0.73457222,0.67595076,0.67117575,0.63376405,0
WDR37,12.879,19.4995,0.66,-0.325,0.00140803,0.02720123,0.02590269,0.98909653,0.63383508,3
SMYD4,3.7448,3.3041,1.133,0.114,0.56293322,0.43183835,0.7343735,0.44942115,0.63412738,0
GOSR2,3.7697,5.0764,0.743,-0.288,0.06907605,0.05032234,0.50362815,0.92378602,0.6346396,0
CEP350,8.7411,10.4641,0.835,-0.286,0.02626978,0.05087313,0.08977836,0.12701804,0.63532904,1
PAG1,6.3967,5.0489,1.267,0.1,0.23395721,0.48949617,0.16106081,0.98909653,0.6354913,0
S100A11,26.5304,71.0468,0.373,-0.372,0.00011068,0.01233371,0.05450805,0.65123214,0.63567247,2
ZNF211,7.7384,8.5004,0.91,-0.116,0.0456318,0.42763902,0.26852859,0.370282,0.63584784,1
GPR75,2.8943,2.3523,1.23,0.201,0.06281798,0.16761852,0.90994768,0.63152163,0.6361292,0
ILK,2.1044,3.0186,0.697,-0.196,0.2217146,0.17987048,0.65066874,0.20626407,0.63646321,0
DAAM2,2.3866,1.4997,1.591,0.281,1.7e-06,0.0550539,0.002836,0.385418,0.63652878,2
DCAF16,1.5897,1.668,0.953,-0.057,0.31664001,0.69695967,0.17159723,0.73226424,0.63656944,0
EDC3,2.8298,3.0727,0.921,-0.065,0.24134681,0.65548085,0.14549102,0.02546007,0.6368071,1
TMEM205,6.3027,9.7982,0.643,-0.226,0.03216055,0.12189368,0.50677012,0.73226424,0.63682603,1
GALNS,10.5431,11.6672,0.904,-0.083,0.00134454,0.56917422,0.00176248,0.44942115,0.63704923,2
ZNF207,25.7283,26.3246,0.977,-0.025,0.15359648,0.86487582,0.21892295,0.57388325,0.63724386,0
PPP6R1,51.7303,57.4813,0.9,-0.115,0.01478357,0.43069194,0.00616082,0.816179,0.63821578,2
TNFRSF10D,1.7782,1.6815,1.058,0.047,0.82424183,0.74642193,0.55017709,0.42138958,0.6383479,0
AP2M1,35.8758,48.0554,0.747,-0.268,0.00038222,0.0675807,0.01640479,0.83750782,0.63844371,2
COQ10A,2.1378,2.2522,0.949,-0.043,0.42243842,0.76897632,0.95096675,0.60164357,0.63852042,0
NFATC2IP,12.7552,14.7225,0.866,-0.214,0.02418881,0.14170535,0.0464124,0.63152163,0.63863487,2
POR,19.1712,28.5536,0.671,-0.416,0.00036336,0.00474596,0.02623266,0.85894553,0.63865559,3
CSTF2T,5.2667,6.1148,0.861,-0.159,0.01467516,0.27619639,0.02724447,0.6120509,0.63866197,2
MANF,4.4153,6.6147,0.667,-0.202,0.13324229,0.16949166,0.79436699,0.88048261,0.63867009,0
RNF41,7.0227,10.3731,0.677,-0.352,0.0011057,0.01677468,0.09071265,0.5928362,0.63917339,2
PIM1,119.585,135.0022,0.886,-0.138,0.00241802,0.34173807,0.00969136,0.98909653,0.63918666,2
CKAP5,6.2619,5.9811,1.047,0.055,0.47514299,0.70711138,0.25803601,0.34107567,0.63928137,0
SETD2,17.1069,19.2603,0.888,-0.176,0.04337705,0.22721559,0.17626759,0.98909653,0.63929727,1
UBE2D2,19.7242,33.1932,0.594,-0.247,0.00836139,0.09370818,0.3707865,0.96729961,0.63934104,1
ABCD1,16.1251,18.5988,0.867,-0.089,0.0001156,0.53975013,0.00225946,0.57388325,0.63988266,2
SNORD104,2.6545,3.3545,0.791,-0.143,0.13747121,0.32715884,0.39037144,0.64071423,0.63997273,0
IRAK1,38.4707,48.1427,0.799,-0.267,9.288e-05,0.067723,0.00115192,0.23864024,0.63999033,2
UBXN7,10.4194,15.6579,0.665,-0.143,0.07850822,0.32731496,0.37606715,0.92378602,0.6402705,0
PSMA4,4.8686,6.1221,0.795,-0.147,0.93957596,0.31620233,0.13492627,0.5256136,0.64076017,0
SUB1,1.5974,2.1817,0.732,-0.232,0.23500397,0.11376097,0.42565472,0.5928362,0.64088169,0
SAR1B,1.9147,2.2467,0.852,-0.12,0.52059565,0.41242299,0.3475221,0.3303678,0.6410345,0
TIGIT,6.3217,5.9689,1.059,0.04,0.43658696,0.78208493,0.24184565,0.63152163,0.64139089,0
BET1L,4.7011,5.7136,0.823,-0.203,0.00856016,0.16558658,0.06734826,0.92378602,0.64153157,1
ARHGAP1,31.744,36.9869,0.858,-0.159,0.00139512,0.27539151,0.01975669,0.88048261,0.64201955,2
C3AR1,3.3571,4.855,0.691,-0.296,0.02736707,0.04382929,0.16853551,0.31330231,0.64218574,2
CLEC7A,9.1553,15.2835,0.599,-0.393,0.00278192,0.00821771,0.07188632,0.83750782,0.64238859,2
LLPH,0.3675,0.3937,0.933,-0.064,0.05982789,0.66095957,0.0725844,0.66193088,0.64270177,0
SNAPC2,8.8498,12.9291,0.684,-0.292,0.00947116,0.04650933,0.02338972,0.83750782,0.64293012,3
SNRPD3,3.8244,5.4245,0.705,-0.211,0.02503759,0.15006876,0.04078398,0.88048261,0.64299271,2
SLC6A8,5.2597,4.2869,1.227,0.054,0.57194348,0.70803643,0.5194431,0.98909653,0.6430657,0
SHC2,1.7126,0.9291,1.843,0.136,0.2038105,0.34764964,0.19219474,0.28997065,0.64317394,0
PLOD3,13.5572,16.1037,0.842,-0.224,0.00385498,0.12536741,0.01949883,0.370282,0.64320561,2
GCC2,6.8676,6.4327,1.068,0.111,0.25887537,0.44554227,0.81721641,0.67117575,0.64376675,0
CHURC1,4.6239,8.1703,0.566,-0.337,0.24673746,0.02262328,0.9177492,0.31330231,0.64382458,1
SF3A3,9.2874,9.4539,0.982,-0.02,0.39249491,0.89298543,0.3552226,0.63152163,0.64389456,0
ANO6,13.3685,18.5798,0.72,-0.317,0.00014044,0.03066971,0.02793756,0.94552275,0.64398475,3
SF3B5,43.6059,63.7223,0.684,-0.238,0.00023593,0.10362841,0.08793304,0.98909653,0.64422303,1
PPIA,98.8903,175.8022,0.563,-0.369,0.00059248,0.01270044,0.07585671,0.96729961,0.64461931,2
ERGIC3,79.5527,113.0449,0.704,-0.389,5.558e-05,0.00815809,0.02136726,0.816179,0.64463693,3
SMG7,16.2363,20.3399,0.798,-0.307,0.00083994,0.03573403,0.06661534,0.83750782,0.64471577,2
GNL3L,7.8125,7.6453,1.022,0.016,0.23710741,0.91027617,0.33266249,0.816179,0.64475038,0
EPB41,21.5485,27.2303,0.791,-0.219,0.06989314,0.13434093,0.19760392,0.23864024,0.64477707,0
ZNF347,3.1266,2.4827,1.259,0.227,0.01974024,0.12024029,0.28591915,0.7949782,0.64478479,1
MARK4,32.521,46.598,0.698,-0.255,1.329e-05,0.0805522,0.00048034,0.92378602,0.6449022,2
UBE4A,9.091,10.8478,0.838,-0.19,0.00664261,0.19357146,0.23987326,0.98909653,0.64495045,1
CD72,7.4478,7.5125,0.991,-0.008,0.58284374,0.95849574,0.87495891,0.72436045,0.64495328,0
HIPK3,23.2771,38.2402,0.609,-0.428,2.39e-06,0.00366418,0.00780443,0.71170446,0.64506809,3
RPS12,458.4578,844.7663,0.543,-0.327,0.00237573,0.0265434,0.13751424,0.90209945,0.64516241,2
IRAK4,4.8861,4.8339,1.011,0.01,0.32703163,0.94791149,0.50049371,0.57388325,0.64539864,0
ISCU,8.4315,11.5441,0.73,-0.213,0.04148206,0.14607956,0.26640698,0.7949782,0.64577002,1
OAS3,21.2942,20.7604,1.026,0.013,0.02793039,0.92805325,0.09648373,0.96729961,0.6458419,1
BCL3,42.6218,64.2544,0.663,-0.327,1.134e-05,0.02571904,0.00365737,1.0,0.64598712,3
SORD,3.6957,4.7984,0.77,-0.203,0.6598035,0.16526237,0.93728603,0.69133573,0.64600384,0
GZMH,29.6852,42.9666,0.691,-0.119,0.46208742,0.41608947,0.9294661,0.15044329,0.64631185,0
SF3A2,51.7671,70.6653,0.733,-0.328,6.883e-05,0.02515654,0.00354403,0.69133573,0.64646731,3
IQGAP2,17.9539,22.1521,0.81,-0.26,0.00816676,0.0751668,0.18426108,0.34107567,0.64656905,1
CAND1,6.5306,6.4815,1.008,0.006,0.63685457,0.96690926,0.98038364,0.98909653,0.64723658,0
C1QBP,8.6835,11.671,0.744,-0.209,0.04449238,0.15353081,0.12255859,0.73226424,0.64726141,1
PAN3,22.0105,32.3678,0.68,-0.324,0.00144744,0.02764869,0.05832177,0.77391449,0.64727627,2
IDH3G,49.7645,80.21,0.62,-0.4,1.652e-05,0.00661857,0.0052191,0.92378602,0.64734802,3
FNIP1,5.4475,7.9846,0.682,-0.329,0.08552115,0.02604687,0.13364951,0.71170446,0.64737505,1
ZNF362,22.9787,33.0941,0.694,-0.308,0.000496,0.03567006,0.09452825,0.7949782,0.64805638,2
CHERP,12.7638,14.2998,0.893,-0.152,0.00778963,0.29536646,0.02724447,0.43290855,0.64839397,2
UQCRC2,12.8856,18.647,0.691,-0.252,1.862e-05,0.08487444,0.01180886,0.6120509,0.64839984,2
PYHIN1,7.4699,7.8162,0.956,-0.029,0.27840142,0.84309828,0.70856973,1.0,0.64883183,0
HAX1,40.1556,47.9016,0.838,-0.155,0.02793039,0.28716977,0.11902584,0.77391449,0.6488674,1
GAB3,12.261,14.4558,0.848,-0.161,0.38517528,0.26963558,0.70129577,0.69133573,0.64907618,0
SLC43A3,13.6489,22.1423,0.616,-0.411,2.76e-06,0.00524574,0.00746918,0.51871531,0.64916621,3
SNORD83B,4.7801,4.5393,1.053,0.02,0.54592364,0.89253475,0.39072466,0.48941717,0.64925197,0
NSL1,4.3088,4.1723,1.033,0.023,0.86378954,0.87498835,0.65806741,0.57388325,0.64947597,0
TLK1,9.0501,10.9862,0.824,-0.196,0.00031829,0.1779819,0.03446721,0.67117575,0.64952663,2
LRRC37A3,1.8843,1.5283,1.233,0.135,0.00810279,0.35658387,0.03282368,0.7949782,0.64967094,2
SUFU,5.4822,6.0934,0.9,-0.061,0.05075233,0.67486528,0.69039088,0.48343223,0.65016869,0
BRI3,90.7517,180.9674,0.501,-0.438,0.0,0.00294576,1.152e-05,0.50091734,0.6503306,3
FGD3,58.8305,70.8407,0.83,-0.23,0.00471395,0.11510378,0.00616082,0.1129434,0.65034245,2
RPS15A,127.4379,243.4246,0.524,-0.28,0.00084802,0.05676714,0.12739574,0.83750782,0.65062493,1
PPDPF,301.0689,370.9114,0.812,-0.144,0.00036336,0.32415619,0.01801255,0.77391449,0.65072398,2
GTF3A,49.2934,59.8436,0.824,-0.183,0.00074122,0.20887656,0.04481614,0.92378602,0.65090614,2
PEF1,3.1592,3.8195,0.827,-0.163,0.06244283,0.2637211,0.67235862,0.71170446,0.65104268,0
SPEN,39.5826,51.308,0.771,-0.299,9.2e-06,0.04074439,0.00048034,0.370282,0.65106947,3
RBM12B,6.167,6.3049,0.978,-0.019,0.10161778,0.89426446,0.08702191,0.53681325,0.65108118,0
AK1,1.6642,1.9647,0.847,-0.079,0.68220182,0.58743339,0.92930301,0.12946055,0.6511862,0
PPP6C,5.643,8.5613,0.659,-0.35,0.01602345,0.01779418,0.53227713,0.83750782,0.65157488,2
KIAA2026,16.66,22.579,0.738,-0.21,0.00598092,0.15389432,0.01231273,0.77391449,0.651578,2
FAM193A,16.953,20.0887,0.844,-0.218,0.00231357,0.13450488,0.02973714,0.92378602,0.6515862,2
FASTKD5,3.5656,3.6442,0.978,-0.023,0.99893892,0.87418487,0.88659815,0.69133573,0.65161902,0
CPVL,20.2567,40.6103,0.499,-0.357,2.073e-05,0.01555664,0.08257998,0.48343223,0.65190511,2
TRA2A,14.7891,16.8445,0.878,-0.113,0.15903504,0.43820152,0.28814531,0.65123214,0.65218143,0
PCID2,4.2879,4.9018,0.875,-0.138,0.79128477,0.34559018,0.43139067,0.73226424,0.6523093,0
SHC1,10.4494,12.4133,0.842,-0.191,0.00336411,0.18902424,0.02250345,0.48343223,0.65237247,2
FBXW7,9.5055,13.8958,0.684,-0.252,0.0243566,0.08625657,0.02081814,0.28697196,0.6524669,2
UBC,512.1312,766.5295,0.668,-0.391,7.696e-05,0.00788514,0.00955394,0.71170446,0.65258452,3
RC3H1,18.4876,24.0994,0.767,-0.265,0.00191849,0.0698876,0.06958692,0.43290855,0.65261946,1
GZMM,35.8867,69.8219,0.514,-0.269,0.0019886,0.06833102,0.01753967,0.98909653,0.65286101,2
CXCL5,2.7123,2.571,1.055,0.049,0.44367563,0.73642676,0.87108503,0.83750782,0.65301595,0
EI24,4.0721,3.3454,1.217,0.166,0.82217629,0.25241825,0.35778756,0.88048261,0.65340921,0
ENTPD5,2.2762,1.7368,1.311,0.237,0.00560385,0.10552777,0.04695502,0.73226424,0.65374674,2
ANK1,6.0794,5.5944,1.087,0.09,0.46370834,0.53777737,0.60561223,0.21662026,0.65411329,0
EPB42,2.0126,2.1856,0.921,-0.037,0.00270578,0.80004522,0.01974771,0.87663339,0.65424254,2
PDK2,23.3659,26.7821,0.872,-0.134,0.05986923,0.3598098,0.27280657,0.12701804,0.65425687,0
KLHL24,2.4508,3.0287,0.809,-0.14,0.06132893,0.33871596,0.34007749,0.7949782,0.6546272,0
PHC1,14.4263,14.0616,1.026,0.046,0.95228003,0.75255027,0.71960709,0.5928362,0.65464757,0
ATXN7L1,14.2363,15.6477,0.91,-0.113,0.22266058,0.43787903,0.43139067,0.816179,0.65481979,0
ARF5,32.4547,59.3905,0.546,-0.392,9.67e-06,0.00815401,0.00803537,0.63152163,0.65496553,3
PSENEN,12.0001,16.9787,0.707,-0.287,0.00012608,0.0502507,0.00317206,0.94552275,0.65499649,2
RSF1,6.2945,10.1824,0.618,-0.27,0.17034745,0.06741048,0.32535272,0.73226424,0.65521956,0
FAM43A,4.1977,5.3811,0.78,-0.231,3.946e-05,0.11351524,0.00434176,0.92378602,0.65522319,2
BRAP,3.3837,4.2388,0.798,-0.237,0.42260671,0.1069034,0.69039088,0.65123214,0.65564722,0
SFXN1,5.0055,5.8915,0.85,-0.114,0.57193391,0.43720596,0.87495567,0.40530548,0.65566001,0
ARID2,13.5369,14.6103,0.927,-0.086,0.11752474,0.5531945,0.49426266,0.67117575,0.65606356,0
AVL9,4.1212,4.5224,0.911,-0.089,0.46370834,0.54339059,0.98430634,0.75300697,0.65630668,0
SMURF2,2.199,2.6871,0.818,-0.212,0.75869249,0.14894408,0.60218262,0.06787552,0.65651221,0
FBXO25,1.2338,1.3456,0.917,-0.073,0.45242782,0.61832262,0.53227659,0.08278988,0.65678178,0
SESN1,3.679,3.7625,0.978,-0.03,0.74054194,0.83867837,0.64037761,0.04769022,0.65760957,1
KCNRG,1.0,0.9744,1.026,0.022,0.77086588,0.87942814,0.70129429,0.54417848,0.65770377,0
TRAF3IP2,1.931,1.9328,0.999,-0.001,0.58284525,0.994179,0.82103859,0.96729961,0.65772744,0
ATP6V1G1,10.6267,13.9255,0.763,-0.237,0.0831293,0.1061312,0.2458246,0.67117575,0.6578379,0
WDR59,12.3639,13.1482,0.94,-0.056,0.02889148,0.69791956,0.03404987,0.15044329,0.65813525,2
EIF4H,12.5441,14.9302,0.84,-0.177,0.01567655,0.22539326,0.36036414,0.65123214,0.65850558,1
OPTN,7.2005,7.739,0.93,-0.062,0.41343403,0.67075149,0.32293952,0.96729961,0.6587812,0
E2F3,1.404,2.063,0.681,-0.263,0.10729656,0.07334221,0.73808042,0.7949782,0.65887323,0
PGGT1B,1.2923,1.9504,0.663,-0.217,0.8952559,0.14003831,0.15526301,0.09402198,0.65893442,0
RPL10A,338.1174,587.6795,0.575,-0.31,0.00029322,0.0355907,0.03796594,0.73226424,0.65902889,3
PRPSAP2,3.0315,3.0473,0.995,-0.004,0.84709206,0.97547537,0.69401885,0.90209945,0.65913202,0
MR1,1.1475,1.8939,0.606,-0.324,0.08896003,0.02875427,0.60904869,0.25915771,0.65928839,1
ZNF638,18.9123,20.0132,0.945,-0.075,0.23083679,0.60897059,0.17314361,0.06339176,0.6593052,0
G6PC3,5.5127,7.5199,0.733,-0.281,0.00754695,0.05491696,0.19932026,0.69133573,0.65974235,1
UNC93B1,33.474,52.984,0.632,-0.413,2.2e-07,0.00494293,0.00105619,0.77391449,0.65975039,3
APOBEC3G,33.1815,54.5227,0.609,-0.324,0.00823118,0.02835509,0.03446721,0.90209945,0.65997227,3
MTIF3,2.5166,3.0758,0.818,-0.127,0.83031258,0.38572778,0.05303048,0.21427087,0.6600702,0
RPS23,101.1828,177.779,0.569,-0.322,0.0025715,0.02857421,0.03935367,0.55520734,0.66007819,3
TMCO3,13.0328,19.7127,0.661,-0.387,4.687e-05,0.00888065,0.00188412,0.25018521,0.66027701,3
PLBD2,5.3715,7.4633,0.72,-0.329,5.373e-05,0.02484331,0.00863968,0.67117575,0.66035385,3
CUL3,8.1941,11.2574,0.728,-0.266,0.11940664,0.07089541,0.41431732,0.55520734,0.66062981,0
FLNB,9.6114,9.987,0.962,-0.055,0.28437663,0.70579027,0.1496261,0.73226424,0.66077386,0
DIAPH1,49.041,61.7375,0.794,-0.307,0.00035605,0.03595573,0.00420928,0.4009022,0.66079785,3
FBXW4,21.7523,27.9537,0.778,-0.208,0.00395396,0.15527848,0.0286458,0.94552275,0.66102933,2
IL7R,43.0639,43.5155,0.99,-0.01,0.89736029,0.94660651,0.72697762,0.55520734,0.6610475,0
PRKCSH,82.6537,112.7922,0.733,-0.319,2.418e-05,0.02938128,0.00354403,0.90209945,0.66110971,3
RPL7L1,2.104,1.99,1.057,0.035,0.39841091,0.80735447,0.90605013,0.67117575,0.66137697,0
PIGF,1.0442,0.8866,1.178,0.153,0.08552115,0.29285705,0.32535272,0.46626286,0.66139472,0
MED31,1.1406,1.0527,1.083,0.057,0.27383567,0.69574037,0.27677342,0.87613204,0.66162777,0
RPS10,331.3859,651.2639,0.509,-0.282,0.00115871,0.0555152,0.1004917,0.83750782,0.66180548,1
CBR4,2.5943,2.8234,0.919,-0.075,0.49505802,0.60555353,1.0,0.96624642,0.66233977,0
BST2,13.2357,19.7924,0.669,-0.316,0.04621068,0.03179839,0.57171831,0.67117575,0.66261612,2
HIVEP2,16.6823,18.3936,0.907,-0.126,0.09047166,0.38674033,0.17314361,0.94552275,0.66262792,0
COG4,12.1427,13.0875,0.928,-0.1,0.0456318,0.49044267,0.09260467,0.02546007,0.66275985,2
MRPL28,4.2318,7.0572,0.6,-0.246,0.07008819,0.09350953,0.34883913,0.31661368,0.6627798,0
USP9X,11.8525,13.2312,0.896,-0.134,0.46695965,0.35784748,0.67595076,0.90209945,0.66308288,0
ATP7A,4.0409,4.2396,0.953,-0.048,0.24782414,0.74455378,0.3787248,0.55520734,0.6631832,0
HSPA5,11.0421,14.2533,0.775,-0.245,0.03504552,0.09380405,0.08977836,0.85894553,0.66392672,1
SPG11,34.7135,40.7967,0.851,-0.191,0.00333541,0.19031845,0.03706408,0.7949782,0.66453694,2
ZMPSTE24,1.6607,2.3095,0.719,-0.314,0.07941265,0.03313664,0.62810998,0.06339176,0.66479367,1
IRF7,11.1124,9.3707,1.186,0.071,0.36577197,0.62582207,0.53544665,0.66191546,0.6650882,0
FLVCR1,3.592,4.3306,0.829,-0.213,0.36512836,0.14650978,0.60561223,0.385418,0.66543555,0
ZNF185,9.797,13.1367,0.746,-0.228,0.01393573,0.11844284,0.26011145,0.69133573,0.66546023,1
ALKBH1,1.6242,1.9615,0.828,-0.186,0.10329576,0.20193051,0.82103882,0.69133573,0.66577863,0
DEDD,14.7995,19.4952,0.759,-0.217,1.91e-06,0.13657155,0.00274615,0.227454,0.66607782,2
MME,3.1821,7.8158,0.407,-0.273,0.65787842,0.06520827,0.52905363,0.77391449,0.6663712,0
NDRG3,5.3663,6.8139,0.788,-0.22,0.0019886,0.13087936,0.15669779,1.0,0.66645277,1
SERPINB8,2.1378,2.5076,0.853,-0.149,0.88789553,0.30723264,0.17082234,0.92134978,0.66650487,0
IPO5,17.7631,19.9458,0.891,-0.123,0.06867046,0.39980307,0.63686363,0.71170446,0.66654153,0
INTS6,4.6542,5.0823,0.916,-0.132,0.35952254,0.36394369,0.7343735,0.83750782,0.66665919,0
ACTA2,3.2086,3.9274,0.817,-0.134,0.95015379,0.35905498,0.82674368,0.07322962,0.66726889,0
LIX1L,2.6784,2.6829,0.998,-0.002,0.99681678,0.99121366,0.62637083,0.51871531,0.66750237,0
EXOC5,2.2837,2.2762,1.003,0.004,0.30772631,0.97593265,0.90215484,0.67117575,0.66818205,0
MRPL30,0.4485,0.6506,0.689,-0.271,0.00356311,0.0642336,0.06651381,0.62152367,0.66840215,1
STAU2,9.7076,11.8358,0.82,-0.103,0.3939689,0.47956593,0.12495892,0.67117575,0.66847796,0
EVI2A,14.5516,28.1082,0.518,-0.393,0.00011189,0.00792725,0.0316355,0.75300697,0.66860902,3
GGA2,7.5636,8.0359,0.941,-0.048,0.02288226,0.74163316,0.05832177,0.44942115,0.66870761,1
MED14,10.7207,13.2164,0.811,-0.237,0.00731107,0.10487864,0.11331587,0.85894553,0.66871136,1
B4GALT1,20.5026,24.4679,0.838,-0.183,0.00044004,0.20790916,0.01214269,0.32701011,0.66896694,2
LYRM1,1.0547,1.6249,0.649,-0.278,0.29346651,0.05863876,0.78569026,0.78842806,0.6689805,0
LIMS1,6.2709,6.1405,1.021,0.017,0.30772631,0.90528858,0.50677068,0.5928362,0.66902423,0
RPSA,679.4273,1130.2858,0.601,-0.316,0.00020592,0.03197351,0.01164501,0.90209945,0.66919484,3
GLE1,6.4695,8.4149,0.769,-0.254,0.01614058,0.08347813,0.08702191,0.92378602,0.66924428,1
DOCK10,29.7353,30.6287,0.971,-0.044,0.47678905,0.76238787,0.62637083,0.57388325,0.669537,0
EIF1AX,0.392,0.2694,1.455,0.285,0.01030297,0.051628,0.4847318,0.75619844,0.66967134,1
EGLN1,7.1391,9.7199,0.734,-0.229,0.0654957,0.11962804,0.05638807,0.43290855,0.66992482,0
MAP3K2,6.1602,10.2614,0.6,-0.347,0.00947116,0.01867014,0.33512247,0.5928362,0.66998774,2
MRPL37,19.7817,26.8514,0.737,-0.315,0.00032156,0.03150487,0.01301414,0.85894553,0.67025064,3
GNB1,96.8856,127.8938,0.758,-0.22,6.58e-06,0.13060507,0.00257419,0.77391449,0.67025981,2
EEF1G,635.9726,863.5007,0.737,-0.253,0.00043565,0.08389068,0.01512848,0.73226424,0.67026164,2
AHR,24.1953,28.583,0.846,-0.261,0.00029625,0.07352322,0.01197475,0.88048261,0.67032172,2
FKBP11,4.5381,4.996,0.908,-0.073,0.48836656,0.61422772,0.43425438,0.50731621,0.67034869,0
ATP2A2,16.1691,17.3281,0.933,-0.075,0.01209192,0.60635969,0.05450805,0.67117575,0.670401,1
LRCH3,13.3459,15.4886,0.862,-0.143,0.59568551,0.32638916,0.9529433,0.46626286,0.67057806,0
EIF3E,14.8001,20.8544,0.71,-0.331,0.01182146,0.02443523,0.22827698,0.816179,0.67063605,2
CLCC1,2.2784,2.1313,1.069,0.077,0.72452813,0.59934604,0.87495891,0.21662026,0.67089871,0
USP24,12.9273,13.3993,0.965,-0.066,0.26225633,0.64946637,0.78680072,0.98909653,0.6710236,0
SLC35B3,2.7715,3.5315,0.785,-0.266,0.22877301,0.07014893,0.79817122,0.69133573,0.6715143,0
ORC4,2.8678,3.4304,0.836,-0.096,0.45242782,0.51114414,0.33266186,0.7949782,0.67174934,0
ATP6V1C1,0.947,1.013,0.935,-0.053,0.98408335,0.71596035,0.67592843,0.58220448,0.67215813,0
CD8A,21.3875,26.4078,0.81,-0.124,0.00100633,0.39692374,0.00780443,0.57388325,0.67252173,2
ABCF2,3.4929,4.4991,0.776,-0.197,0.01740216,0.17788501,0.05510942,0.79947514,0.67279279,1
PRPF18,2.5123,2.3904,1.051,0.038,0.73429309,0.79501949,0.68108475,0.62122945,0.67311514,0
HEATR5A,4.3164,4.7854,0.902,-0.122,0.07627732,0.40225896,0.42280352,0.71170446,0.6731451,0
AP3B1,10.9251,12.2702,0.89,-0.155,0.09724916,0.28828046,0.31577014,0.69133573,0.67327178,0
TBC1D9B,13.5638,12.1749,1.114,0.034,4.56e-06,0.81308902,0.00014394,0.20613999,0.67337595,2
MED29,3.4626,4.5216,0.766,-0.171,0.08503062,0.24347432,0.52262572,0.66193088,0.67341085,0
SULT1B1,1.3584,2.2421,0.606,-0.234,0.99681666,0.11233964,0.19758345,0.62154062,0.67346538,0
NCAPD2,17.1108,19.4905,0.878,-0.185,0.00127185,0.20514724,0.02623266,0.370282,0.67374312,2
NDUFB9,7.6739,12.5384,0.612,-0.304,0.0417484,0.03949555,0.10151415,0.34107567,0.67376161,2
MCCC1,10.052,10.8338,0.928,-0.085,0.13462882,0.55956409,0.40316051,0.41673557,0.67418166,0
RNF213,259.2277,287.0078,0.903,-0.098,0.00061016,0.49963042,0.0023731,0.73226424,0.67461566,2
WDR7,8.2623,9.6376,0.857,-0.178,0.27142089,0.22456403,0.51308651,0.75300697,0.67462678,0
HDHD3,5.1485,5.2809,0.975,-0.013,0.07030465,0.92698323,0.06098541,0.65123214,0.67525343,0
C2CD2L,14.0051,15.8735,0.882,-0.126,0.01303348,0.38705387,0.00241213,0.83750782,0.67526959,2
FEZ2,23.8679,22.2767,1.071,0.067,0.11141945,0.64575059,0.18426108,0.16766616,0.67537638,0
MANEA,1.782,1.5259,1.168,0.141,0.38371932,0.33193064,0.49115939,0.31330231,0.67542622,0
CIR1,6.833,7.9041,0.864,-0.17,0.20693457,0.24530658,0.8982619,0.28697196,0.67546133,0
ATP9B,13.2078,13.5757,0.973,-0.024,0.95439855,0.87174944,0.94902704,0.51871531,0.67568694,0
EIF6,25.5823,32.9742,0.776,-0.201,0.0007062,0.16828815,0.01164501,0.75300697,0.67584193,2
COPS7A,9.8276,8.441,1.164,0.092,0.1770768,0.52492409,0.43717118,0.28697196,0.67589972,0
RPL39,579.0914,967.2881,0.599,-0.268,0.00167532,0.06795874,0.16853551,0.96729961,0.67601401,1
MPZL3,4.925,8.3421,0.59,-0.247,0.10050822,0.09418604,0.75296871,0.28373577,0.67611033,0
F11R,3.7758,5.2155,0.724,-0.249,0.17707295,0.08888937,0.6421333,0.32701011,0.67616385,0
STX4,8.286,9.3604,0.885,-0.103,0.24242413,0.47842684,0.32535272,0.88048261,0.67619537,0
RPS11,808.6141,1463.0186,0.553,-0.299,5.134e-05,0.04240789,0.0252535,0.88048261,0.67630784,3
DOCK4,3.4488,3.4669,0.995,-0.007,0.53282101,0.96250639,0.65096778,0.227454,0.67652437,0
ACLY,35.0737,44.9781,0.78,-0.246,5.193e-05,0.09139545,0.00889256,0.57388325,0.67686047,2
PLD3,63.0061,74.6822,0.844,-0.159,4.795e-05,0.27552567,0.00288193,0.5928362,0.67716235,2
SMS,3.3643,3.6576,0.92,-0.093,0.70270526,0.52516534,0.80958445,0.6120509,0.6771936,0
RNF144A,6.2846,5.0487,1.245,0.138,0.0658858,0.34488534,0.82869632,0.75300697,0.6773647,0
PHF19,11.1006,13.8456,0.802,-0.165,0.0442113,0.25781361,0.12495892,0.92378602,0.67737761,1
SBNO1,6.5272,7.6146,0.857,-0.193,0.06357364,0.18680895,0.4171348,0.90209945,0.67737938,0
FBXO30,1.4245,1.393,1.023,0.019,0.21371258,0.89516258,0.90605013,0.67117575,0.67753091,0
RRAS2,2.6683,2.431,1.098,0.068,0.02917348,0.64292882,0.05479115,0.18025959,0.67798847,1
OASL,6.6597,8.3177,0.801,-0.116,0.0007062,0.42291516,0.00414443,0.73226424,0.67814216,2
FAM111A,1.8481,2.0075,0.921,-0.084,0.47678885,0.56750881,0.35778693,0.53681325,0.67840757,0
CLPTM1,54.9476,71.0885,0.773,-0.21,6.02e-06,0.14855206,0.00491029,0.75300697,0.67842821,2
ISCA1,2.5115,2.3706,1.059,0.046,0.15746651,0.75199845,0.48807113,1.0,0.67853566,0
CYTIP,27.9261,40.4115,0.691,-0.318,0.0341352,0.03113357,0.07504863,0.83750782,0.67856943,2
DNAJB14,5.1014,5.7537,0.887,-0.115,0.13812844,0.42941654,0.29489377,0.816179,0.67914548,0
VTA1,2.4793,3.0929,0.802,-0.162,0.51378028,0.26873886,0.50992293,0.7949782,0.67928713,0
ATG7,14.4941,17.8687,0.811,-0.249,0.01227526,0.08844538,0.08522253,0.77391449,0.67930745,1
TRAPPC8,9.9349,12.9028,0.77,-0.219,0.14314516,0.13554216,0.7086002,0.94552275,0.67953966,0
RPL36,95.0983,163.2912,0.582,-0.241,0.00363273,0.10031079,0.09550198,0.88048261,0.67957065,1
TMEM141,3.406,6.6139,0.515,-0.3,0.10064029,0.04181781,0.29015398,0.85446934,0.67959083,1
ARIH2,11.2113,10.2292,1.096,0.099,0.71457985,0.49767419,0.76044956,0.7949782,0.67960521,0
TSR2,4.2034,4.3454,0.967,-0.03,0.071551,0.83581012,0.08433418,0.65123214,0.67969491,0
S100P,2.7499,8.9567,0.307,-0.226,0.50147117,0.12620705,0.87343913,0.65592245,0.67991894,0
RPS27,541.5337,973.141,0.556,-0.247,0.0108751,0.092715,0.26219842,0.90209945,0.67995717,1
TXK,10.1735,8.4486,1.204,0.155,0.24673725,0.28783065,0.98430632,0.75300697,0.68000361,0
CALY,0.5971,0.5868,1.018,0.01,0.08037487,0.94438408,0.20481256,0.53029567,0.68003061,0
NFS1,2.0266,2.6726,0.758,-0.214,0.00751683,0.14341961,0.05032274,0.63152163,0.68036869,1
CS,15.8804,19.8954,0.798,-0.247,0.0035714,0.0911807,0.18918426,0.71170446,0.68045894,1
RPL38,463.8577,885.0707,0.524,-0.263,0.00388772,0.07354387,0.29038313,0.7949782,0.68115496,1
EIF2AK2,3.2291,3.6657,0.881,-0.108,0.13256219,0.46050076,0.04225864,0.29995754,0.68127358,1
CLDND1,6.9125,7.7351,0.894,-0.126,0.05043833,0.38552461,0.40871625,0.370282,0.68147836,0
RCL1,6.1932,5.9499,1.041,0.031,0.50185076,0.83047656,0.85562136,0.48343223,0.6814844,0
MBD1,19.9146,20.4656,0.973,-0.032,0.2965122,0.82638205,0.05638807,0.370282,0.68166138,0
IGF1R,21.6404,23.7112,0.913,-0.079,0.00020163,0.58467677,0.00102001,0.73226424,0.6817025,2
FUZ,9.2999,12.2458,0.759,-0.194,0.00246095,0.18294364,0.13301314,0.71170446,0.68172062,1
CD48,107.6587,171.5073,0.628,-0.372,0.00045345,0.01175289,0.0252535,0.85894553,0.68185536,3
PTPN9,5.2746,7.5575,0.698,-0.355,0.00022393,0.01562461,0.02793756,1.0,0.68202761,3
ZDHHC20,9.1664,14.8831,0.616,-0.295,0.00108513,0.04560707,0.03010877,0.69133573,0.6823188,3
COX6A1,196.8531,400.0276,0.492,-0.295,2.83e-06,0.04583447,0.0071469,0.75300697,0.68235205,3
TRAC,117.6547,142.8984,0.823,-0.189,0.0442113,0.19607237,0.045343,0.98909653,0.68235965,2
VKORC1L1,0.9673,1.3348,0.725,-0.222,0.10272116,0.13067128,0.59873508,0.94552275,0.68268766,0
UROD,7.4605,10.8358,0.689,-0.341,0.01322939,0.02062136,0.12739574,0.94552275,0.68288485,2
MYL9,7.6734,7.5947,1.01,0.004,0.06989065,0.9773458,0.27065554,0.370282,0.68293195,0
RPL31,73.3436,142.688,0.514,-0.274,0.00127185,0.06345785,0.02493422,0.69133573,0.68315924,2
MTA1,40.5941,43.5463,0.932,-0.082,0.02178976,0.57403067,0.03048439,0.34107567,0.68346207,2
DPAGT1,4.8043,6.0314,0.797,-0.244,0.01579144,0.0953015,0.10151415,0.51871531,0.68351349,1
FMNL3,9.6534,10.2457,0.942,-0.061,0.18753923,0.67564926,0.05964126,0.385418,0.68358918,0
DUSP7,24.5644,27.8996,0.88,-0.108,8.03e-06,0.45731188,0.00067867,0.71170446,0.68402933,2
TRGV3,2.1572,1.6969,1.271,0.117,0.50101604,0.42224513,0.82241937,0.65766407,0.68430623,0
MRPS24,46.8466,55.1448,0.85,-0.138,0.00444706,0.34477892,0.0252535,0.94552275,0.68443562,2
EIF2S1,1.4829,1.6855,0.88,-0.07,0.5450396,0.62928103,0.77921173,0.30302516,0.68471658,0
ARL11,2.4036,3.0332,0.792,-0.153,0.00402122,0.29394438,0.03488891,0.98909653,0.6848387,2
ANGEL2,6.643,7.0979,0.936,-0.105,0.36512836,0.47047387,0.58179142,0.370282,0.68489027,0
TNRC6B,21.7352,22.0607,0.985,-0.015,0.09097914,0.91590864,0.07916031,0.48343223,0.68493947,0
SNX15,10.1907,14.3883,0.708,-0.204,9.187e-05,0.16230541,0.01949883,0.816179,0.68522694,2
NBPF14,7.6421,9.255,0.826,-0.138,0.08600613,0.34401914,0.13621653,0.41673557,0.68561983,0
UGP2,7.5891,9.9059,0.766,-0.241,0.11877673,0.09993104,0.51625973,0.21662026,0.68571214,0
ST6GALNAC6,8.7131,11.0314,0.79,-0.196,0.00379023,0.17955462,0.01554371,0.69133573,0.68602748,2
IGFBP3,1.4397,0.91,1.582,0.21,0.02700413,0.14866,0.42531636,0.6206105,0.68603601,1
AMY2B,3.5483,3.1292,1.134,0.118,0.21964859,0.41732556,0.21708566,0.96729961,0.68609777,0
RAD21,9.0814,13.1059,0.693,-0.434,0.00217428,0.00344635,0.20984744,0.88048261,0.68610601,2
PRKAA1,7.127,9.4489,0.754,-0.195,0.76680296,0.18308454,0.84790988,0.51871531,0.68642006,0
TMEM18,8.2177,8.7118,0.943,-0.059,0.00696965,0.68527545,0.04974877,0.85894553,0.68665982,2
SEC23A,7.8329,9.1438,0.857,-0.151,0.09941433,0.30002728,0.33266249,0.98909653,0.68675358,0
DCTPP1,3.3087,4.6262,0.715,-0.191,0.22948425,0.19230259,0.6702906,0.83239008,0.68675939,0
FCER1A,3.8986,4.4479,0.877,-0.075,0.46940444,0.60788533,0.20190927,0.69133573,0.68678175,0
SRSF3,8.3509,8.4901,0.984,-0.02,0.51035699,0.89020631,0.64742976,0.227454,0.68734065,0
KLF10,8.3266,10.6384,0.783,-0.269,0.00444706,0.06582331,0.34007749,0.69133573,0.68735931,1
XPO5,8.282,9.6006,0.863,-0.118,0.18932644,0.416466,0.89437142,0.50091734,0.68738073,0
OAS2,11.6472,17.1877,0.678,-0.315,0.00027001,0.03221996,0.04176225,0.55520734,0.6875998,3
KLHDC10,1.323,1.4379,0.92,-0.058,0.77492738,0.6932526,0.78867011,0.94552275,0.68849062,0
CRAT,13.6593,14.7355,0.927,-0.061,0.00680437,0.67443969,0.20278557,0.7949782,0.6885146,1
OLFM4,3.4166,4.231,0.808,-0.123,0.03269828,0.39888041,0.38407218,0.6120509,0.68854365,1
HAND2,0.7767,0.526,1.477,0.193,0.02917221,0.18535256,0.21496447,1.0,0.68856304,1
DCTD,3.0534,3.9115,0.781,-0.192,0.26452718,0.18996417,0.79817122,0.1960065,0.68859957,0
ATMIN,8.5832,12.5681,0.683,-0.367,0.00034889,0.01249115,0.0252535,0.69133573,0.68866974,3
SLMAP,24.4205,26.3722,0.926,-0.074,0.02288226,0.60919859,0.16402007,0.94552275,0.68896182,1
NHLRC2,2.3599,2.3999,0.983,-0.022,0.29898029,0.87776629,0.83637013,0.09402198,0.68921179,0
RAB28,2.3483,2.489,0.943,-0.066,0.92266289,0.6491134,0.44592501,0.73226424,0.68957533,0
PLB1,8.0035,10.8266,0.739,-0.201,0.00237573,0.16858076,0.12986936,0.6120509,0.69020576,1
TNFSF13B,3.3765,4.056,0.832,-0.157,0.03237508,0.28389084,0.29263261,0.69133573,0.69037571,1
HINT2,2.927,3.8939,0.752,-0.18,0.47185631,0.22069852,0.38273226,0.62152367,0.69037779,0
SNORA52,132.6399,99.5686,1.332,0.131,0.01891473,0.36995539,0.56172889,0.55520734,0.69063107,1
ZNF641,3.0451,3.3375,0.912,-0.087,0.37938007,0.54950316,0.33759414,0.73226424,0.69064141,0
PREB,7.0798,7.9742,0.888,-0.107,0.0061779,0.46030339,0.0187428,0.65123214,0.69070204,2
PKN2,6.717,7.8738,0.853,-0.127,0.21865112,0.38744718,0.26011145,0.06787552,0.690738,0
ACTB,4243.0846,6236.8558,0.68,-0.366,6.66e-06,0.01251806,0.00348857,0.73226424,0.69145378,3
PPM1K,4.1512,3.7824,1.097,0.069,0.56293322,0.63581295,0.36816353,0.34107567,0.6917905,0
MMS19,10.9633,12.194,0.899,-0.141,0.13602035,0.33249878,0.05328398,0.27434987,0.69196213,0
FGD4,3.4661,4.3954,0.789,-0.194,0.27026348,0.1854232,0.80577557,0.77391449,0.6922767,0
USF1,9.0847,11.2363,0.809,-0.245,0.03152456,0.09436314,0.02399726,0.92378602,0.69242708,2
MOSPD2,4.2718,4.0183,1.063,0.053,0.37578524,0.71818249,0.65451369,0.69133573,0.69263942,0
TIPARP,4.5001,5.4324,0.828,-0.197,0.50694547,0.17751616,0.63335779,0.94552275,0.69362524,0
TPSAB1,0.7522,0.7201,1.045,0.022,0.47626266,0.877103,0.18835185,0.43620817,0.69394527,0
S100A10,48.3273,94.5466,0.511,-0.425,7.3e-07,0.00395278,0.00348857,0.69133573,0.69407355,3
SLC6A6,24.03,34.9571,0.687,-0.285,0.00140803,0.05157186,0.03048439,0.85894553,0.69416929,2
NUP85,13.6716,13.8365,0.988,-0.014,0.21371258,0.92273332,0.0651692,0.21662026,0.69427417,0
PAN2,14.5188,13.6287,1.065,0.075,0.21078836,0.6060619,0.01512848,0.385418,0.69429367,1
UBE2W,1.7403,2.055,0.847,-0.096,0.82424582,0.51005889,0.93337526,0.85450666,0.69461814,0
USP6NL,2.0026,2.1754,0.921,-0.086,0.0381485,0.55548518,0.39765026,0.23864024,0.69465296,1
MCTP2,7.2259,10.6404,0.679,-0.259,0.20982008,0.07936238,0.16253536,0.83750782,0.69484961,0
PGAM5,5.8148,6.7142,0.866,-0.162,0.00588457,0.26411212,0.23018145,0.85894553,0.69511379,1
DLAT,3.9065,4.5879,0.851,-0.166,0.09886931,0.25583408,0.51308596,0.90209945,0.69560156,0
PEX11G,1.8066,1.2429,1.454,0.118,0.11814927,0.4145225,0.3181476,0.21662026,0.69607967,0
SERINC5,11.179,12.1003,0.924,-0.074,0.00849344,0.60915185,0.01662646,0.88048261,0.69621478,2
WWC3,11.5764,13.1409,0.881,-0.164,0.01878012,0.26181466,0.0062536,0.57388325,0.69666835,2
MAP2K1,7.81,10.4448,0.748,-0.232,0.00254904,0.11224769,0.03282368,0.14231835,0.6977965,2
ZNF236,10.0202,12.0659,0.83,-0.183,0.15746651,0.20976577,0.99607635,0.816179,0.69838358,0
ZMYND8,13.3933,15.736,0.851,-0.175,0.00369501,0.22944786,0.00653952,0.65123214,0.69856554,2
FAM200A,1.6103,1.5302,1.052,0.053,0.60030215,0.71567934,0.37606715,0.29995754,0.69860957,0
MAPK8,4.1056,4.4071,0.932,-0.061,0.05075233,0.6748106,0.59876179,0.34107567,0.6989714,0
ATRN,3.2976,4.1446,0.796,-0.153,3.557e-05,0.29216084,0.02793756,0.73226424,0.69949119,2
IL2RB,54.3166,51.9323,1.046,0.044,0.20693457,0.76027204,0.14550152,0.46626286,0.69960021,0
POLR1D,25.5593,44.3318,0.577,-0.357,0.000402,0.01543633,0.02338972,0.77391449,0.69993743,3
LIG3,6.7336,6.585,1.023,0.025,0.84917566,0.86502738,0.82486548,0.6120509,0.70026807,0
SRA1,7.3807,10.2457,0.72,-0.309,0.00622805,0.03587335,0.06958692,0.75300697,0.70060614,2
PHF20L1,8.3889,8.9525,0.937,-0.084,0.94169277,0.56342298,0.94902704,0.96729961,0.70070793,0
SPCS3,7.0307,9.8672,0.713,-0.222,0.14026162,0.13047568,0.43139067,0.85894553,0.70074083,0
EEF2K,1.0595,0.8889,1.192,0.079,0.77492738,0.5884168,0.66162722,0.09585603,0.70084275,0
ITSN2,17.3165,18.8579,0.918,-0.117,0.26112597,0.42287048,0.53875382,0.90209945,0.70095386,0
GIMAP5,21.2449,26.3259,0.807,-0.185,0.03515791,0.20505935,0.04403277,0.27744813,0.70103799,2
ACO2,18.9863,25.6173,0.741,-0.357,0.00018927,0.01485247,0.00780443,0.32701011,0.70128895,3
HDAC2,3.2644,3.907,0.836,-0.2,0.60493523,0.17293129,0.41996354,0.67117575,0.7024478,0
TPM1,2.3997,2.5491,0.941,-0.059,0.40211796,0.68705068,0.45774828,0.9887429,0.7024487,0
CELF1,7.7571,8.9857,0.863,-0.128,0.70863395,0.38123847,0.85176385,0.69133573,0.70305336,0
VPS13D,12.1255,13.7538,0.882,-0.177,0.05075233,0.22578588,0.06235457,0.27434987,0.70306339,0
ANKRD13A,13.2447,18.9052,0.701,-0.318,0.01661663,0.03122628,0.07034658,0.57388325,0.70318502,2
LCE3E,1.2259,0.8412,1.457,0.18,0.05594097,0.21814424,0.21749818,0.37902433,0.70327202,0
ANKH,19.2803,18.0171,1.07,0.054,0.04858837,0.71163959,0.01248487,0.73226424,0.70346872,2
CDYL,6.1425,7.562,0.812,-0.237,0.03481602,0.10489817,0.09260467,0.53681325,0.70350093,1
FTO,7.9607,10.2134,0.779,-0.158,0.36512836,0.27901926,0.37606715,0.6120509,0.70377554,0
CTRL,3.1471,3.058,1.029,0.025,0.92477534,0.86508188,0.60218262,0.18622027,0.70380406,0
TUBA1B,63.4802,94.9472,0.669,-0.366,9.288e-05,0.01270516,0.00839324,0.71170446,0.70391611,3
RGS18,5.0203,5.7535,0.873,-0.079,0.03346423,0.58498822,0.07667034,0.57262342,0.70425047,1
XYLT2,21.7253,23.9191,0.908,-0.104,0.00574266,0.47604834,0.00571527,0.370282,0.70438454,2
PHIP,8.4858,9.6656,0.878,-0.179,0.31792709,0.22061569,0.83253123,0.98909653,0.70447806,0
UBE2F,4.067,6.2453,0.651,-0.298,0.19202384,0.04269006,0.95294115,0.57388325,0.70496323,1
TMEM19,1.7603,1.6523,1.065,0.06,0.25109248,0.67954813,0.03342966,0.38954944,0.70545765,1
SERPING1,4.4392,8.2173,0.54,-0.293,0.11505184,0.04772438,0.54526978,0.05129462,0.70577003,1
NHS,1.9704,2.2709,0.868,-0.164,0.59016682,0.26290864,0.65806741,0.5928362,0.7058437,0
EIF1B,11.0004,16.065,0.685,-0.304,0.10585378,0.03929956,0.67235903,0.85894553,0.70585375,1
XPO1,10.0116,11.3737,0.88,-0.128,0.57375372,0.38208958,0.80577557,0.7949782,0.7061597,0
JMJD6,4.161,5.5049,0.756,-0.245,0.06096127,0.0942118,0.40039969,0.1129434,0.70632189,0
FBXL3,8.9529,11.701,0.765,-0.189,0.00719563,0.1937904,0.13492831,0.6120509,0.70633242,1
RGS19,34.6249,56.7859,0.61,-0.372,4.5e-07,0.01147706,0.00033718,0.6120509,0.70659928,3
KDM3B,24.3696,26.609,0.916,-0.091,0.00122542,0.52894999,0.03446721,0.90209945,0.70668008,2
DNAJC3,2.9456,4.7258,0.623,-0.342,0.02256537,0.02056387,0.27280657,0.67117575,0.70676033,2
TMEM60,1.5295,1.8873,0.81,-0.148,0.58104868,0.309412,0.57257189,0.92119817,0.70754279,0
HMBS,3.3042,2.9992,1.102,0.075,0.28677217,0.60743949,0.38945815,0.816179,0.70781012,0
CDC23,5.133,5.5901,0.918,-0.096,0.4381564,0.51156148,0.75296965,0.816179,0.70790596,0
DNAJC8,1.0625,1.4397,0.738,-0.224,0.7584219,0.12650369,0.75453722,1.0,0.70794278,0
DOCK9,9.9457,8.8647,1.122,0.136,0.54335518,0.35100654,0.73808075,0.77391449,0.70842186,0
DYNLL1,6.1713,11.6953,0.528,-0.304,0.1172132,0.03905775,0.83637013,0.46626286,0.70851001,1
INSIG1,11.8779,12.8205,0.926,-0.064,0.00170601,0.66170219,0.0054621,0.51871531,0.70873549,2
IL10RB,3.0234,6.6294,0.456,-0.254,0.22113342,0.08552747,0.16358368,0.40299335,0.70894434,0
TGFBI,128.1068,226.0932,0.567,-0.364,0.0,0.01314775,5.65e-06,0.65123214,0.70988003,3
RELA,20.3043,28.0808,0.723,-0.366,0.00363273,0.01301226,0.09071265,0.85894553,0.71011377,2
RABGAP1,5.27,5.4684,0.964,-0.041,0.8387685,0.78127767,0.7792454,0.370282,0.71012058,0
TRIM24,5.3689,5.9118,0.908,-0.083,0.03368767,0.56869065,0.26852859,0.98909653,0.71013992,1
WDR11,9.4722,10.2861,0.921,-0.09,0.63875412,0.53478239,0.52263657,0.53681325,0.7101631,0
CD74,855.3948,1477.634,0.579,-0.444,5e-08,0.00258063,0.00087094,0.73226424,0.71075506,3
GPRIN3,6.6296,6.9214,0.958,-0.04,0.95439855,0.78148343,0.86721425,0.73226424,0.71099365,0
TM6SF1,2.9928,4.4604,0.671,-0.279,0.03344851,0.05732687,0.45176637,0.64158697,0.71123472,1
FAM78A,32.0818,37.2319,0.862,-0.127,0.00025906,0.38373294,0.01100962,0.98909653,0.71152371,2
DPM3,31.2007,53.5613,0.583,-0.228,0.00516273,0.1211488,0.0680878,0.67117575,0.71184667,1
LTBP3,54.4619,54.3926,1.001,0.001,0.01698173,0.99207529,0.00634763,0.67117575,0.71190996,2
SDHC,3.8001,4.4063,0.862,-0.093,0.43735427,0.52259233,0.82102597,0.7949782,0.71201965,0
RNF167,42.6562,52.8541,0.807,-0.22,0.00719563,0.13279798,0.04750296,0.50091734,0.71203704,2
UGCG,4.5081,6.4089,0.703,-0.242,0.36231866,0.10088164,0.53875382,0.65123214,0.71233847,0
RFWD3,4.3914,5.3787,0.816,-0.233,0.01209192,0.11089647,0.20104747,0.57388325,0.71237954,1
SMNDC1,1.4241,1.9283,0.739,-0.176,0.80744777,0.23080197,0.43080752,0.98872461,0.71259871,0
MAP2K4,1.7781,2.3512,0.756,-0.118,0.0643368,0.41571619,0.46673413,0.55520734,0.71278455,0
MAP2K7,10.9048,14.1783,0.769,-0.284,0.00032156,0.05206483,0.04225838,0.75300697,0.7128553,2
TMEM80,2.426,3.2738,0.741,-0.234,0.12322721,0.11002264,0.70128835,0.34462432,0.71287454,0
CMPK2,4.3327,4.4648,0.97,-0.012,0.00261696,0.93617955,0.03531501,0.26208651,0.71290622,2
PRDX1,8.217,11.7398,0.7,-0.247,0.0348157,0.09186082,0.78680072,0.67219016,0.71356658,1
ZNF234,2.2429,2.2578,0.993,-0.007,0.55221216,0.96204107,0.40039969,0.816179,0.71364991,0
HBD,47.6067,29.3541,1.622,0.107,0.06319488,0.46314403,0.01777473,0.385418,0.7140696,1
NBR1,7.1534,11.0551,0.647,-0.295,0.0061779,0.04438103,0.04974877,0.71170446,0.71419131,3
UQCR11,90.5875,195.6155,0.463,-0.28,0.00023593,0.05750806,0.03662004,0.51871531,0.71426654,2
TMSB4X,380.2822,611.4252,0.622,-0.32,0.00058095,0.02990505,0.01055349,1.0,0.71440291,3
IL10,0.6815,0.5387,1.265,0.121,0.09230598,0.4080375,0.25389994,0.64773161,0.71440475,0
SRI,4.3567,8.0171,0.543,-0.307,0.03777595,0.03778333,0.15311214,0.73226424,0.71469365,2
PRF1,70.1603,85.8187,0.818,-0.189,0.0035714,0.19584042,0.00997149,0.43290855,0.71478522,2
ROPN1L,2.9299,4.7764,0.613,-0.243,0.49167312,0.09969945,0.46962273,0.5630637,0.7148332,0
LIMD2,50.6337,79.9974,0.633,-0.316,0.01362903,0.03208043,0.15669779,0.85894553,0.71493068,2
RAP1A,2.9649,3.8665,0.767,-0.191,0.72054301,0.19091471,0.71593118,0.85894553,0.71500604,0
AKT1S1,2.6955,3.3435,0.806,-0.216,0.00239679,0.1379828,0.05450805,0.98909653,0.71517532,1
PSMA6,4.7548,8.6018,0.553,-0.312,0.51206723,0.03442328,0.92165297,0.85894553,0.71545234,1
TMEM116,8.7682,10.6345,0.825,-0.13,0.01673756,0.37200696,0.16702011,0.69133573,0.71571863,1
SUCLG2,6.9385,7.8863,0.88,-0.131,0.34574612,0.36856282,0.56837913,0.29995754,0.7157799,0
CSTF1,5.4408,5.8644,0.928,-0.081,0.18138205,0.5797046,0.54200691,0.6120509,0.71583537,0
CRYBB2P1,6.575,8.2234,0.8,-0.164,0.41647821,0.26182202,0.65806741,0.81049955,0.71591034,0
HNRNPK,39.7554,55.9212,0.711,-0.337,0.00229318,0.02185072,0.10254487,0.73226424,0.71601051,2
HDAC10,6.0759,6.6156,0.918,-0.061,0.06867046,0.67690821,0.32053802,0.1960065,0.71613981,0
HTT,20.5987,25.1687,0.818,-0.275,0.00114792,0.06000208,0.02001752,0.71170446,0.71644755,2
PARP12,16.0453,18.6246,0.862,-0.17,0.00588457,0.24191612,0.04695502,0.370282,0.71645744,2
KPNA3,15.9682,18.8279,0.848,-0.17,0.000458,0.24267733,0.05328398,0.816179,0.7166252,1
MTA2,28.372,33.285,0.852,-0.165,0.00115871,0.25786738,0.02081814,0.94552275,0.71666304,2
HERPUD2,9.2191,13.6004,0.678,-0.315,0.01112628,0.03268026,0.3063748,0.5928362,0.71676597,2
XRCC6,18.0857,24.9253,0.726,-0.281,0.00602962,0.05519316,0.08522253,0.385418,0.71687272,1
MAK,1.493,1.4884,1.003,0.003,0.46208742,0.98510645,0.56504931,0.53681325,0.71728482,0
KCMF1,2.9616,5.1261,0.578,-0.443,8.598e-05,0.00279907,0.09648373,0.94552275,0.71730611,2
WDR18,14.2916,17.1268,0.834,-0.186,0.00275779,0.20138465,0.00969136,0.55520734,0.71744168,2
RPL24,178.5839,360.9181,0.495,-0.301,0.00398746,0.04111859,0.16853551,0.67117575,0.71772353,2
KDELR1,27.4473,39.438,0.696,-0.283,5.52e-06,0.05303542,0.00218649,0.44942115,0.71781,2
RPLP2,1057.3647,1583.3787,0.668,-0.287,0.00030552,0.05048755,0.03662004,0.96729961,0.71789676,2
HGS,20.8132,23.6673,0.879,-0.165,0.02573554,0.25872494,0.0316355,0.55520734,0.71797954,2
ASH2L,8.1807,11.3973,0.718,-0.318,0.11566619,0.03077933,0.44592501,0.92378602,0.71808184,1
SUCLG1,8.0936,10.2997,0.786,-0.205,0.17201155,0.16199382,0.80197105,0.75300697,0.71826978,0
AOAH,39.4544,59.4427,0.664,-0.421,0.00017389,0.00429347,0.01301414,0.71170446,0.71834619,3
HERC6,5.0059,5.3073,0.943,-0.076,0.88474639,0.60360426,0.71593153,0.77391449,0.71843587,0
SASH3,17.7465,21.6334,0.82,-0.215,0.01478357,0.14142418,0.02054822,0.6120509,0.71844682,2
FAM168B,4.9782,5.2967,0.94,-0.051,0.61238089,0.72675945,0.8019708,0.63152163,0.71845535,0
EXOSC10,11.661,14.8177,0.787,-0.254,0.01825003,0.08225222,0.12862793,0.73226424,0.71860039,1
STX6,0.5947,0.7451,0.798,-0.16,0.36708575,0.27675404,0.25501536,0.94370094,0.71884175,0
TKT,396.5108,679.6315,0.583,-0.366,0.0,0.01267808,8.38e-06,0.53681325,0.71906091,3
SNRNP25,1.7556,2.7419,0.64,-0.239,0.13250903,0.10136382,0.91328674,0.16012164,0.71907718,0
CD81,72.5763,95.6763,0.759,-0.266,0.00283077,0.06914187,0.01283555,0.4009022,0.71952905,2
MAPK1IP1L,12.1744,17.1002,0.712,-0.307,0.00038222,0.03612175,0.04805626,0.94552275,0.71955972,3
RPL11,436.1263,749.1582,0.582,-0.333,0.00200649,0.02415875,0.13238012,0.94552275,0.7196036,2
TRPV2,19.4941,22.4263,0.869,-0.155,0.01625845,0.28642277,0.04225864,0.90209945,0.71994779,2
NELL2,9.3299,8.3342,1.119,0.139,0.04449238,0.34078354,0.64389968,0.18622027,0.72063593,1
MAN2A1,10.3475,11.005,0.94,-0.072,0.11940664,0.61990016,0.27280657,0.94552275,0.72079566,0
CTSC,28.1851,41.4202,0.68,-0.313,0.000427,0.03304127,0.00348857,0.816179,0.72088221,3
PIBF1,4.68,4.7759,0.98,-0.022,0.79538589,0.87936528,0.18103207,0.20613999,0.72107165,0
PCYT1A,5.1366,5.7779,0.889,-0.092,0.31407612,0.53083369,0.53227713,0.15044329,0.72109679,0
TIMP2,10.1912,18.119,0.562,-0.391,5.5e-07,0.00792244,0.00050756,0.67117575,0.72120379,3
HEMK1,3.9319,3.1785,1.237,0.171,0.01071043,0.24229327,0.78680045,0.18622027,0.72131251,1
PIP4K2A,25.3118,29.4034,0.861,-0.141,0.03110654,0.33411053,0.04750296,0.28697196,0.721366,2
RASSF5,26.5194,36.8192,0.72,-0.298,0.00675006,0.04276537,0.11444026,0.5928362,0.72172811,2
COX5B,34.0127,67.9486,0.501,-0.323,0.00016666,0.02894084,0.06235457,0.88048261,0.72188367,2
TGIF2,3.5798,4.1625,0.86,-0.109,0.00564978,0.45385732,0.25597208,0.90209945,0.72192517,1
NOP10,27.8814,59.7925,0.466,-0.332,0.00275779,0.02478505,0.29945112,1.0,0.72193368,2
ZC3H3,6.5516,8.8826,0.738,-0.286,3.725e-05,0.05059874,0.01265913,0.77391449,0.72247728,2
DPP3,8.3739,10.5063,0.797,-0.175,2.252e-05,0.22958129,0.00491029,0.63152163,0.72248113,2
MBNL3,8.5338,10.6953,0.798,-0.126,0.16140997,0.38760328,0.97646141,0.71170446,0.72255582,0
MTHFS,2.6078,4.5096,0.578,-0.296,0.28798062,0.04523378,0.16551498,0.40528265,0.72256445,1
SKP1,9.2382,10.237,0.902,-0.084,0.52585608,0.56694604,0.7086002,0.7949782,0.72260061,0
MCTS1,0.4745,0.4189,1.133,0.045,0.08167102,0.75383052,0.0974211,0.71378436,0.72276182,0
GTF2IRD2B,2.0146,2.1417,0.941,-0.065,0.38444582,0.6568837,0.97057878,0.1129434,0.72307905,0
KYNU,3.4008,3.9871,0.853,-0.149,0.10385995,0.30592538,0.37342105,0.98909653,0.72328303,0
LYL1,6.6565,9.6188,0.692,-0.322,1.862e-05,0.02780974,0.01025882,0.75300697,0.72340345,3
PTER,1.5364,1.5694,0.979,-0.019,0.23763514,0.89479846,0.2311373,0.7949782,0.72344654,0
CCZ1,3.7429,4.4678,0.838,-0.136,0.30520949,0.35368461,0.57506479,0.34107567,0.72346481,0
APOBEC3A,2.3153,4.0658,0.569,-0.274,0.43562816,0.06281774,0.81660439,0.20328706,0.72347102,0
GPR137B,6.7806,7.482,0.906,-0.071,0.13532321,0.62304172,0.98038364,0.44942115,0.72351786,0
PTPRCAP,208.1836,297.1992,0.7,-0.225,0.02369147,0.12521239,0.08702191,0.75300697,0.72351824,1
OCIAD1,8.7365,10.5157,0.831,-0.19,0.0758374,0.19372936,0.49116165,0.29995754,0.72365609,0
EIF4ENIF1,6.2556,7.455,0.839,-0.206,0.05202473,0.15782867,0.27280657,0.69133573,0.72369501,0
PPP1CA,157.5445,246.3129,0.64,-0.361,9.288e-05,0.01416395,0.00693903,0.83750782,0.72369679,3
OSBPL11,8.8981,13.1142,0.679,-0.372,5.686e-05,0.01137773,0.00941826,0.816179,0.7239701,3
TRIM22,21.8053,22.5204,0.968,-0.038,0.29405778,0.79262694,0.40871625,0.69133573,0.72397725,0
GSN,21.3099,33.0422,0.645,-0.405,4.581e-05,0.00604382,0.01975669,0.5928362,0.72480135,3
ETFA,11.4346,14.352,0.797,-0.167,0.02256537,0.25435253,0.20453459,0.48343223,0.72484209,1
ANKZF1,8.8533,8.4394,1.049,0.06,0.32834695,0.67737163,0.02309099,0.03252987,0.72486232,2
SIAE,1.9154,2.331,0.822,-0.133,0.55310156,0.36460332,0.45775063,0.83750782,0.72522707,0
SRSF10,1.8273,2.1148,0.864,-0.115,0.5993775,0.43289751,0.85562117,0.31330231,0.72555662,0
TNKS,0.5211,0.6791,0.767,-0.137,0.20123897,0.35017363,0.46672251,0.30317408,0.7257935,0
DBNL,17.3177,24.6349,0.703,-0.345,0.01015154,0.01930681,0.01825315,0.23864024,0.72580573,3
BACH1,8.0284,9.8175,0.818,-0.162,0.03621249,0.26724711,0.05832177,0.98909653,0.72591144,1
ERC1,4.7619,4.2566,1.119,0.115,0.90367718,0.42844248,0.27496295,0.6120509,0.72602036,0
SIKE1,1.4981,1.7836,0.84,-0.112,0.9131377,0.44483401,1.0,0.68241839,0.72602362,0
TRIM28,59.533,69.51,0.856,-0.149,0.00316783,0.30674619,0.00653952,0.73226424,0.72611792,2
PXMP2,2.0879,2.989,0.699,-0.296,0.02521544,0.04384071,0.27979604,0.78852197,0.72631105,2
ZNF324,13.3659,13.4594,0.993,-0.006,0.11940664,0.96833864,0.04695502,0.69133573,0.72650667,1
COX7A2,30.7218,57.1366,0.538,-0.29,0.00143419,0.04905174,0.12375421,0.85894553,0.72651839,2
RPS21,1440.9029,2723.4356,0.529,-0.253,0.00475324,0.08532314,0.19084668,0.92378602,0.72656615,1
CD79A,53.4816,76.8828,0.696,-0.222,0.00029022,0.12834917,0.01283555,0.92378602,0.72657681,2
COQ10B,4.7022,4.8173,0.976,-0.029,0.85960891,0.8425589,0.7417928,0.18622027,0.72661196,0
RAB11A,8.8266,10.4973,0.841,-0.183,0.11940664,0.20974179,0.33512247,0.5928362,0.72691487,0
CD40,6.3069,6.4952,0.971,-0.025,0.48174514,0.86438049,0.99607633,0.7949782,0.72770445,0
TRIM5,4.7951,4.7749,1.004,0.005,0.80566322,0.97028815,0.98822942,0.31330231,0.72779274,0
STAU1,9.7601,13.0593,0.747,-0.322,0.0007062,0.02815626,0.05389312,0.816179,0.72786057,2
DCAF17,4.2803,5.2137,0.821,-0.194,0.66752623,0.18663157,0.86721425,0.75300697,0.72867118,0
CCNT2,7.5643,7.9603,0.95,-0.049,0.13256219,0.73444866,0.80577557,0.88048261,0.72895126,0
PHKG2,9.3594,10.8124,0.866,-0.164,0.00984395,0.26056143,0.02309099,0.1960065,0.72899184,2
MAF1,25.3964,37.5028,0.677,-0.332,0.00911101,0.02386799,0.50049595,0.63152163,0.72911815,2
RPL13AP5,24.8405,31.3455,0.792,-0.159,0.07155112,0.2768088,0.36816353,0.51871531,0.72940835,0
MAT2B,10.5131,13.5027,0.779,-0.236,0.06357364,0.10798056,0.40871625,0.65123214,0.72965332,0
SLCO4C1,4.161,4.6156,0.902,-0.094,0.0643368,0.51579579,0.1004917,0.32701011,0.72993422,0
POLR2L,62.108,127.1376,0.489,-0.281,2.226e-05,0.05694645,0.00476217,0.73226424,0.73004541,2
NF1,7.7483,8.0139,0.967,-0.047,0.72054313,0.74778459,0.64742976,0.44942115,0.73033694,0
PRCP,6.8495,10.8936,0.629,-0.359,0.00038222,0.01469923,0.05512883,0.90209945,0.73044113,2
EZH1,9.4031,9.7584,0.964,-0.046,0.28199043,0.7525224,0.14013821,0.385418,0.73058121,0
SERPINA1,16.3208,34.2902,0.476,-0.411,2.02e-06,0.00559341,0.00327453,0.85894553,0.7306682,3
ZFP36L2,100.7231,127.0765,0.793,-0.2,1.028e-05,0.16973143,0.00143957,0.71170446,0.73075123,2
OSBPL2,4.9498,6.8839,0.719,-0.278,0.03048844,0.05822948,0.06304863,0.35550187,0.73104643,1
MRPL20,13.2882,18.5283,0.717,-0.265,0.0048327,0.07053641,0.00969136,0.94552275,0.73117212,2
EIF4E2,14.1867,22.2606,0.637,-0.389,7.55e-06,0.00810306,0.00261623,0.98909653,0.73207255,3
TIAL1,4.2508,4.9876,0.852,-0.137,0.55043511,0.34947502,0.75670691,0.16766616,0.73231073,0
MEF2C,9.2233,11.1753,0.825,-0.213,0.04449238,0.14498264,0.74551347,0.65123214,0.73246245,1
RRM1,4.9116,5.7268,0.858,-0.157,0.0178611,0.27988865,0.12617275,0.98909653,0.7327495,1
VPS26A,0.8593,1.0787,0.797,-0.18,0.49678251,0.21936466,0.23209476,0.69133573,0.7328118,0
TMCC3,1.8331,2.6434,0.693,-0.203,0.59384333,0.16770382,0.88271555,0.18622027,0.73306376,0
CD82,10.5318,12.1712,0.865,-0.137,0.25110427,0.34724235,0.60561223,0.4009022,0.73314038,0
CLIP1,8.4817,10.5172,0.806,-0.256,0.02016466,0.08069778,0.44592501,0.77391449,0.73336782,1
TNPO3,5.1463,6.6657,0.772,-0.291,0.03716976,0.04756113,0.4171348,0.44942115,0.73339696,2
FNDC3B,20.933,34.2378,0.611,-0.361,0.01352814,0.01514366,0.38139397,0.51871531,0.73373948,2
AP2A1,68.928,94.6222,0.728,-0.321,8.65e-06,0.0280815,0.00176248,0.83750782,0.73388116,3
RAPGEF6,9.4762,9.4165,1.006,0.009,0.44605332,0.94906906,0.32777761,0.1588897,0.73469773,0
CDC5L,4.0228,5.0546,0.796,-0.227,0.01446045,0.11977616,0.21708566,0.29995754,0.73489551,1
MED4,3.4453,3.9462,0.873,-0.141,0.33497058,0.33247427,0.7086002,0.77391449,0.73496212,0
CANX,0.4758,0.6346,0.75,-0.12,0.79929181,0.41232033,0.51924466,0.68144019,0.73569167,0
RPL41,22.3477,37.0869,0.603,-0.259,0.00499525,0.07866693,0.03048439,0.46626286,0.73570634,2
TMEM204,8.9269,10.3978,0.859,-0.128,0.01567655,0.37838348,0.01070363,0.816179,0.73580141,2
ACAD8,4.7799,4.2742,1.118,0.116,0.87006723,0.42597311,0.83253123,0.85894553,0.7360821,0
RPL7,62.8827,107.0598,0.587,-0.341,0.0093256,0.02101231,0.21525949,0.816179,0.73619859,2
RAB32,8.3828,12.8731,0.651,-0.339,0.00017203,0.02100799,0.01564789,0.96729961,0.7363554,3
ABCF3,13.2285,15.2021,0.87,-0.165,0.00479282,0.25732491,0.0071469,0.69133573,0.73647269,2
TFDP2,2.3465,2.3864,0.983,-0.015,0.0967138,0.92016481,0.04176225,0.53681325,0.73649114,1
ARID5A,27.4765,33.7126,0.815,-0.234,0.00250466,0.1096017,0.01055349,0.34107567,0.73651174,2
TAF9B,1.611,1.421,1.134,0.103,0.06279227,0.4812296,0.22073766,0.876683,0.73654454,0
SCAP,46.4664,59.7123,0.778,-0.26,5.87e-06,0.07489991,0.00031264,0.88048261,0.73687953,2
FOXO3B,2.0571,1.5631,1.316,0.191,0.96711594,0.1882335,0.48192168,0.88048261,0.73718102,0
ARL6IP6,5.5941,6.184,0.905,-0.099,0.20885502,0.49719255,0.39491224,0.77391449,0.73731039,0
PIP4K2C,4.7945,5.1208,0.936,-0.061,0.66752609,0.67361763,0.83253101,0.57388325,0.73750411,0
SLC25A41,1.4848,1.2291,1.208,0.144,0.04447156,0.32346833,0.42848338,0.73493773,0.73762861,1
MRPS27,5.0442,5.7045,0.884,-0.103,0.32180886,0.47985264,0.42565472,0.96729961,0.73770366,0
CNOT1,51.4346,66.3929,0.775,-0.227,0.00019536,0.11886946,0.02399726,0.96729961,0.73813273,2
FURIN,48.7304,69.749,0.699,-0.249,1e-07,0.08831189,0.00011099,0.6120509,0.73821585,2
POLR2B,11.9998,15.5386,0.772,-0.334,0.02718149,0.02367525,0.5194431,0.94552275,0.73821759,2
ID2,28.8914,40.3779,0.716,-0.189,0.02103747,0.19626271,0.28814531,0.71170446,0.73846797,1
AGTRAP,24.5245,45.5463,0.538,-0.398,2.5e-07,0.00682635,6.659e-05,0.88048261,0.73868553,3
RPL21,257.1024,498.9784,0.515,-0.289,0.00588457,0.04992512,0.26640698,1.0,0.73896725,2
SLC29A1,6.5856,11.2808,0.584,-0.368,4.56e-06,0.01217921,0.00377399,0.816179,0.73934053,3
FCGR3A,54.6364,125.7751,0.434,-0.289,0.00188429,0.05112938,0.23596257,0.67117575,0.73959481,1
ZNF512,1.4534,1.6269,0.893,-0.087,0.92793047,0.54894846,0.91772566,0.52559347,0.73971613,0
ARID4B,8.3944,10.0617,0.834,-0.194,0.20125018,0.18560917,0.05964126,0.55520734,0.73992548,0
COMT,12.5967,16.9463,0.743,-0.21,0.00096896,0.14876113,0.02793756,0.96729961,0.73993603,2
CTSH,27.9517,47.5415,0.588,-0.366,0.0,0.01266888,3.318e-05,0.6120509,0.74010129,3
OGFRL1,9.3114,14.4769,0.643,-0.346,9.086e-05,0.018492,0.00955394,0.63152163,0.74050722,3
ERI3,3.1027,4.0439,0.767,-0.175,0.02716646,0.23025575,0.04532726,0.71378436,0.74073721,2
CLK4,8.582,8.6075,0.997,-0.003,0.74456334,0.98189224,0.38676685,0.43290855,0.74081563,0
METTL6,1.9975,2.4882,0.803,-0.108,0.48839767,0.4599169,0.40039723,0.53681325,0.74099898,0
VAT1,5.2372,5.8541,0.895,-0.134,0.02755374,0.35684642,0.26011145,0.63152163,0.74108564,1
SH2D1B,1.1712,1.1933,0.981,-0.008,0.51563757,0.95719521,0.38821494,0.5411874,0.7414878,0
EIF3J,3.0531,3.2644,0.935,-0.061,0.52064087,0.6753982,0.42564265,0.74559149,0.74154256,0
MAT2A,21.8762,23.7838,0.92,-0.082,0.05431561,0.57288274,0.15669779,0.31330231,0.74156885,0
UBAP2L,51.14,64.4166,0.794,-0.259,8.226e-05,0.07571843,0.02250345,0.67117575,0.74249656,2
TMEM63B,11.8832,13.3476,0.89,-0.112,0.02288226,0.44151185,0.08793304,0.1129434,0.74269847,1
ELK4,9.4976,12.0312,0.789,-0.264,0.00516273,0.07115196,0.15959639,0.94552275,0.74289089,1
SVIP,3.2454,3.5558,0.913,-0.08,0.27372032,0.58069723,0.44296271,0.43788828,0.74297538,0
RBM10,32.6678,36.1205,0.904,-0.107,0.00143419,0.4598648,0.02081814,0.73226424,0.74316942,2
INTS4,7.53,9.3525,0.805,-0.263,0.12850273,0.07294087,0.82103882,0.1960065,0.74318925,0
REST,3.8715,4.2911,0.902,-0.103,0.50185076,0.48068035,0.61595313,0.31330231,0.7433223,0
SLC11A1,58.1981,86.2119,0.675,-0.343,1.08e-05,0.01921312,0.00198035,0.98909653,0.74343695,3
AKR1B1,5.8839,6.7331,0.874,-0.132,0.50864973,0.36599423,0.75670691,0.65123214,0.74346201,0
VPS29,6.7313,9.7062,0.693,-0.194,0.05028093,0.18541025,0.20365282,0.07756718,0.74354018,0
PCMTD1,5.7582,7.1745,0.803,-0.173,0.55221216,0.23812197,0.92165297,0.55520734,0.74357348,0
THEM4,2.4291,2.625,0.925,-0.058,0.65403365,0.68851953,0.95294324,0.18025959,0.74375259,0
SFXN2,1.6113,1.2335,1.306,0.187,0.00903679,0.20110048,0.09548685,0.66191546,0.74396637,1
VPS39,19.1097,21.6463,0.883,-0.165,0.01030852,0.25840316,0.07345356,0.83750782,0.74427195,1
ZBTB44,7.873,9.0439,0.871,-0.131,0.31025597,0.36833863,0.98038364,0.27434987,0.7448269,0
JAM3,1.697,1.8951,0.895,-0.076,0.57374419,0.60084602,0.80767096,0.50091734,0.74491713,0
CD68,140.0965,259.573,0.54,-0.397,0.0,0.00681614,5.637e-05,0.69133573,0.74510766,3
CDKN2D,23.1982,27.0127,0.859,-0.08,5.948e-05,0.57960961,0.00757947,0.63152163,0.74523561,2
TBL1X,11.7707,16.8439,0.699,-0.334,0.00023227,0.02269002,0.01164501,0.90209945,0.74526507,3
ALG11,3.5367,3.5585,0.994,-0.008,0.68112569,0.95824017,0.99215279,0.41673557,0.74535066,0
WDR43,5.4702,6.3416,0.863,-0.183,0.39249491,0.21203027,1.0,0.75300697,0.74542648,0
MXI1,3.6055,4.5753,0.788,-0.143,0.3665383,0.32831368,0.82869632,0.98909653,0.74583232,0
ZMYM5,2.3739,2.0527,1.156,0.147,0.01200116,0.3158143,0.38407466,0.227454,0.74584859,1
STAM2,2.8134,3.4586,0.813,-0.234,0.50015856,0.11081035,0.42565472,0.44942115,0.74595781,0
ZNF653,2.1149,1.8459,1.146,0.055,0.77411359,0.70703354,0.78220881,0.76626981,0.74633645,0
SNX29,13.6752,13.8885,0.985,-0.015,0.06059544,0.91834193,0.00736033,0.10635126,0.74638778,1
SNAPIN,4.5537,7.9089,0.576,-0.314,0.01510926,0.03284031,0.32291743,0.78870606,0.74639834,2
SLTM,23.6665,22.276,1.062,0.054,0.88684677,0.71042317,0.52905363,0.83750782,0.74647875,0
SKAP2,4.1743,4.8541,0.86,-0.12,0.49006928,0.41345722,0.25391965,0.816179,0.74652245,0
FN3KRP,5.2245,5.3817,0.971,-0.018,0.1325338,0.90174643,0.1361736,0.18960565,0.7470652,0
PBX3,2.4613,3.3484,0.735,-0.265,0.07583727,0.07146707,0.76795134,0.385418,0.74710277,0
UBP1,13.1357,15.7971,0.832,-0.21,0.00046724,0.14987509,0.01356316,0.73226424,0.74717504,2
SH2D1A,1.6626,1.811,0.918,-0.045,0.28677645,0.75974912,0.9138474,0.69133573,0.74719312,0
CLEC12A,17.0311,25.7121,0.662,-0.267,0.0817204,0.06959792,0.54200691,0.65123214,0.74731176,0
DUSP5,3.891,5.9142,0.658,-0.297,0.00010826,0.04264191,0.02308741,0.75300697,0.74742323,3
PPIH,2.7908,3.0434,0.917,-0.059,0.59011957,0.68517207,0.4086649,0.45466312,0.74763233,0
ZFP90,2.3758,2.3378,1.016,0.014,0.34438722,0.92261064,0.54200691,0.26208651,0.74767496,0
SERPINB6,25.2836,33.6784,0.751,-0.285,0.00185065,0.05184743,0.0092843,0.50091734,0.74769237,2
NCOA5,6.2999,7.3075,0.862,-0.167,0.00452188,0.25253299,0.01011425,0.73226424,0.7481161,2
LDLR,11.8203,12.7149,0.93,-0.052,0.00170601,0.72037454,0.00746918,0.13451295,0.74821654,2
SLC16A7,2.016,1.5266,1.321,0.171,0.00947116,0.24070933,0.23987326,0.21662026,0.74839147,1
ZNF335,19.1019,19.2232,0.994,-0.008,0.08407945,0.95554683,0.0464124,0.32701011,0.74857657,1
TIMM8B,4.5599,5.8788,0.776,-0.139,0.960756,0.34324947,0.9177492,0.16766616,0.74865477,0
ZNF609,11.49,11.6581,0.986,-0.016,0.06132893,0.91164557,0.12495892,0.75300697,0.74878349,0
KLHL6,6.9193,8.1665,0.847,-0.163,0.11322417,0.26330594,0.06958692,0.77391449,0.74880433,0
TESK2,1.5847,1.6344,0.97,-0.022,0.26140866,0.88122446,0.20257108,0.18921083,0.74887889,0
MINDY1,11.1778,15.7783,0.708,-0.304,0.0004626,0.0384943,0.03618053,0.71170446,0.74889115,3
ZNF20,3.816,3.6293,1.051,0.055,0.97772028,0.70422272,0.26219842,0.05129462,0.74938505,0
MAP2K6,2.9257,3.048,0.96,-0.044,0.77901646,0.76351517,0.48192168,0.25018521,0.74987223,0
CDK8,3.4148,4.1652,0.82,-0.19,0.17878967,0.19348936,0.52263657,0.57388325,0.74999265,0
RSU1,21.8228,33.8727,0.644,-0.324,0.00285548,0.0275287,0.15959639,0.21662026,0.75004875,2
CD6,67.1848,64.0875,1.048,0.049,0.05703621,0.7370417,0.05767117,0.7949782,0.75005638,0
RPL18A,818.8726,1426.025,0.574,-0.251,0.00021251,0.08773376,0.05897845,0.65123214,0.75031058,1
LEPROTL1,20.7284,29.8253,0.695,-0.184,0.02486601,0.20820321,0.26640698,0.88048261,0.7506841,1
EIF4G2,133.6266,175.7769,0.76,-0.247,2.39e-06,0.08988579,0.00179219,0.73226424,0.75089845,2
PLA2G4B,24.3533,23.7373,1.026,0.017,0.06907605,0.90435949,0.01924391,0.63152163,0.75103558,1
TRMT6,1.9084,1.8876,1.011,0.012,0.8283894,0.93425219,0.56172838,0.94552275,0.75104787,0
ATXN2,10.4919,14.1378,0.742,-0.276,0.12388955,0.06082973,0.50049595,0.98909653,0.7510903,0
NDUFB11,113.9778,177.4362,0.642,-0.283,0.00014818,0.05417046,0.0026589,0.73226424,0.75114879,2
NANS,7.3786,9.7257,0.759,-0.236,0.1388367,0.10589631,0.7754755,0.96729961,0.75119256,0
PTDSS1,14.5113,18.1775,0.798,-0.195,1.464e-05,0.18124975,0.00902147,0.816179,0.75124676,2
FAM160B1,4.0103,4.4933,0.892,-0.14,0.88894794,0.33937813,0.41151113,0.32701011,0.75146796,0
AMPD3,12.9797,14.242,0.911,-0.099,0.36372181,0.49789024,0.31577014,0.41673557,0.75153849,0
SATB1,27.8295,27.9836,0.994,-0.006,0.33098614,0.96865368,0.38407466,0.385418,0.7516545,0
KLRB1,22.0954,31.0134,0.712,-0.238,0.08698276,0.10492452,0.68677002,0.96729961,0.75166285,0
FEM1C,1.9369,2.6736,0.724,-0.303,0.23291377,0.03973725,0.82103882,0.94552275,0.75179596,1
KLRC4,2.1416,2.2439,0.954,-0.024,0.0219584,0.87068718,0.58138891,0.10970306,0.75245947,1
PDAP1,1.3264,1.3593,0.976,-0.022,0.90999939,0.8808405,0.92946518,0.7949782,0.75258616,0
ZBTB17,9.4842,11.2574,0.842,-0.214,0.00017952,0.14154116,0.00653952,0.69133573,0.75286677,2
AAK1,10.6337,11.8964,0.894,-0.11,0.04768496,0.44835334,0.03488891,0.816179,0.75287635,2
TALDO1,149.4293,274.8556,0.544,-0.377,1.45e-06,0.01053836,0.00414443,0.5928362,0.75327328,3
TMEM214,16.1162,17.2881,0.932,-0.092,0.11940664,0.52713282,0.09847143,0.51871531,0.75351962,0
POM121C,17.8604,20.7351,0.861,-0.172,0.00388772,0.23745847,0.09947747,0.88048261,0.75379651,1
TGOLN2,35.7885,39.544,0.905,-0.105,0.15206888,0.46942311,0.10568704,0.88048261,0.75384142,0
BOLA3,1.4154,1.8164,0.779,-0.096,0.01151858,0.51055467,0.10829959,0.65103225,0.75405259,1
RAD23B,9.5351,15.3402,0.622,-0.387,6.961e-05,0.00846259,0.01492449,0.6120509,0.75419,3
PSMG2,8.6591,13.3331,0.649,-0.296,0.01362887,0.04376823,0.75670568,0.48343223,0.75446625,2
PHC2,18.8874,32.7274,0.577,-0.327,4.906e-05,0.02667955,0.00129944,0.7949782,0.7544928,3
PBRM1,12.5012,14.5096,0.862,-0.162,0.02352767,0.26728476,0.1004917,0.32701011,0.7546565,1
REPS1,10.2191,12.1782,0.839,-0.192,0.83461342,0.19103695,0.23596257,0.94552275,0.75468153,0
RAF1,21.5033,32.3972,0.664,-0.35,5.312e-05,0.01709143,0.00997149,0.46626286,0.75486724,3
BRPF1,9.7235,11.7255,0.829,-0.239,0.00602962,0.10122097,0.04587508,0.57388325,0.75494403,2
CTDSPL,1.8378,2.189,0.84,-0.127,0.25330779,0.38398727,0.34007749,0.75300697,0.75518329,0
YWHAQ,6.6491,9.3406,0.712,-0.272,0.00263997,0.06332462,0.14824144,0.50091734,0.75535004,1
ACBD6,3.2805,4.6441,0.706,-0.238,0.05703621,0.10407932,0.065889,0.67117575,0.75535453,0
TRIM33,13.45,15.449,0.871,-0.171,0.46370834,0.24136505,0.62637083,0.46626286,0.7555586,0
AHCTF1,8.1452,9.1396,0.891,-0.12,0.20031397,0.41183644,0.61595313,0.63152163,0.755955,0
PEA15,3.9892,6.4572,0.618,-0.389,0.00026723,0.00819484,0.04078319,0.77391449,0.75599148,3
CDKAL1,4.6552,5.5005,0.846,-0.105,0.76071766,0.47185829,0.46673413,0.48343223,0.75600125,0
TRIM68,2.692,2.4863,1.083,0.082,0.77290072,0.57254591,0.62985571,0.31330231,0.75628798,0
SNRNP200,60.4414,65.7115,0.92,-0.088,0.00113723,0.5426898,0.00815311,0.75300697,0.75671497,2
POC5,4.0068,4.6341,0.865,-0.189,0.46858609,0.19628535,0.43426338,0.90209945,0.75678557,0
MRPL18,8.1784,9.6227,0.85,-0.137,0.30835529,0.34815244,0.71042693,0.69133573,0.75681713,0
PRDM4,5.0891,6.3045,0.807,-0.249,0.0007062,0.08774417,0.04750296,0.90209945,0.75711577,2
PABPC4,51.0316,61.9,0.824,-0.181,0.00044004,0.21374262,0.00815311,0.73226424,0.75771014,2
CRBN,14.1566,16.5382,0.856,-0.157,0.20124998,0.28255832,0.3894699,0.46626286,0.75805876,0
PLCG1,38.3012,33.7485,1.135,0.154,0.72452813,0.28902842,0.15669779,0.1960065,0.75807249,0
GSK3B,15.1918,22.4755,0.676,-0.267,0.00869501,0.06982044,0.3787248,0.88048261,0.75811088,1
FBP1,4.5966,7.6034,0.605,-0.306,1.44e-06,0.03633407,0.00040648,0.87669489,0.75883944,3
SPDYE1,2.2621,1.9476,1.161,0.132,0.72852062,0.36247349,0.42565472,0.46626286,0.75896976,0
RAD52,6.4954,5.9216,1.097,0.088,0.46046968,0.54581064,0.4973741,0.50091734,0.75900839,0
CNST,5.3584,5.9689,0.898,-0.083,0.10787817,0.56861423,0.19760392,0.7949782,0.75903662,0
BIN2,93.6263,119.4387,0.784,-0.268,0.00063451,0.06675556,0.01337792,0.7949782,0.75904249,2
ZFAT,5.0016,5.339,0.937,-0.089,0.90578419,0.5435513,0.77171088,0.816179,0.75910114,0
FXYD5,279.2053,430.96,0.648,-0.37,2.52e-06,0.0117551,0.00229677,0.90209945,0.75936414,3
KRAS,1.3707,1.8524,0.74,-0.284,0.01022976,0.0535518,0.14414618,0.14231835,0.75943079,1
MCM9,3.3609,3.579,0.939,-0.084,0.8325376,0.56519212,0.97646141,0.385418,0.75973619,0
CCR2,10.2284,14.9992,0.682,-0.333,1.796e-05,0.02316745,0.00588988,0.85894553,0.75990054,3
IFIT2,3.3863,6.2228,0.544,-0.313,0.25110427,0.03434179,0.7086002,0.77391449,0.76017053,1
EIF4E3,5.74,7.5877,0.756,-0.146,0.3939689,0.31714211,0.9177492,0.90209945,0.76030495,0
HSPA4,4.5631,5.2934,0.862,-0.158,0.22367112,0.28121407,0.94902704,0.90209945,0.76034822,0
RUNX2,10.9743,13.2042,0.831,-0.151,0.06132893,0.30010929,0.31104907,0.63152163,0.76071747,0
CDH23,15.4482,18.1266,0.852,-0.204,0.00648433,0.16287978,0.01707771,0.83750782,0.76150727,2
CASK,4.4557,5.1362,0.868,-0.08,0.57738233,0.58205098,0.04377789,0.227454,0.76194538,1
SP1,39.0307,51.6478,0.756,-0.198,1.884e-05,0.17465257,0.02690352,0.65123214,0.76200137,2
GOLGA3,10.5909,12.3003,0.861,-0.13,0.00235484,0.3729579,0.00100235,0.35550187,0.76220382,2
VKORC1,6.9811,11.8077,0.591,-0.248,7.59e-05,0.08956349,0.02412079,0.18958413,0.7623145,2
SP140L,6.5081,7.3941,0.88,-0.116,0.92477534,0.42671861,0.40871625,0.65123214,0.7624557,0
CUL2,2.2063,2.7243,0.81,-0.182,0.69482959,0.21451124,0.40871625,0.96729961,0.76251929,0
SERF2,68.4724,111.6952,0.613,-0.339,4.376e-05,0.02142378,0.00354403,0.71170446,0.76262307,3
TPP2,9.3843,10.421,0.901,-0.152,0.28918991,0.29820266,0.25391965,0.13451295,0.76284815,0
PLP2,124.4001,193.2446,0.644,-0.323,3e-08,0.02710061,8.88e-05,0.69133573,0.76294442,3
AK2,4.9764,6.1445,0.81,-0.249,0.00333541,0.08834448,0.11902584,0.34107567,0.76304803,1
OTUD6B,1.9707,1.7169,1.148,0.115,0.21613802,0.42896545,0.6615792,0.17677365,0.76310307,0
LGALS1,240.918,531.9299,0.453,-0.313,1.09e-06,0.03439035,0.00151474,0.96729961,0.76327659,3
SNX11,5.4907,7.8334,0.701,-0.251,0.02644998,0.08664877,0.13621653,0.5928362,0.76336934,1
TLE5,128.0517,163.8662,0.781,-0.266,0.0028804,0.06896786,0.05450805,0.90209945,0.76349819,1
PTAR1,6.0148,8.2345,0.73,-0.245,0.05600299,0.09444658,0.79058597,0.90209945,0.76386491,0
SPAST,3.4016,4.2563,0.799,-0.231,0.06281798,0.11542674,0.11331587,0.1129434,0.76392886,0
FHL3,19.492,23.1603,0.842,-0.095,0.00011435,0.51124382,0.00229677,0.5928362,0.76399822,2
SPINK2,2.7557,2.165,1.273,0.109,0.60570846,0.45484026,0.37324269,0.55336297,0.76407823,0
AP1M1,17.2354,18.6495,0.924,-0.06,0.04798452,0.67870062,0.13621653,0.57388325,0.76426374,1
RPS19BP1,8.4495,9.9422,0.85,-0.182,0.23500397,0.21302537,0.51308651,0.94552275,0.76468568,0
SCLT1,7.1312,9.5278,0.748,-0.225,0.90157086,0.12621481,0.73067243,0.816179,0.76490485,0
SAMD9L,5.8656,7.4271,0.79,-0.252,0.1848818,0.08596334,0.93337526,0.35550187,0.76493609,0
FARS2,6.5483,7.4648,0.877,-0.109,0.03644973,0.45532904,0.11443978,0.67117575,0.7649867,1
ELF1,15.4513,18.9229,0.817,-0.227,0.0758374,0.12078845,0.64037761,0.67117575,0.76512088,0
RANBP10,4.4278,5.5573,0.797,-0.231,0.0281203,0.11458885,0.52263603,0.816179,0.76524045,1
NKG7,622.5368,916.4021,0.679,-0.186,0.00204271,0.2038505,0.03982572,0.85894553,0.76542138,2
ARID1B,29.2196,36.6793,0.797,-0.271,0.00754695,0.06387875,0.0935625,0.75300697,0.76549268,1
EIF3H,36.0862,56.4077,0.64,-0.384,2.447e-05,0.00909883,0.02221459,0.94552275,0.76610032,3
ZNF141,7.5997,7.5385,1.008,0.007,0.33898578,0.96420059,0.56172889,0.1129434,0.76619809,0
TIMM23,4.1333,5.6414,0.733,-0.164,0.46289729,0.26327079,0.62288984,1.0,0.76643132,0
LRRC8A,21.2023,24.1696,0.877,-0.133,0.00209818,0.3596013,0.02493422,0.48343223,0.76683905,2
EPC2,6.2219,7.6403,0.814,-0.285,0.03668847,0.05211824,0.2080655,0.75300697,0.76683957,1
FAM126B,4.4394,6.7868,0.654,-0.265,0.5345695,0.07301837,0.7754755,0.816179,0.76684581,0
DCAF6,12.6199,13.7256,0.919,-0.09,0.01313111,0.53541438,0.06374906,0.83750782,0.76693954,1
ATP6V0A2,3.339,3.8369,0.87,-0.163,0.06169843,0.26528682,0.40593271,0.07756718,0.76714735,0
SLFN12L,8.3823,7.4325,1.128,0.091,0.06206976,0.53151745,0.06661534,0.7949782,0.76777252,0
TMEM184B,9.8728,13.1589,0.75,-0.246,0.00022393,0.09219694,0.00129944,0.94552275,0.76787472,2
UBE2Q2,4.0298,4.6824,0.861,-0.16,0.01121114,0.27271616,0.12137202,0.43290855,0.76836755,1
ZNF333,6.0233,5.5484,1.086,0.074,0.66752623,0.61141216,0.69039088,0.69133573,0.76840053,0
RNF141,1.8604,2.4996,0.744,-0.248,0.35535386,0.09222235,0.98430634,0.55520734,0.76846529,0
CYB561D1,4.3425,4.9974,0.869,-0.093,0.06059544,0.52514705,0.03322814,0.65123214,0.76847475,1
ARHGAP31,4.4211,5.4466,0.812,-0.218,0.0117325,0.13455213,0.19084668,0.6120509,0.76849699,1
KLHL5,4.148,4.6966,0.883,-0.136,0.22266058,0.34985939,0.98822942,0.83750782,0.76864032,0
BTNL8,2.6148,2.9276,0.893,-0.059,0.04282793,0.68860268,0.02164635,0.23864024,0.76921414,2
UBA3,9.5513,11.4635,0.833,-0.169,0.06989314,0.24841582,0.48807113,0.98909653,0.76925481,0
TPK1,3.2486,4.0637,0.799,-0.122,0.77290268,0.40457871,0.12986936,0.55520734,0.76928549,0
TMEM154,4.0741,5.7282,0.711,-0.23,0.64065605,0.1177655,0.78680072,0.50091734,0.76981556,0
DAZAP2,41.8103,67.4226,0.62,-0.412,0.00012608,0.00522592,0.04805626,0.83750782,0.76988893,3
RNF26,8.873,10.8174,0.82,-0.196,0.00021251,0.17783061,0.04805626,0.28697196,0.77080879,2
PITPNA,3.0429,4.4909,0.678,-0.269,0.02494639,0.0664452,0.14345387,0.70332965,0.77088324,1
HADHA,19.946,28.0539,0.711,-0.365,0.00029022,0.01296483,0.04587508,0.88048261,0.77099083,3
SF3B4,18.2359,26.2321,0.695,-0.372,0.00020809,0.01141486,0.0082724,0.1960065,0.77111341,3
ZCCHC7,7.4126,9.4767,0.782,-0.285,0.05170415,0.05283573,0.18103207,0.816179,0.77121616,0
TICAM1,15.594,18.7269,0.833,-0.16,3.02e-06,0.27001099,0.00056637,0.96729961,0.77129093,2
QRSL1,1.6807,1.7778,0.945,-0.06,0.43189732,0.67953181,0.39218504,0.98909653,0.77142457,0
RAB31,5.261,8.312,0.633,-0.285,3.96e-06,0.05130475,0.0022227,0.88048261,0.77173214,2
CAPNS1,35.5105,62.8761,0.565,-0.404,1.067e-05,0.00617228,0.0236918,0.63152163,0.77197663,3
TUSC2,3.5564,4.4522,0.799,-0.169,0.46519753,0.24813962,0.89047154,0.89884993,0.7720979,0
AMN1,2.1361,1.9931,1.072,0.065,0.05365264,0.6550207,0.09165474,0.71170446,0.77221076,0
ETV3,4.9589,5.7468,0.863,-0.137,0.00044004,0.34717517,0.02973714,0.816179,0.77226047,2
CYBRD1,4.2396,6.8323,0.621,-0.328,5.8e-06,0.02538603,0.0935625,0.57388325,0.77228429,2
GSTK1,67.3001,108.1337,0.622,-0.34,5.882e-05,0.02102315,0.00338,0.96729961,0.77228621,3
RPS27A,255.0614,406.9712,0.627,-0.267,0.02908708,0.06965057,0.29038313,0.96729961,0.77269103,1
TBC1D25,9.3546,10.1371,0.923,-0.079,0.00200649,0.58852985,0.02936945,0.90209945,0.77301158,2
GIMAP4,37.2173,48.3637,0.77,-0.281,0.00555825,0.0551126,0.08885184,0.98909653,0.77335335,1
MX1,15.3737,19.9688,0.77,-0.153,0.00102552,0.29188852,0.00040663,0.51871531,0.77378428,2
PFKL,51.1015,63.9752,0.799,-0.241,0.0003384,0.09910068,0.00757947,0.73226424,0.77396412,2
CTDP1,1.953,2.4698,0.791,-0.179,0.00334959,0.21940123,0.02164584,0.73226424,0.77408002,2
CAPN2,40.7271,51.1906,0.796,-0.268,0.00048623,0.06667293,0.0062536,0.96729961,0.77409256,2
KDM4C,25.4039,29.6642,0.856,-0.089,0.77290268,0.54275091,0.83253123,0.96729961,0.77455432,0
RPF1,5.7177,7.5364,0.759,-0.236,0.49846864,0.10832295,0.40315806,0.55520734,0.7746951,0
FAM104A,1.9649,2.1307,0.922,-0.067,0.32702045,0.64809863,0.47733682,0.66183321,0.77495131,0
MAZ,120.9473,155.5792,0.777,-0.274,1.329e-05,0.06025269,0.001172,0.55520734,0.77497204,2
DCTN3,9.9207,14.4869,0.685,-0.315,0.0031137,0.03227145,0.13751424,0.77391449,0.77503415,2
SNRNP48,0.8422,0.7389,1.14,0.112,0.94909642,0.44281585,0.09694101,0.50731621,0.77555064,0
LATS1,10.8599,12.2579,0.886,-0.146,0.0417484,0.31539153,0.20104747,0.6120509,0.77555822,1
FBXL13,2.2298,4.0085,0.556,-0.212,0.22266058,0.15078437,0.11786616,0.51871531,0.77581037,0
PRR13,12.6113,20.4611,0.616,-0.292,0.05566206,0.04780492,0.75296996,0.96729961,0.77604915,1
PRKAB1,6.4757,8.2849,0.782,-0.23,0.01673756,0.11610544,0.39491224,0.77391449,0.77613351,1
CTNNBL1,6.5694,8.664,0.758,-0.279,0.00077038,0.05589731,0.05328398,0.816179,0.77623838,1
IRS2,8.9183,11.7002,0.762,-0.253,2.49e-06,0.08238499,0.00027895,0.50091734,0.77627573,2
PSMA1,2.4406,4.3911,0.556,-0.233,0.07893143,0.11342075,0.03009674,0.85449267,0.77627709,1
TMEM91,10.9571,17.2728,0.634,-0.324,2.048e-05,0.0272066,0.00063147,0.41673557,0.77670108,3
ANKK1,1.8716,1.2691,1.475,0.225,0.00284708,0.12272735,0.10769253,0.30310355,0.77680639,1
SMARCC2,26.189,30.1694,0.868,-0.203,0.01255488,0.16365813,0.02900568,0.11983122,0.77686422,2
GDPD5,9.0696,9.8261,0.923,-0.088,0.02869702,0.54720257,0.06958692,0.15044329,0.77726044,1
FKBP1A,6.3857,11.6354,0.549,-0.341,9.086e-05,0.0204086,0.00839324,0.92378602,0.7775072,3
HEATR5B,9.9041,11.2978,0.877,-0.182,0.04798452,0.21195499,0.30870609,0.94552275,0.7777208,1
APRT,82.2608,129.731,0.634,-0.307,0.0013199,0.03698112,0.02081814,0.71170446,0.77775727,3
HIRA,17.1642,21.1843,0.81,-0.232,0.00173723,0.11191568,0.00644294,0.08278988,0.77778312,2
UBR4,32.8782,40.6205,0.809,-0.282,0.00024853,0.0539679,0.01533493,0.94552275,0.77821457,2
FAM199X,2.4875,2.276,1.093,0.065,0.81597391,0.65397952,0.99215279,0.47192844,0.77824146,0
TOR1AIP1,9.7503,12.7122,0.767,-0.257,0.01038782,0.07880962,0.30405522,0.92378602,0.77831048,1
GBP5,11.3648,15.4205,0.737,-0.245,0.02002231,0.09528395,0.26640698,0.73226424,0.77887426,1
RER1,5.6359,7.2324,0.779,-0.151,0.29283355,0.30179648,0.74923847,0.74562731,0.77916042,0
HMGXB4,2.7094,3.1715,0.854,-0.131,0.56293253,0.36866634,0.85948214,0.96729961,0.77956253,0
TACC1,10.4515,14.9022,0.701,-0.341,0.00023106,0.02036819,0.00969136,0.43290855,0.77961353,3
RPL36AL,46.9948,86.4013,0.544,-0.3,0.01030852,0.04142307,0.38139397,0.98909653,0.77968719,2
ITFG1,6.203,8.1027,0.766,-0.271,0.01556239,0.06409445,0.12255859,0.57388325,0.77969631,1
RPAP2,6.754,10.6697,0.633,-0.169,0.88264677,0.24642725,0.87108487,0.7949782,0.7797556,0
ISOC1,4.0671,4.8548,0.838,-0.145,0.03621241,0.31921536,0.5036276,0.1129434,0.77979671,1
RPRD2,16.8897,18.8461,0.896,-0.119,0.00064702,0.41263142,0.02828977,0.92378602,0.78022276,2
ABHD4,5.0287,5.5565,0.905,-0.082,0.12067414,0.57266272,0.26219779,0.98909653,0.78029072,0
ST3GAL5,4.7505,5.3746,0.884,-0.131,0.04798452,0.36819482,0.4171348,0.67117575,0.78036237,1
SEMA4A,35.3246,53.3047,0.663,-0.306,6e-07,0.0364874,0.00033718,0.69133573,0.78108545,3
ELL,12.1492,13.7084,0.886,-0.092,0.00123688,0.52641351,0.00327453,0.75300697,0.78148862,2
COMMD10,5.0166,6.3795,0.786,-0.274,0.09832638,0.06199136,0.64389795,0.85894553,0.78156944,0
PHB,13.1342,16.2358,0.809,-0.189,0.00754695,0.19464147,0.06958692,0.92378602,0.78157934,1
ACOX1,6.7935,10.6173,0.64,-0.22,0.4572437,0.13592651,0.60905056,0.83750782,0.78175047,0
EEF2,1818.5204,2287.6042,0.795,-0.223,3.06e-06,0.12657172,0.00031264,0.5928362,0.78175577,2
PFDN5,80.9447,155.7307,0.52,-0.317,0.00233412,0.03130303,0.15242499,0.65123214,0.78189538,2
FZR1,29.2333,30.8231,0.948,-0.044,0.0007062,0.75969721,0.00065468,0.31330231,0.78283038,2
IFT52,4.4553,4.9305,0.904,-0.094,0.37076293,0.52033989,0.92164727,0.44626337,0.78293648,0
COPB2,4.8046,6.6143,0.726,-0.295,0.53807516,0.04525104,0.47581462,0.816179,0.78319564,1
AHCY,5.8096,7.4632,0.778,-0.238,0.00385498,0.10240644,0.03322814,0.46626286,0.78332576,2
ERAP1,12.6347,15.5261,0.814,-0.23,0.01038782,0.11607499,0.16853551,0.96729961,0.78337662,1
CHD6,8.7644,9.0172,0.972,-0.037,0.54335518,0.80033743,0.13882145,0.20613999,0.7834475,0
MTX1P1,4.111,3.648,1.127,0.045,0.77890734,0.7541351,0.53544665,0.38830867,0.78366762,0
RWDD4,3.4653,3.6224,0.957,-0.027,0.08265695,0.85046247,0.3017448,0.92378602,0.78376902,0
MPPE1,5.6237,8.6716,0.649,-0.33,0.00057527,0.02476061,0.00237307,0.69133573,0.78402995,3
RPL18AP3,30.9948,52.6535,0.589,-0.269,0.00524836,0.06727131,0.37606715,0.71170446,0.78419155,1
ARSG,7.4076,9.7534,0.759,-0.226,0.01362903,0.12254028,0.04429445,0.7949782,0.78540446,2
RBM5,21.3707,23.607,0.905,-0.113,0.32441383,0.43684093,0.60561223,0.35550187,0.78550064,0
SLAMF1,6.5958,7.3277,0.9,-0.09,0.06023143,0.53672876,0.15526355,0.57388325,0.78553948,0
WRNIP1,7.1321,9.4067,0.758,-0.258,2.447e-05,0.07702126,0.00420928,1.0,0.78576385,2
ATG5,2.4008,3.1905,0.752,-0.253,0.05012597,0.08431795,0.70494459,0.6120509,0.78581754,0
CIB1,31.0334,45.102,0.688,-0.311,0.00061016,0.0342069,0.01214269,0.90209945,0.78586767,3
ZC3HAV1,37.3896,38.4203,0.973,-0.035,0.05843846,0.80772623,0.06098541,0.1960065,0.78600688,0
NLK,6.3665,7.2823,0.874,-0.139,0.02573554,0.34123988,0.68315633,0.57388325,0.7860825,1
AGPS,2.7403,3.2346,0.847,-0.153,0.25552473,0.29529036,0.69765383,0.55520734,0.78638331,0
MPI,6.1773,5.8781,1.051,0.054,0.9649957,0.70996833,0.32053802,0.41673557,0.78641422,0
GOLGA8B,8.2897,6.8103,1.217,0.081,0.21420258,0.57954167,0.11671536,0.90209945,0.7864663,0
DDA1,4.5446,4.8798,0.931,-0.037,0.1482942,0.80171759,0.37871236,0.71170446,0.78681532,0
HBA1,1547.8993,3437.9738,0.45,-0.109,0.65403509,0.45821857,0.94902704,0.16766616,0.786853,0
CDCA7L,5.3323,5.3866,0.99,-0.005,0.45242862,0.97140683,0.11557341,0.96729961,0.78688067,0
PRKCE,5.6343,6.8821,0.819,-0.135,0.22877218,0.35763293,0.37606653,0.98909653,0.7869072,0
SLC31A2,1.6998,3.1936,0.532,-0.263,0.75591786,0.07417,0.85524288,0.83167332,0.78709997,0
GIGYF2,7.3045,8.0377,0.909,-0.155,0.16220754,0.28915123,0.04481614,0.14231835,0.78712396,1
P4HB,41.4135,60.2707,0.687,-0.38,2.99e-06,0.00972998,0.0011924,0.90209945,0.7871997,3
ZNF383,1.2822,1.4797,0.867,-0.136,0.82424613,0.35357369,0.27066179,0.73226424,0.78726615,0
UQCRQ,13.84,24.3398,0.569,-0.266,0.00018143,0.07072245,0.05208296,0.88048261,0.78759543,1
BNIP3,2.346,2.4663,0.951,-0.041,0.74757487,0.77772461,0.83251917,0.77391449,0.78775601,0
IAH1,7.6975,9.0664,0.849,-0.141,0.00207954,0.33386015,0.05832177,0.57388325,0.78803033,1
ELP2,6.8735,6.9651,0.987,-0.01,0.76071756,0.94321244,0.80577533,0.69133573,0.78818481,0
HMGN2,6.1021,7.7556,0.787,-0.237,0.02435653,0.10602858,0.17006065,0.34107567,0.78822216,1
SNRNP27,1.3866,1.5345,0.904,-0.073,0.27629298,0.61685485,0.61232864,0.13784383,0.78829416,0
ARHGEF7,17.0288,16.9845,1.003,0.003,0.10385995,0.98459072,0.0252535,0.11983122,0.78830652,1
VPS28,2.8715,4.2755,0.672,-0.228,0.00124564,0.11932099,0.00183876,0.52481318,0.78834189,2
ISG15,24.932,35.5827,0.701,-0.161,2.657e-05,0.26827791,0.00420928,0.34107567,0.78841508,2
COQ4,11.3635,13.5381,0.839,-0.172,7.279e-05,0.23846509,0.00105619,0.48343223,0.78858919,2
FXN,0.2608,0.4849,0.538,-0.21,0.4371444,0.15298366,0.17395171,0.87626446,0.78879771,0
SNRNP40,10.3168,10.9859,0.939,-0.065,0.38372143,0.65325748,0.29489377,0.10004523,0.78881128,0
FUT8,4.0717,4.1569,0.98,-0.027,0.22877301,0.8553545,0.40039969,0.43290855,0.78902177,0
SEC61B,10.622,17.7051,0.6,-0.283,0.03028446,0.05467915,0.10674941,0.73226424,0.78933232,1
DDX49,10.2611,12.0271,0.853,-0.155,0.05398328,0.28814478,0.23596257,0.77391449,0.78977936,0
CPNE3,3.8661,4.5384,0.852,-0.19,0.21567805,0.19333265,0.84790968,0.98909653,0.78979079,0
HIGD2A,51.1915,81.4641,0.628,-0.352,0.00021029,0.01693399,0.02081814,1.0,0.78992027,3
CDC14A,9.6694,10.476,0.923,-0.078,0.58284542,0.59163219,0.43717118,0.48343223,0.79001341,0
POGZ,16.6729,19.1574,0.87,-0.211,0.05879346,0.14823425,0.22263099,0.63152163,0.79009349,0
SREK1,13.6798,13.4934,1.014,0.014,0.90789186,0.92092544,0.50049595,0.51871531,0.79039139,0
MAPKAPK2,22.6062,29.1593,0.775,-0.194,1.02e-06,0.18343001,0.00037038,0.85894553,0.79050545,2
PIAS3,8.0889,8.8242,0.917,-0.136,0.04337705,0.35128255,0.37342105,0.90209945,0.79081275,1
MFAP3,1.0103,1.0766,0.938,-0.056,0.5883325,0.69977206,0.87883578,0.55520734,0.79127965,0
SLC43A1,7.9152,9.9424,0.796,-0.164,0.00856016,0.26120109,0.0316355,0.85894553,0.79149946,2
SP8,0.3984,0.4011,0.993,-0.004,0.19804716,0.97600806,0.89233215,0.02865537,0.79150111,1
ZNF384,17.1755,21.1665,0.811,-0.243,0.00065976,0.09508272,0.02430613,0.71170446,0.79156151,2
LZIC,3.3827,5.695,0.594,-0.209,0.43804259,0.15434061,0.99803795,0.98873633,0.79185648,0
OMA1,9.32,11.7232,0.795,-0.28,0.00856016,0.05623597,0.44592501,0.385418,0.79233712,1
ANKFY1,8.6631,9.5885,0.903,-0.131,0.0577338,0.37033325,0.31340376,0.51871531,0.7923811,0
CNOT6,9.793,13.1784,0.743,-0.22,0.00499525,0.13164314,0.1510206,0.73226424,0.7924144,1
NCBP1,6.9375,7.7816,0.892,-0.138,0.38372143,0.34376129,0.08000424,0.12701804,0.79264674,0
NARF,11.8213,14.2581,0.829,-0.193,0.18843127,0.18662954,0.44886499,0.83750782,0.79282327,0
TAF12,1.1492,1.8052,0.637,-0.278,0.77188162,0.05937116,0.279298,0.44942115,0.79304743,0
MAU2,27.8266,32.0856,0.867,-0.151,0.02644998,0.29922143,0.05032394,0.73226424,0.79313505,1
TTLL4,9.9374,12.5294,0.793,-0.238,0.00034889,0.102263,0.11444026,0.48343223,0.79320609,1
PFN1,209.1322,420.9375,0.497,-0.322,0.00035969,0.02951561,0.01899191,0.67117575,0.79396084,3
MT2A,31.7449,61.6297,0.515,-0.275,0.00342219,0.06138424,0.2116404,0.67117575,0.79448185,1
ACAA1,12.7428,14.827,0.859,-0.16,0.02103747,0.27110626,0.03488891,1.0,0.79473502,2
SNAPC3,3.703,4.0214,0.921,-0.096,0.69679559,0.51245532,0.73067243,0.4009022,0.79473612,0
PCBP2,172.4311,235.9046,0.731,-0.281,2.83e-06,0.05466139,0.0052191,0.48343223,0.79500404,2
SLC25A40,6.4657,5.702,1.134,0.07,0.4210697,0.62743345,0.3552226,0.71170446,0.79515378,0
MAP4K5,8.2773,8.5279,0.971,-0.036,0.73853389,0.8030046,0.34257252,0.69133573,0.79522124,0
IL6ST,12.409,13.4418,0.923,-0.084,0.63875412,0.5638608,0.90215484,0.44942115,0.79532207,0
TMEM181,18.72,27.2097,0.688,-0.183,0.08455782,0.21094107,0.32535272,0.11983122,0.79556612,0
RPUSD3,9.0261,10.7156,0.842,-0.164,0.01322939,0.26112662,0.08977836,0.98909653,0.79581721,1
TAB3,5.6268,7.5177,0.748,-0.344,0.01352814,0.01940177,0.07749417,0.41673557,0.79614286,2
BUD31,1.2155,2.597,0.468,-0.31,0.78146198,0.03600889,0.73048986,0.26073224,0.79623656,1
TOX4,27.0063,32.8818,0.821,-0.217,0.00078536,0.13643562,0.07111304,0.5928362,0.79630016,1
IKZF1,112.5609,127.7388,0.881,-0.139,0.01988084,0.33958596,0.05268061,0.5928362,0.79638589,1
CBFB,5.9034,6.1656,0.957,-0.039,0.17326739,0.78598073,0.33143626,0.73226424,0.79644369,0
FAM8A1,8.8509,11.6019,0.763,-0.218,0.00588457,0.13563572,0.01707771,0.71170446,0.7964751,2
ARID1A,48.7925,65.6035,0.744,-0.335,3.435e-05,0.02228057,0.00606929,0.94552275,0.79668227,3
HEATR6,5.7916,6.4445,0.899,-0.15,0.02272333,0.30269888,0.05832177,0.44942115,0.79698931,1
KCTD10,4.1927,6.047,0.693,-0.288,0.06281798,0.05045262,0.16551498,0.50091734,0.79720484,0
HNRNPH3,3.899,4.3787,0.89,-0.1,0.48672991,0.4947983,0.42280292,0.23864024,0.79777601,0
DYNC1LI1,9.6224,11.5914,0.83,-0.15,0.00273385,0.30198558,0.03322814,0.73226424,0.79790348,2
ADAP2,7.0459,10.072,0.7,-0.313,0.00079904,0.03285634,0.18576519,0.57262342,0.79812013,2
RAB21,1.2215,1.4102,0.866,-0.108,0.50524422,0.46001641,0.43717118,0.51871531,0.7982007,0
SMARCA2,28.1219,30.7458,0.915,-0.109,0.06281798,0.45394394,0.30405522,0.90209945,0.7982778,0
PRKCB,70.2198,94.2102,0.745,-0.23,0.00036706,0.1153788,0.07585671,0.73226424,0.79847731,1
ABHD14A,13.4538,17.7018,0.76,-0.142,0.17964685,0.33101104,0.58854771,0.75300697,0.79874271,0
RIC8B,2.3082,2.0946,1.102,0.074,0.82735311,0.60884905,0.85176385,0.96729961,0.79882286,0
CYB5B,1.501,1.3766,1.09,0.069,0.95651508,0.63385227,0.41289148,0.68249626,0.79909236,0
CNDP2,11.6597,14.3905,0.81,-0.216,0.00101588,0.13799175,0.01801255,0.385418,0.79932927,2
HDAC6,13.8106,13.3581,1.034,0.031,0.06357364,0.83191324,0.1035839,0.43290855,0.80015715,0
FXR1,23.6222,23.9223,0.987,-0.009,0.4210697,0.94863209,0.67595076,0.88048261,0.80034139,0
MZT2B,25.9398,39.0162,0.665,-0.269,0.03597648,0.0667906,0.23791224,0.88048261,0.80035208,1
SFMBT2,12.3716,16.7876,0.737,-0.182,0.01274442,0.214966,0.09071265,0.88048261,0.80082501,1
NARS2,3.4017,4.4308,0.768,-0.2,0.39028811,0.17323297,0.87689681,0.45472891,0.80095585,0
SBDS,6.4192,7.6886,0.835,-0.129,0.43189752,0.37901165,0.05964126,0.4009022,0.80097367,0
QRICH1,3.276,4.1929,0.781,-0.123,0.15982373,0.40128153,0.14550152,0.5928362,0.80134376,0
XRCC5,18.4177,25.2897,0.728,-0.329,0.02681358,0.02530708,0.45775063,0.98909653,0.8015777,2
MED8,6.1078,7.1541,0.854,-0.14,0.03413441,0.33560778,0.0651678,0.92378602,0.80173143,1
CST7,105.2414,155.2347,0.678,-0.216,0.00278192,0.14111292,0.01777473,0.44942115,0.80185655,2
DAPK1,16.414,21.6894,0.757,-0.354,2.688e-05,0.01588857,0.03202739,0.63152163,0.80185994,3
NBAS,10.0447,10.3945,0.966,-0.048,0.43972948,0.74172099,0.21525949,0.32701011,0.80204517,0
TM9SF3,7.8716,10.4648,0.752,-0.247,0.00984395,0.09066533,0.06304863,0.77391449,0.80226544,1
RNF5P1,1.6228,1.8317,0.886,-0.073,0.68588008,0.61502413,0.9040455,0.38950333,0.80240489,0
TM9SF4,14.7587,19.4602,0.758,-0.288,0.00090662,0.04888297,0.07832363,0.83750782,0.80251178,2
GBF1,17.5142,20.4287,0.857,-0.181,0.00204271,0.21290898,0.01618571,0.370282,0.80272156,2
AEN,3.3471,3.4262,0.977,-0.014,0.04148169,0.92189415,0.01825254,0.16766616,0.80322393,2
PDLIM1,16.5547,18.7749,0.882,-0.072,0.0022529,0.61942651,0.15669779,0.98909653,0.803396,1
PAFAH1B3,3.9487,6.2319,0.634,-0.27,0.01347446,0.06559888,0.12076515,0.74562731,0.80380171,1
DNMBP,4.799,5.1476,0.932,-0.09,0.00293082,0.53581083,0.02028135,0.21662026,0.80383746,2
CRY2,11.8348,12.7282,0.93,-0.086,0.23922412,0.55589999,0.19589842,0.385418,0.80401528,0
TSPAN2,1.7678,3.0489,0.58,-0.253,0.88053301,0.08591954,0.75296373,0.98873633,0.80403395,0
SCARNA10,227.0323,348.786,0.651,-0.17,0.00516273,0.24797357,0.07832363,0.04769022,0.80403563,2
PPBP,83.8954,109.2064,0.768,-0.097,0.00056406,0.50681076,0.01472292,0.65123214,0.80406473,2
SLC22A1,3.1102,2.6519,1.173,0.161,0.32050937,0.26934589,0.53875382,0.5073575,0.80408481,0
FNTA,4.6762,7.1894,0.65,-0.229,0.60772106,0.11911787,0.28259547,0.48343223,0.8043841,0
SRSF4,5.1921,5.642,0.92,-0.059,0.45563549,0.68812417,0.1794334,0.63152163,0.80439246,0
LCP2,27.3607,34.2767,0.798,-0.253,0.05532287,0.08403717,0.23209719,0.63152163,0.80471161,0
TRAK1,15.7096,18.888,0.832,-0.188,0.00015466,0.19613154,0.004478,0.23864024,0.80526079,2
GALNT11,4.5061,4.8192,0.935,-0.06,0.77290268,0.67905348,0.66519801,0.4009022,0.80526801,0
STK4,14.6231,18.3117,0.799,-0.199,0.09047166,0.17331586,0.04078424,0.10004523,0.80530305,1
RMND5B,6.0972,5.7608,1.058,0.052,0.28918991,0.72083966,0.16551498,0.5928362,0.80545773,0
NBPF3,0.926,0.8302,1.115,0.076,0.32705972,0.60047717,0.41390286,0.39613385,0.80581239,0
MRPS10,0.6137,1.0561,0.581,-0.224,0.06067919,0.12803036,0.0146326,0.40182064,0.80585613,1
PML,29.4177,32.8709,0.895,-0.116,0.00263997,0.42372978,0.02758914,0.94552275,0.80626168,2
NIT1,3.2234,3.4213,0.942,-0.063,0.35674002,0.6635072,0.89437142,0.4009022,0.80641715,0
TMEM69,5.922,8.6386,0.686,-0.338,0.00017389,0.02131652,0.02936945,0.34107567,0.80651313,3
ZNFX1,32.8145,38.2165,0.859,-0.123,0.00037838,0.39893776,0.01801255,0.83750782,0.80661161,2
MYO5A,5.7322,6.5744,0.872,-0.168,0.08265749,0.24911892,0.09165474,0.18622027,0.80725063,0
VPS37A,6.8683,7.9781,0.861,-0.151,0.39544623,0.30042966,0.89048347,0.88048261,0.80735037,0
LRRC57,1.7406,2.1203,0.821,-0.139,0.18843049,0.34085575,0.55182255,0.1129434,0.80736162,0
CCDC30,1.0511,0.9393,1.119,0.142,0.23187363,0.32905112,0.62288984,0.35550187,0.80774262,0
OSBPL8,9.4293,12.0721,0.781,-0.212,0.77697699,0.14896061,0.86334665,1.0,0.80812056,0
ZBTB1,2.7812,2.7976,0.994,-0.007,0.81390941,0.95997338,0.47277707,0.7949782,0.80882022,0
FAHD2A,2.4605,2.3406,1.051,0.033,0.08124752,0.821428,0.29034789,0.27434987,0.80885997,0
ARHGAP19,1.6139,1.756,0.919,-0.075,0.84812813,0.6047743,0.5419774,0.00744715,0.80932493,1
AZIN1,5.9419,6.6591,0.892,-0.119,0.00560385,0.41291475,0.04030257,0.98909653,0.80951978,2
SPIB,19.2097,22.3933,0.858,-0.095,0.02402203,0.514742,0.71593153,0.20613999,0.80960453,1
CD33,28.7586,52.2423,0.55,-0.392,2e-08,0.00754892,0.00016859,0.51871531,0.80984848,3
DPCD,2.6354,2.556,1.031,0.019,0.63494898,0.89355927,0.64742118,0.83244093,0.8099054,0
RPL5,77.9693,114.7833,0.679,-0.247,0.09251532,0.09198894,0.7343735,0.63152163,0.81031085,0
TMED3,9.7406,15.6353,0.623,-0.386,1.518e-05,0.00868775,0.01640479,0.83750782,0.81050787,3
KIAA2013,50.6117,64.3861,0.786,-0.219,4.33e-06,0.13216423,0.00154059,0.7949782,0.81089993,2
PJA2,7.3717,9.305,0.792,-0.286,0.09832698,0.05175535,0.7343735,0.71170446,0.81093731,0
GABARAPL1,2.6484,3.646,0.726,-0.23,0.1779317,0.11704688,0.84790988,0.98909653,0.81115975,0
RASSF4,15.5548,18.9957,0.819,-0.183,0.03940265,0.20986089,0.17784525,0.18622027,0.81171021,1
ACSL5,6.6897,7.8021,0.857,-0.177,0.0651075,0.22617374,0.20629456,0.75300697,0.8124351,0
LATS2,3.6179,4.3434,0.833,-0.197,0.01918648,0.17584777,0.17006121,0.85894553,0.81249572,1
ATXN7,18.7764,21.1922,0.886,-0.17,0.03597648,0.24325172,0.10999486,0.6120509,0.81307417,1
VPS37C,2.5674,3.2767,0.784,-0.212,0.00890023,0.14565035,0.03661759,0.90209945,0.81320774,2
ALAS2,1.7936,4.3075,0.416,-0.136,0.00066321,0.35572762,0.00425681,0.56300676,0.81332601,2
CD52,629.8094,1017.2066,0.619,-0.254,0.00133217,0.0842232,0.2080655,0.6120509,0.81339663,1
ZNF649,3.2407,3.4708,0.934,-0.069,0.97347797,0.63477302,0.59876179,0.16766616,0.81354262,0
NICN1,1.0284,0.9639,1.067,0.036,0.8378893,0.80310927,0.8180758,1.0,0.81364891,0
BLOC1S1,15.2206,29.6864,0.513,-0.268,0.00529157,0.06845231,0.14146249,0.83750782,0.81380595,1
NPRL3,14.0794,15.5727,0.904,-0.084,0.01544897,0.56270137,0.05702662,0.50091734,0.81382076,1
NDST1,28.2573,46.1684,0.612,-0.287,0.0,0.04963979,1.475e-05,0.46626286,0.81383826,3
MTF2,3.1795,3.0692,1.036,0.038,0.2127346,0.79490322,0.12495892,0.23864024,0.8141984,0
UHRF1BP1L,7.0156,9.3448,0.751,-0.255,0.02163746,0.0814892,0.23402423,0.65123214,0.81484404,1
RAB14,1.342,1.5454,0.868,-0.118,0.09246258,0.42017669,0.14010925,0.95498307,0.8148668,0
IPPK,1.5289,1.4031,1.09,0.06,0.74856083,0.67903671,0.50356135,0.5441589,0.81497231,0
UGGT1,6.7615,8.3794,0.807,-0.247,0.13954776,0.09256591,0.27713094,0.4009022,0.81532247,0
SLC25A44,2.7679,4.1898,0.661,-0.298,0.00036706,0.04222728,0.04225864,0.65123214,0.81560663,3
IDH3A,2.3955,3.0077,0.796,-0.176,0.75666855,0.22902206,0.90604964,0.18622027,0.81582553,0
TRIP11,6.9842,5.2447,1.332,0.102,0.72852062,0.48043537,0.40593271,0.57388325,0.81645885,0
SHISA4,1.3396,1.5976,0.838,-0.125,0.28010122,0.39209226,0.02812182,0.20814706,0.81661123,1
ZMYND11,2.6798,3.0397,0.882,-0.116,0.51121155,0.42897973,0.35266928,0.48343223,0.81662765,0
ATP11C,2.6057,2.4242,1.075,0.093,0.45082999,0.52506393,0.87495891,0.94552275,0.81666039,0
TMF1,6.0869,7.0194,0.867,-0.17,0.10729671,0.24480163,0.54526978,0.71170446,0.81674056,0
BSCL2,10.2344,12.0629,0.848,-0.126,0.05464965,0.38650564,0.1794334,0.09402198,0.81681725,0
WDR45,10.559,15.3058,0.69,-0.302,0.01489269,0.04008006,0.0680878,0.55520734,0.81693967,2
TTC9C,7.6479,9.2955,0.823,-0.156,0.06169843,0.28456797,0.5953498,0.50091734,0.81706832,0
GTF2F1,11.1295,15.1167,0.736,-0.324,5.87e-06,0.02674032,0.00261623,0.75300697,0.81731376,3
ARNT,7.6288,9.7806,0.78,-0.279,0.00333541,0.05627059,0.05897845,0.816179,0.81739029,1
OSTC,5.513,8.1686,0.675,-0.277,0.02869702,0.05843128,0.11331587,0.46626286,0.81769008,1
SEC62,4.7255,5.2192,0.905,-0.091,0.71457937,0.53293956,0.69401733,0.83750782,0.81770364,0
CCNL1,36.6777,42.9015,0.855,-0.15,0.00211697,0.30397918,0.02221459,0.65123214,0.81792833,2
SELENBP1,1.044,1.4568,0.717,-0.069,8.376e-05,0.63856302,0.00020453,0.54395649,0.81850856,2
LRRC37B,8.7235,8.897,0.981,-0.027,0.76883462,0.85152434,0.96469851,0.7949782,0.81855292,0
ZDHHC7,34.4431,52.9032,0.651,-0.313,1.4e-07,0.03250894,0.00014976,0.75300697,0.81871279,3
STOM,8.5383,9.9884,0.855,-0.114,0.00412406,0.43270857,0.10568704,0.92378602,0.81884712,1
ATXN10,6.8456,9.3082,0.735,-0.255,0.00191849,0.08103529,0.07504863,0.90209945,0.81904065,1
SOS2,10.7124,15.8947,0.674,-0.297,0.13812844,0.04467939,0.33266249,0.90209945,0.81908918,1
CPSF2,3.9463,4.3029,0.917,-0.088,0.79538589,0.54660989,0.97253975,0.27434987,0.81917311,0
RAB33A,2.8371,2.9465,0.963,-0.023,0.41544857,0.87425219,0.34410808,0.98871634,0.81923125,0
INTS7,5.1464,5.4168,0.95,-0.074,0.47186025,0.60908523,0.8095847,0.96729961,0.81956686,0
ZBTB39,3.7357,3.3457,1.117,0.066,0.31535636,0.64907556,0.12255859,0.44942115,0.81973578,0
WDR1,77.1432,108.2282,0.713,-0.327,0.00020809,0.02565632,0.01394045,0.90209945,0.8204494,3
LCOR,3.5169,3.6356,0.967,-0.028,0.21371258,0.84497871,0.68315633,0.63152163,0.82048941,0
GOLPH3,10.6357,14.0607,0.756,-0.239,0.01054804,0.10156961,0.04176225,0.88048261,0.82061667,2
ALG3,8.8051,11.6327,0.757,-0.267,0.07239212,0.06900203,0.27931054,0.41673557,0.82076892,0
MYL12B,41.8554,71.4058,0.586,-0.331,0.00095981,0.02505629,0.07667188,0.57388325,0.82081064,2
ACP2,10.0374,11.2391,0.893,-0.109,0.04981523,0.45317643,0.32535272,0.41673557,0.82087928,1
PDZK1IP1,5.4101,6.6199,0.817,-0.097,0.55746207,0.50792605,0.62627178,0.88781575,0.82091937,0
PFKFB4,10.498,15.669,0.67,-0.226,0.00181757,0.12362677,0.01265913,0.73226424,0.82104237,2
RGP1,5.856,6.2223,0.941,-0.067,0.00333541,0.64488594,0.0644559,0.57388325,0.82153463,1
TRIO,11.886,12.8168,0.927,-0.121,0.28199043,0.40723419,0.3787248,0.29995754,0.82154825,0
DHRS12,1.5457,2.11,0.733,-0.201,0.02055114,0.17022498,0.90598174,0.37421673,0.82187306,1
RPS13,207.3856,335.44,0.618,-0.303,0.0005264,0.03931505,0.12862793,0.75300697,0.82267856,2
VOPP1,14.6263,17.7569,0.824,-0.138,0.0113826,0.34448758,0.03618053,0.50091734,0.82292611,2
CREBL2,1.061,1.1063,0.959,-0.037,0.13298267,0.79967931,0.14643622,0.30310355,0.82298865,0
NDUFB8,13.5628,26.4573,0.513,-0.291,0.00064073,0.04799328,0.03488867,1.0,0.82345009,3
INTS10,9.6005,10.8689,0.883,-0.148,0.11566619,0.30886621,0.24783119,0.63152163,0.82419621,0
EMP3,173.4653,317.2962,0.547,-0.351,3.14e-06,0.01729994,0.00408049,0.75300697,0.82427258,3
KLHDC2,3.8067,4.182,0.91,-0.088,0.84084635,0.54777982,0.48806886,0.81049955,0.82439502,0
MAGED1,21.8363,22.2595,0.981,-0.022,0.22064932,0.87981259,0.15526355,0.44942115,0.82451891,0
NFYA,2.8138,3.4678,0.811,-0.16,0.24891333,0.27378695,0.3935469,0.816179,0.82456348,0
KLC3,0.6912,0.7047,0.981,-0.013,0.97664584,0.9314139,0.88269049,0.07475787,0.82481957,0
ENTPD4,6.184,6.9689,0.887,-0.122,0.25441458,0.40346727,0.23987326,0.12701804,0.82487891,0
YIPF3,18.1187,25.4807,0.711,-0.348,0.00014978,0.01765697,0.01356316,0.5928362,0.82488327,3
CD302,1.5624,2.1784,0.717,-0.189,0.15436098,0.19558737,0.34507292,0.90209945,0.82496532,0
SH3BGRL2,0.819,1.0,0.819,-0.069,0.15480818,0.63620474,0.59437467,0.17909993,0.82504347,0
FAM20B,3.0936,2.8911,1.07,0.068,0.78718942,0.63821375,0.82103882,0.83750782,0.82569327,0
HNRNPD,6.0143,7.6035,0.791,-0.253,0.10904698,0.08422475,0.56504423,0.98909653,0.82586501,0
PI4K2A,2.121,2.5266,0.839,-0.151,0.00965592,0.30027453,0.07667188,0.61161264,0.82594816,1
TSNAX,3.4954,4.0086,0.872,-0.158,0.09941418,0.28055703,0.44299543,0.18622027,0.82628132,0
TATDN2,10.2261,12.6301,0.81,-0.188,0.02968043,0.19899267,0.06661498,0.10635126,0.82637208,1
ATAD2B,12.8195,13.2415,0.968,-0.035,0.04310194,0.81168497,0.14414618,0.65123214,0.82641303,1
RGS10,34.807,44.3282,0.785,-0.19,0.00140803,0.19208553,0.03982572,0.816179,0.82668412,2
SERGEF,5.5742,6.6398,0.84,-0.161,0.37793969,0.27115379,0.13882145,0.26208651,0.8267338,0
RPS3A,53.7471,88.5397,0.607,-0.303,0.03889685,0.03988001,0.18918426,0.50091734,0.82699442,2
PLA2G7,3.0995,4.1157,0.753,-0.224,0.65595562,0.12821158,0.45181594,0.1588897,0.82711932,0
DRG2,7.3975,9.267,0.798,-0.211,0.13954776,0.14913078,0.14013821,0.32701011,0.82775379,0
DYNC1H1,40.1792,49.5007,0.812,-0.252,0.00016489,0.08405066,0.0026589,0.31330231,0.82787953,2
ATF2,21.9407,26.733,0.821,-0.202,0.00333541,0.16576707,0.24783119,0.6120509,0.8279069,1
BCOR,18.4956,22.8418,0.81,-0.214,0.00152932,0.14320616,0.02724447,0.85894553,0.82799555,2
ARHGDIB,132.5809,187.5021,0.707,-0.291,0.00029022,0.0470716,0.02656626,0.77391449,0.82800312,3
GOSR1,3.8735,4.9177,0.788,-0.138,0.47843803,0.34486284,0.36036351,0.94552275,0.82804317,0
SRF,13.7626,17.0763,0.806,-0.193,8.34e-06,0.18442766,0.0009345,0.385418,0.82814693,2
DGKA,30.7678,28.8513,1.066,0.075,0.52412215,0.6071613,0.12862793,0.75300697,0.8283255,0
OSBPL9,8.2921,9.9604,0.833,-0.196,0.01946164,0.17920905,0.29038313,0.816179,0.82835468,1
KIAA0100,55.9409,64.4663,0.868,-0.144,1.754e-05,0.32155289,0.00030678,0.73226424,0.8286245,2
UBE2M,3.6468,5.7924,0.63,-0.342,6.33e-06,0.01973658,0.00249013,0.62154062,0.82873048,3
TMEM216,1.3326,1.8879,0.706,-0.168,0.76137835,0.25136785,0.6729759,0.67847074,0.82882252,0
TMEM138,4.7712,6.2796,0.76,-0.183,0.22316524,0.21132505,0.52744508,0.85894553,0.82901699,0
AMZ2,10.1287,11.8808,0.853,-0.155,0.2267224,0.28963704,0.92555864,0.98909653,0.82916474,0
CD38,3.2484,3.4525,0.941,-0.045,0.98938938,0.75891718,0.59364232,0.27744813,0.82950128,0
PRPF4,3.5302,3.8283,0.922,-0.084,0.12917251,0.56231216,0.17159723,0.85894553,0.82962142,0
CMTM2,0.8607,4.9822,0.173,-0.233,0.6037345,0.11564546,0.61804959,0.53656167,0.82963314,0
THBS1,21.2448,23.2948,0.912,-0.061,0.01227526,0.67371199,0.08433418,0.50091734,0.83004728,1
CEP78,3.1437,3.2264,0.974,-0.024,0.40288295,0.86798614,0.0935625,0.00828162,0.83012703,1
CYP4F3,14.0333,26.1052,0.538,-0.276,0.05532287,0.06195353,0.30174732,0.63152163,0.83017769,0
POLDIP2,11.0829,15.2885,0.725,-0.268,5.434e-05,0.06668959,0.00055614,0.34107567,0.83046174,2
DENND2D,38.0278,38.5442,0.987,-0.015,0.08946353,0.91913278,0.13751424,0.90209945,0.83050966,0
DIS3,7.0539,7.3077,0.965,-0.055,0.33363901,0.70466002,0.66162888,0.20613999,0.83099066,0
TMEM179B,12.4032,17.3672,0.714,-0.222,0.11022897,0.13101418,0.40593271,0.34107567,0.83133225,0
SLC22A4,3.2297,3.9406,0.82,-0.155,0.58833184,0.29042481,0.3552226,0.78870606,0.83147549,0
PPHLN1,6.1043,8.2213,0.742,-0.206,0.41040287,0.16212857,0.25391965,0.17677365,0.8314784,0
DDX27,11.734,13.2271,0.887,-0.122,0.01155638,0.40013839,0.05032394,0.85894553,0.83156713,1
ABHD12,4.8393,6.1014,0.793,-0.214,0.00163022,0.14303655,0.03796594,0.385418,0.83182616,2
CD151,6.2184,9.249,0.672,-0.25,0.0005264,0.08708647,0.00156685,0.90209945,0.83190089,2
RBM23,38.6395,56.8832,0.679,-0.261,0.00268653,0.07487644,0.02590269,0.90209945,0.83205318,2
SLC10A3,12.4227,16.5225,0.752,-0.246,7.696e-05,0.09203539,0.00029535,0.96729961,0.83214959,2
FAR1,5.3553,7.4685,0.717,-0.269,0.38082382,0.06717361,0.3552226,0.77391449,0.83233834,0
NINJ2,4.0161,6.9434,0.578,-0.394,0.00209764,0.00745249,0.34631492,0.90209945,0.83255511,2
SGK1,11.7428,19.7152,0.596,-0.356,8.34e-06,0.01522953,0.00644294,0.46626286,0.83271203,3
CYB5R3,31.7419,43.5258,0.729,-0.262,0.00022866,0.07306061,0.01180886,0.69133573,0.83285577,2
DDX60L,8.7799,10.5291,0.834,-0.166,0.34303174,0.25661811,0.96077913,0.77391449,0.83334157,0
POLR3A,4.5494,4.4169,1.03,0.047,0.9395765,0.74540502,0.70494459,0.55520734,0.83350741,0
LRRC8B,1.6878,1.8629,0.906,-0.106,0.29222571,0.46534294,0.54690434,0.96729961,0.83385895,0
SERPINB1,31.0201,48.4676,0.64,-0.257,4.8e-07,0.07780324,0.00064298,0.5928362,0.83387713,2
GK,6.7778,8.8963,0.762,-0.177,0.24242329,0.23071856,0.82486526,0.6120509,0.83402002,0
COX6B1,144.969,247.3118,0.586,-0.281,0.00090662,0.05609392,0.07188632,0.57388325,0.83453363,1
ALDH3B1,12.3519,16.6005,0.744,-0.17,7e-08,0.24088627,0.00049833,0.55520734,0.83525247,2
SNORA24,17.4876,18.4268,0.949,-0.033,0.12195231,0.82293139,0.81721617,0.02546007,0.83550087,1
RAE1,2.7151,3.3013,0.822,-0.162,0.84500885,0.2670854,0.50362593,0.92378602,0.83559906,0
ITPR3,34.259,30.706,1.116,0.124,0.53282101,0.3927079,0.10151415,0.27434987,0.83565045,0
DCAKD,6.6703,8.0489,0.829,-0.152,0.06667175,0.29901638,0.43139067,0.816179,0.83595212,0
PSMB4,40.3105,67.6226,0.596,-0.322,4.906e-05,0.02893437,0.00468964,0.73226424,0.83634041,3
BTBD6,7.6922,9.6897,0.794,-0.214,0.00627856,0.14214851,0.01975669,0.63152163,0.83634206,2
SNORA71D,702.4871,724.8211,0.969,-0.03,0.07987206,0.83764478,0.05638807,0.16766616,0.8367472,0
NRF1,7.0737,7.523,0.94,-0.055,0.50185076,0.70582478,0.97646141,0.85894553,0.83675141,0
FLT3LG,39.835,50.7984,0.784,-0.131,0.2725817,0.37080783,0.20453459,0.83750782,0.83684459,0
NDUFC2,7.1933,10.3605,0.694,-0.276,0.00702554,0.05968459,0.25391965,0.71170446,0.83714923,1
SGTB,2.6227,2.7953,0.938,-0.048,0.12917251,0.73894548,0.28591915,0.35550187,0.83722563,0
PGAP2,5.0024,5.4605,0.916,-0.098,0.85542915,0.4997939,0.87883029,0.69133573,0.83821031,0
PHTF2,5.1098,5.9147,0.864,-0.15,0.40738494,0.30615288,0.50362815,0.29995754,0.83841344,0
RORA,4.8594,5.1441,0.945,-0.047,0.85960916,0.74581939,0.79058597,0.69133573,0.83847581,0
ZFYVE16,2.752,3.3239,0.828,-0.158,0.18312573,0.28201179,0.17626759,0.1960065,0.83851057,0
ORMDL1,3.0567,4.3083,0.709,-0.196,0.86797374,0.18226749,0.88659815,0.73226424,0.83859716,0
PHF3,6.6589,7.7267,0.862,-0.205,0.26452718,0.16126163,0.49116165,0.63152163,0.83860864,0
ZNF33A,6.764,7.7425,0.874,-0.162,0.9840849,0.26791238,0.83253123,0.34107567,0.83921465,0
FBRSL1,34.6266,37.103,0.933,-0.073,0.00180123,0.6157342,0.00360029,0.13451295,0.83933666,2
MMD,5.4004,5.9822,0.903,-0.058,0.0018674,0.69035283,0.07749417,0.16766616,0.83938843,1
TXNDC11,23.8324,31.0881,0.767,-0.258,2.024e-05,0.07744204,0.00365737,0.53681325,0.83965829,2
AKAP13,51.2807,69.7311,0.735,-0.348,0.00021251,0.01774175,0.00769121,0.20613999,0.83986566,3
ATP6V1F,68.7228,123.9091,0.555,-0.304,1.775e-05,0.03866166,0.04587508,0.5928362,0.83990838,3
TSPAN13,0.8259,1.1205,0.737,-0.151,0.37642113,0.3051282,0.10163737,0.24524658,0.84046584,0
COMMD1,5.9633,9.0627,0.658,-0.219,0.71656558,0.13706359,0.96469847,0.96729961,0.84048259,0
RPL8,1421.2302,1954.722,0.727,-0.259,0.00034536,0.07678528,0.03282368,0.88048261,0.84054136,2
SOAT1,5.4631,6.0943,0.896,-0.126,0.70665591,0.39006412,0.13112008,0.57388325,0.84069745,0
LY9,14.14,14.8552,0.952,-0.04,0.20218959,0.7835684,0.09260467,0.69133573,0.84086542,0
BCL2L11,1.5048,1.6791,0.896,-0.1,0.62362502,0.49238929,0.89437142,0.94552275,0.84089508,0
RPRD1B,3.9544,5.0924,0.777,-0.152,0.38517317,0.29868798,0.35778693,0.92134978,0.84091467,0
TOB1,8.9774,11.364,0.79,-0.271,0.03008225,0.06432875,0.43139067,0.816179,0.84113839,1
RHOC,15.0662,24.2551,0.621,-0.261,8.888e-05,0.07536205,0.00889256,0.83750782,0.84123782,2
SCARNA7,300.0143,501.1166,0.599,-0.191,0.74054194,0.19376079,0.08171403,0.07756718,0.84134011,0
BCKDK,24.1022,37.3558,0.645,-0.324,2e-08,0.02678769,0.00026342,0.46626286,0.84151921,3
GALK1,8.6234,14.7101,0.586,-0.432,1.66e-06,0.00342742,0.00096788,0.57388325,0.8415913,3
STXBP5,5.7206,7.5262,0.76,-0.193,0.51378047,0.18922529,0.11671536,0.69133573,0.84162253,0
NUB1,7.497,9.1589,0.819,-0.198,0.12917234,0.17576434,0.31576951,0.5928362,0.84193104,0
TTPAL,4.6024,4.0147,1.146,0.058,0.12259552,0.69039592,0.12019445,0.28697196,0.84199828,0
EIF4EBP3,2.2496,4.5494,0.494,-0.286,0.61796608,0.05329294,0.08343079,0.87669489,0.84208745,0
UHRF2,10.2222,10.149,1.007,0.007,0.15436465,0.96444353,0.33266249,0.55520734,0.84217365,0
CNOT8,2.9745,3.8696,0.769,-0.179,0.41951119,0.22325689,0.88465128,0.24169708,0.84228016,0
P4HTM,1.0562,1.1835,0.892,-0.067,0.18753923,0.64713463,0.32053802,0.57388325,0.84238109,0
TNFSF8,2.3976,3.1881,0.752,-0.264,0.00266316,0.07153241,0.05832177,0.96729961,0.84246542,1
CD27,9.6787,12.5481,0.771,-0.098,0.38448232,0.5018802,0.16513959,0.80983636,0.84249312,0
MRPS21,3.7431,5.8748,0.637,-0.269,0.00031184,0.06695165,0.02250345,0.69133573,0.84249731,2
SKAP1,11.519,13.3247,0.864,-0.143,0.23083679,0.32733075,0.10254487,0.96729961,0.8425183,0
RPL9,219.486,345.3781,0.635,-0.306,0.08360328,0.03818188,0.68677002,0.88048261,0.84256616,1
RNF2,2.2715,2.6351,0.862,-0.119,0.79434534,0.41413233,0.26422214,0.75300697,0.84261841,0
CD5,18.9761,22.9853,0.826,-0.156,0.01313111,0.28622084,0.04805626,0.92378602,0.84280757,2
ZNF438,4.1272,5.5583,0.743,-0.287,0.00062223,0.05015555,0.12255859,0.46626286,0.84299419,1
YIPF6,1.4448,1.4488,0.997,-0.002,0.64923158,0.99165078,0.61249708,0.33722867,0.84299636,0
TLR4,9.2103,16.4753,0.559,-0.402,3.67e-06,0.00630832,0.00107473,0.77391449,0.84326776,3
DRG1,4.8416,6.6518,0.728,-0.282,0.03597566,0.05484335,0.19420315,0.14628079,0.84332776,1
EIF3I,38.3237,54.8047,0.699,-0.317,3.64e-05,0.03060576,0.00498591,0.98909653,0.84375424,3
POLR2D,2.875,2.8546,1.007,0.006,0.05669005,0.96429444,0.09165474,0.92378602,0.84375808,0
TDRD7,3.1915,4.0285,0.792,-0.263,0.06786515,0.0727039,0.48807113,0.90209945,0.84394158,0
MPDU1,9.3674,10.8066,0.867,-0.131,0.02352767,0.36957857,0.0680878,0.26208651,0.84395449,1
NCEH1,1.7462,2.3513,0.743,-0.224,0.57737895,0.12662553,0.82486099,0.41673557,0.8439611,0
SRPK1,4.0011,4.6091,0.868,-0.15,0.41647841,0.30803837,0.12255859,0.75300697,0.84433683,0
CD37,616.8774,865.5879,0.713,-0.318,1.01e-06,0.02950446,0.0007162,0.83750782,0.84436168,3
URM1,2.8214,3.4602,0.815,-0.156,0.01038748,0.28321191,0.09260297,0.816179,0.84469175,1
ZFAND5,3.1963,4.9856,0.641,-0.32,0.09832683,0.03028622,0.85176366,0.77391449,0.84491625,1
YY1AP1,40.3101,65.0738,0.619,-0.259,0.00150156,0.07769882,0.25597208,0.85894553,0.84498545,1
FNBP1,20.1465,21.6686,0.93,-0.079,0.02908708,0.5857017,0.26429692,0.71170446,0.84510575,1
ALMS1,16.6051,17.3745,0.956,-0.055,0.32703249,0.70447697,0.8095847,0.71170446,0.84519176,0
LENG8,2.3636,1.9681,1.201,0.081,0.86553338,0.57675798,0.54000013,0.78748208,0.84552247,0
ALG5,5.2008,7.5383,0.69,-0.254,0.08946353,0.08341782,0.84405954,0.06339176,0.84590668,0
LAMA5,8.7679,9.2097,0.952,-0.065,0.75464713,0.65726648,0.65451369,0.34107567,0.84612098,0
SEC24B,24.0888,30.9953,0.777,-0.291,0.00883175,0.04730409,0.26011145,0.85894553,0.84613439,2
SENP7,6.9421,8.1367,0.853,-0.151,0.45403046,0.30345677,0.27066179,1.0,0.84664512,0
RELL1,8.5697,18.2528,0.469,-0.259,0.00227296,0.07973257,0.12986936,0.94552275,0.84685095,1
CCDC91,21.6833,25.2043,0.86,-0.118,0.11262005,0.42034442,0.2080655,0.6120509,0.84695662,0
DYRK1A,42.6033,62.4052,0.683,-0.225,0.01673756,0.12575159,0.18426108,0.21662026,0.8470254,1
EFR3A,7.5154,9.314,0.807,-0.226,0.04709057,0.12240701,0.10463127,0.27434987,0.84722371,1
ZBTB2,10.8546,14.3149,0.758,-0.262,1.464e-05,0.07236625,0.00087094,0.43290855,0.84752279,2
PMS2P1,3.0921,3.3459,0.924,-0.057,0.87635307,0.69506135,0.7232888,0.25018521,0.84784585,0
MSL3,16.6999,19.8841,0.84,-0.21,0.02369147,0.15042622,0.065889,0.75300697,0.8479152,1
ZNF76,8.591,8.9264,0.962,-0.042,0.18225234,0.77143284,0.15383929,0.92378602,0.84807327,0
OGDH,41.2664,57.5549,0.717,-0.341,1.907e-05,0.01979435,0.00634763,0.73226424,0.84810517,3
PSMB6,14.8425,25.9359,0.572,-0.35,0.00290551,0.0178697,0.42565472,0.53681325,0.84831528,2
NUP153,19.0543,24.3113,0.784,-0.263,0.07281564,0.07229317,0.64389968,0.7949782,0.84863959,0
UBE3B,9.3034,10.8513,0.857,-0.199,0.01200116,0.17266351,0.05638807,0.46626286,0.84871848,1
PFKP,24.0177,25.8688,0.928,-0.084,0.05464965,0.56136813,0.19084668,0.50091734,0.84888282,0
CEACAM1,7.1863,8.5511,0.84,-0.099,0.33497058,0.49903055,0.90605013,0.15044329,0.84890899,0
CCDC28A,1.2654,1.3081,0.967,-0.018,0.0979881,0.90080403,0.2024251,0.39324493,0.84898202,0
PI4KB,19.7108,24.3245,0.81,-0.23,0.00016141,0.11534062,0.0051403,1.0,0.84919422,2
ITGB1,13.407,18.0829,0.741,-0.248,0.00520539,0.09004338,0.07034658,0.63152163,0.84921297,1
RPS14,752.2059,1019.0357,0.738,-0.202,0.00078536,0.16781244,0.02793756,0.94552275,0.84947497,2
YPEL1,7.0959,7.4086,0.958,-0.025,0.34302745,0.86211692,0.3253464,0.55520734,0.84969506,0
UBE3A,7.2413,11.5116,0.629,-0.227,0.75869249,0.12362604,0.85176385,0.75300697,0.84980022,0
GP1BA,10.169,12.4464,0.817,-0.103,0.00013023,0.47823502,0.00673662,0.18622027,0.84984251,2
MAP1LC3B,5.1627,8.0648,0.64,-0.285,0.17878967,0.05244249,0.41151113,0.7949782,0.85058187,0
COX18,2.9588,2.9651,0.998,-0.002,0.38809307,0.99174688,0.08522253,0.63152163,0.85070252,0
ETNK1,11.9627,14.9012,0.803,-0.205,0.1453375,0.16093884,0.69765383,0.98909653,0.85077391,0
SEPSECS,1.803,1.8663,0.966,-0.033,0.8077227,0.8185508,0.97646138,0.6120509,0.8508453,0
TIPRL,2.1768,3.0342,0.717,-0.279,0.13290319,0.05760926,0.42565231,1.0,0.85121299,0
SCARNA9,1.6047,3.5826,0.448,-0.187,0.31917028,0.20366733,0.62631681,0.66193088,0.85138336,0
CPT2,3.0975,3.9789,0.778,-0.259,0.02088975,0.07695192,0.39765026,0.98909653,0.85145077,1
SOD1,10.4597,16.1868,0.646,-0.208,0.19567976,0.15625371,0.51784961,0.5928362,0.85152817,0
PHKB,12.851,17.9455,0.716,-0.213,0.08796832,0.14754113,0.82486548,0.816179,0.85208595,0
IWS1,15.6524,16.0422,0.976,-0.029,0.59016682,0.83954367,0.31814823,0.05510871,0.85212367,0
MCM6,4.2882,4.2698,1.004,0.005,0.51035699,0.97490238,0.85176385,0.7949782,0.85217995,0
ZC3H12A,16.0081,15.6382,1.024,0.02,0.03008225,0.88903094,0.03086403,0.6120509,0.85251719,2
CLPB,7.3088,8.6486,0.845,-0.108,0.00018143,0.45496665,0.04861498,0.73226424,0.85258433,2
ERCC6,5.4214,6.2654,0.865,-0.19,0.18312573,0.19315789,0.36295233,0.48343223,0.85263437,0
GZMA,18.3615,28.4408,0.646,-0.209,0.14169757,0.15619278,0.18426051,0.94552275,0.85269107,0
TFRC,3.5456,3.5,1.013,0.015,0.37363881,0.91917275,0.7343735,0.98909653,0.85275227,0
RHOQ,4.0624,4.793,0.848,-0.138,0.2206485,0.34436739,0.17626534,0.77391449,0.85280296,0
SPOP,11.2566,13.3611,0.842,-0.155,0.00330693,0.2866869,0.12739574,0.90209945,0.85307675,1
E2F4,25.0412,29.5866,0.846,-0.182,0.00077784,0.212023,0.01180886,0.77391449,0.85319602,2
NKIRAS2,5.3463,6.0499,0.884,-0.11,0.00108513,0.44847384,0.00889256,0.75300697,0.85331341,2
ARAF,46.813,56.3976,0.83,-0.159,0.00015139,0.27549966,0.00249195,0.94552275,0.85353402,2
NFKB1,10.4138,13.8871,0.75,-0.303,0.00369501,0.03901415,0.08977836,0.96729961,0.85354579,2
DTNBP1,5.9052,5.9996,0.984,-0.017,0.85126024,0.90885329,0.49426209,0.35550187,0.85376712,0
ST3GAL2,8.7047,9.8728,0.882,-0.1,0.01274442,0.49033452,0.02656626,0.1960065,0.85380246,2
SLC23A2,3.268,3.7045,0.882,-0.131,0.25552452,0.3681647,0.76795134,0.6120509,0.85396621,0
NPC1,13.0125,14.4954,0.898,-0.129,0.04650242,0.37506562,0.12739574,0.90209945,0.85401472,1
GALNT2,6.2257,7.0022,0.889,-0.136,0.04393172,0.35083239,0.2116404,0.5928362,0.85407924,1
GPX4,413.8287,593.6562,0.697,-0.251,0.00013894,0.08627802,0.00693903,0.816179,0.85414919,2
ITGA6,8.7404,7.4412,1.175,0.103,0.03644982,0.47869869,0.18426108,0.370282,0.85447552,1
USF2,79.1455,106.0604,0.746,-0.286,1.754e-05,0.05036192,0.00132189,0.85894553,0.85461119,2
CNNM3,25.1512,25.7668,0.976,-0.02,0.02663124,0.88944652,0.00241213,0.1960065,0.85486103,2
DDX21,4.1394,4.8735,0.849,-0.153,0.15824912,0.29324825,0.4031599,0.88048261,0.85488544,0
SCYL2,7.2298,7.8582,0.92,-0.127,0.14460388,0.38315218,0.60561223,0.90209945,0.85497187,0
KIAA0753,1.8618,1.9274,0.966,-0.042,0.91632888,0.77350111,0.52905363,0.53681325,0.8552205,0
TXNL4A,3.8935,5.4907,0.709,-0.187,0.57736203,0.20161693,0.59191964,0.76707671,0.85549646,0
HDLBP,30.6839,43.1477,0.711,-0.318,1.23e-06,0.02993395,0.00141529,0.7949782,0.8557111,3
NUP214,39.9639,52.9735,0.754,-0.272,1.041e-05,0.06213511,0.0023731,0.83750782,0.8558165,2
SLC9A1,18.5874,24.4067,0.762,-0.245,7.611e-05,0.09292045,0.03322814,0.44942115,0.85645173,2
TCL1A,5.2328,7.3246,0.714,-0.195,0.65783771,0.18483106,0.91384113,0.85446934,0.8568961,0
WDFY1,8.7227,9.9312,0.878,-0.109,0.11628312,0.45310888,0.27713094,0.85894553,0.85689944,0
TBL2,7.0203,7.4281,0.945,-0.07,0.102734,0.63038515,0.16853551,0.85894553,0.85719821,0
ZNF346,3.2422,4.5088,0.719,-0.209,0.13774649,0.15468106,0.668752,0.29009575,0.8577225,0
CANT1,21.7588,29.1736,0.746,-0.254,5.66e-06,0.08147907,0.00017882,0.75300697,0.85774034,2
SF3B1,27.7221,31.6916,0.875,-0.145,0.06319488,0.32116545,0.14414618,0.90209945,0.85808806,0
TNS1,6.6503,7.587,0.877,-0.07,0.40288295,0.63153483,0.83253123,0.41673557,0.85821723,0
IFITM1,833.7513,1397.506,0.597,-0.268,0.00529165,0.06859897,0.24783119,0.94552275,0.85852269,1
EHMT1,25.5587,31.2198,0.819,-0.247,0.00675006,0.09072479,0.15959639,0.73226424,0.85958124,1
MYOF,7.9045,9.3192,0.848,-0.198,0.06357364,0.1752858,0.50362815,0.73226424,0.85966029,0
GALNT10,6.518,7.371,0.884,-0.14,0.0533237,0.33744789,0.18426108,0.90209945,0.85966862,0
SRP19,4.0436,4.3024,0.94,-0.068,0.06548899,0.6416048,0.21706467,0.48343223,0.85968398,0
WDR33,7.4712,7.62,0.98,-0.021,0.23083679,0.88708758,0.55182462,0.69133573,0.85972741,0
DNASE2,4.9449,8.1616,0.606,-0.364,0.01283934,0.01377926,0.69764633,0.6120509,0.85980056,2
CDK14,5.8497,7.2637,0.805,-0.089,0.29040176,0.53984744,0.48192168,0.07259907,0.85988498,0
ARHGAP18,3.7741,4.2007,0.898,-0.116,0.04228543,0.42337921,0.61595313,0.90209945,0.85994222,1
NUP188,15.5029,16.5955,0.934,-0.097,0.01478357,0.5048204,0.05268061,0.77391449,0.86019809,1
PHB2,87.6479,114.4588,0.766,-0.27,0.00076299,0.06485886,0.01180886,0.98909653,0.8602287,2
THAP11,19.5052,20.6232,0.946,-0.048,0.07850822,0.74367556,0.3302142,0.77391449,0.86028069,0
SLC25A3,37.2302,50.9731,0.73,-0.3,6.293e-05,0.04024272,0.03404987,0.69133573,0.8606261,3
DYNLRB1,11.4607,19.5527,0.586,-0.253,0.39838575,0.08567613,0.74550706,0.96624314,0.86068332,0
USP3,33.0599,47.517,0.696,-0.325,0.00106491,0.02688321,0.02430613,0.83750782,0.86079311,3
STX17,1.9627,2.0013,0.981,-0.014,0.14864432,0.92303496,0.09355394,0.45458998,0.86098524,0
MTHFR,13.8551,16.211,0.855,-0.134,0.00028725,0.35788666,0.00100235,0.94552275,0.86099823,2
LIN52,0.5614,0.5325,1.054,0.035,0.54777717,0.81191386,0.55255017,0.8764643,0.86114838,0
SWAP70,1.858,2.193,0.847,-0.163,0.47186025,0.26448988,0.7754755,0.75300697,0.86116566,0
ST3GAL3,3.1344,3.9247,0.799,-0.166,0.52412215,0.25738366,0.69401885,0.26208651,0.86135655,0
FAM120A,53.546,74.2565,0.721,-0.294,2.752e-05,0.04437351,0.00537999,0.88048261,0.86141754,3
RNFT1,7.4822,8.5181,0.878,-0.101,0.00290546,0.48827188,0.14686449,0.17677365,0.86159809,1
ARL15,10.6156,12.5527,0.846,-0.141,0.01918648,0.3319833,0.10568704,0.85894553,0.8619064,1
ARFGEF1,13.5541,16.8345,0.805,-0.238,0.32051152,0.10427465,0.7792454,0.55520734,0.86192186,0
OSTF1,7.677,12.1177,0.634,-0.269,0.11022833,0.06753514,0.23790979,0.816179,0.86196702,0
POLR2J,6.3291,11.3956,0.555,-0.328,0.00026173,0.0260629,0.1883513,0.51871531,0.86198092,2
PTK2B,51.2975,60.8379,0.843,-0.231,0.00754695,0.11363431,0.05208296,0.85894553,0.86223998,1
RSAD2,2.5048,3.2222,0.777,-0.154,0.4572325,0.29222145,0.14617758,0.30315057,0.86246074,0
SLC25A22,14.084,13.8337,1.018,0.011,0.00664261,0.94043278,0.00736033,0.90209945,0.86274893,2
GMEB1,2.4164,3.1054,0.778,-0.248,0.00010253,0.08946259,0.00851566,0.53681325,0.86277646,2
MT1X,6.4115,9.2921,0.69,-0.175,0.09941433,0.23171362,0.57842451,0.29995754,0.8628701,0
SCARNA12,68.2329,100.0222,0.682,-0.123,0.95016185,0.40102375,0.59876179,0.85894553,0.8630704,0
LPCAT2,3.7793,6.8034,0.555,-0.406,0.01637708,0.00625945,0.64742976,0.85894553,0.86311957,2
ACTG1,1071.7063,1391.5598,0.77,-0.243,3.81e-06,0.09540867,0.001172,0.51871531,0.86350512,2
RPL13,1709.7908,2637.7956,0.648,-0.233,0.00333541,0.1117624,0.11671536,0.92378602,0.86352531,1
TOPBP1,5.7957,6.5294,0.888,-0.187,0.08896287,0.19954456,0.40316051,0.75300697,0.86360138,0
YWHAZ,9.1384,11.0735,0.825,-0.16,0.4381566,0.27402092,0.76044956,0.34107567,0.86363462,0
SRSF11,15.2197,14.6055,1.042,0.052,0.71855346,0.72307364,0.55841794,0.20613999,0.86383834,0
TBC1D15,5.9118,6.2674,0.943,-0.077,0.518938,0.59621011,0.94902704,0.94552275,0.86410335,0
POU2F1,5.2195,7.0953,0.736,-0.239,0.12454054,0.10296872,0.35012761,0.816179,0.86439008,0
CCNT1,7.9688,8.4645,0.941,-0.081,0.0533237,0.5774601,0.30174732,0.816179,0.86459664,0
CBLL1,15.9612,19.6289,0.813,-0.259,0.0016906,0.0758214,0.1468666,0.88048261,0.86474051,1
MTMR4,14.4948,15.6846,0.924,-0.1,0.03716976,0.49166337,0.07585671,0.26208651,0.86488058,1
LRRN3,3.3409,3.2141,1.039,0.038,0.80772278,0.79338609,0.8982619,0.65123214,0.86557365,0
PHF21A,10.9175,16.3755,0.667,-0.313,0.00252676,0.03305374,0.19589842,0.6120509,0.86563806,2
FCRL1,7.1267,6.447,1.105,0.067,0.50439453,0.64401833,0.99607635,0.816179,0.86589192,0
TFB1M,1.5045,1.5116,0.995,-0.003,0.64599465,0.98154533,0.95484481,0.40488646,0.86604964,0
NCOR1,35.1599,43.4724,0.809,-0.251,0.00027565,0.08565952,0.02758914,0.96729961,0.86614961,2
TOPORS,5.4222,6.5239,0.831,-0.208,0.68698623,0.15590297,0.86334665,0.71170446,0.86662669,0
RBBP7,10.5306,11.5531,0.911,-0.077,0.61518348,0.599404,0.81339834,0.32701011,0.86733331,0
CCDC130,20.3569,20.9748,0.971,-0.033,0.05532287,0.82045679,0.09947747,0.67117575,0.86738159,0
OXSR1,4.7402,5.2309,0.906,-0.126,0.75262685,0.38655241,0.91384729,0.10635126,0.86774903,0
SLC44A1,4.5187,5.3492,0.845,-0.21,0.00211697,0.14987586,0.12862793,0.69133573,0.86784153,1
NDUFS8,59.4849,98.9747,0.601,-0.309,5.558e-05,0.03578643,0.04078424,0.57388325,0.86799813,3
PARP14,41.5787,47.2189,0.881,-0.11,0.00096896,0.45006079,0.05268061,0.98909653,0.86828246,1
ZNF800,6.8609,6.9712,0.984,-0.015,0.85960916,0.91767341,0.89048347,0.4009022,0.868292,0
FAM13B,7.4109,12.3135,0.602,-0.207,0.59200376,0.16115954,0.82103882,0.77391449,0.86835374,0
MDH1,4.4401,5.1546,0.861,-0.142,0.98620669,0.33287171,0.73808075,0.98909653,0.86850123,0
FBXO11,6.9624,8.8474,0.787,-0.279,0.03914906,0.05757855,0.50049595,0.816179,0.86860883,1
TNFAIP1,2.5686,2.7115,0.947,-0.035,0.36077374,0.80893143,0.43986084,0.56304472,0.86899732,0
DYM,7.9898,12.25,0.652,-0.282,0.08649333,0.05460084,0.71226254,0.65123214,0.86918445,0
LIPA,5.6599,8.8186,0.642,-0.294,0.01478353,0.04546538,0.48192111,0.83750782,0.86929497,2
TMOD2,2.2549,2.8559,0.79,-0.142,0.05808513,0.33034183,0.39764964,0.1588897,0.86941106,0
TMEM65,1.7617,2.3154,0.761,-0.096,0.53978077,0.51013857,0.4941697,0.6017555,0.86944696,0
KCNE3,7.3783,13.1763,0.56,-0.288,2.7e-07,0.04887563,0.00146424,0.67117575,0.8694828,3
RPL27,414.7506,640.1872,0.648,-0.208,0.01015154,0.15606057,0.21708566,0.88048261,0.86979061,1
UPF2,5.7743,6.4927,0.889,-0.149,0.25663824,0.306745,0.30174732,0.96729961,0.87001936,0
CTSZ,45.59,72.8516,0.626,-0.31,2e-08,0.0342701,0.00078306,0.6120509,0.87002629,3
ADCY3,7.3114,8.207,0.891,-0.143,0.17284814,0.32758412,0.3302142,0.4009022,0.87043459,0
CHD7,10.3513,9.9342,1.042,0.066,0.87635312,0.6491509,0.62288984,0.29995754,0.87091382,0
STAMBP,2.0915,2.325,0.9,-0.117,0.30772631,0.42349524,0.7343735,0.44942115,0.8712095,0
TLR5,4.1474,5.2643,0.788,-0.212,0.000402,0.146585,0.22827698,0.51871531,0.87124596,1
CTCF,9.0998,10.8149,0.841,-0.153,0.06244295,0.2945783,0.29038313,0.98909653,0.87138805,0
PITPNB,3.1203,3.4433,0.906,-0.07,0.24564992,0.6286555,0.58855209,0.62152367,0.87146942,0
PTPN1,5.7891,6.6313,0.873,-0.16,0.08698276,0.27374203,0.15669779,0.07756718,0.87167608,0
HNRNPC,45.0465,63.3832,0.711,-0.311,0.00754695,0.03488414,0.07585671,0.7949782,0.87194749,2
GPR89B,8.354,7.5995,1.099,0.063,0.57919478,0.66286696,0.88465501,0.57262342,0.87196938,0
TECR,26.5738,36.9844,0.719,-0.246,0.00127185,0.09303166,0.02623266,0.44942115,0.87216714,2
APOL3,20.0176,24.079,0.831,-0.177,0.00803927,0.22499498,0.02164652,0.65123214,0.87231551,2
DTX4,2.4763,3.2912,0.752,-0.235,0.1268399,0.10895922,0.84021293,0.94552275,0.87252654,0
CRIP1,49.2372,90.3664,0.545,-0.237,1.19e-06,0.10620245,0.00030678,0.816179,0.87261558,2
WLS,4.4992,6.3953,0.704,-0.288,0.01456746,0.04984311,0.14013821,0.50091734,0.87276905,2
MFN1,2.5923,2.8123,0.922,-0.111,0.64828727,0.44819312,0.4171348,0.27434987,0.87303941,0
SLC25A28,5.9817,6.9077,0.866,-0.146,0.35952233,0.31565114,0.98038361,0.92378602,0.87308197,0
IL1RAP,3.47,4.0891,0.849,-0.09,0.62362502,0.53614114,0.85176385,0.83750782,0.87310939,0
PPP2R1A,46.5233,52.1668,0.892,-0.147,0.0549854,0.31430458,0.10675124,0.32701011,0.87352192,0
RPTOR,27.2885,28.4239,0.96,-0.048,0.04477496,0.74119864,0.02557631,0.35550187,0.87366729,2
PUF60,9.7046,13.8713,0.7,-0.286,0.00020592,0.05045695,0.02028135,0.94552275,0.87370825,2
PIKFYVE,9.3737,11.7015,0.801,-0.221,0.75869249,0.13248357,0.7792454,0.385418,0.8738955,0
YIF1A,6.1727,9.3505,0.66,-0.269,0.17748769,0.06781394,0.61075668,0.18960565,0.87408993,0
SMAD2,9.7291,11.3969,0.854,-0.11,0.06023143,0.44931507,0.29489377,0.77391449,0.87438019,0
DALRD3,8.893,9.5165,0.934,-0.072,0.00856016,0.61876466,0.04429445,0.88048261,0.87474104,2
HDAC3,20.5063,25.1978,0.814,-0.217,0.00024596,0.13594767,0.00201342,0.96729961,0.87477717,2
MED10,2.8734,3.3434,0.859,-0.103,0.89100324,0.48176549,0.65783328,1.0,0.87563033,0
TIMM50,10.502,13.167,0.798,-0.273,0.00308695,0.06208982,0.02309099,0.03520522,0.87566514,3
GFRA2,0.958,0.9423,1.017,0.014,0.53369471,0.92384812,0.30405522,0.83750782,0.8759715,0
GPR108,33.86,43.6228,0.776,-0.266,0.00055305,0.06830954,0.02793756,0.92378602,0.87603989,2
STX16,3.4705,3.4377,1.01,0.007,0.19891541,0.96068859,0.07504863,0.20613999,0.87608839,0
CST3,173.6057,331.162,0.524,-0.365,1e-08,0.01321494,0.00014111,0.55520734,0.87626359,3
PLA2G12A,0.7313,0.6689,1.093,0.036,0.99255274,0.80457448,0.53557012,0.52524415,0.87636403,0
PRPS2,8.0591,10.0184,0.804,-0.187,0.00253777,0.19837037,0.04078398,0.77786987,0.87644298,2
SIRPB1,42.1014,80.1488,0.525,-0.386,2.8e-06,0.00876445,0.00257419,0.35550187,0.87646022,3
CINP,2.6601,3.189,0.834,-0.145,0.56097069,0.32089798,0.68668486,0.42099788,0.87656824,0
P2RX7,8.3738,8.7023,0.962,-0.031,0.11814943,0.83095534,0.17784525,0.31330231,0.87678348,0
PLEKHB1,4.9224,4.9762,0.989,-0.01,0.21715898,0.94675863,0.67414996,0.53681325,0.87681661,0
RFC2,4.8496,7.4653,0.65,-0.299,0.01602251,0.0420924,0.34255993,0.34107567,0.8770271,2
TMCC2,4.5491,3.8855,1.171,0.087,0.04043102,0.54790598,0.0680878,0.11983122,0.87708955,1
NFATC2,30.407,30.419,1.0,-0.0,0.01685925,0.99850046,0.12986936,0.98909653,0.87721191,1
VAMP3,27.02,48.8036,0.554,-0.193,0.00452188,0.18746573,0.07504863,0.385418,0.87722076,1
HS6ST1,1.4809,1.7043,0.869,-0.139,0.07850822,0.33913871,0.16551498,0.32701011,0.87823608,0
ATRX,12.2161,11.9433,1.023,0.04,0.36512836,0.78145491,0.64037761,0.23864024,0.8786214,0
RNF115,2.5662,2.3925,1.073,0.066,0.5451209,0.64877008,0.62637083,0.816179,0.8787853,0
EDC4,15.2116,15.2081,1.0,0.0,0.29528328,0.99865543,0.25597208,0.6120509,0.87889398,0
APEX1,15.4755,20.343,0.761,-0.263,0.00412406,0.07182654,0.23018145,0.73226424,0.87954215,1
PPP2R2B,2.4451,2.5866,0.945,-0.042,0.50864973,0.77264916,0.96077913,0.90209945,0.87966098,0
ERN1,8.7046,9.1623,0.95,-0.067,0.30146205,0.64478129,0.3063748,0.94552275,0.87987056,0
ATM,29.3798,30.4752,0.964,-0.045,0.65211685,0.75718521,0.58855257,0.385418,0.8800907,0
NFIL3,3.8957,6.1084,0.638,-0.29,0.39841091,0.05011885,0.73067243,0.816179,0.88043888,0
IL2RG,40.5395,51.4311,0.788,-0.18,0.2725817,0.21865987,0.93337526,0.385418,0.88068326,0
PSMA3,6.6959,9.1475,0.732,-0.211,0.5345695,0.1512238,0.20453459,0.85894553,0.88090746,0
IGF2BP3,1.2612,1.1653,1.082,0.05,0.11045358,0.73133799,0.37334623,0.40516082,0.88105619,0
USP21,20.5315,22.054,0.931,-0.07,0.00147427,0.62920633,0.0026589,0.71170446,0.88113106,2
SLC33A1,1.3909,1.421,0.979,-0.018,0.3443259,0.90213143,0.18913578,0.70328843,0.88118633,0
VAMP2,6.19,6.7035,0.923,-0.079,0.84500953,0.58982298,0.34507922,0.4009022,0.88135631,0
CDC16,6.9123,7.0961,0.974,-0.031,0.91843965,0.83158657,0.86334665,0.71170446,0.88144973,0
CCDC71,14.7108,17.928,0.821,-0.18,0.00268653,0.2158703,0.01301414,0.83750782,0.88154682,2
PIGT,37.1027,53.0367,0.7,-0.313,1.818e-05,0.03262909,0.0054621,0.96729961,0.88207581,3
ST3GAL6,2.4623,3.529,0.698,-0.164,0.02288202,0.26568704,0.04641212,0.34107567,0.88221103,2
ECSIT,16.5667,20.5768,0.805,-0.209,0.00038222,0.15279375,0.0009345,0.98909653,0.88252465,2
NUCKS1,2.4741,2.5997,0.952,-0.047,0.46940622,0.74867987,0.24783119,0.57388325,0.88289208,0
RDH11,4.7975,5.462,0.878,-0.085,0.60493523,0.55917588,0.53551054,0.85894553,0.88296271,0
TMEM30A,11.479,14.9527,0.768,-0.208,0.00280625,0.15519378,0.19589842,0.71170446,0.88296527,1
LRRFIP2,2.5381,2.8066,0.904,-0.115,0.38227094,0.43082461,0.42280352,0.7949782,0.88306427,0
GTF3C5,12.5416,15.3348,0.818,-0.205,0.01062898,0.16082611,0.06031023,0.51871531,0.8835164,1
DOLK,8.6377,9.6408,0.896,-0.094,0.0031137,0.51742184,0.07188632,0.14231835,0.88356205,1
ELOVL7,1.1013,1.1783,0.935,-0.033,0.90683448,0.81899467,0.97842147,0.81049955,0.88356668,0
RAD54L2,9.3562,9.5676,0.978,-0.032,0.19384935,0.82352866,0.32053802,0.90209945,0.8839129,0
CHD8,26.819,28.5194,0.94,-0.092,0.04449238,0.52813324,0.13492831,0.816179,0.88399335,1
RPL17,261.145,435.6277,0.599,-0.294,0.00191849,0.04535079,0.12495892,0.94552275,0.88410867,2
HMGB1,11.4073,13.0984,0.871,-0.161,0.27843667,0.26993254,0.43139067,0.1129434,0.88465595,0
IFIT5,4.6144,5.1608,0.894,-0.081,0.02831147,0.57943236,0.01685076,0.46626286,0.88466421,2
LAS1L,5.0116,5.155,0.972,-0.033,0.07366878,0.82195519,0.01801255,0.4009022,0.88514794,1
SDHAF2,7.1928,13.0541,0.551,-0.281,0.05732786,0.05655999,0.45969555,0.54395649,0.88529546,0
SMC3,2.1469,2.568,0.836,-0.199,0.49006909,0.17533493,0.90994756,0.75300697,0.88538576,0
RBM4,10.9377,14.8908,0.735,-0.202,0.07850822,0.16775998,0.2458246,0.55520734,0.88546272,0
PIGN,1.9189,2.5115,0.764,-0.081,0.04337705,0.5834087,0.09071265,0.1588897,0.88549978,1
TXN2,3.925,4.6714,0.84,-0.13,0.07259031,0.37459506,0.08572153,0.35917101,0.88555271,0
PUM2,17.4486,22.6649,0.77,-0.267,0.00398746,0.067579,0.20453459,0.46626286,0.88557762,1
ZNF134,2.6838,3.0149,0.89,-0.109,0.14387239,0.45421505,0.57842253,0.88048261,0.88601233,0
MT1F,1.8012,2.862,0.629,-0.198,0.19981408,0.17773194,0.25184406,0.20933779,0.8860779,0
SLC9A6,3.643,3.5768,1.019,0.014,0.62174421,0.92604115,0.99607634,0.65123214,0.88609653,0
DDX11,33.0071,30.1823,1.094,0.08,0.68307709,0.58089076,0.71226254,0.85894553,0.88618248,0
BPGM,2.2889,2.7978,0.818,-0.187,0.17368701,0.20291477,0.7830205,0.5256136,0.88633548,0
SMU1,1.5947,1.9271,0.828,-0.163,0.28437641,0.26383142,0.67954949,0.90209945,0.88636751,0
BRD7,1.6696,1.9794,0.843,-0.195,0.35535365,0.18247558,0.6903905,0.83750782,0.88643374,0
PPIL3,3.0909,4.0363,0.766,-0.215,0.456439,0.14345743,0.41431732,0.88048261,0.8864541,0
PCTP,1.8939,2.8975,0.654,-0.334,0.00637873,0.02355407,0.35009241,0.6120509,0.88682672,2
VPS8,8.9477,10.2314,0.875,-0.139,0.25000755,0.34383309,0.35266928,0.7949782,0.88683847,0
GPR174,1.7121,1.6568,1.033,0.026,0.90578403,0.85860461,0.48039036,0.75300697,0.88684539,0
MAP4K4,17.5404,20.7112,0.847,-0.179,0.02699699,0.22077795,0.07345356,0.85894553,0.8875172,1
QPCT,13.5874,23.9623,0.567,-0.335,2.21e-06,0.02256819,0.00348857,0.53681325,0.88781175,3
CMTM1,2.3352,1.9047,1.226,0.094,0.45602428,0.51877995,0.67053855,0.35249054,0.88816293,0
YIF1B,16.2693,25.1121,0.648,-0.305,2.1e-06,0.03699623,0.00035675,0.85894553,0.88852684,3
MTFMT,2.5162,2.8578,0.88,-0.138,0.15668591,0.34335343,0.41713237,0.96729961,0.88894148,0
RHOG,81.9517,147.7805,0.555,-0.417,1.66e-06,0.00465509,0.00249195,0.816179,0.88896834,3
ARHGEF9,1.8221,1.9946,0.913,-0.08,0.43658492,0.58447785,0.93337517,0.94377659,0.88900531,0
SS18,5.2824,7.3227,0.721,-0.259,0.01456746,0.07692346,0.46673413,0.94552275,0.88914583,1
ZSWIM1,5.1366,5.9597,0.862,-0.142,0.01905018,0.32829948,0.13364951,0.63152163,0.88919191,1
SHOC2,7.5865,10.1349,0.749,-0.268,0.00430077,0.06649947,0.42565472,0.77391449,0.88920338,1
SUZ12,6.3589,8.1552,0.78,-0.215,0.03692845,0.1423611,0.33266249,0.44942115,0.88923297,1
PREP,3.2098,4.4024,0.729,-0.325,0.0013199,0.02672423,0.02623266,0.83750782,0.88927353,3
ZER1,10.9257,13.922,0.785,-0.216,0.00202452,0.13874885,0.00941826,0.67117575,0.88935285,2
NIPBL,17.8987,22.3634,0.8,-0.257,0.10904856,0.07998688,0.50049595,0.71170446,0.88936847,0
ETHE1,21.9603,31.9852,0.687,-0.223,5.373e-05,0.1263387,0.00863968,0.77391449,0.88940331,2
SRM,38.6254,50.557,0.764,-0.253,0.00019128,0.08372991,0.00983053,0.96729961,0.88955662,2
PRKAG1,0.4822,0.7729,0.624,-0.264,0.66967687,0.07278172,0.68625415,0.25694901,0.88987306,0
GBGT1,20.6788,30.4858,0.678,-0.272,1.99e-06,0.06247348,0.00023474,0.7949782,0.88997676,2
FOXJ3,11.8055,14.5964,0.809,-0.153,0.38082382,0.29509434,0.35266928,0.31330231,0.89013229,0
PRKCA,18.1001,19.2854,0.939,-0.059,0.31152593,0.68691284,0.3302142,0.5928362,0.89039273,0
VAC14,25.7657,30.6431,0.841,-0.199,0.00246099,0.17267321,0.02338972,0.20613999,0.89072744,2
BANK1,5.0921,4.8632,1.047,0.053,0.71855346,0.71491527,0.60561223,0.35550187,0.89111866,0
EIF2AK1,15.4046,18.5634,0.83,-0.202,0.00748735,0.16647906,0.05389312,0.20613999,0.89143028,1
ANKIB1,5.4079,6.4699,0.836,-0.209,0.04449238,0.15402406,0.28370464,0.48343223,0.89144657,1
CXCR3,17.5525,22.7915,0.77,-0.186,0.01274442,0.20469417,0.04587508,0.83750782,0.8916916,2
ITCH,10.8506,14.022,0.774,-0.253,0.02573554,0.08415351,0.29038313,0.94552275,0.89170546,1
BAK1,3.1569,4.0908,0.772,-0.239,0.07671932,0.10184302,0.60905056,0.51871531,0.89179384,0
ZADH2,1.6726,1.8495,0.904,-0.057,0.00336409,0.69728928,0.07111267,0.50091734,0.89188739,1
FEM1B,2.1141,2.6934,0.785,-0.232,0.00388772,0.11350771,0.10568704,0.27434987,0.89207406,1
AP1B1,27.9686,36.5218,0.766,-0.29,0.00041433,0.04768715,0.01575527,0.98909653,0.89209896,3
DHX33,2.8218,3.2818,0.86,-0.174,0.02418881,0.2326688,0.21344441,0.88048261,0.89243696,1
ATP2B1,8.7927,10.1036,0.87,-0.152,0.93323029,0.2992209,0.9138474,0.57388325,0.89266024,0
LAPTM4A,8.4722,11.8254,0.716,-0.284,0.00148786,0.0525303,0.04481614,0.94552275,0.89319988,2
IL32,80.0628,122.5633,0.653,-0.216,0.03864603,0.14177459,0.06031023,0.6120509,0.89320357,1
PRELID1,50.4907,86.3632,0.585,-0.366,2.252e-05,0.013104,0.01640479,0.53681325,0.89333528,3
RPL23AP7,0.7546,0.8439,0.894,-0.048,0.75537801,0.74400093,0.67889975,0.20725006,0.8933682,0
METTL3,13.5631,18.3804,0.738,-0.227,0.01625845,0.12226326,0.10890511,0.55520734,0.89343332,1
CTNNB1,24.9719,29.7392,0.84,-0.198,0.03692845,0.17580154,0.20453459,0.1588897,0.89348086,1
ARPC1B,121.8253,205.3894,0.593,-0.362,7.74e-06,0.01378167,0.00194778,0.816179,0.89366549,3
XPNPEP1,7.6903,8.0781,0.952,-0.05,0.31152593,0.72872435,0.72328915,0.46626286,0.89392416,0
AIM2,3.2588,3.8456,0.847,-0.16,0.19293156,0.27455284,0.98038361,0.54411975,0.89414256,0
EIF5,6.8849,7.0661,0.974,-0.018,0.8325376,0.90173701,0.27931054,0.98909653,0.894249,0
MALT1,3.7238,4.0344,0.923,-0.096,0.32966483,0.51048994,0.52905363,0.55520734,0.89434091,0
WASF2,39.3303,53.5583,0.734,-0.306,1.446e-05,0.03639899,0.00483572,0.96729961,0.89443122,3
PYGO2,2.3976,2.6463,0.906,-0.07,0.14977748,0.62878737,0.14480429,0.58224117,0.89451713,0
EXT2,3.134,3.6232,0.865,-0.137,0.86169881,0.35128189,0.56837863,0.4009022,0.89487321,0
SYNCRIP,2.0043,2.502,0.801,-0.139,0.68503061,0.34265133,0.53227713,0.90209945,0.89515514,0
SLC35B2,16.2586,19.7669,0.823,-0.166,0.00065336,0.25437926,0.04750296,0.4009022,0.89518479,2
ENTPD6,4.5904,5.369,0.855,-0.14,0.01182146,0.3360385,0.08257998,0.65123214,0.8952528,1
GALT,16.6767,18.1978,0.916,-0.084,0.48340441,0.56638834,0.13238012,0.1960065,0.89525657,0
ME2,4.4245,4.6847,0.944,-0.06,0.62928015,0.68119529,0.90994756,0.6120509,0.89529139,0
UBIAD1,7.9228,10.1403,0.781,-0.284,0.04069164,0.05278803,0.7792454,0.94552275,0.89553013,1
BNIP3L,17.424,24.9781,0.698,-0.245,0.0456318,0.09569782,0.36816353,0.88048261,0.89587082,1
PLSCR1,8.0208,11.6714,0.687,-0.31,0.01403931,0.03476501,0.27066179,0.88048261,0.89596116,2
HAVCR2,4.5737,5.9296,0.771,-0.228,0.01637689,0.11757173,0.34759507,0.96729961,0.89601074,1
RC3H2,10.2067,12.4809,0.818,-0.204,0.07805784,0.16310991,0.40039969,0.34107567,0.89641064,0
DNAJA2,5.6847,6.8285,0.833,-0.203,0.00322282,0.16389802,0.03242344,0.11983122,0.89730084,2
VDAC3,5.9315,7.8979,0.751,-0.258,0.04738689,0.07814993,0.7232888,0.71170446,0.89732017,1
EIF4G3,13.8873,17.1949,0.808,-0.201,0.00574266,0.16872019,0.05149099,0.83750782,0.89741268,1
HIBADH,3.4639,3.8976,0.889,-0.071,0.18267231,0.62517648,0.03982055,0.83243291,0.89763549,1
TBL1XR1,3.4575,3.6817,0.939,-0.059,0.64065605,0.68507054,0.73808075,0.51871531,0.89770117,0
EIF1AD,1.6906,2.4175,0.699,-0.206,0.38065105,0.16140221,0.79428066,0.98874473,0.89792651,0
RBP7,8.1645,18.4688,0.442,-0.411,1.22e-06,0.00537566,0.01924076,0.7949782,0.89811392,3
RAPGEF2,6.8492,7.8866,0.868,-0.167,0.97347797,0.25371886,0.54526978,0.92378602,0.89830926,0
AIDA,3.3191,2.8721,1.156,0.118,0.04227774,0.41977047,0.58515767,0.38954944,0.89845628,1
HUWE1,42.804,49.1719,0.87,-0.182,0.00412406,0.21055477,0.0082724,0.35550187,0.89847008,2
GATA1,2.9126,3.5465,0.821,-0.111,0.06491399,0.44779394,0.20278557,0.15044329,0.89847206,0
RPL6,65.5448,107.3503,0.611,-0.295,0.00372651,0.04509118,0.14146457,0.88048261,0.89847232,2
SPATA5,7.2482,6.7329,1.077,0.049,0.17965072,0.73481046,0.08522253,0.27434987,0.89853742,0
TSPAN4,4.7166,4.9759,0.948,-0.03,0.00115859,0.83415973,0.00476196,0.97749498,0.8985593,2
HVCN1,20.0951,26.0701,0.771,-0.193,0.00077038,0.18484897,0.04326643,0.46626286,0.89883969,2
SMAD3,26.2683,30.7835,0.853,-0.137,0.04981523,0.34871857,0.05512883,1.0,0.89888226,1
CD200R1,2.0109,1.7962,1.12,0.079,0.14677378,0.58919558,0.29259736,0.70328843,0.8988918,0
ORMDL3,10.0332,10.302,0.974,-0.023,0.83150005,0.87566768,0.64566329,0.73226424,0.89920602,0
DDX19B,7.5684,7.7887,0.972,-0.023,0.42106888,0.87273673,0.67235742,0.94552275,0.89934364,0
FNTB,2.3578,2.7168,0.868,-0.096,0.61324284,0.51277785,0.99215054,0.76706571,0.89948013,0
DNAH1,24.7705,22.8144,1.086,0.095,0.33630556,0.51524508,0.03446721,0.27434987,0.89980842,1
TMEM222,8.5765,11.9031,0.721,-0.244,0.04255614,0.09618928,0.15814206,0.50091734,0.9001822,1
ASB3,4.8367,5.7928,0.835,-0.16,0.61799185,0.27369167,0.76044956,0.96729961,0.90018712,0
CCT3,17.0119,21.534,0.79,-0.218,0.00471395,0.1351695,0.04587508,0.96729961,0.90052875,2
MAGT1,2.8251,2.995,0.943,-0.051,0.65403451,0.72523351,0.39218566,0.94377659,0.90060413,0
TSPAN31,5.0623,5.6956,0.889,-0.111,0.00622802,0.44682473,0.00307248,0.1960065,0.90102683,2
IL15RA,12.2995,17.9977,0.683,-0.298,0.00054762,0.04235671,0.06734826,0.69133573,0.90122017,2
GSTP1,106.8944,189.9467,0.563,-0.298,3.1e-07,0.04235693,0.00067867,0.6120509,0.90143772,3
FAM133B,9.4748,8.3703,1.132,0.086,0.33965776,0.55607255,0.52263657,0.67117575,0.90176752,0
ZDHHC4,20.8233,24.5833,0.847,-0.142,0.01478357,0.33023113,0.1122002,0.71170446,0.90177917,1
WAC,20.4004,27.0477,0.754,-0.296,0.01274442,0.04338919,0.20984744,0.20613999,0.90208135,2
ACAD10,12.8086,13.2454,0.967,-0.046,0.05431561,0.75313998,0.03446721,0.6120509,0.90208527,1
ZNF646,21.849,26.117,0.837,-0.107,2.688e-05,0.45927912,0.0016481,0.94552275,0.90229244,2
PIK3R4,5.4604,5.9415,0.919,-0.12,0.0914889,0.41070333,0.21708566,0.98909653,0.90239416,0
SRBD1,4.8124,6.3402,0.759,-0.195,0.54159231,0.18385478,0.32293952,0.27434987,0.90248112,0
ELMO2,9.6068,12.0157,0.8,-0.181,0.00213592,0.21570461,0.2518787,0.34107567,0.90265207,1
BIN3,3.651,4.257,0.858,-0.136,0.15863533,0.35268637,0.26114727,0.58225951,0.90325702,0
HSBP1,0.7153,0.6789,1.054,0.024,0.60786088,0.86657343,0.73028667,1.0,0.90345716,0
PCGF3,3.4713,3.279,1.059,0.043,0.88054787,0.7679457,0.32777509,0.98909653,0.90352119,0
PCNP,6.0207,6.3858,0.943,-0.063,0.95016185,0.66615136,0.76419783,0.92378602,0.90360965,0
TMPO,9.9716,9.7937,1.018,0.022,0.70073368,0.88186128,0.68315633,0.32701011,0.90384384,0
EEF1A1,786.1503,1073.0351,0.733,-0.305,0.00028725,0.03700232,0.01319492,0.77391449,0.90415249,3
ARHGAP15,21.38,25.3623,0.843,-0.165,0.60865307,0.2615589,0.41151113,0.20613999,0.90424768,0
SYNJ1,4.2678,4.6513,0.918,-0.122,0.70270576,0.40260195,0.54526978,0.63152163,0.90455794,0
ATOX1,5.4951,9.6286,0.571,-0.236,0.58833233,0.10867878,0.69765383,0.96624806,0.90528934,0
TMEM106A,9.4852,11.1526,0.85,-0.216,0.00862735,0.13861395,0.07111304,0.96729961,0.90540398,1
SRSF6,4.1218,4.5665,0.903,-0.131,0.25552473,0.36796792,0.96469851,0.85894553,0.9055126,0
STT3B,19.1386,25.2821,0.757,-0.272,0.000427,0.06276474,0.02109114,0.816179,0.9057409,2
CASP4,137.8,212.2346,0.649,-0.339,8.9e-07,0.02050117,0.00159351,0.67117575,0.90583092,3
MGST3,10.4408,19.8712,0.525,-0.312,8.504e-05,0.03434741,0.02936945,0.94552275,0.90584586,3
CD53,41.7796,60.8867,0.686,-0.325,0.00073409,0.02734025,0.04176225,0.48343223,0.90588333,3
RUNX1,17.7411,19.1766,0.925,-0.064,0.04798452,0.65945865,0.29489377,0.73226424,0.90590542,1
SAP18,9.0913,12.2554,0.742,-0.227,0.26681155,0.12249382,0.61595313,0.77391449,0.90598899,0
MMP8,3.6236,3.5623,1.017,0.016,0.4572437,0.91205844,0.71593153,0.25018521,0.90602283,0
BNIP2,8.3292,10.1045,0.824,-0.18,0.75262696,0.21928366,0.7830205,0.96729961,0.9063989,0
CARM1,13.3846,17.2243,0.777,-0.23,0.00012608,0.11529863,0.01301414,0.73226424,0.90673877,2
ZNF57,1.3786,1.3431,1.026,0.021,0.19725548,0.88490026,0.39694729,0.44288805,0.90690446,0
GLS,6.442,6.3314,1.017,0.013,0.84917566,0.92773563,0.39765026,0.1129434,0.9071754,0
G6PD,39.6344,58.1079,0.682,-0.333,4.581e-05,0.02301154,0.00673662,0.92378602,0.90725537,3
UQCRFS1,4.0656,7.7067,0.528,-0.381,0.00061617,0.01012608,0.17784525,0.7949782,0.90734576,2
MIR339,2.3228,2.2513,1.032,0.017,0.89508476,0.90818409,0.54619012,0.71179011,0.90735251,0
HADHB,9.5822,13.1507,0.729,-0.291,0.00034186,0.04705243,0.01753967,0.96729961,0.90755645,3
NSDHL,2.8534,3.7525,0.76,-0.231,0.0719428,0.11412168,0.94510951,0.30302516,0.90778404,0
SLC12A7,2.4067,1.9214,1.253,0.054,0.02452532,0.7101661,0.00769113,0.67117575,0.9078833,2
ALDH5A1,2.0306,1.7683,1.148,0.1,0.48174202,0.49239251,0.30870356,0.87670084,0.90820824,0
PLAA,8.3665,10.2678,0.815,-0.229,0.00099687,0.11649948,0.03796594,0.7949782,0.90828697,2
TRIM38,5.4059,6.6498,0.813,-0.164,0.00360194,0.26215236,0.02309099,0.90209945,0.9083247,2
RBM18,0.715,0.9383,0.762,-0.195,0.13741947,0.1824261,0.5258347,0.51871531,0.90833013,0
PSMD7,3.1276,3.888,0.804,-0.25,0.01891473,0.08755244,0.24382942,0.5928362,0.90844933,1
LARP4B,11.0797,14.5232,0.763,-0.289,0.0013199,0.04869452,0.07345356,1.0,0.90849876,2
MAPKAPK5,4.2241,4.7405,0.891,-0.097,0.58467179,0.5071126,0.87108503,0.44942115,0.90898005,0
GMPS,18.4242,14.3335,1.285,0.105,0.00047192,0.46933431,0.00249195,0.92378602,0.90935776,2
RUNX3,16.6146,16.4444,1.01,0.01,0.02016466,0.94675838,0.01248487,0.34107567,0.9093704,2
STK17B,11.4714,13.5709,0.845,-0.146,0.08996646,0.31731279,0.62986017,0.48343223,0.90940966,0
RPL3,322.9077,422.0694,0.765,-0.265,0.00316783,0.07046048,0.02828977,0.75300697,0.91000446,2
CHMP2A,9.7855,17.0016,0.576,-0.364,0.01403931,0.0140341,0.50049595,0.94552275,0.91013242,2
ZNF552,17.0164,17.4616,0.975,-0.021,0.03048844,0.8823924,0.08977836,0.69133573,0.91037689,1
DCAF7,6.7489,9.7001,0.696,-0.267,0.00113723,0.06898426,0.08257998,0.67117575,0.9103872,1
OTUD4,12.4207,13.4451,0.924,-0.12,0.14242004,0.41217741,0.20278557,0.75300697,0.91081648,0
SLC30A9,4.5831,4.6431,0.987,-0.012,0.43189752,0.9330288,0.22263099,0.41673557,0.9109302,0
PDS5B,6.6135,7.8274,0.845,-0.176,0.76071766,0.23054823,0.18426108,0.94552275,0.91140737,0
PIM2,29.9162,31.9046,0.938,-0.065,0.30521035,0.65436475,0.05208296,0.10635126,0.91145465,0
TUBG1,2.7735,3.8548,0.719,-0.209,0.29941923,0.15387021,0.87040289,0.80939648,0.91169058,0
GYPB,3.6695,3.5385,1.037,0.018,0.01500251,0.90019935,0.05268061,0.385418,0.9117736,1
ZBTB37,1.634,1.5988,1.022,0.016,0.91843965,0.9105692,0.71960709,0.11983122,0.91190634,0
DNAJC11,6.8623,7.9994,0.858,-0.147,0.00061015,0.31154616,0.03982546,0.77391449,0.91205127,2
RPL13A,1221.7516,1515.4757,0.806,-0.176,0.00622805,0.22862122,0.04805626,0.94552275,0.91206175,2
ANKRD13C,3.4362,3.5064,0.98,-0.018,0.89841262,0.90030659,0.36555213,0.51871531,0.91220067,0
SMARCA5,11.4975,16.9961,0.676,-0.153,0.54688947,0.29764881,0.90215484,0.08827147,0.91229339,0
RAB3D,18.3916,37.3042,0.493,-0.374,3.49e-06,0.01110446,0.00461811,0.75300697,0.91230007,3
ODC1,16.4836,19.5343,0.844,-0.155,0.00128371,0.28619723,0.05702662,0.67117575,0.91236029,1
SLFN11,6.1764,7.368,0.838,-0.184,0.03790178,0.20782514,0.06235457,0.32701011,0.91282307,1
MN1,1.0579,0.9473,1.117,0.105,0.16300789,0.47007628,0.24382942,0.12418966,0.91304736,0
POLR3D,2.0009,1.9348,1.034,0.031,0.47186025,0.83115642,0.97646141,0.98909653,0.91311585,0
THOC5,9.152,10.8999,0.84,-0.178,0.13602035,0.22399244,0.09847143,0.14231835,0.91314597,0
ARV1,2.1035,1.8292,1.15,0.088,0.02130333,0.54830268,0.02026175,0.47168413,0.91356844,2
SRPK2,8.3502,9.2831,0.9,-0.139,0.9692364,0.3409542,0.84021293,0.85894553,0.91358265,0
TSPAN5,2.3765,2.1822,1.089,0.077,0.62550706,0.59942878,0.37342043,0.17677365,0.91384939,0
XIAP,1.1083,1.4473,0.766,-0.185,0.79230943,0.20788679,0.49426266,0.75300697,0.91410927,0
PTGS2,2.1426,2.7662,0.775,-0.212,0.99469466,0.14865065,0.78680072,0.1588897,0.91427589,0
RPS2,1609.7614,2304.268,0.699,-0.29,0.00013598,0.04766684,0.00997149,0.98909653,0.91430765,3
SLC48A1,3.1698,3.2959,0.962,-0.016,0.10385995,0.91115986,0.17314361,0.90209945,0.91436977,0
GHITM,7.4564,11.9459,0.624,-0.317,0.00047192,0.03112717,0.0464124,0.90209945,0.9145136,3
HSP90AB1,44.0122,53.7789,0.818,-0.224,0.00395396,0.12536983,0.04127079,0.73226424,0.91456923,2
SIT1,12.6804,16.1559,0.785,-0.155,0.2965122,0.28963687,0.16402007,0.55520734,0.91602105,0
MDM4,17.0516,19.686,0.866,-0.127,0.45403046,0.38578914,0.32053802,0.90209945,0.91653655,0
FIBP,34.1439,53.8691,0.634,-0.361,3.64e-05,0.01402239,0.01011425,0.92378602,0.91666465,3
RNASEH2B,5.3687,6.415,0.837,-0.167,0.66752623,0.25284873,0.51308651,0.90209945,0.91687127,0
MANBA,10.5791,14.0622,0.752,-0.242,0.00013023,0.09793501,0.00791915,0.85894553,0.91708786,2
MCPH1,2.4212,2.5247,0.959,-0.047,0.48174592,0.74747251,0.36295233,0.71170446,0.91751647,0
GAA,49.1075,75.541,0.65,-0.314,3.2e-07,0.0318059,0.00070348,0.65123214,0.91790307,3
CDK12,16.0158,17.9801,0.891,-0.159,0.03864603,0.2746911,0.11902584,0.96729961,0.91828301,1
NRBP1,8.7919,11.9235,0.737,-0.318,0.02469519,0.03084481,0.11444026,0.20613999,0.91829131,2
TBCEL,1.4611,1.8637,0.784,-0.165,0.26452697,0.25998967,0.33512184,0.88048261,0.91855288,0
ERH,3.1436,4.9947,0.629,-0.262,0.2999745,0.07435664,0.95096675,0.58192285,0.91891172,0
ST20,1.7497,3.0313,0.577,-0.163,0.02006646,0.26965829,0.01400249,0.67769498,0.91895316,2
LRRC59,2.7607,3.6138,0.764,-0.254,0.00632944,0.08267775,0.09648373,0.90209945,0.91902382,1
SOX6,1.584,1.2405,1.277,0.1,4e-08,0.49437795,7.233e-05,0.21662026,0.91904707,2
UVRAG,3.4555,4.2172,0.819,-0.235,0.02336485,0.10858295,0.13112008,0.50091734,0.91914202,1
UXT,44.9372,68.2864,0.658,-0.222,0.0577338,0.13110105,0.26852859,0.370282,0.91915286,0
GIMAP7,43.8384,53.9952,0.812,-0.225,0.02968072,0.12337753,0.05032394,0.44942115,0.91923999,1
RMND5A,2.1712,3.0982,0.701,-0.304,0.05043833,0.0391557,0.82103882,0.88048261,0.91941508,1
ZNF275,2.8144,2.3968,1.174,0.139,0.35121581,0.34194757,0.68677002,0.7949782,0.91951342,0
IDH2,27.6642,36.8816,0.75,-0.293,0.00010595,0.04578689,0.01248487,0.51871531,0.91965429,3
LETMD1,14.0174,16.9452,0.827,-0.201,0.02288226,0.16801187,0.28814531,0.85894553,0.91992654,1
PPME1,1.4237,1.3793,1.032,0.03,0.35952233,0.83661001,0.95294324,0.29995754,0.92000429,0
PATL1,15.3061,17.3168,0.884,-0.149,0.03644982,0.30558835,0.11557341,0.94552275,0.92001586,1
SAT2,7.6271,10.1802,0.749,-0.206,7.64e-06,0.15615683,0.00047157,0.83750782,0.92002243,2
ABCC1,2.6814,2.4481,1.095,0.048,0.05464965,0.73989982,0.39765026,0.85894553,0.92006931,0
CHPT1,8.9318,10.7482,0.831,-0.137,0.01022976,0.34733657,0.11109321,0.43290855,0.92025718,1
NCSTN,12.9385,18.9294,0.684,-0.322,0.00028431,0.02812277,0.0252535,0.48343223,0.92032089,3
KIT,5.0206,4.8489,1.035,0.034,0.1670555,0.81295743,0.42851711,0.16766616,0.92086483,0
ZNF507,1.9919,2.1894,0.91,-0.072,0.5451209,0.62005238,0.49116165,0.5928362,0.92086901,0
PRKCQ,9.3641,9.2818,1.009,0.01,0.64446698,0.94453941,0.34007749,0.46626286,0.92087779,0
PTP4A2,3.3055,5.1,0.648,-0.362,0.00778963,0.01391856,0.26429692,0.41673557,0.92106647,2
ATP8B4,6.8621,7.3043,0.939,-0.064,0.8387685,0.66151069,0.65806741,0.88048261,0.92134171,0
ACP5,13.9821,21.6576,0.646,-0.315,5.52e-06,0.03132329,0.0008114,0.77391449,0.92163491,3
RNPS1,9.4218,12.9424,0.728,-0.338,0.00091529,0.02131584,0.00983053,0.09402198,0.92196949,3
MCM5,12.2573,14.8215,0.827,-0.215,0.00263997,0.14027294,0.03404987,0.83750782,0.92234854,2
PIGB,3.3867,3.9295,0.862,-0.111,0.04798452,0.4469393,0.13492831,0.7949782,0.92246004,1
EMB,12.7758,17.4208,0.733,-0.252,0.10614125,0.08671786,0.58516746,0.85894553,0.92248599,0
GFOD2,3.9677,4.4612,0.889,-0.119,0.05634565,0.41367345,0.11444026,0.83750782,0.92286302,0
GNB4,1.8969,2.9435,0.644,-0.257,0.00298199,0.07988527,0.09356079,0.46626286,0.9228796,1
HCFC1,47.6056,54.1344,0.879,-0.131,0.00018728,0.36669618,0.00529899,0.6120509,0.92310349,2
PHF1,1.5512,1.2246,1.267,0.14,0.36059002,0.33438308,0.64718942,0.17102421,0.92388077,0
ELK3,22.3479,22.8023,0.98,-0.016,0.00330693,0.91351926,0.01801255,0.92378602,0.92398513,2
ANKRD49,1.8752,1.6231,1.155,0.117,0.29099095,0.42016229,0.99803795,0.43290855,0.92426682,0
NFIC,17.221,22.9284,0.751,-0.217,3.96e-06,0.1372498,0.00013833,0.88048261,0.92432875,2
SNORA65,8.4555,6.0515,1.397,0.15,0.04918082,0.30266285,0.3266575,0.34832551,0.92434307,1
GTDC1,1.8855,2.936,0.642,-0.214,0.19842715,0.14598558,0.06338597,0.11741673,0.92495503,0
GRINA,93.7104,148.0222,0.633,-0.349,2e-08,0.01718624,0.00030678,0.57388325,0.92513848,3
MED28,2.965,3.3266,0.891,-0.068,0.77086786,0.64019762,0.12255859,0.96729961,0.92570872,0
CHCHD2,43.4023,56.5957,0.767,-0.252,0.06096127,0.08608014,0.27713094,0.75300697,0.9257575,0
OAS1,17.2831,28.558,0.605,-0.337,2.21e-06,0.02179991,0.00736033,0.5928362,0.92580767,3
PEX11B,2.8485,2.8276,1.007,0.009,0.77290268,0.95011046,0.99607635,0.75300697,0.92583434,0
GLIPR1,11.1521,21.3079,0.523,-0.309,0.000402,0.03619012,0.05450805,0.53681325,0.92586775,2
GTF3C2,13.9044,17.01,0.817,-0.2,0.00122542,0.16940144,0.0651692,0.73226424,0.92592212,1
ATP13A3,6.0919,6.3316,0.962,-0.047,0.34303174,0.7465833,0.19420373,0.816179,0.92601346,0
ARL8B,3.9904,4.5209,0.883,-0.125,0.2725817,0.39331967,0.58516746,0.31330231,0.92619665,0
SAP130,15.0803,19.336,0.78,-0.223,0.00342219,0.12726981,0.17159723,0.73226424,0.92671296,1
GTF2IRD2,1.1057,1.1758,0.94,-0.054,0.77290229,0.70941863,0.93728595,0.48343223,0.92672624,0
F13A1,50.77,61.0316,0.832,-0.105,0.00053691,0.46922061,0.01394045,0.65123214,0.92681454,2
ZDHHC3,6.3608,7.1236,0.893,-0.066,0.00050094,0.65018112,0.00176246,0.90209945,0.92697998,2
SRRD,1.6892,1.6291,1.037,0.028,0.41343448,0.84961606,0.57814669,0.70165319,0.92708252,0
SLC7A5,3.7065,3.6643,1.012,0.009,0.1206743,0.94806267,0.41151113,0.7949782,0.92777745,0
GAPDH,271.3502,438.0751,0.619,-0.354,1e-08,0.01560559,0.00010447,0.63152163,0.92784886,3
BMP6,2.9722,3.1023,0.958,-0.032,0.19202997,0.82670023,0.18753024,0.67117575,0.92815896,0
EIF4B,22.4342,28.2405,0.794,-0.292,0.01121114,0.04635845,0.26219842,0.75300697,0.92839699,2
IRF8,20.3925,22.0234,0.926,-0.065,0.01544897,0.65461438,0.10782392,0.34107567,0.92847888,1
CSNK1D,31.8652,43.8789,0.726,-0.292,0.00018728,0.04587684,0.01180886,0.69133573,0.92900908,3
TGFB1,110.2314,152.246,0.724,-0.281,6.1e-06,0.05427062,0.00167604,0.75300697,0.92930242,2
YTHDF3,12.3711,14.6387,0.845,-0.16,0.02663124,0.27067532,0.16253536,0.63152163,0.92958508,1
RICTOR,11.6146,14.0546,0.826,-0.203,0.83669039,0.16637084,0.72328915,0.98909653,0.92968184,0
POLL,8.0332,9.2973,0.864,-0.159,0.06319488,0.2767402,0.11902584,0.11983122,0.92974373,0
SLC39A6,5.0428,5.8387,0.864,-0.173,0.02418881,0.23488214,0.11902584,0.69133573,0.93006256,1
SLC20A1,9.351,10.5163,0.889,-0.161,0.03889685,0.26943143,0.27931054,0.6120509,0.93021821,1
EIF3G,89.4681,129.9806,0.688,-0.299,2.953e-05,0.04118321,0.00562973,0.85894553,0.93026784,3
NFKBID,36.6399,54.4017,0.674,-0.216,0.01435413,0.1422332,0.065889,0.12701804,0.93052705,1
KIAA0232,4.2511,5.5584,0.765,-0.217,0.19845108,0.13862768,0.32535272,0.92378602,0.93063479,0
LRRC8C,5.0169,6.1979,0.809,-0.183,0.01424851,0.2116743,0.05149099,0.88048261,0.93090227,1
MRPL34,7.2759,9.4595,0.769,-0.175,0.04648637,0.23178406,0.09353854,0.87669489,0.93112526,1
ZNF460,10.2078,11.0707,0.922,-0.078,0.02469519,0.59074755,0.09071265,0.4009022,0.93121554,1
USP15,21.0785,24.9364,0.845,-0.159,0.4588551,0.27603473,0.87495891,0.88048261,0.93124765,0
G3BP2,12.7998,15.1146,0.847,-0.146,0.27026348,0.31778907,0.50049595,0.7949782,0.93138779,0
CCNC,3.5453,4.7368,0.748,-0.223,0.5451209,0.12956683,0.4607343,0.25018521,0.93171907,0
LSM6,1.8333,1.8675,0.982,-0.011,0.2204505,0.93951082,0.24760656,0.24157499,0.93182902,0
SNX17,25.2162,31.6424,0.797,-0.247,0.00083194,0.09104879,0.00780443,0.77391449,0.93186982,2
TPCN1,18.9681,19.9963,0.949,-0.072,0.38517528,0.62133851,0.50992348,0.63152163,0.93205789,0
RIOK3,7.7392,9.2698,0.835,-0.195,0.01698173,0.18191979,0.32777761,0.69133573,0.93264025,1
PAFAH1B1,4.7041,5.8292,0.807,-0.273,0.00836139,0.06197477,0.13238012,0.90209945,0.93293455,1
ADAP1,47.6065,49.5373,0.961,-0.031,0.01773308,0.83224862,0.0651692,0.96729961,0.93347197,1
IRF2BP2,13.8016,17.631,0.783,-0.193,0.0003024,0.18506687,0.01640479,0.77391449,0.93397216,2
PLEKHM3,5.7926,7.7693,0.746,-0.251,0.06907605,0.08655983,0.53875382,0.85894553,0.93413459,0
NFXL1,4.4065,4.8229,0.914,-0.11,0.21865112,0.45171292,0.80577557,0.7949782,0.93439077,0
MICA,1.0396,1.1525,0.902,-0.036,0.96144237,0.80687142,0.71670131,0.89319001,0.93462782,0
SIRT1,3.6496,3.7062,0.985,-0.022,0.53456932,0.88235899,0.38676623,0.385418,0.93463834,0
SETD3,25.3517,39.1957,0.647,-0.342,0.00051099,0.02028269,0.06235457,1.0,0.9347693,2
RPLP0,2077.3623,3127.9509,0.664,-0.243,0.00051608,0.09789303,0.04861498,0.7949782,0.93491285,2
ABCB10,3.0683,3.2538,0.943,-0.06,0.92688832,0.67921878,0.88659815,0.44942115,0.93495943,0
RWDD1,4.1573,4.9547,0.839,-0.163,0.26452633,0.26706456,0.71593118,0.94552275,0.93507739,0
PCYOX1L,6.8071,6.5534,1.039,0.038,0.82838947,0.79261917,0.15814206,0.14231835,0.93525644,0
RNF157,11.2846,8.617,1.31,0.218,0.05600299,0.135672,0.72697762,0.73226424,0.93555291,0
UBE2Z,9.4243,13.5079,0.698,-0.397,0.00336411,0.00715644,0.19251982,0.57388325,0.93559336,2
SLC4A1,3.9345,5.8964,0.667,-0.114,0.21469379,0.43788374,0.10463127,0.18622027,0.93613141,0
MRPS25,2.2866,2.5067,0.912,-0.088,0.87216164,0.54744775,0.45477783,0.63152163,0.93706896,0
EPB41L3,6.344,8.5896,0.739,-0.316,0.00123688,0.03102575,0.34257252,0.73226424,0.93728381,2
FAF2,2.3896,3.2164,0.743,-0.23,0.10527961,0.11593039,0.85562061,0.51871531,0.93763679,0
MUL1,1.7434,1.9418,0.898,-0.084,0.00961694,0.56295873,0.02054245,0.51871531,0.9377033,2
SLC25A11,19.3412,27.7769,0.696,-0.309,0.00094177,0.03517922,0.01554385,0.75300697,0.93789057,3
JAGN1,5.438,7.2003,0.755,-0.225,0.06666933,0.12454135,0.37871858,0.43290855,0.9380769,0
RNF111,12.5726,16.0193,0.785,-0.275,0.00388772,0.06047589,0.21892295,0.92378602,0.93815212,1
SLC9A3R1,66.3606,80.6923,0.822,-0.174,0.0137306,0.2321633,0.10675124,0.90209945,0.93819551,1
TNKS2,11.2125,12.9409,0.866,-0.191,0.06319488,0.19101741,0.22263099,0.28697196,0.9385368,0
GPR141,1.2324,1.5166,0.813,-0.183,0.55043333,0.21021422,0.28813902,0.26208651,0.93858086,0
PHF2,14.5552,17.9195,0.812,-0.232,2.626e-05,0.11135972,0.0023731,0.50091734,0.93900011,2
ARHGEF6,15.754,21.4084,0.736,-0.302,0.00219369,0.03914322,0.10151415,0.98909653,0.93954488,2
CYFIP2,92.8055,103.6208,0.896,-0.134,0.02812037,0.35829685,0.065889,0.09402198,0.93958087,1
CLINT1,14.0808,17.0663,0.825,-0.193,0.00209818,0.18616192,0.065889,0.31330231,0.93963383,1
TOMM34,1.6829,1.747,0.963,-0.035,0.22468081,0.81017532,0.11901622,0.34107567,0.93968425,0
IFI30,292.8438,540.8562,0.541,-0.345,3.19e-06,0.01849806,0.00408049,0.85894553,0.93974629,3
PDSS1,2.7779,3.1735,0.875,-0.117,0.8596091,0.42559279,0.73437316,0.26208651,0.94012426,0
RNF20,5.9204,6.6172,0.895,-0.133,0.85543271,0.36421322,0.87883578,0.44942115,0.94040253,0
SETDB1,9.8549,10.8466,0.909,-0.146,0.06206976,0.31490276,0.27713094,0.67117575,0.94043328,0
SCRN1,1.6152,1.6441,0.982,-0.019,0.45561866,0.8984592,0.61248827,0.19928216,0.94080919,0
GPS1,46.9729,62.61,0.75,-0.287,0.00197085,0.05004767,0.04861498,0.85894553,0.94082958,2
BBS2,5.0073,4.6595,1.075,0.086,0.89946522,0.55632749,0.5953498,0.67117575,0.94085332,0
MRPS2,14.0028,18.3938,0.761,-0.253,0.00142105,0.08304888,0.06166685,0.96729961,0.94086593,1
RABGEF1,1.2062,1.7774,0.679,-0.16,0.1236427,0.27553311,0.34568294,0.965374,0.94120212,0
LAT,20.0177,29.3581,0.682,-0.261,0.00026448,0.07420425,0.00015581,0.04107563,0.94132601,3
PDCD2,3.4378,4.7564,0.723,-0.281,0.08796776,0.05605091,0.64389795,0.98909653,0.94133949,0
GLT8D1,4.2425,5.0326,0.843,-0.153,0.58466244,0.29544834,0.87301584,0.90209945,0.94151796,0
ESYT2,22.5169,29.6946,0.758,-0.237,0.01303348,0.105097,0.15814206,0.67117575,0.94152966,1
CNPY2,2.9812,4.8012,0.621,-0.207,0.17960817,0.15772117,0.81718829,0.42141216,0.94256911,0
RAC2,280.7618,390.021,0.72,-0.247,0.00333541,0.09179069,0.03982572,0.85894553,0.94258589,2
CPNE8,3.0652,3.297,0.93,-0.09,0.9628757,0.53630318,0.47277707,0.18622027,0.9426969,0
TREML1,28.2683,30.0342,0.941,-0.028,0.0022529,0.84846882,0.045343,0.32701011,0.94363892,2
CLN6,12.5536,16.9165,0.742,-0.247,6.92e-06,0.08975521,0.00454757,0.46626286,0.9437243,2
CAMK1D,5.4129,6.0536,0.894,-0.086,0.76680296,0.55539059,0.38947052,0.28697196,0.94388042,0
FOXP1,23.732,25.9652,0.914,-0.088,0.87635312,0.54920326,0.96469851,0.7949782,0.9439055,0
SLC4A7,6.646,6.7795,0.98,-0.025,0.45242862,0.86671616,0.9294661,0.32701011,0.94460923,0
NACC1,9.6886,11.4414,0.847,-0.178,0.00408952,0.22247853,0.01040523,0.50091734,0.94494468,2
SIDT2,51.1645,64.2752,0.796,-0.22,0.00026723,0.13151683,0.01472292,0.85894553,0.94514986,2
RABGAP1L,11.213,11.8345,0.947,-0.06,0.72852062,0.68010546,0.29945112,0.28697196,0.94536249,0
TAF10,29.1977,47.3813,0.616,-0.282,0.00036336,0.05510706,0.1004917,0.50091734,0.9454113,1
RETSAT,8.4491,9.7286,0.868,-0.175,0.05267086,0.23114194,0.02279558,0.29995754,0.94546523,1
TP53INP2,1.273,1.1907,1.069,0.044,0.28138853,0.76375849,0.03958008,0.4009022,0.94563501,1
AP2B1,13.3003,15.4879,0.859,-0.156,0.0025715,0.28240083,0.08522253,0.7949782,0.94569479,1
CPNE2,21.7748,33.0653,0.659,-0.283,1.3e-07,0.0522594,7.233e-05,0.96729961,0.94570533,2
IPO7,9.8052,12.4889,0.785,-0.243,0.00551299,0.09647792,0.05897845,0.69133573,0.94641805,1
DFFA,2.1115,2.5449,0.83,-0.077,0.17494623,0.59764831,0.41430514,0.7949782,0.94643427,0
NDUFB5,2.5474,3.5761,0.712,-0.246,0.82009471,0.09399149,0.09696237,0.69284874,0.94646678,0
DCP2,12.3967,14.7659,0.84,-0.191,0.02209718,0.19080752,0.40316051,0.94552275,0.94674941,1
TIMP1,146.31,240.1898,0.609,-0.332,1.53e-06,0.02357415,0.00064298,0.75300697,0.94681696,3
RPL23,55.0246,98.569,0.558,-0.273,0.00675006,0.06321916,0.15669779,0.83750782,0.94685721,1
MAN1A1,3.9216,5.5544,0.706,-0.302,0.00050594,0.0394939,0.03242344,0.67117575,0.94786198,3
PHKA2,7.5045,7.9322,0.946,-0.062,0.04679572,0.66755769,0.03982572,0.227454,0.94789838,2
SYS1,12.0804,13.2817,0.91,-0.089,0.49174242,0.54059129,0.69947357,0.44942115,0.94800053,0
ERGIC1,26.5137,42.5623,0.623,-0.359,5.5e-07,0.01433313,0.00156685,0.63152163,0.94826921,3
SEC61A1,22.1801,28.2597,0.785,-0.25,0.00075567,0.08629033,0.065889,0.96729961,0.94829912,1
ERCC3,7.9954,8.3986,0.952,-0.057,0.1670555,0.69603827,0.15814206,0.90209945,0.94887951,0
TP53,16.8198,21.2633,0.791,-0.236,0.00051608,0.10535262,0.04030257,0.55520734,0.94893833,2
SIRPG,11.22,12.7129,0.883,-0.101,0.51549668,0.4889699,0.73808075,0.90209945,0.94900482,0
ZNF385A,20.4823,35.2241,0.581,-0.332,0.0,0.02322605,2.792e-05,0.57388325,0.94905204,3
COX10,3.8429,5.0318,0.764,-0.253,0.03741242,0.08522525,0.50677068,0.69133573,0.94921191,1
TAX1BP3,1.6788,2.42,0.694,-0.195,0.87411262,0.18326944,0.31525448,0.24108613,0.94922555,0
SUMO3,8.6025,13.0749,0.658,-0.329,0.00648433,0.0251462,0.31104907,0.77391449,0.9494382,2
MEF2A,9.1662,11.0927,0.826,-0.218,0.00467495,0.13591967,0.18264128,0.96729961,0.94957347,1
PRKDC,15.9308,17.6277,0.904,-0.158,0.07324119,0.27879153,0.12375421,0.46626286,0.94982585,0
DSC2,2.8895,2.6932,1.073,0.065,0.12003916,0.65743548,0.18753254,0.34107567,0.94997517,0
PSMD5,4.3477,4.8317,0.9,-0.1,0.82010768,0.49568554,0.92165297,0.90209945,0.95012206,0
SH3BGRL3,500.8536,769.3892,0.651,-0.303,1.313e-05,0.03869657,0.01899191,0.65123214,0.95024426,3
SPON2,49.349,59.3527,0.831,-0.163,0.00144744,0.26172355,0.03363686,0.92378602,0.95057158,2
XPNPEP3,2.0085,2.5296,0.794,-0.179,0.12003916,0.21974681,0.62288984,0.55520734,0.95072437,0
PRKRIP1,7.0242,7.1487,0.983,-0.018,0.0651075,0.90262654,0.04750296,0.69133573,0.9508204,1
LPXN,24.7027,30.5865,0.808,-0.231,0.01673756,0.11406422,0.065889,0.48343223,0.95084182,1
UBQLN2,8.2273,10.1002,0.815,-0.213,0.03716976,0.1440041,0.28814531,0.83750782,0.95192483,1
CYTH4,68.4089,87.6159,0.781,-0.229,0.00235484,0.11612793,0.00338,0.16766616,0.95198695,2
HSPA9,5.498,6.687,0.822,-0.215,0.48340441,0.14294923,0.56504931,0.94552275,0.95213347,0
CSRNP2,2.655,3.4192,0.776,-0.219,0.01974024,0.13452392,0.08257998,0.7949782,0.95228815,1
PACS1,70.5398,76.9181,0.917,-0.079,0.00136962,0.58655171,0.00757947,0.7949782,0.95251292,2
MTM1,2.6438,3.1741,0.833,-0.14,0.67430788,0.33855363,0.71042693,0.83244093,0.95313238,0
KPNA2,3.6067,4.0152,0.898,-0.091,0.29040176,0.53252313,0.82486548,0.31330231,0.95364003,0
UBE2G2,5.0944,4.5088,1.13,0.094,0.10556182,0.51887815,0.115001,0.02584328,0.95373656,1
MAFF,0.8184,0.636,1.287,0.104,0.96708634,0.47396659,0.64013322,0.69249848,0.95389296,0
NDUFA2,2.3615,3.7852,0.624,-0.18,0.94181127,0.21864452,0.899037,0.75692329,0.95393618,0
SYAP1,1.9537,1.988,0.983,-0.018,0.64256019,0.89967188,0.35266928,1.0,0.95398294,0
TMX1,2.6527,2.6444,1.003,0.004,0.69482959,0.98051862,0.68677002,0.75300697,0.95406328,0
LSM12,1.5657,1.9467,0.804,-0.171,0.53565775,0.24306463,0.97445616,0.51588905,0.95419281,0
MYL12A,48.7493,80.172,0.608,-0.298,0.01218328,0.04295183,0.23402423,0.7949782,0.95432151,2
KLHL28,1.8536,2.3357,0.794,-0.198,0.37221194,0.17675442,0.71593153,0.1129434,0.95460428,0
ATF1,2.5765,2.7414,0.94,-0.038,0.20979577,0.79390949,0.50675128,0.23054099,0.95474951,0
HSPD1,3.5745,3.7446,0.955,-0.04,0.16061518,0.78253703,0.07749378,0.63152163,0.95476904,0
TBC1D20,13.3428,15.5257,0.859,-0.125,2.447e-05,0.39121755,0.00218649,0.385418,0.95481688,2
MECP2,8.8338,9.6293,0.917,-0.063,0.00067273,0.66621195,0.00054609,0.34107567,0.95521685,2
DCAF12,11.2477,16.5007,0.682,-0.258,0.00012472,0.07823423,0.0464124,0.6120509,0.95559502,2
OGT,30.8368,33.4439,0.922,-0.093,0.4272374,0.52209482,0.36295233,0.73226424,0.95568086,0
STAT5B,35.843,43.2954,0.828,-0.189,0.00467495,0.1959252,0.03935367,0.83750782,0.95575458,2
STARD3NL,3.6209,4.4998,0.805,-0.183,0.15902467,0.21099781,0.88659301,0.67117575,0.95616545,0
DNAJB1,21.463,25.7259,0.834,-0.198,0.01932363,0.17520099,0.06958692,0.48343223,0.95694289,1
ADIPOR1,19.9202,35.5322,0.561,-0.388,6.3e-07,0.00859809,0.0016481,0.69133573,0.95717997,3
SKP2,3.0179,2.8229,1.069,0.066,0.90789186,0.64924727,0.62288984,0.17677365,0.95753585,0
KLHL22,10.456,11.3274,0.923,-0.044,0.01953042,0.76256416,0.06030889,0.73226424,0.9578358,1
RPS8,411.6609,628.7632,0.655,-0.283,0.01218328,0.05422541,0.26852859,0.90209945,0.95792596,1
FAM149B1,3.2203,3.8937,0.827,-0.16,0.10846211,0.27147855,0.80197105,0.27434987,0.95793937,0
SRP14,18.5981,29.0131,0.641,-0.276,0.02385625,0.06063537,0.54200691,0.83750782,0.95814168,1
IMPDH2,30.529,37.1102,0.823,-0.21,0.00094177,0.15032933,0.00683715,0.83750782,0.95825314,2
CCT4,12.4682,16.6776,0.748,-0.285,0.00023106,0.05161123,0.01011425,0.90209945,0.95825435,2
RRM2B,5.6419,6.9187,0.815,-0.17,0.14681328,0.24563395,0.7343735,0.370282,0.95851776,0
SIGLEC14,15.573,21.598,0.721,-0.237,0.00487289,0.10435969,0.0742476,0.92378602,0.95852619,1
GUK1,69.5085,108.3077,0.642,-0.286,0.00211697,0.05185784,0.03935367,0.69133573,0.95866049,2
GPCPD1,4.3069,5.7828,0.745,-0.236,0.07850822,0.10785718,0.08611842,0.65123214,0.95876516,0
DGKD,59.3482,62.3143,0.952,-0.056,0.00772831,0.69958794,0.00365737,0.09402198,0.95880911,2
SELPLG,69.3328,109.2023,0.635,-0.351,5.076e-05,0.01725094,0.00746918,0.94552275,0.95895205,3
RP2,8.4844,10.5288,0.806,-0.197,0.07896071,0.17861446,0.53227713,0.88048261,0.95908879,0
TRIM44,4.0906,4.1225,0.992,-0.006,0.69286565,0.96971341,0.83637013,0.41673557,0.95909801,0
EDEM1,9.1189,11.1862,0.815,-0.164,0.00551299,0.25976222,0.06304863,0.65123214,0.95947055,1
PARP8,20.2383,22.9691,0.881,-0.17,0.2965122,0.24507656,0.70494459,0.73226424,0.95954069,0
CD3E,30.3183,39.8538,0.761,-0.198,0.14242004,0.176641,0.19932026,0.43290855,0.95968526,0
SLA2,11.925,12.9077,0.924,-0.07,0.06096127,0.6304845,0.25597208,0.65123214,0.95995112,0
FBXO9,5.989,7.3157,0.819,-0.197,0.20885502,0.1785551,0.69401885,0.94552275,0.96008075,0
SMC4,4.5001,4.63,0.972,-0.027,0.03152456,0.85107457,0.02724447,0.1960065,0.96023787,2
PANK2,4.4004,5.7085,0.771,-0.177,0.02699699,0.22655366,0.03982572,0.13451295,0.96038303,2
SCNM1,6.0222,8.8426,0.681,-0.208,0.02644998,0.15643388,0.20984744,0.71170446,0.96042754,1
SERINC3,10.5471,15.0101,0.703,-0.289,4.581e-05,0.04826414,0.0092843,0.88048261,0.96063631,3
HMOX1,8.6968,15.0246,0.579,-0.341,3e-07,0.02016805,0.00066657,0.73226424,0.96069501,3
DPM1,6.0927,8.7721,0.695,-0.228,0.16624003,0.12116292,0.24382942,0.67117575,0.96069546,0
CCNG2,2.27,2.6069,0.871,-0.142,0.94804401,0.3308498,0.26219842,0.5928362,0.96071989,0
TUBB2A,1.562,1.9011,0.822,-0.104,0.53541491,0.47691381,0.25489236,0.98874637,0.96074645,0
TUBA8,0.2947,0.2659,1.108,0.07,0.79815572,0.63188546,0.92708454,0.67975633,0.9609643,0
RPL21P28,11.8702,19.4915,0.609,-0.281,0.04738698,0.05660282,0.37342105,0.94552275,0.96142052,1
ALKBH6,2.0877,2.3076,0.905,-0.082,0.6752348,0.57233447,0.85947217,0.82135599,0.96154643,0
TMEM219,70.6916,101.7633,0.695,-0.291,3.317e-05,0.04689938,0.00245174,0.96729961,0.96201847,3
EIF2AK4,8.9779,11.3614,0.79,-0.247,7.74e-06,0.09010601,0.004478,0.57388325,0.96290593,2
GDAP2,4.4405,6.8734,0.646,-0.227,0.11566619,0.12203397,0.90215484,0.85894553,0.96290761,0
CCR3,3.7441,6.5364,0.573,-0.171,0.30146205,0.24486724,0.03982572,0.94552275,0.96296079,1
PIGU,2.2216,2.4035,0.924,-0.051,0.87001175,0.72804329,0.5050392,0.5162229,0.96307943,0
HIBCH,2.1513,1.8106,1.188,0.13,0.02118287,0.37218958,0.25493823,0.11095393,0.96322732,1
RBM14,20.644,21.6786,0.952,-0.046,0.01293649,0.7530144,0.05149099,0.6120509,0.96324758,1
KRTCAP2,138.7828,234.8264,0.591,-0.258,1.93e-05,0.07874522,0.00383356,0.98909653,0.9633389,2
VTI1A,6.136,6.9911,0.878,-0.111,0.37650184,0.44460978,0.79437512,0.85894553,0.96357364,0
ALDH3A2,1.7729,2.1892,0.81,-0.165,0.52412215,0.25959722,0.95686069,0.53681325,0.96368891,0
OSBPL10,3.0747,2.9203,1.053,0.04,0.37937923,0.78396645,0.78302023,0.25018521,0.96369228,0
IFI44,5.6198,6.8969,0.815,-0.184,0.10787817,0.2084573,0.79058597,0.34107567,0.96383752,0
MED15,25.6185,28.8452,0.888,-0.164,0.01182146,0.25974887,0.05832177,0.26208651,0.96389009,1
MACF1,30.4476,31.0116,0.982,-0.027,0.24135413,0.85151828,0.11444026,0.08278988,0.96400163,0
NDRG1,16.126,18.0245,0.895,-0.17,0.13812844,0.24433853,0.23402423,0.370282,0.96403642,0
PRMT1,17.6671,21.5344,0.82,-0.18,0.00849344,0.21835629,0.01730734,0.41673557,0.96443413,2
PAPOLA,30.5431,42.3188,0.722,-0.335,0.00339304,0.02237651,0.25391965,0.90209945,0.96443559,2
POC1B,5.2946,6.0122,0.881,-0.129,0.11535853,0.3766144,0.32535272,0.73226424,0.96461129,0
TMEM161B,1.4152,1.4487,0.977,-0.019,0.03527631,0.89632664,0.0742476,0.7949782,0.96466056,1
GSK3A,22.7191,30.5749,0.743,-0.278,2.13e-06,0.05736567,0.00159351,0.96729961,0.96489297,2
ANXA6,34.6885,43.3693,0.8,-0.207,0.03008225,0.15702106,0.54854237,0.51871531,0.96494737,1
TMBIM4,8.3342,12.5002,0.667,-0.279,0.04017182,0.05842332,0.36295233,0.92378602,0.96512005,1
VIM,727.6021,1040.6815,0.699,-0.257,3e-08,0.07767799,0.00025351,0.5928362,0.96542556,2
ZNF146,1.9509,2.3313,0.837,-0.175,0.03597648,0.23118077,0.11671536,0.31330231,0.96543604,1
SCARB2,6.83,8.2565,0.827,-0.186,0.02503785,0.20190239,0.20629456,0.816179,0.96569243,1
MDFIC,4.5382,5.4266,0.836,-0.165,0.40288295,0.25852498,0.57171831,0.75300697,0.96600448,0
HEXA,18.9609,22.4731,0.844,-0.177,0.00049109,0.22319065,0.00644294,0.385418,0.96601946,2
RN7SK,3881.4798,5462.9056,0.711,-0.127,0.13812844,0.38411803,0.13882145,0.29995754,0.96606732,0
SRP9,3.1476,3.5521,0.886,-0.074,0.35238433,0.61425861,0.53863725,0.83229361,0.9661493,0
TRA2B,10.0676,13.0226,0.773,-0.207,0.00984395,0.15731578,0.14280054,0.5928362,0.96644154,1
PRRC1,4.8207,5.2129,0.925,-0.065,0.01313111,0.65356177,0.18918426,0.50091734,0.96660478,1
RNF13,7.0374,11.9399,0.589,-0.312,0.02793039,0.03463629,0.9529433,1.0,0.96689985,2
FAM117B,7.0605,8.6765,0.814,-0.221,0.01129658,0.12974525,0.30174732,0.85894553,0.96742555,1
TIAM1,11.486,13.8505,0.829,-0.203,0.00044004,0.16298818,0.00070348,0.14231835,0.96743456,2
ATF6,11.7,14.9541,0.782,-0.243,0.33231086,0.09827178,0.51625973,0.7949782,0.96744678,0
XPO7,13.862,17.5119,0.792,-0.265,0.00336411,0.0702782,0.23018145,0.85894553,0.96755751,1
GNLY,221.4688,296.1347,0.748,-0.216,0.00231357,0.14017531,0.01283555,0.65123214,0.96760585,2
SLK,3.6091,4.1837,0.863,-0.178,0.20125018,0.22281275,0.37342105,0.67117575,0.96770253,0
ZMAT2,2.2325,2.7213,0.82,-0.171,0.17469793,0.24108297,0.24365346,0.39675622,0.96877542,0
KLF12,6.694,8.1931,0.817,-0.109,0.05738412,0.45693485,0.21892295,0.51871531,0.96878353,0
VEZF1,15.3716,19.5903,0.785,-0.157,0.00088106,0.27940367,0.0316355,0.69133573,0.96923555,2
MLST8,24.6647,29.5084,0.836,-0.093,5.948e-05,0.52353183,0.01055349,0.67117575,0.96925013,2
SAMD9,6.3634,7.5005,0.848,-0.207,0.26452718,0.15649081,0.78680072,0.94552275,0.9692796,0
RBM38,61.0766,80.3715,0.76,-0.202,0.0002384,0.16770007,0.06098541,0.94552275,0.96960161,1
CRTAP,10.4591,17.3267,0.604,-0.388,2.87e-06,0.00828599,0.00307252,0.94552275,0.96969672,3
GOLPH3L,1.5308,1.5689,0.976,-0.02,0.24727303,0.89216696,0.63686187,0.29009575,0.96990704,0
KIF5B,9.6643,10.5178,0.919,-0.131,0.27725888,0.36914673,0.98038364,0.55520734,0.97045101,0
RHBDD1,9.1814,12.4445,0.738,-0.175,0.08552115,0.23160401,0.54200691,0.96729961,0.9706649,0
B4GALT3,17.3091,22.4268,0.772,-0.264,0.00102552,0.07104832,0.00588988,0.227454,0.97119438,2
CPT1A,18.8643,24.7963,0.761,-0.274,0.00058669,0.06107025,0.08977836,0.77391449,0.97133575,1
TTBK2,3.9863,4.2538,0.937,-0.034,0.63875412,0.81748344,0.60905056,0.94552275,0.9714146,0
PTPRA,28.1996,40.8714,0.69,-0.254,0.00369501,0.08348531,0.13751424,0.65123214,0.97161941,1
DAP3,27.2056,41.1447,0.661,-0.25,0.0178611,0.08855208,0.22827698,0.83750782,0.97166838,1
TCF3,19.1743,19.4397,0.986,-0.015,0.07987206,0.91835902,0.03888638,0.1129434,0.97173776,1
SRSF1,12.2196,13.7605,0.888,-0.117,0.21765691,0.42130136,0.48499113,0.43290855,0.97178355,0
DNAJC7,6.7025,8.1483,0.823,-0.18,0.03237508,0.21650478,0.06958692,0.63152163,0.97195177,1
MFSD6,7.0484,7.571,0.931,-0.081,0.16220754,0.57566158,0.52263657,0.31330231,0.97217362,0
PBX4,6.2788,6.0071,1.045,0.039,0.45082999,0.79106371,0.54200691,0.98909653,0.97304437,0
NDUFA9,3.5588,4.1571,0.856,-0.115,0.68307656,0.42861712,0.46673355,0.67117575,0.97309015,0
MINK1,32.2957,34.1775,0.945,-0.068,0.01760587,0.64118206,0.02430613,0.43290855,0.97342606,2
FTSJ1,14.3875,18.3576,0.784,-0.217,0.02225229,0.13775143,0.12862793,1.0,0.97347429,1
NFRKB,10.1698,10.5109,0.968,-0.037,0.14169775,0.79957567,0.40871625,0.83750782,0.97358466,0
RPP14,0.4428,0.4443,0.997,-0.002,0.36598389,0.99007649,0.45114207,0.97748257,0.97360128,0
IPCEF1,8.383,10.5614,0.794,-0.166,0.16381159,0.25694333,0.51308651,1.0,0.97370885,0
PSMG3,1.643,1.7995,0.913,-0.054,0.73557147,0.7110871,0.78031392,0.83185202,0.97375425,0
CNOT2,12.6826,17.0062,0.746,-0.238,0.09251532,0.10385518,0.70129577,1.0,0.97385732,0
BLOC1S2,3.0695,4.7097,0.652,-0.329,0.04950509,0.02620343,0.76794869,0.88048261,0.97393072,2
USP22,24.3532,30.9945,0.786,-0.241,0.00033497,0.09830541,0.03446721,0.73226424,0.97399515,2
PPP4R1L,3.0656,3.2827,0.934,-0.087,0.5593484,0.54972397,0.55182462,0.370282,0.97422946,0
IPO9,6.4922,7.5192,0.863,-0.169,0.50015856,0.24953466,0.7417941,0.83750782,0.97442648,0
MTMR14,25.137,33.6459,0.747,-0.294,0.00034536,0.04442823,0.01492449,0.31330231,0.97448201,3
ENC1,1.1569,1.3194,0.877,-0.13,0.4984694,0.37414432,0.79058597,0.57388325,0.97455429,0
BEX4,0.8365,0.5931,1.41,0.172,0.03198332,0.23805871,0.15445299,0.95467351,0.97483282,1
RAB6A,8.9065,12.3158,0.723,-0.191,0.06826683,0.19132052,0.7086002,0.67117575,0.97519107,0
TXNIP,305.2021,409.551,0.745,-0.302,0.00487289,0.03941179,0.16402007,1.0,0.97534161,2
TMEM87A,6.6525,7.0075,0.949,-0.067,0.40438029,0.64784249,0.57842451,0.53681325,0.97567034,0
MED1,8.5617,10.1744,0.841,-0.223,0.00491337,0.12696155,0.13751424,0.83750782,0.97574411,1
GAB1,4.8637,5.7426,0.847,-0.135,0.08946353,0.35484117,0.60561223,0.07756718,0.97578877,0
PLD4,6.4968,8.6013,0.755,-0.229,0.00142105,0.11681222,0.08793304,0.92378602,0.97620524,1
DIRC1,1.9824,1.7893,1.108,0.059,0.13425411,0.68594884,0.11959214,0.68246706,0.97648662,0
CHD4,5.8579,6.2472,0.938,-0.051,0.86378954,0.72665427,0.7343735,0.67117575,0.97685868,0
CD22,26.0478,25.7501,1.012,0.012,0.99257257,0.93600285,0.53227713,0.31330231,0.97740952,0
PCF11,10.6572,12.21,0.873,-0.223,0.00598092,0.12678747,0.0680878,0.63152163,0.9774279,1
ARHGEF12,6.4179,6.4068,1.002,0.002,0.76883462,0.99169327,0.8095847,0.67117575,0.97747811,0
MSL2,4.3111,5.504,0.783,-0.276,0.01022976,0.05987838,0.13112008,0.92378602,0.97757592,1
MMADHC,4.2826,5.5291,0.775,-0.218,0.42878669,0.13684513,1.0,0.96729961,0.97775906,0
DNAJC21,2.2869,2.3544,0.971,-0.031,0.52672396,0.83384873,0.71960709,0.69133573,0.97794136,0
OPRD1,0.2882,0.235,1.226,0.097,0.01991407,0.50784085,0.26529813,0.92124413,0.97812717,1
RPN2,35.2885,47.3244,0.746,-0.274,0.000458,0.06097835,0.02430613,0.92378602,0.97818345,2
GNAI3,1.8767,2.0657,0.909,-0.085,0.19568055,0.55976826,0.61941725,0.90209945,0.97833328,0
ANKRD10,8.9273,9.8697,0.905,-0.116,0.01393573,0.42534518,0.01432697,0.55520734,0.97859154,2
GNG11,0.7212,0.8253,0.874,-0.075,0.01872163,0.60402504,0.06948037,0.69249848,0.97861008,1
RAN,11.4329,14.6121,0.782,-0.231,0.05464965,0.11492068,0.57506679,0.85894553,0.97876349,0
SLC37A1,7.6051,8.4438,0.901,-0.13,0.01264934,0.37084318,0.13492831,0.816179,0.97888234,1
SPATA13,9.9966,11.6742,0.856,-0.129,0.07987206,0.37721804,0.1004917,0.67117575,0.97899484,0
PA2G4,8.0659,7.486,1.077,0.108,0.73853389,0.45742215,0.70129577,0.85894553,0.97906967,0
DPP8,4.1929,5.1824,0.809,-0.16,0.32310964,0.27377837,0.7754755,0.92378602,0.97925727,0
PAIP2,4.4362,7.7757,0.571,-0.291,0.20168642,0.04877393,0.828684,0.98874582,0.97974988,1
DHX38,17.7022,17.8537,0.992,-0.011,0.03504552,0.93895309,0.03010877,0.65123214,0.97986747,2
ANKRD52,7.4789,7.1055,1.053,0.065,0.59200376,0.65316643,0.21892295,0.1129434,0.98004169,0
RFT1,2.6723,2.9377,0.91,-0.1,0.36231866,0.49125563,0.93337526,0.98909653,0.98017157,0
USP25,12.546,15.7348,0.797,-0.192,0.06867046,0.18899559,0.34257252,0.96729961,0.98021923,0
ANXA4,3.489,4.7771,0.73,-0.24,0.10787817,0.10094104,0.10463127,0.29995754,0.98025209,0
MEAF6,4.5475,4.5225,1.006,0.004,0.56833116,0.98049975,0.83637013,0.44942115,0.98073665,0
SLC25A20,4.1249,5.1026,0.808,-0.192,0.1975244,0.18980087,0.76795163,1.0,0.98080669,0
CIAPIN1,2.9072,2.8467,1.021,0.017,0.81387986,0.90916883,0.80573459,0.20933779,0.98128816,0
NACA,90.4462,148.4117,0.609,-0.333,0.00150156,0.02355687,0.14414618,0.88048261,0.98152382,2
SP110,12.1822,15.8963,0.766,-0.256,0.12984501,0.08101213,0.64742976,0.65123214,0.98171561,0
TFDP1,6.2986,7.8686,0.8,-0.2,0.02002231,0.17177682,0.17626759,0.85894553,0.98192272,1
MIR223,4.4981,6.8893,0.653,-0.21,0.53799295,0.1523143,0.701275,0.98873633,0.98199675,0
CDK4,7.6927,9.3354,0.824,-0.188,0.07539943,0.19929459,0.2903825,0.21662026,0.98215347,0
PSMD8,20.7869,33.8198,0.615,-0.329,0.00017024,0.02551006,0.06098541,0.94552275,0.98237821,2
BPTF,28.2326,33.8568,0.834,-0.19,0.00138231,0.19100878,0.1122002,0.55520734,0.98241123,1
EHD3,7.6378,7.7392,0.987,-0.01,0.01878012,0.9447602,0.00179219,0.92378602,0.98277082,2
PHACTR2,7.6638,8.6034,0.891,-0.096,0.09832698,0.50879816,0.08977836,0.90209945,0.98300461,0
HIF1AN,3.7988,4.1563,0.914,-0.088,0.35812958,0.5468125,0.31340376,0.65123214,0.98308542,0
TMEM218,1.9783,2.4855,0.796,-0.132,0.00540058,0.36422707,0.44006614,0.48343223,0.98366204,1
PPP2R5C,43.3924,49.1499,0.883,-0.119,0.0048327,0.41381644,0.02136726,0.50091734,0.98375687,2
SMAD4,6.4503,8.5665,0.753,-0.252,0.0417484,0.08468287,0.7792454,1.0,0.9841249,1
PCYOX1,2.4639,2.5103,0.982,-0.015,0.25330779,0.91574273,0.57506679,0.21662026,0.98429985,0
FGFBP2,26.7603,40.1577,0.666,-0.27,0.0107925,0.06588043,0.09947747,0.65123214,0.98438509,1
SIN3A,10.0612,12.7301,0.79,-0.256,0.05234696,0.08089144,0.66519801,0.96729961,0.98460536,0
NHSL2,41.2842,57.8352,0.714,-0.21,1.66e-06,0.14952216,0.0016206,0.73226424,0.98472943,2
NDUFA12,14.7556,26.0639,0.566,-0.245,0.10442659,0.09508512,0.60905056,0.50091734,0.98477324,0
SUMF2,16.5605,18.8097,0.88,-0.139,0.03765642,0.34028927,0.14824144,0.1960065,0.98501373,1
LSR,22.1032,21.4195,1.032,0.015,0.00691416,0.91511427,0.00414443,0.69133573,0.98532187,2
DUSP22,6.8586,7.7884,0.881,-0.108,0.25330568,0.45712808,0.33758784,0.96729961,0.98544247,0
MBOAT1,6.5819,7.4683,0.881,-0.125,0.03028476,0.39089464,0.17006121,0.7949782,0.98569618,1
BAG4,5.3245,6.1339,0.868,-0.158,0.07071815,0.27865078,0.46673413,0.96729961,0.98577907,0
RPP30,3.3108,4.4733,0.74,-0.25,0.24999576,0.08886211,0.68313444,0.7949782,0.98604968,0
TGFBRAP1,4.4921,4.7004,0.956,-0.047,0.21567825,0.74831053,0.08433418,0.77391449,0.98620563,0
BIRC6,28.5218,33.8313,0.843,-0.238,0.01129658,0.10315488,0.17626759,0.88048261,0.98682389,1
EPAS1,1.4927,1.4491,1.03,0.03,0.78514385,0.83865157,0.82486526,0.04428548,0.98685751,1
CMTM6,11.4137,14.432,0.791,-0.207,0.01773288,0.15565484,0.07034658,0.89898534,0.9869669,1
OLFM2,6.6105,6.4727,1.021,0.021,0.49006928,0.88371207,0.34507922,0.07756718,0.98716532,0
BZW1,8.1728,8.5764,0.953,-0.042,0.60865307,0.77236432,0.55182462,0.44942115,0.98751488,0
KAT2B,9.2457,9.4162,0.982,-0.021,0.43658696,0.88293939,0.53227713,0.63152163,0.98763147,0
ATP6V1D,3.4608,5.0899,0.68,-0.255,0.94063237,0.08367899,0.49425702,0.67214513,0.98764619,0
FCGR2B,3.6993,4.5445,0.814,-0.128,0.86378954,0.38276662,0.99215279,0.816179,0.98818348,0
RAB22A,0.5251,0.9624,0.546,-0.145,0.25054812,0.32598539,0.8768914,0.32701011,0.98827541,0
RPIA,5.009,6.7833,0.738,-0.196,0.00750949,0.17857762,0.01373587,0.76706571,0.98831713,2
JTB,14.0303,22.5014,0.624,-0.297,0.0008314,0.0430728,0.03864563,0.68249626,0.9887264,3
SYF2,3.9185,5.1992,0.754,-0.236,0.13671957,0.10678229,0.51308431,0.85894553,0.98888373,0
ARFIP1,1.0708,1.4188,0.755,-0.183,0.45242842,0.21285488,0.03751245,0.11983122,0.98894292,1
COG1,11.7722,12.9713,0.908,-0.132,0.00760697,0.36359043,0.01753967,0.370282,0.98900352,2
MAN2B2,23.8981,30.0186,0.796,-0.25,0.00019952,0.08704051,0.00606929,0.67117575,0.98901839,2
H2BC18,76.5752,127.8625,0.599,-0.302,0.00105493,0.04012817,0.05638807,0.90209945,0.98920605,2
COPA,19.1429,24.1321,0.793,-0.27,0.00106491,0.06450714,0.0375127,0.41673557,0.98969228,2
FCGR1B,2.7101,3.2148,0.843,-0.108,0.63018149,0.45875715,0.65625434,0.43782145,0.98976799,0
VRK3,14.0025,17.9358,0.781,-0.266,0.00426489,0.06869859,0.0375127,0.69133573,0.9901683,2
ARL6IP5,20.4708,26.8323,0.763,-0.251,0.01710498,0.08674582,0.22450177,0.7949782,0.99018328,1
SYNPO2L,0.7393,0.653,1.132,0.126,0.12518481,0.38600067,0.53227499,0.56300676,0.99037088,0
SDHA,19.4952,24.7649,0.787,-0.232,0.00306041,0.11230304,0.02557631,0.15044329,0.99039283,2
MAX,16.0751,19.4253,0.828,-0.143,0.00062834,0.32698975,0.04750296,0.50091734,0.9904059,2
SDHD,4.0174,5.5067,0.73,-0.263,0.12782972,0.07301059,0.90604891,0.43788828,0.99041815,0
TBC1D7,1.6228,2.0105,0.807,-0.179,0.58649916,0.22048199,0.95294305,0.370282,0.99073388,0
RPLP1,3331.9435,4784.3466,0.696,-0.277,0.00019743,0.05880896,0.04078424,0.88048261,0.99130002,2
STT3A,9.1144,12.1661,0.749,-0.324,0.0771634,0.02800962,0.68677002,0.34107567,0.99133713,1
CALHM2,32.3674,42.8775,0.755,-0.205,5e-08,0.1596371,4.765e-05,0.77391449,0.99190066,2
CLPP,35.5866,51.9453,0.685,-0.216,0.00119163,0.1406402,0.02900568,0.6120509,0.99223683,2
SRP68,9.6179,12.0005,0.801,-0.263,0.02988091,0.07296483,0.18589149,0.55520734,0.99256758,1
GPBP1L1,24.5185,32.8167,0.747,-0.282,0.00018531,0.05348022,0.02430613,0.77391449,0.99293024,2
GNPDA1,4.3165,5.4316,0.795,-0.166,0.93322969,0.25523746,0.50519257,0.73226424,0.9930497,0
AGRN,8.0104,7.639,1.049,0.028,0.00080834,0.84812748,0.00332688,0.28697196,0.99342962,2
STK24,6.4404,9.558,0.674,-0.314,0.00072002,0.03252586,0.07266648,0.90209945,0.99350144,2
GABPB1,6.43,10.0071,0.643,-0.211,0.28318183,0.15031087,0.50362815,0.75300697,0.99358963,0
YIPF4,1.2889,1.255,1.027,0.021,0.02336485,0.88587838,0.03574554,0.43290855,0.99363066,2
CTSA,78.9994,113.1399,0.698,-0.252,5.5e-07,0.08455392,0.00113215,0.6120509,0.99392484,2
KDM5A,14.122,16.1054,0.877,-0.139,0.0178611,0.33988882,0.01148319,0.7949782,0.99411968,2
TMEM208,2.0032,2.4739,0.81,-0.144,0.77901646,0.32711163,0.2971666,0.96729961,0.99426464,0
HEMGN,4.309,4.8212,0.894,-0.068,0.76781759,0.64158117,0.46222436,0.98909653,0.99451154,0
RIC8A,25.9768,28.9866,0.896,-0.122,0.00947116,0.40156402,0.05638807,0.18622027,0.9949588,1
WNK1,85.9482,101.55,0.846,-0.175,4.634e-05,0.22759978,0.0082724,0.77391449,0.99506244,2
PSMD10,2.1778,1.9156,1.137,0.109,0.37503404,0.45520972,0.97645969,0.74561537,0.99510722,0
TLE4,28.5206,39.9709,0.714,-0.341,0.00022393,0.02015495,0.04481614,0.90209945,0.99538945,3
UCKL1,19.7595,24.8236,0.796,-0.241,0.00139512,0.09860571,0.02309099,0.41673557,0.99546762,2
ZNF791,6.4508,5.9173,1.09,0.04,0.08600613,0.78047801,0.05090466,0.71170446,0.99562906,0
NUP155,8.0453,8.5198,0.944,-0.066,0.13672027,0.65098007,0.4607343,0.71170446,0.99594655,0
WIPF1,42.9832,50.9037,0.844,-0.17,0.0035714,0.24355458,0.03935367,0.77391449,0.99620431,2
GPI,38.9212,52.8345,0.737,-0.251,3.435e-05,0.08550452,0.0054621,0.77391449,0.99627685,2
MGAT5,4.081,4.5374,0.899,-0.107,0.76680296,0.46503263,0.75670691,0.227454,0.99633222,0
TXNL1,4.4018,5.4151,0.813,-0.209,0.00395396,0.15303687,0.3707865,0.44942115,0.99660875,1
SPTAN1,30.2298,30.5433,0.99,-0.014,0.16787397,0.92527108,0.08433418,0.18622027,0.99691222,0
SLAMF7,5.7663,6.261,0.921,-0.066,0.6311701,0.65390276,0.82486526,0.53681325,0.99699014,0
NEDD1,4.5732,5.3374,0.857,-0.18,0.15824745,0.21649134,0.58854771,0.1588897,0.9970446,0
MFHAS1,0.8744,0.8169,1.07,0.033,0.00308537,0.82095252,0.00895368,0.06881873,0.99778016,2
APP,18.5516,22.3729,0.829,-0.192,0.00221327,0.18894695,0.03796594,0.88048261,0.99794721,2
RNF220,22.0823,28.3989,0.778,-0.255,0.00030867,0.08078802,0.01214269,0.44942115,0.9980628,2
ANKS1A,6.0865,7.4329,0.819,-0.246,0.01747945,0.09227602,0.29263261,0.73226424,0.99806859,1
S100PBP,2.8426,3.4476,0.825,-0.201,0.06549558,0.16935421,0.33512184,0.96729961,0.99849439,0
CTNS,4.1558,4.7932,0.867,-0.115,0.16220381,0.43094699,0.35778505,1.0,0.99874383,0
DDB1,22.7201,28.5815,0.795,-0.252,0.00054224,0.08498145,0.06235457,0.83750782,0.99877606,1
HIC1,3.6046,3.6268,0.994,-0.004,0.08455782,0.97651741,0.32777761,0.41673557,0.99885907,0
HELZ,14.9747,18.0294,0.831,-0.204,0.0107925,0.16307377,0.12986936,0.92378602,0.99909452,1
NCOA2,44.9791,58.0923,0.774,-0.212,0.00231357,0.14715345,0.08885184,0.57388325,0.99911791,1
SH3GLB2,9.6978,11.4002,0.851,-0.153,0.0203079,0.29382747,0.01492449,0.31330231,0.9997368,2
