Geneid,Symbol,Description,EntrezID,Counts_FM_1(FM_1),Counts_FM_3(FM_3),Counts_FM_4(FM_4),Counts_FM_6(FM_6),TPM_FM_1(FM_1),TPM_FM_3(FM_3),TPM_FM_4(FM_4),TPM_FM_6(FM_6),log2FC_FM_3_FM_1,log2FC_FM_6_FM_4,padj_FM_3_FM_1,padj_FM_6_FM_4,pvalue_FM_3_FM_1,pvalue_FM_6_FM_4,log2FC_mean,padj_best
ENSG00000261026,,,,56,1455,31,86,2.96891937011765,77.6453367842833,1.07063836473643,3.13989580568433,4.67753805449653,1.4916860451624,1.43575746021872e-59,0.0032059945949118,1.04631792757522e-63,3.66813257106227e-05,3.084612049829465,1.43575746021872e-59
ENSG00000160932,LY6E,lymphocyte antigen 6 family member E,4061.0,480,6467,10415,8242,48.2043434175606,653.717037467427,681.357342414141,570.011941254651,3.7328056919021,-0.314200474342822,3.29720686003255e-53,0.626523876940681,4.80572345143937e-57,0.126610604194469,1.709302608779639,3.29720686003255e-53
ENSG00000134321,RSAD2,radical S-adenosyl methionine domain containing 2,91543.0,684,8520,18760,10011,38.375128665422,481.144301107525,685.641834959969,386.792116226858,3.61970512484612,-0.882673809520031,2.01387720576018e-51,0.0018949258246084,4.40287976773104e-55,1.93331595572933e-05,1.3685156576630444,2.01387720576018e-51
ENSG00000179388,EGR3,early growth response 3,1960.0,178,2332,252,374,9.36942194537859,123.555860547684,8.64100124317675,13.55722509007,3.69185083925196,0.592763237700996,7.46642709341405e-48,0.201528763852658,2.17648363020377e-51,0.0127329780047227,2.142307038476478,7.46642709341405e-48
ENSG00000111331,OAS3,2'-5'-oligoadenylate synthetase 3,4940.0,1314,12918,23317,12734,42.655173520218,422.098332528241,493.082684872369,284.673868125419,3.27838378110772,-0.849298512709512,8.88189997562664e-45,0.0032830644925188,3.23637224006218e-48,3.85201416189721e-05,1.2145426341991041,8.88189997562664e-45
ENSG00000111335,OAS2,2'-5'-oligoadenylate synthetase 2,4939.0,298,3143,9707,5352,12.6032990317643,133.799461679731,267.438383042183,155.880033549142,3.37937523170284,-0.835540933809243,3.15684209962179e-43,0.0043950517899278,1.38034197622291e-46,5.47699938841031e-05,1.2719171489467986,3.15684209962179e-43
ENSG00000134326,CMPK2,cytidine/uridine monophosphate kinase 2,129607.0,176,1978,5292,2336,10.8383204501067,122.607663241118,212.295059134142,99.0668986317527,3.47062978894911,-1.15633882038291,1.00782247157096e-42,9.67429400236205e-06,5.1412019392193e-46,3.5251034843179e-08,1.1571454842831,1.00782247157096e-42
ENSG00000118520,ARG1,arginase 1,383.0,1111,111,173,613,132.640601403004,13.3391271007274,13.454862320803,50.3998573421709,-3.34059362197612,1.84774808026377,1.93764780011869e-36,1.62968113316917e-11,1.12965911681603e-39,1.65344033420911e-14,-0.746422770856175,1.93764780011869e-36
ENSG00000188536,HBA2,hemoglobin subunit alpha 2,3040.0,732,5570,347,1128,234.490524004444,1796.0210389597,72.4126468884824,248.845461835342,2.90871015435959,1.7237859963219,5.12466565738411e-35,2.42538697685231e-11,3.36117117887021e-38,2.65127566337157e-14,2.316248075340745,5.12466565738411e-35
ENSG00000126709,IFI6,interferon alpha inducible protein 6,2537.0,729,5466,9364,5148,229.369233063632,1731.08849497749,1919.28633300198,1115.4563537465,2.88744273359387,-0.839705800356447,1.40774810782864e-34,0.0041043036651151,1.02590592320991e-37,5.05485584757663e-05,1.0238684666187114,1.40774810782864e-34
ENSG00000187608,ISG15,ISG15 ubiquitin like modifier,9636.0,862,5955,15497,7849,263.395222847997,1831.57371574802,3084.74303841156,1651.66272052178,2.76932491323398,-0.958005385426329,2.92406162668355e-32,0.0005088988675065,2.3440225836991e-35,3.70863480182613e-06,0.9056597639038255,2.92406162668355e-32
ENSG00000137959,IFI44L,interferon induced protein 44 like,10964.0,578,4056,7409,4301,14.9536636325548,105.623297997696,124.867695132082,76.6294345313191,2.79181160023812,-0.761197902243525,4.31269278827643e-32,0.014216465568331,3.77148472958149e-35,0.0002403600066938,1.0153068489972976,4.31269278827643e-32
ENSG00000170542,SERPINB9,serpin family B member 9,5272.0,217,1612,722,438,13.8760075086536,103.755669793314,30.0754906760763,19.2879162705377,2.87353253578434,-0.697519662808554,1.09639396445381e-30,0.0599230837995752,1.03870584010345e-33,0.001854386278332,1.088006436487893,1.09639396445381e-30
ENSG00000138670,RASGEF1B,RasGEF domain family member 1B,153020.0,13,280,6,13,0.338210692895394,7.33236408872937,0.101687123864023,0.232913007581103,4.39693585793321,1.12257736505384,3.45231773301823e-30,0.711683165821761,3.52225974801452e-33,0.186746676621008,2.759756611493525,3.45231773301823e-30
ENSG00000137965,IFI44,interferon induced protein 44,10561.0,527,3473,7364,4284,68.5056136858251,454.425127557549,623.591314173316,383.505341630325,2.70118041179302,-0.758122331330498,5.11272236881766e-30,0.0146876390525743,5.58889633670492e-33,0.0002547147423629,0.9715290402312611,5.11272236881766e-30
ENSG00000196878,LAMB3,laminin subunit beta 3,3914.0,11,259,5,8,0.627104241666116,14.8623959009826,0.185689689101812,0.314082290470063,4.52304188169988,0.687742382804204,9.25457651849735e-30,0.969579482810528,1.07909360367262e-32,0.593113130711805,2.6053921322520424,9.25457651849735e-30
ENSG00000089127,OAS1,2'-5'-oligoadenylate synthetase 1,4938.0,249,1712,6524,3458,13.3507055867342,92.395461834352,227.871261032623,127.683938382669,2.76201226423736,-0.892403303043507,4.46249896003548e-29,0.0017901007085937,5.52852953801218e-32,1.7872307030851e-05,0.9348044805969264,4.46249896003548e-29
ENSG00000244734,HBB,hemoglobin subunit beta,3043.0,5677,32853,1253,4430,1153.34975699766,6718.29665007599,165.830319252442,619.800995868263,2.51395896283068,1.84520732707899,2.86493133719112e-28,1.69402640505506e-14,3.75810844406356e-31,8.06284572177412e-18,2.179583144954835,2.86493133719112e-28
ENSG00000119508,NR4A3,nuclear receptor subfamily 4 group A member 3,8013.0,8,221,2,5,0.335664285544095,9.33360527452169,0.0546658210488516,0.144474620269875,4.74766129421815,1.2925078116089,3.26826458950951e-28,0.913225093548511,4.52536271685473e-31,0.46116766880484,3.020084552913525,3.26826458950951e-28
ENSG00000206172,HBA1,hemoglobin subunit alpha 1,3039.0,180,1244,68,234,57.1091577554752,397.279027430799,14.0544189215368,51.1276129479889,2.76922911677913,1.80438680953961,6.65257283482841e-28,6.14037821740026e-08,9.69621459674742e-31,1.29770418528354e-10,2.28680796315937,6.65257283482841e-28
ENSG00000002549,LAP3,leucine aminopeptidase 3,51056.0,74,634,834,466,5.17947285734744,44.6668275795874,38.0268738548801,22.4618833612121,3.07791341763623,-0.816159846826281,6.76069537061693e-28,0.0142769708587379,1.03464948828856e-30,0.0002424234229766,1.1308767854049746,6.76069537061693e-28
ENSG00000188157,AGRN,agrin,375790.0,46,448,539,402,1.13246535812853,11.1016394038519,8.64423551813122,6.81552878837216,3.26146907813081,-0.39959037837509,4.86768904356429e-27,0.494874869589324,7.80419464789494e-30,0.0772137513329502,1.4309393498778602,4.86768904356429e-27
ENSG00000038427,VCAN,versican,1462.0,212,316,84,670,3.82638533325545,5.74092579538567,0.98764952665914,8.32787224550038,0.556750272994203,3.01719591429928,0.0634178020022517,1.6118716261893e-26,0.0215921856110275,1.17466231321185e-30,1.7869730936467414,1.6118716261893e-26
ENSG00000155090,KLF10,KLF transcription factor 10,7071.0,274,1694,281,273,18.99735991578,118.221945634379,12.6916982913881,13.0350212719617,2.60880003080114,-0.0182691854514683,1.8918630000094e-26,1.0,3.17102820290164e-29,0.947728302462734,1.2952654226748357,1.8918630000094e-26
ENSG00000185745,IFIT1,interferon induced protein with tetratricopeptide repeats 1,3434.0,2531,13776,42588,22407,145.322975199941,796.172692883427,1592.94254755474,885.997015286869,2.42548055255827,-0.903102012993735,2.3963154556393e-26,0.0012907487025761,4.19119450046226e-29,1.19461510878274e-05,0.7611892697822675,2.3963154556393e-26
ENSG00000186205,MTARC1,mitochondrial amidoxime reducing component 1,64757.0,1322,222,1091,1662,38.4612623981358,6.50110323666026,20.6770016234226,33.2988709523872,-2.5922481842894,0.630602026310492,2.24661804360853e-25,0.0830152230068548,4.09309510932904e-28,0.0030365484475645,-0.9808230789894539,2.24661804360853e-25
ENSG00000203814,H2BC18,H2B clustered histone 18,440689.0,289,1659,282,340,23.9558065703006,138.420798288336,15.2276467986375,19.4087819656168,2.50182262602489,0.293112806838824,1.45316123765486e-24,0.753653152276775,2.75340272402175e-27,0.220460847780132,1.397467716431857,1.45316123765486e-24
ENSG00000159339,PADI4,peptidyl arginine deiminase 4,23569.0,2890,550,5220,7564,257.700295518952,49.3652990017096,303.220324674316,464.488539820431,-2.41213744671935,0.5584801265375,1.97860544977091e-24,0.137144564156611,3.89318956010892e-27,0.0068662232601364,-0.926828660090925,1.97860544977091e-24
ENSG00000100985,MMP9,matrix metallopeptidase 9,4318.0,3571,707,6652,14157,404.98294795926,80.7064620619504,491.439272424977,1105.66746023118,-2.35517894211467,1.11303255789909,9.80365570880093e-24,2.11241106099698e-05,2.00045445158451e-26,8.46688590255311e-08,-0.6210731921077899,9.80365570880093e-24
ENSG00000023445,BIRC3,baculoviral IAP repeat containing 3,330.0,201,1158,302,303,7.08293834936167,41.0740920604763,6.93258301535911,7.35303176303136,2.50679404670466,0.0281493613506948,1.95721704617182e-23,1.0,4.13637183639285e-26,0.935477544658192,1.2674717040276773,1.95721704617182e-23
ENSG00000138646,HERC5,HECT and RLD domain containing E3 ubiquitin protein ligase 5,51191.0,666,3355,6856,3557,37.0358402362596,187.794343060009,248.364496176153,136.219175492437,2.31366432805162,-0.92329061530019,7.59362332978497e-23,0.0010353703148401,1.66017125705837e-25,9.08277445911266e-06,0.6951868563757149,7.59362332978497e-23
ENSG00000133106,EPSTI1,epithelial stromal interaction 1,94240.0,319,1670,2986,2081,17.162966880514,90.4399182364346,104.655538423021,77.1045791109294,2.36892746719573,-0.497520380185164,2.14562060051553e-22,0.23682733385014,4.84726997638694e-25,0.0173141028141521,0.935703543505283,2.14562060051553e-22
ENSG00000078081,LAMP3,lysosomal associated membrane protein 3,27074.0,30,289,293,78,2.09978629351923,20.360746325711,13.3595611984171,3.75971438234881,3.24386389837627,-1.88429177943726,3.38688886532918e-22,3.30302647868571e-09,7.89829789320317e-25,4.81420562408644e-12,0.679786059469505,3.38688886532918e-22
ENSG00000081059,TCF7,transcription factor 7,6932.0,130,768,251,284,3.41226541737223,20.2909640273768,4.2918437788425,5.13362571439717,2.5426140489812,0.201500902009148,5.22248881793764e-22,0.889243545888627,1.25595489718658e-24,0.41705992699199,1.372057475495174,5.22248881793764e-22
ENSG00000072274,TFRC,transferrin receptor,7037.0,272,1418,129,148,9.2454537032928,48.5151706738807,2.85640487806107,3.46439536445549,2.36280897903149,0.221417362207136,7.96947292114762e-22,0.900489978071345,1.97465441859072e-24,0.436748604720814,1.292113170619313,7.96947292114762e-22
ENSG00000103966,EHD4,EH domain containing 4,30844.0,107,647,153,136,3.60462423679138,21.9392870288424,3.35767288260902,3.15516109675032,2.57592254516194,-0.146406333414434,1.68095242694997e-21,0.971678804202158,4.28751894353951e-24,0.598784139945595,1.2147581058737529,1.68095242694997e-21
ENSG00000157601,MX1,MX dynamin like GTPase 1,4599.0,1838,8225,22404,12473,56.5144548140801,254.56104813936,448.756064755761,264.113966120833,2.14296403424355,-0.821549854831588,8.75898439092111e-21,0.0052147256325989,2.29794081091065e-23,6.80247695842594e-05,0.6607070897059809,8.75898439092111e-21
ENSG00000175538,KCNE3,potassium voltage-gated channel subfamily E regulatory subunit 3,10008.0,747,149,2113,2045,53.8203722904978,10.8057364930787,99.1736561787428,101.467232995663,-2.3436575025545,-0.0237987440558327,3.39127553830799e-19,1.0,9.68155945268185e-22,0.912036438487424,-1.1837281233051664,3.39127553830799e-19
ENSG00000100100,PIK3IP1,phosphoinositide-3-kinase interacting protein 1,113791.0,163,823,251,327,11.3518546505272,57.6927261466146,11.3873762512769,15.6831529983998,2.31630280774814,0.404817818602451,3.39127553830799e-19,0.539717998731774,9.88565963651944e-22,0.0912902984299991,1.3605603131752955,3.39127553830799e-19
ENSG00000110448,CD5,CD5 molecule,921.0,64,406,142,154,5.42215362692782,34.6226165965846,7.83701937360853,8.98501847567217,2.64414679936151,0.140312522623481,3.39127553830799e-19,0.983263807301813,9.74772779975178e-22,0.631719408626496,1.3922296609924956,3.39127553830799e-19
ENSG00000146232,NFKBIE,NFKB inhibitor epsilon,4794.0,157,799,199,165,16.1150394678075,82.5506522235421,13.3062454138681,11.6633168650413,2.32767793673812,-0.246740246790225,3.39127553830799e-19,0.856586723804079,9.30272625802891e-22,0.348069700705838,1.0404688449739474,3.39127553830799e-19
ENSG00000112149,CD83,CD83 molecule,9308.0,206,1002,93,142,22.8918396381415,112.078730888306,6.73235726751841,10.8669639965207,2.26263848822943,0.633285687379778,4.10857077830015e-19,0.297757762635792,1.22760094673011e-21,0.026148537624812,1.447962087804604,4.10857077830015e-19
ENSG00000115085,ZAP70,zeta chain of T cell receptor associated protein kinase 70,7535.0,97,544,157,222,5.02788781539242,28.3827683654645,5.30132254686798,7.92452479081376,2.46719832889847,0.52283489455686,4.13886333606805e-19,0.384461057072336,1.26681431361943e-21,0.0426992166577934,1.495016611727665,4.13886333606805e-19
ENSG00000123384,LRP1,LDL receptor related protein 1,4035.0,63,167,27,247,0.800141490677292,2.13493531519346,0.223388461593704,2.16037729362717,1.38583039605904,3.21087786056811,3.08424210543199e-05,5.56051475044193e-19,2.08133522054367e-06,8.10452521562736e-23,2.298354128313575,5.56051475044193e-19
ENSG00000198851,CD3E,CD3 epsilon subunit of T-cell receptor complex,916.0,80,452,252,246,7.45212482041285,42.3809392066256,15.2918984728933,15.7808957163475,2.47757516103082,-0.0113679621224301,4.74659853647684e-18,1.0,1.48741974251934e-20,0.980887946997106,1.233103599454195,4.74659853647684e-18
ENSG00000125740,FOSB,"FosB proto-oncogene, AP-1 transcription factor subunit",2354.0,714,2959,532,1019,34.0635780081205,142.09507508326,16.5338660960294,33.4790129544133,2.03208468273495,0.960881491985642,6.59735275807276e-18,0.0013815659602518,2.11546072988778e-20,1.29880490360366e-05,1.4964830873602961,6.59735275807276e-18
ENSG00000118503,TNFAIP3,TNF alpha induced protein 3,7128.0,3022,11974,1837,2148,159.322869436632,635.425913386617,63.0904387230049,77.9873827709775,1.96744601035594,0.24901842689018,8.26792760703163e-18,0.764668126495147,2.71138858997539e-20,0.235886910031625,1.10823221862306,8.26792760703163e-18
ENSG00000088827,SIGLEC1,sialic acid binding Ig like lectin 1,6614.0,11,149,220,186,0.369535050852453,5.03838360195923,4.8145573613073,4.30310859607969,3.72591916005154,-0.218673902410643,1.00655004960029e-17,0.884635887259932,3.37423861547976e-20,0.408531444469301,1.7536226288204484,1.00655004960029e-17
ENSG00000127666,TICAM1,TIR domain containing adaptor molecule 1,148022.0,142,685,213,216,14.0579489185075,68.2599862643322,13.7367486442118,14.7263045227909,2.25037740917646,0.0435442547364883,1.54876033749708e-17,1.0,5.30474681987776e-20,0.870409160968271,1.1469608319564741,1.54876033749708e-17
ENSG00000134070,IRAK2,interleukin 1 receptor associated kinase 2,3656.0,76,424,111,88,5.86830394631053,32.9539040373332,5.58332255105973,4.67937756979254,2.45922606589479,-0.311198158046051,1.85652106860815e-17,0.829421310872565,6.49417076907094e-20,0.315486936749441,1.0740139539243696,1.85652106860815e-17
ENSG00000126353,CCR7,C-C motif chemokine receptor 7,1236.0,14,161,70,116,1.47883673170633,17.1182781185927,4.81682607399749,8.43833168074504,3.49310878083499,0.75103613758295,1.86026267317464e-17,0.199468725144281,6.64282691922151e-20,0.0124164778662406,2.1220724592089697,1.86026267317464e-17
ENSG00000013725,CD6,CD6 molecule,923.0,108,548,204,226,4.8022302845742,24.5268510565093,5.90908348413055,6.92044585561536,2.32297836819816,0.17104573876756,2.06400489991646e-17,0.932843177738853,7.52078742135426e-20,0.497262910495977,1.24701205348286,2.06400489991646e-17
ENSG00000146122,DAAM2,dishevelled associated activator of morphogenesis 2,23500.0,72,5,43,296,1.47236269319403,0.102918706946478,0.57282438233907,4.16850597770221,-3.83346892517267,2.80296284366708,7.02933847135789e-11,2.87986323526237e-17,9.22082003238901e-13,6.29615923756531e-21,-0.5152530407527949,2.87986323526237e-17
ENSG00000069667,RORA,RAR related orphan receptor A,6095.0,168,774,144,147,2.61452565807635,12.1245769926866,1.45987896230843,1.57545996123417,2.18420132321405,0.0530934759314593,3.55911179302965e-17,1.0,1.32280062268264e-19,0.881195714005475,1.1186473995727546,3.55911179302965e-17
ENSG00000230438,SERPINB9P1,serpin family B member 9 pseudogene 1,,72,389,318,210,4.3135365649771,23.4580872484506,12.410773193643,8.66416454096055,2.41284222943485,-0.574965735811819,1.85412569323073e-16,0.25215877122762,7.02627430753518e-19,0.0190745375699074,0.9189382468115156,1.85412569323073e-16
ENSG00000184678,H2BC21,H2B clustered histone 21,8349.0,1334,5056,1692,1640,161.079002664454,614.514558429688,133.092686878155,136.374559153122,1.90329992664657,-0.0216403807883597,1.93783009223201e-16,1.0,7.48469573592017e-19,0.92132383440366,0.9408297729291052,1.93783009223201e-16
ENSG00000090339,ICAM1,intercellular adhesion molecule 1,3383.0,2803,10451,2615,3408,215.365218600926,808.262304442344,130.886511684731,180.326047571035,1.87971132106683,0.405489104032881,2.52133243020174e-16,0.419260891084677,9.92216522597974e-19,0.0514973227581177,1.1426002125498556,2.52133243020174e-16
ENSG00000276085,CCL3L3,C-C motif chemokine ligand 3 like 3,414062.0,422,1685,731,763,76.104507670739,305.872085052198,85.8788140534004,94.7608345907398,1.9782774465154,0.0851891397857276,2.81710667135936e-16,1.0,1.12914201227784e-18,0.702577409469494,1.0317332931505638,2.81710667135936e-16
ENSG00000104964,TLE5,"TLE family member 5, transcriptional modulator",166.0,244,1024,383,414,12.2010609885287,51.5406316668715,12.4760549019666,14.2565526420148,2.04986636396004,0.13563553240986,3.30451527305254e-16,0.957788836439474,1.34858515734545e-18,0.568237787308975,1.09275094818495,3.30451527305254e-16
ENSG00000049089,COL9A2,collagen type IX alpha 2 chain,1298.0,437,421,226,966,27.466516566738,26.6346044230119,9.25339960464454,41.8124564082056,-0.0726313524943002,2.11847312882837,0.860601450570537,5.75293346861689e-16,0.755533745519104,1.67699561831129e-19,1.0229208881670349,5.75293346861689e-16
ENSG00000132530,XAF1,XIAP associated factor 1,54739.0,1439,5309,9272,6130,57.630272225126,214.015195877311,241.898976970363,169.066188121356,1.86444376704147,-0.573592170646725,7.67097615806699e-16,0.120619113708837,3.18645708358708e-18,0.0054411333177212,0.6454257981973726,7.67097615806699e-16
ENSG00000105374,NKG7,natural killer cell granule protein 7,4818.0,100,479,114,139,28.7647163263493,138.687595098261,21.3616934460799,27.5347606039901,2.23977459323725,0.309135258075628,9.92502990602627e-16,0.802389476259817,4.19510082021224e-18,0.277303140923601,1.274454925656439,9.92502990602627e-16
ENSG00000198755,RPL10A,ribosomal protein L10a,4736.0,325,1290,628,741,57.0954821908786,228.113035086764,71.8701844483879,89.6484946308404,1.96960951531924,0.262052649326653,1.14936222015655e-15,0.76465406589936,4.9418722481589e-18,0.235352678043809,1.1158310823229465,1.14936222015655e-15
ENSG00000225964,NRIR,negative regulator of interferon response,,48,280,127,117,4.62579330431156,27.160954352685,7.9729573028394,7.76492484750286,2.52240149342899,-0.0948309593174929,1.45538355864281e-15,1.0,6.36372347460781e-18,0.763887528667993,1.2137852670557485,1.45538355864281e-15
ENSG00000271503,CCL5,C-C motif chemokine ligand 5,6352.0,134,593,215,201,23.6822461687796,105.490850721219,24.7529682228241,24.4636108377828,2.12592930058925,-0.0737050870315786,2.27976622926109e-15,1.0,1.01345095456148e-17,0.801719726985579,1.0261121067788357,2.27976622926109e-15
ENSG00000118922,KLF12,KLF transcription factor 12,11278.0,64,339,72,71,1.55223605157954,8.27598126226608,1.13757756913743,1.18588492940151,2.3840406761059,0.0032082582537682,2.55827655821746e-15,1.0,1.15590399802859e-17,1.0,1.193624467179834,2.55827655821746e-15
ENSG00000152778,IFIT5,interferon induced protein with tetratricopeptide repeats 5,24138.0,677,2517,4977,2841,44.5154867948779,166.589522097465,213.187055180924,128.647129785203,1.87544550362676,-0.785459373244941,2.58648551101495e-15,0.010450068086631,1.18749881353988e-17,0.0001622113760714,0.5449930651909096,2.58648551101495e-15
ENSG00000227081,,,,134,591,316,349,139.214458850983,618.029256830237,213.863839483086,249.695882809422,2.12105636185513,0.166631473529396,2.59096615550637e-15,0.922955034825448,1.20843779297775e-17,0.478874355969098,1.143843917692263,2.59096615550637e-15
ENSG00000188042,ARL4C,ADP ribosylation factor like GTPase 4C,10123.0,246,986,296,297,16.1274603296106,65.0653542495791,12.6413459854399,13.4089179637736,1.98354582979967,0.0282455964202024,3.2542788772694e-15,1.0,1.54152548478728e-17,0.934339337774984,1.0058957131099362,3.2542788772694e-15
ENSG00000172543,CTSW,cathepsin W,1521.0,36,229,117,147,5.63999369909187,36.1121718869997,11.9407803991681,15.8598787227021,2.64626364657504,0.352362697600337,3.25635721387802e-15,0.739859120739486,1.56624089867329e-17,0.209985305918899,1.4993131720876884,3.25635721387802e-15
ENSG00000179094,PER1,period circadian regulator 1,5187.0,591,2192,402,1199,22.3606848162118,83.4795650355227,9.90819177586293,31.2408766097802,1.87195797913442,1.5996530152369,3.95325679683566e-15,8.24025532565022e-10,1.93024490153031e-17,9.60822658580407e-13,1.73580549718566,3.95325679683566e-15
ENSG00000211772,TRBC2,T cell receptor beta constant 2,28638.0,136,587,391,337,47.5323655431821,206.505027721527,89.022135682096,81.1123212541964,2.08990682028355,-0.190962462360787,6.41831890491366e-15,0.890384334194309,3.18062735413299e-17,0.418907762813543,0.9494721789613815,6.41831890491366e-15
ENSG00000165732,DDX21,DExD-box helicase 21,9188.0,512,1898,342,352,27.2754062198324,101.774618477262,11.8685620332835,12.913689476741,1.87117055553925,0.0649474530471888,6.54250433045593e-15,1.0,3.28984695234994e-17,0.787933995311312,0.9680590042932193,6.54250433045593e-15
ENSG00000112306,RPS12,ribosomal protein S12,6206.0,480,1781,1148,1257,199.003220556377,743.232676733518,310.049822558381,358.889336383936,1.87247044393578,0.154237700099398,7.03898416389467e-15,0.916742215921126,3.59079501146063e-17,0.471734363647191,1.013354072017589,7.03898416389467e-15
ENSG00000153563,CD8A,CD8 subunit alpha,925.0,31,205,86,56,2.25993785314694,15.0428689565649,4.08417164182865,2.81144271510751,2.7015616873168,-0.594439812030076,8.79005761891526e-15,0.481804215679428,4.61218589536437e-17,0.0699103055004466,1.053560937643362,8.79005761891526e-15
ENSG00000152495,CAMK4,calcium/calmodulin dependent protein kinase IV,814.0,31,205,68,43,0.603247697835756,4.01540956281451,0.862012619324465,0.576247221279735,2.7015616873168,-0.636323479441824,8.79005761891526e-15,0.494729075705874,4.61218589536437e-17,0.0770650437201844,1.032619103937488,8.79005761891526e-15
ENSG00000176597,B3GNT5,"UDP-GlcNAc:betaGal beta-1,3-N-acetylglucosaminyltransferase 5",84002.0,987,3488,1488,1428,32.1820354313751,114.476104062494,31.6060351522735,32.0649799484145,1.8023091067739,-0.0359837124352276,1.09686292813371e-14,1.0,5.83522764566102e-17,0.868390505728739,0.8831626971693363,1.09686292813371e-14
ENSG00000149131,SERPING1,serpin family G member 1,710.0,489,1786,3279,2373,35.9554163951751,132.184011179908,157.060730039124,120.159914593794,1.84972153115916,-0.44313211725489,1.44363130674138e-14,0.334751177069253,7.78521474266592e-17,0.0335812400557221,0.7032947069521349,1.44363130674138e-14
ENSG00000198455,ZXDB,zinc finger X-linked duplicated B,158586.0,3,85,12,16,0.134843758414834,3.84565684159445,0.351367486361502,0.495263116326564,4.74920598902756,0.434494927322091,1.66156098703699e-14,0.969579482810528,9.08155327414184e-17,0.596505347763477,2.5918504581748256,1.66156098703699e-14
ENSG00000211899,IGHM,immunoglobulin heavy constant mu,3507.0,119,407,110,494,16.8497281916171,58.0072605383317,10.1463386828619,48.1702939259958,1.75416890227971,2.18910954588717,3.39144233791908e-10,1.69402640505506e-14,5.338518765417e-12,8.64173213480935e-18,1.97163922408344,1.69402640505506e-14
ENSG00000179348,GATA2,GATA binding protein 2,2624.0,48,15,9,120,2.85182906336678,0.897047666623657,0.348333701157439,4.90986904176177,-1.68858856024261,3.74178743551898,0.0020173572231867,1.69402640505506e-14,0.0002997661695144,8.27390951700926e-18,1.0265994376381848,1.69402640505506e-14
ENSG00000135114,OASL,2'-5'-oligoadenylate synthetase like,8638.0,616,2211,6439,4380,46.4010779122141,167.64017611686,315.963207566913,227.210227776052,1.82464857439551,-0.532501426454786,1.78609304777267e-14,0.17404614416079,9.89236784949152e-17,0.0100455142235349,0.646073573970362,1.78609304777267e-14
ENSG00000010327,STAB1,stabilin 1,23166.0,16,29,6,105,0.400337041731283,0.730374832003348,0.0977975049402481,1.8092621647208,0.834232863669916,4.12439132191732,0.210102427417079,1.81738154755384e-14,0.104469382179473,1.05954324299889e-17,2.479312092793618,1.81738154755384e-14
ENSG00000175137,SH3BP5L,SH3 binding domain protein 5 like,80851.0,1196,333,2087,2424,55.3542894286075,15.5133768535189,62.9235593721009,77.26078657508,-1.86306758757973,0.239337531205505,4.41940240585986e-14,0.778637941053786,2.5113710420994e-16,0.253139290256669,-0.8118650281871125,4.41940240585986e-14
ENSG00000123505,AMD1,adenosylmethionine decarboxylase 1,262.0,2310,676,4990,3687,60.0384789870218,17.6850546371106,84.4868228476023,65.992905288723,-1.79144624329886,-0.413188568096445,4.58665000352888e-14,0.394729148076633,2.64061616585615e-16,0.0460833767103021,-1.1023174056976526,4.58665000352888e-14
ENSG00000281162,LINC01127,long intergenic non-protein coding RNA 1127,,732,193,800,1193,50.487806131652,13.3990724685699,35.9448054259254,56.665962696907,-1.94138682574132,0.599836585546293,6.52780030880523e-14,0.118934299593339,3.80574278315419e-16,0.0053318168925373,-0.6707751200975135,6.52780030880523e-14
ENSG00000114770,ABCC5,ATP binding cassette subfamily C member 5,10057.0,1221,344,1073,1433,28.4620350746583,8.07143468334571,16.2937383929577,23.0039749083371,-1.84604136758298,0.440735682120677,6.86784741929808e-14,0.364415460613257,4.05404198340726e-16,0.0387466956008412,-0.7026528427311516,6.86784741929808e-14
ENSG00000137628,DDX60,DExD/H-box helicase 60,55601.0,379,1366,2596,1437,14.8837579545792,53.9965604814576,66.412343958639,38.8630217959026,1.83050849093217,-0.829784128561218,7.64451209255376e-14,0.0061306797583401,4.56821156966483e-16,8.35473775549927e-05,0.500362181185476,7.64451209255376e-14
ENSG00000103257,SLC7A5,solute carrier family 7 member 5,8140.0,61,303,77,75,3.39217155317092,16.9602640677147,2.78939122018142,2.87220639919392,2.29126204999173,-0.0145521653409985,8.50605452640734e-14,1.0,5.14504099760829e-16,1.0,1.1383549423253658,8.50605452640734e-14
ENSG00000166949,SMAD3,SMAD family member 3,4088.0,107,458,149,119,3.03823847782716,13.0901784910861,2.75610070317604,2.32697358057224,2.07762017596202,-0.300676250773651,8.82898027095035e-14,0.802473156664851,5.40471026643222e-16,0.280847456091522,0.8884719625941846,8.82898027095035e-14
ENSG00000213390,ARHGAP19,Rho GTPase activating protein 19,84986.0,1222,347,1149,1369,52.4948843296347,15.0043525677508,32.1541132822859,40.5000570135781,-1.83469979469881,0.276107837846416,9.47045868825088e-14,0.714544118294084,5.86641151800995e-16,0.195469744509153,-0.779295978426197,9.47045868825088e-14
ENSG00000163154,TNFAIP8L2,TNF alpha induced protein 8 like 2,79626.0,696,184,1638,1253,159.228354064345,42.3712228190776,244.115747124271,197.409771802615,-1.93749225050266,-0.36312542709771,1.02022844963085e-13,0.528465829892436,6.39408589624349e-16,0.0869083418569455,-1.150308838800185,1.02022844963085e-13
ENSG00000182578,CSF1R,colony stimulating factor 1 receptor,1436.0,1203,343,1352,1814,61.8719499031079,17.7567836937538,45.2976424021075,64.2498129615437,-1.828815455765,0.447435197547877,1.19146681930641e-13,0.338385507937474,7.55411844335064e-16,0.0343684931093889,-0.6906901291085615,1.19146681930641e-13
ENSG00000113263,ITK,IL2 inducible T cell kinase,3702.0,109,461,172,152,3.35618445756145,14.2876978650544,3.44999529205144,3.2230669075399,2.06035009895079,-0.154825746193699,1.23604011420779e-13,0.95460501357024,7.92679857530139e-16,0.559920112698225,0.9527621763785454,1.23604011420779e-13
ENSG00000100385,IL2RB,interleukin 2 receptor subunit beta,3560.0,61,300,96,150,3.49714461789792,17.3119911078766,3.58530182144937,5.92217757444702,2.27691274508774,0.666547449679817,1.25804623904732e-13,0.243858680154774,8.15960612703769e-16,0.0181069376715561,1.4717300973837786,1.25804623904732e-13
ENSG00000010810,FYN,"FYN proto-oncogene, Src family tyrosine kinase",2534.0,67,320,120,167,2.39506726534885,11.5142299694325,2.79444064851531,4.11117338140943,2.23489500446429,0.499761960416909,1.28291581992999e-13,0.476299258697717,8.41440196718401e-16,0.0685286062623526,1.3673284824405996,1.28291581992999e-13
ENSG00000070614,NDST1,N-deacetylase and N-sulfotransferase 1,3340.0,1950,581,2145,2468,54.3217584503753,16.2913603359335,38.9257722055601,47.3468154129061,-1.76548302017416,0.225744219405057,1.54640561627703e-13,0.802473156664851,1.03679723580736e-15,0.280890450886823,-0.7698694003845515,1.54640561627703e-13
ENSG00000120868,APAF1,apoptotic peptidase activating factor 1,317.0,3790,1166,5426,4859,126.967414215467,39.3181996798492,118.414145675258,112.100196353915,-1.71936114093783,-0.135834558270735,1.54640561627703e-13,0.936745054483476,1.03080804922883e-15,0.511136072406075,-0.9275978496042825,1.54640561627703e-13
ENSG00000147138,GPR174,G protein-coupled receptor 174,84636.0,43,232,60,39,2.06520859440248,11.2156761729535,1.87722984464711,1.28993101316083,2.40949844969549,-0.596544169535204,1.79741699988073e-13,0.562066352095091,1.21818817219726e-15,0.0991255336007958,0.906477140080143,1.79741699988073e-13
ENSG00000089157,RPLP0,ribosomal protein lateral stalk subunit P0,6175.0,434,1517,964,1081,28.8306414786118,101.43601174332,41.7169300795839,49.4534596452905,1.78632156111861,0.188630107047588,1.83044194238771e-13,0.870205919672664,1.25710645013887e-15,0.381896228557702,0.987475834083099,1.83044194238771e-13
ENSG00000163644,PPM1K,"protein phosphatase, Mg2+/Mn2+ dependent 1K",152926.0,39,218,327,182,0.908627073895118,5.11233810520051,4.96294600613406,2.92010765867358,2.46018849259483,-0.821533794295841,1.83044194238771e-13,0.0360339706117519,1.26724955929771e-15,0.0008980919654,0.8193273491494945,1.83044194238771e-13
ENSG00000141664,ZCCHC2,zinc finger CCHC-type containing 2,54877.0,2003,6578,8493,6187,51.957391936106,171.752185241906,143.515315280138,110.523064701846,1.6965852636303,-0.433634961466317,1.9629578882871e-13,0.34525479372041,1.37329804165254e-15,0.0354262315667058,0.6314751510819915,1.9629578882871e-13
ENSG00000157593,SLC35B2,solute carrier family 35 member B2,347734.0,111,462,108,94,12.4445438627127,52.1362737201128,7.88770193886257,7.25755384884427,2.03727338852169,-0.176687571859477,2.00713956344306e-13,0.968703891557269,1.41883499237703e-15,0.585514507839673,0.9302929083311064,2.00713956344306e-13
ENSG00000100294,MCAT,malonyl-CoA-acyl carrier protein transacylase,27349.0,25,168,41,44,2.77232144585262,18.7523139846458,2.96181660908338,3.36018092129724,2.72355315962389,0.124903667527142,2.03507217181904e-13,1.0,1.45341111236165e-15,0.856069233351672,1.424228413575516,2.03507217181904e-13
ENSG00000205710,C17orf107,chromosome 17 open reading frame 107,100130311.0,35,203,14,29,2.71915140991164,15.874622008434,0.708539577336406,1.55156421226602,2.51299752685292,1.06724523723358,2.18708616908457e-13,0.418366234910825,1.59385378886793e-15,0.0508682141218475,1.79012138204325,2.18708616908457e-13
ENSG00000280027,,,,201,35,434,427,38.4473144480152,6.73876024508404,54.0792192925859,56.2476310856265,-2.53632238934467,-6.72043220469078e-05,2.18708616908457e-13,1.0,1.59385378886793e-15,1.0,-1.2681947968333585,2.18708616908457e-13
ENSG00000198821,CD247,CD247 molecule,919.0,59,284,105,113,3.87468002096552,18.7734538905118,4.49204256082761,5.11056227166043,2.24587017982665,0.129176910578579,2.78573594006911e-13,1.0,2.07072632187035e-15,0.673652024801749,1.1875235452026145,2.78573594006911e-13
ENSG00000069275,NUCKS1,nuclear casein kinase and cyclin dependent kinase substrate 1,64710.0,59,284,109,121,2.42370277633353,11.7432335236974,2.91692040294363,3.42309638822958,2.24587017982665,0.173881293961651,2.78573594006911e-13,0.95460501357024,2.07072632187035e-15,0.559183786821751,1.2098757368941506,2.78573594006911e-13
ENSG00000154451,GBP5,guanylate binding protein 5,115362.0,19149,61545,30882,19902,622.990451002744,2015.44093615172,654.502697892167,445.900975020169,1.66552672006716,-0.610457920546076,2.86452490239973e-13,0.0817575354000175,2.15016808735733e-15,0.0029671514815047,0.527534399760542,2.86452490239973e-13
ENSG00000174444,RPL4,ribosomal protein L4,6124.0,738,2476,1477,1864,34.8570514487198,117.713679331976,45.4449377152182,60.6298652324392,1.72730968325622,0.359096661332399,2.94548798544677e-13,0.531548653663055,2.23240599392555e-15,0.0889013380087969,1.0432031722943096,2.94548798544677e-13
ENSG00000069702,TGFBR3,transforming growth factor beta receptor 3,7049.0,29,180,25,42,0.89574071162465,5.59627218674346,0.503031354352409,0.893387795269385,2.60987596589984,0.768851947493049,3.2231671791211e-13,0.533132987870436,2.48983909770323e-15,0.0893632704215118,1.6893639566964445,3.2231671791211e-13
ENSG00000124942,AHNAK,AHNAK nucleoprotein,79026.0,1951,6325,1833,2347,26.5521856519282,86.64540677807,16.2508545461263,21.9969519145713,1.67794909836991,0.379979839620772,3.54560193094062e-13,0.481804215679428,2.76475299964033e-15,0.0701050833963205,1.028964468995341,3.54560193094062e-13
ENSG00000127334,DYRK2,dual specificity tyrosine phosphorylation regulated kinase 2,8445.0,136,535,222,186,3.79497925866147,15.0267924782604,4.03547075472634,3.5742905402027,1.95611525709921,-0.231722614809047,3.78545061016826e-13,0.87004413345428,2.9793664618727e-15,0.378877270580092,0.8621963211450815,3.78545061016826e-13
ENSG00000178562,CD28,CD28 molecule,940.0,52,258,86,61,2.82006099140536,14.0837034559198,3.03825583345042,2.27819766204395,2.28921016905361,-0.47131866105427,4.08594279607353e-13,0.687038479466917,3.24564760801643e-15,0.167729114284665,0.9089457539996699,4.08594279607353e-13
ENSG00000173825,TIGD3,tigger transposable element derived 3,220359.0,565,150,692,860,73.8074537039484,19.7235480546099,58.8882435697472,77.3671565138295,-1.93123531448394,0.336901658893098,4.15469175926685e-13,0.615018382031793,3.33053558897649e-15,0.122223810508723,-0.797166827795421,4.15469175926685e-13
ENSG00000128271,ADORA2A,adenosine A2a receptor,135.0,18,139,23,40,1.13809419393369,8.84631727638837,0.947336499326531,1.7416949926186,2.92156274029599,0.818340122013391,4.44939804579715e-13,0.494994380616153,3.59920698938554e-15,0.0773406174057013,1.8699514311546905,4.44939804579715e-13
ENSG00000279884,,,,266,56,263,255,74.1004499887171,15.7025159864419,47.7271705830411,48.9199267839995,-2.26420267086496,-0.0211635883836463,4.90734974663972e-13,1.0,4.00541591330454e-15,0.944608910416338,-1.1426831296243032,4.90734974663972e-13
ENSG00000277734,TRAC,T cell receptor alpha constant,28755.0,105,432,283,248,28.4426573858855,117.789512995579,49.9387926027572,46.2635506321533,2.02051734881266,-0.166991349545084,5.36617861459283e-13,0.932843177738853,4.41902188783698e-15,0.496186911750955,0.926762999633788,5.36617861459283e-13
ENSG00000185022,MAFF,MAF bZIP transcription factor F,23764.0,331,1151,337,341,15.6281456724361,54.7011918593429,10.3652573527469,11.0876688135071,1.7787617639678,0.0403999998192383,5.42556152896504e-13,1.0,4.50746257325473e-15,0.869131857203793,0.9095808818935192,5.42556152896504e-13
ENSG00000071082,RPL31,ribosomal protein L31,6160.0,238,856,512,492,11.9483954695909,43.2562039912387,16.7445439625217,17.0099933360971,1.82726920806563,-0.0340852567045986,5.76882680880588e-13,1.0,4.83468213826466e-15,0.887620756337538,0.8965919756805157,5.76882680880588e-13
ENSG00000177374,HIC1,HIC ZBTB transcriptional repressor 1,3090.0,14,64,6,95,0.457439877049762,2.10488303659261,0.127710900629915,2.13764705171384,2.16389830209904,3.98018051320089,1.30111389394435e-05,6.37741604335077e-13,7.70411358686486e-07,4.18282643857725e-16,3.072039407649965,6.37741604335077e-13
ENSG00000276070,CCL4L2,C-C motif chemokine ligand 4 like 2,9560.0,129,503,507,662,24.4631867001949,96.0137236637493,62.632826417302,86.4545228458413,1.94332051350565,0.408148864286249,8.72046530008792e-13,0.474604777671872,7.3719135316295e-15,0.0678316199588537,1.1757346888959495,8.72046530008792e-13
ENSG00000179639,FCER1A,Fc epsilon receptor Ia,2205.0,27,30,10,111,6.13984721791697,6.86684213815431,1.48137336524656,17.3829382857722,0.132581123204531,3.47942381582363,0.904497206734395,9.77882112477179e-13,0.815642649477584,7.12638181370922e-16,1.8060024695140806,9.77882112477179e-13
ENSG00000102886,GDPD3,glycerophosphodiester phosphodiesterase domain containing 3,79153.0,476,125,501,610,80.2184260725586,21.2040688373351,55.0016402815926,70.795137271531,-1.94679790508321,0.307320769739737,1.04621508418878e-12,0.691328305512171,9.07299191214583e-15,0.170248277351346,-0.8197385676717366,1.04621508418878e-12
ENSG00000135407,AVIL,advillin,10677.0,1017,301,964,894,45.7508454747654,13.6297118830355,28.2504868665954,27.696321977629,-1.77489700383543,-0.085355071794992,1.04621508418878e-12,1.0,9.01746630516796e-15,0.696736815216644,-0.930126037815211,1.04621508418878e-12
ENSG00000196141,SPATS2L,spermatogenesis associated serine rich 2 like,26010.0,20,143,225,136,0.506884219584189,3.64801672886832,3.71477081570128,2.37369050653827,2.81144226510744,-0.702419711962218,1.04621508418878e-12,0.13769869419595,8.95812856351624e-15,0.0069379347182399,1.054511276572611,1.04621508418878e-12
ENSG00000170989,S1PR1,sphingosine-1-phosphate receptor 1,1901.0,92,383,145,150,4.66645978128322,19.5542193364845,4.79113528095492,5.23959076613435,2.03732692931874,0.0722401158522127,1.08735126953013e-12,1.0,9.50897481005799e-15,0.824498683359801,1.0547835225854763,1.08735126953013e-12
ENSG00000162444,RBP7,retinol binding protein 7,116362.0,378,94,711,1067,116.172747243881,29.0791911271956,142.348466245268,225.830860044946,-2.02503722358275,0.608942421406425,1.21628177934124e-12,0.112567996241636,1.07251199023678e-14,0.004954895039349,-0.7080474010881624,1.21628177934124e-12
ENSG00000142405,NLRP12,NLR family pyrin domain containing 12,91662.0,2525,799,3483,3559,131.472222749279,41.8756354931136,118.139962604052,127.616556043027,-1.67869924759006,0.0545312728172899,1.23831487255561e-12,1.0,1.10096497924344e-14,0.793903207055803,-0.812083987386385,1.23831487255561e-12
ENSG00000198034,RPS4X,ribosomal protein S4 X-linked,6191.0,707,2299,1481,1639,63.9251151595677,209.234398613123,87.2324148917623,102.055747519274,1.68221043713385,0.169622346411125,1.37405385958859e-12,0.893571504864631,1.23166174558663e-14,0.423520978899599,0.9259163917724875,1.37405385958859e-12
ENSG00000171860,C3AR1,complement C3a receptor 1,719.0,185,670,305,300,14.0391755693641,51.1783980801714,15.0778857349251,15.6782483938812,1.8370991373406,-0.0004548050296715,1.60090002217608e-12,1.0,1.44666668670627e-14,1.0,0.9183221661554642,1.60090002217608e-12
ENSG00000143409,MINDY1,MINDY lysine 48 deubiquitinase 1,55793.0,2143,680,3680,3632,149.717845220107,47.8192013172103,167.48269756026,174.744552566384,-1.67468136463581,0.0044500331884006,1.85239358710702e-12,1.0,1.68743039198642e-14,0.984371631454498,-0.8351156657237048,1.85239358710702e-12
ENSG00000236675,MTX1P1,metaxin 1 pseudogene 1,4581.0,11,12,206,36,3.47751003701962,3.81855422002376,42.424199752449,7.83762746678368,0.105542884882388,-2.48910581431787,1.0,2.01317619043951e-12,1.0,1.76053886352384e-15,-1.191781464717741,2.01317619043951e-12
ENSG00000108771,DHX58,DExH-box helicase 58,79132.0,230,808,1691,1070,15.9341785026427,56.3449776977634,76.3161022525159,51.0495630256731,1.79332784243377,-0.63681445664091,2.04507641949615e-12,0.0781879896847699,1.90178497347798e-14,0.0027655500057866,0.57825669289643,2.04507641949615e-12
ENSG00000279861,,,,349,1173,571,493,49.1275983212652,166.203485470848,52.3608811457222,47.7918051992887,1.72970607319806,-0.188466917765057,2.04507641949615e-12,0.88448460063668,1.90766493000661e-14,0.40674676809913,0.7706195777165015,2.04507641949615e-12
ENSG00000286488,,,,263,58,280,293,17.4274034084975,3.86853862994069,12.0866431151433,13.3706021234872,-2.19733235451749,0.0888268164828969,2.04507641949615e-12,1.0,1.90605332018185e-14,0.73415461249044,-1.0542527690172965,2.04507641949615e-12
ENSG00000142089,IFITM3,interferon induced transmembrane protein 3,10410.0,9365,28887,44895,36950,2155.52062982586,6692.50727495702,6731.5195200823,5856.86554310833,1.60621716243411,-0.257587874623,2.09860736116061e-12,0.73741021182786,1.97289279689345e-14,0.208251347842885,0.674314643905555,2.09860736116061e-12
ENSG00000138035,PNPT1,polyribonucleotide nucleotidyltransferase 1,87178.0,46,227,573,243,2.30324319010038,11.4406270877944,18.6899146305711,8.37904739479529,2.28105693541587,-1.21376839364568,2.16646976601814e-12,4.12228536900844e-05,2.06037460080475e-14,2.04281741067318e-07,0.533644270885095,2.16646976601814e-12
ENSG00000185963,BICD2,BICD cargo adaptor 2,23299.0,2373,759,2752,2699,97.4972654573125,31.3890723636832,73.6569714461802,76.3666941279277,-1.66321615194061,-0.004663530359417,2.16646976601814e-12,1.0,2.0682665744671e-14,0.984144875934146,-0.8339398411500134,2.16646976601814e-12
ENSG00000138166,DUSP5,dual specificity phosphatase 5,1847.0,97,389,107,69,10.1370945264184,40.9197876972973,7.28444169013058,4.96589190646906,1.98349474753702,-0.60865877154242,3.06808837693524e-12,0.427625809860101,2.97373381527756e-14,0.0533519447952553,0.6874179879972999,3.06808837693524e-12
ENSG00000277632,CCL3,C-C motif chemokine ligand 3,6348.0,81,339,67,89,14.3632972065728,60.5077264576522,7.73953132692908,10.8683982546419,2.04477717589678,0.432333554576566,3.21221344147853e-12,0.685942753597305,3.16024496866055e-14,0.166911736937866,1.238555365236673,3.21221344147853e-12
ENSG00000230124,ACBD6,acyl-CoA binding domain containing 6,84320.0,335,83,115,140,11.8143260806046,2.94634939895647,2.64199942237631,3.4001540291203,-2.03016676988216,0.306881833694301,3.21221344147853e-12,0.802473156664851,3.16024496866055e-14,0.280264323588041,-0.8616424680939296,3.21221344147853e-12
ENSG00000085265,FCN1,ficolin 1,2219.0,3661,1208,4582,4528,127.818033710562,42.4523118866075,104.212117354864,108.869249941874,-1.61835547756596,0.0062880759584858,3.71730511235067e-12,1.0,3.68425517621113e-14,0.976930674872351,-0.8060337008037372,3.71730511235067e-12
ENSG00000231500,RPS18,ribosomal protein S18,6222.0,436,1422,1151,1087,62.9806130269548,206.757846080163,108.309474703358,108.132525827851,1.68639873428335,-0.0591375350984791,3.94296612574969e-12,1.0,3.9366445068336e-14,0.786168771816359,0.8136305995924354,3.94296612574969e-12
ENSG00000180644,PRF1,perforin 1,5551.0,68,296,91,158,7.15439497254409,31.3471252703353,6.23700545340009,11.4479439933813,2.10113184903745,0.818513125382646,4.54124730602614e-12,0.0946691861302717,4.56706112980329e-14,0.0036576817256199,1.459822487210048,4.54124730602614e-12
ENSG00000083845,RPS5,ribosomal protein S5,6193.0,150,545,491,518,10.9865788235697,40.1799810576686,23.4273648195055,26.1280733057731,1.8415933679869,0.10059588455068,5.53818653810824e-12,0.995125145324187,5.61002717385982e-14,0.663634324796796,0.9710946262687901,5.53818653810824e-12
ENSG00000134954,ETS1,"ETS proto-oncogene 1, transcription factor",2113.0,671,2122,901,1080,24.8654858123331,79.1519860819481,21.7505353676253,27.5616106469355,1.64201906802571,0.284787905252564,5.55529901137134e-12,0.711683165821761,5.66784624392937e-14,0.18687487302036,0.963403486639137,5.55529901137134e-12
ENSG00000153283,CD96,CD96 molecule,10225.0,57,257,105,97,2.68646381957722,12.192177372793,3.22378574815488,3.14835925925092,2.15146144021592,-0.0908284119455828,5.73237739789959e-12,1.0,5.89028722565109e-14,0.804289241962892,1.0303165141351687,5.73237739789959e-12
ENSG00000165879,FRAT1,FRAT regulator of WNT signaling pathway 1,10023.0,2929,971,4817,5244,293.368459903239,97.8938226756424,314.297862304631,361.71218703226,-1.61157870976032,0.145920880021426,5.97673873352942e-12,0.924192482883078,6.18493587058139e-14,0.48032778778762,-0.732828914869447,5.97673873352942e-12
ENSG00000167604,NFKBID,NFKB inhibitor delta,84807.0,480,1540,444,484,39.7633076721466,128.411522618956,23.9604498720274,27.6116930677831,1.66272922656382,0.147799250144952,6.08737594168944e-12,0.937365369730268,6.34378924108432e-14,0.516220488950327,0.9052642383543861,6.08737594168944e-12
ENSG00000245848,CEBPA,CCAAT enhancer binding protein alpha,1050.0,450,123,495,763,45.8344355303939,12.6103312083407,32.8439440754926,53.5192872025363,-1.88902926550327,0.647513474522868,6.1830948059911e-12,0.0931342952321546,6.48859970895437e-14,0.0035497184380131,-0.6207578954902011,6.1830948059911e-12
ENSG00000138795,LEF1,lymphoid enhancer binding factor 1,51176.0,30,169,69,60,1.48250160808996,8.40625638481944,2.22123107564531,2.04188640712701,2.47026336125695,-0.177896302140897,6.71935869228508e-12,0.981876444361395,7.10032801618814e-14,0.629434293762097,1.1461835295580265,6.71935869228508e-12
ENSG00000177272,KCNA3,potassium voltage-gated channel subfamily A member 3,3738.0,11,103,17,12,1.17696018215769,11.0929822612793,1.1849192043097,0.884212684055563,3.19379466343909,-0.474933437158636,7.335644034831e-12,0.929678981697748,7.80501405833935e-14,0.488500141715409,1.359430613140227,7.335644034831e-12
ENSG00000111678,C12orf57,chromosome 12 open reading frame 57,113246.0,14,114,58,59,2.05366695632307,16.832508386273,5.54243622866612,5.9601940631955,2.99554629195595,0.0479513380068962,7.37595549969793e-12,1.0,7.90165761882813e-14,1.0,1.5217488149814231,7.37595549969793e-12
ENSG00000112182,BACH2,BTB domain and CNC homolog 2,60468.0,26,155,30,44,0.703790637734504,4.22322134497195,0.529007858540588,0.820217862570666,2.55114145443292,0.573945124865965,7.98392481768604e-12,0.714544118294084,8.6111417651766e-14,0.196043899067538,1.5625432896494424,7.98392481768604e-12
ENSG00000122406,RPL5,ribosomal protein L5,6125.0,214,733,492,505,15.3766015720789,53.0142438266538,23.0293893542724,24.9887409793282,1.75677358729834,0.0610015230814595,9.29557810034066e-12,1.0,1.00935806511497e-13,0.795939480569616,0.9088875551898998,9.29557810034066e-12
ENSG00000113448,PDE4D,phosphodiesterase 4D,5144.0,133,486,131,101,2.17016284612189,7.98213301757738,1.39245994171658,1.13492840589779,1.84971759665222,-0.351436927373513,1.05852804146418e-11,0.757841540271721,1.1571141686316e-13,0.22746708918076,0.7491403346393535,1.05852804146418e-11
ENSG00000251022,THAP9-AS1,THAP9 antisense RNA 1,100499177.0,389,1250,659,632,23.4375850660105,75.8080423295217,25.8654123394944,26.2232640212273,1.66493127362647,-0.0369550000421932,1.13168767684207e-11,1.0,1.24533478503974e-13,0.870603137126291,0.8139881367921384,1.13168767684207e-11
ENSG00000165997,ARL5B,ADP ribosylation factor like GTPase 5B,221079.0,331,1073,422,340,12.2300593260863,39.9063769436964,10.1574279993887,8.65139012023867,1.67753546914306,-0.288221235367004,1.27268099489699e-11,0.744713539061422,1.41285623906594e-13,0.215093611144065,0.694657116888028,1.27268099489699e-11
ENSG00000163823,CCR1,C-C motif chemokine receptor 1,1230.0,1565,4713,9005,6015,156.691063294514,474.973449882165,587.332907576068,414.736183340113,1.57156758839133,-0.558760240418677,1.27268099489699e-11,0.136088710276973,1.41903652688558e-13,0.0067736910887022,0.5064036739863265,1.27268099489699e-11
ENSG00000035664,DAPK2,death associated protein kinase 2,23604.0,2213,737,2570,3717,43.070429157379,14.4380081154618,32.5837931546905,49.8192007142417,-1.60494108957772,0.555739463322576,1.41273637599029e-11,0.147150047443046,1.59578879375087e-13,0.0076345013783148,-0.5246008131275721,1.41273637599029e-11
ENSG00000103194,USP10,ubiquitin specific peptidase 10,9100.0,2842,960,3348,4192,148.123405900699,50.3631467460934,113.672600851367,150.462162423517,-1.58451369163673,0.347719308185684,1.41273637599029e-11,0.546885413182119,1.59436655969366e-13,0.0937073343138352,-0.618397191725523,1.41273637599029e-11
ENSG00000101224,CDC25B,cell division cycle 25B,994.0,82,329,115,161,5.03562565229149,20.3365599514949,4.60053306928392,6.80882026582394,1.98392068609743,0.508349179056276,1.55692068436737e-11,0.468619493684623,1.77000165253833e-13,0.0657888073849278,1.2461349325768531,1.55692068436737e-11
ENSG00000196576,PLXNB2,plexin B2,23654.0,33,121,17,128,1.20154758563322,4.43459960603318,0.403224292175758,3.20954459332465,1.85171009848938,2.92667108306563,1.03535257458749e-06,1.62968113316917e-11,4.28567455447964e-08,1.66269755606824e-14,2.3891905907775053,1.62968113316917e-11
ENSG00000167526,RPL13,ribosomal protein L13,6137.0,617,1907,1133,1160,26.4837190626414,82.3922778701729,31.6806767107967,34.2892674259698,1.60892781207101,0.0573624384610202,1.71989810641783e-11,1.0,1.9803519954381e-13,0.792247361750224,0.8331451252660151,1.71989810641783e-11
ENSG00000186529,CYP4F3,cytochrome P450 family 4 subfamily F member 3,4051.0,11769,4085,13820,15539,565.140334739287,197.447123476103,432.31023368641,513.86166247217,-1.54539402151807,0.192526153106407,1.73428213089386e-11,0.856586723804079,2.00955297195835e-13,0.348023900346186,-0.6764339342058314,1.73428213089386e-11
ENSG00000127152,BCL11B,BCL11 transcription factor B,64919.0,92,357,157,131,2.85798773893554,11.1630471367615,3.17718803201715,2.80252979742736,1.93594111542245,-0.237598676560314,1.91587190732548e-11,0.874353788805962,2.23392730776911e-13,0.385755563141764,0.849171219431068,1.91587190732548e-11
ENSG00000277969,,,,114,422,46,34,13.1538441897592,49.0119860682463,3.45761318133986,2.70167539904666,1.86822904609146,-0.411402652975034,2.13525567146779e-11,0.811415249722691,2.50529196258791e-13,0.298547702473462,0.728413196558213,2.13525567146779e-11
ENSG00000071575,TRIB2,tribbles pseudokinase 2,28951.0,90,350,193,123,5.19683377569985,20.3425957703605,7.25979499365439,4.89111458340151,1.93904777196268,-0.62603890319211,2.15837854510071e-11,0.257863956972645,2.548151321282e-13,0.019733972147054,0.656504434385285,2.15837854510071e-11
ENSG00000223891,OSER1-DT,OSER1 divergent transcript,100505783.0,363,98,376,413,10.4088172490249,2.82854337378893,7.02349592934954,8.15551178124446,-1.90659783702231,0.15875048840733,2.34928064930943e-11,0.932843177738853,2.79064819878616e-13,0.501627027655216,-0.87392367430749,2.34928064930943e-11
ENSG00000160703,NLRX1,NLR family member X1,79671.0,496,144,724,1025,24.699591453642,7.21792880386445,23.48645072652,35.1510553080297,-1.80221198093444,0.524877476359207,2.53910699019976e-11,0.22744182186187,3.0346417897738e-13,0.0156401035449843,-0.6386672522876164,2.53910699019976e-11
ENSG00000113013,HSPA9,heat shock protein family A (Hsp70) member 9,3313.0,353,1119,302,358,11.7691709275213,37.5528809076801,6.55916928133272,8.21978770081722,1.64528523073625,0.268700493730532,2.55836860127963e-11,0.782297453560084,3.07630680083908e-13,0.260522438810919,0.956992862233391,2.55836860127963e-11
ENSG00000113088,GZMK,granzyme K,3003.0,39,190,63,34,6.59348976213235,32.333025043192,6.93844276593947,3.95854927645892,2.26198240419873,-0.86405668891374,3.13394624492828e-11,0.248410762338209,3.81408703471085e-13,0.0186461948118609,0.6989628576424951,3.13394624492828e-11
ENSG00000139618,BRCA2,BRCA2 DNA repair associated,675.0,17,119,78,33,0.351658595706762,2.47777168689785,1.05108454517026,0.470102613081466,2.77953948843562,-1.21453492906193,3.46538712563283e-11,0.033024959705156,4.24271270300478e-13,0.0007996280171482,0.782502279686845,3.46538712563283e-11
ENSG00000230590,FTX,"FTX transcript, XIST regulator",100302692.0,943,304,542,599,6.04223925496621,1.96065787230424,2.26233150490407,2.64313567783103,-1.65161893493007,0.167618108892118,4.10341582955178e-11,0.913225093548511,5.05376239028022e-13,0.458015026835853,-0.742000413018976,4.10341582955178e-11
ENSG00000136280,CCM2,CCM2 scaffold protein,83605.0,2036,694,3561,3708,65.8105544261247,22.579756536193,74.9825975475123,82.5398947252278,-1.57139593678959,0.0817477448724428,4.35922989688919e-11,1.0,5.40059089397437e-13,0.69444112412162,-0.7448240959585736,4.35922989688919e-11
ENSG00000137309,HMGA1,high mobility group AT-hook 1,3159.0,89,341,156,203,10.132423861429,39.0768663803735,11.5696087408642,15.9157016531113,1.91757560127367,0.403041428906789,4.36332064506037e-11,0.615018382031793,5.43745685982599e-13,0.122049751702966,1.1603085150902295,4.36332064506037e-11
ENSG00000120705,ETF1,eukaryotic translation termination factor 1,2107.0,1136,3350,1211,1354,66.3329447757127,196.89639376006,46.0644426777679,54.4472588374663,1.5412552664402,0.184402610244541,4.38558667888637e-11,0.875374844324988,5.49716447142148e-13,0.387673293176137,0.8628289383423705,4.38558667888637e-11
ENSG00000155099,PIP4P2,"phosphatidylinositol-4,5-bisphosphate 4-phosphatase 2",55529.0,895,289,2018,1797,82.6729841151606,26.8707896941479,121.431811035346,114.312853279918,-1.64922988781349,-0.143934564986381,5.21535276705357e-11,0.932843177738853,6.57525163023078e-13,0.494585763859672,-0.8965822263999355,5.21535276705357e-11
ENSG00000168026,TTC21A,tetratricopeptide repeat domain 21A,199223.0,35,175,248,148,1.2078033486777,6.07866545489214,5.57507350119886,3.51719388700874,2.29901569128318,-0.720875960997129,5.28273765061631e-11,0.109041235528829,6.69870537244744e-13,0.0047066628469146,0.7890698651430255,5.28273765061631e-11
ENSG00000175061,SNHG29,small nucleolar RNA host gene 29,125144.0,81,316,143,222,2.99035201039852,11.7426573055561,3.43909414413672,5.64412572545278,1.94345541788827,0.657471035875476,5.28327763246742e-11,0.185415898452382,6.73789233116017e-13,0.0112422407456917,1.300463226881873,5.28327763246742e-11
ENSG00000140743,CDR2,cerebellar degeneration related protein 2,1039.0,38,184,47,61,2.54862668858119,12.4217407656942,2.0534835092171,2.81746723521131,2.25307408718391,0.398606750527429,5.47921786307995e-11,0.827419685004643,7.02770983750234e-13,0.313432992468601,1.3258404188556696,5.47921786307995e-11
ENSG00000223865,HLA-DPB1,"major histocompatibility complex, class II, DP beta 1",3115.0,48,214,37,157,2.43514090263357,10.9279485092765,1.22279967271071,5.48515519434264,2.13478529158744,2.10479287953952,5.77577850445862e-11,3.95945748621703e-08,7.4501734097739e-13,8.0793477345924e-11,2.11978908556348,5.77577850445862e-11
ENSG00000133246,PRAM1,PML-RARA regulated adaptor molecule 1,84106.0,2184,753,2902,3685,175.810365726721,61.0139059200362,152.180842127819,204.284654666363,-1.55493155637656,0.367994744763702,6.22797055709754e-11,0.494729075705874,8.07884243669554e-13,0.0766977355182589,-0.593468405806429,6.22797055709754e-11
ENSG00000186407,CD300E,CD300e molecule,342510.0,43,198,46,153,3.03454731132768,14.0647706979937,2.11472558986583,7.43572461985884,2.18100834526663,1.75443953424864,6.86715612401534e-11,6.51809155343828e-06,8.95803050720556e-13,2.23254848427051e-08,1.967723939757635,6.86715612401534e-11
ENSG00000101096,NFATC2,nuclear factor of activated T cells 2,4773.0,62,258,83,76,1.98228678695051,8.30302816584215,1.72871587681048,1.67338086365395,2.036008064831,-0.103557155537955,7.24298971831602e-11,1.0,9.60664719963209e-13,0.81310269233931,0.9662254546465224,7.24298971831602e-11
ENSG00000142173,COL6A2,collagen type VI alpha 2 chain,1292.0,10,91,12,26,0.49518324741248,4.53575245655096,0.387095320488728,0.886636693905934,3.15121474423186,1.13066150955481,7.32161673744628e-11,0.4190521184354,9.76428992094934e-13,0.0511523319034612,2.140938126893335,7.32161673744628e-11
ENSG00000162881,OXER1,oxoeicosanoid receptor 1,165140.0,493,148,646,707,73.3335527351368,22.1594782231062,62.5977979197592,72.4238535581674,-1.75396737887698,0.153539387580761,8.23789830957498e-11,0.929789733372485,1.10463000215843e-12,0.489089237532179,-0.8002139956481096,8.23789830957498e-11
ENSG00000167286,CD3D,CD3 delta subunit of T-cell receptor complex,915.0,33,166,82,67,9.41061381385073,47.6490348438343,15.2331106116258,13.1578588610823,2.30747999915057,-0.267619114502734,9.38706190487759e-11,0.913225093548511,1.26556365865206e-12,0.45707319317343,1.019930442323918,9.38706190487759e-11
ENSG00000110324,IL10RA,interleukin 10 receptor subunit alpha,3587.0,741,2184,769,1016,24.2295693270756,71.8823272551399,16.3804020899027,22.8785029973373,1.54042928232178,0.425176305019733,9.61084339241617e-11,0.416953071495381,1.30974181196751e-12,0.0501972361252274,0.9828027936707565,9.61084339241617e-11
ENSG00000177191,B3GNT8,"UDP-GlcNAc:betaGal beta-1,3-N-acetylglucosaminyltransferase 8",374907.0,761,246,1796,2200,107.580806528965,35.0047721162156,165.396838155816,214.180155308941,-1.64757534527665,0.316088006410444,1.01403706718399e-10,0.628161311574139,1.38929433486802e-12,0.13230942192245,-0.6657436694331029,1.01403706718399e-10
ENSG00000181016,LSMEM1,leucine rich single-pass membrane protein 1,286006.0,852,279,440,654,87.0811835785326,28.7032411828059,29.2959871537572,46.0329583378958,-1.6289876062509,0.595039224093126,1.08642883418159e-10,0.1493413951139,1.49639301603498e-12,0.0078904322589693,-0.516974191078887,1.08642883418159e-10
ENSG00000172059,KLF11,KLF transcription factor 11,8462.0,113,401,114,132,6.51639164613005,23.2763627011381,4.2825684945232,5.24214555135771,1.80730796161125,0.234656485386758,1.11513654464643e-10,0.889243545888627,1.5440602206881e-12,0.417468803571967,1.020982223499004,1.11513654464643e-10
ENSG00000184897,H1-10,H1.10 linker histone,8971.0,139,474,235,281,24.2904368033173,83.3759651959145,26.7521763239035,33.8168579709632,1.75005725114178,0.281164143117072,1.27200863447333e-10,0.778637941053786,1.77054109593649e-12,0.254072566514845,1.015610697129426,1.27200863447333e-10
ENSG00000100906,NFKBIA,NFKB inhibitor alpha,4792.0,13639,38336,5750,5440,1522.66553166054,4307.95137157818,418.177405412786,418.241666495483,1.47211406673986,-0.0565622913888526,1.32820023661162e-10,1.0,1.85843496159037e-12,0.784716984718646,0.7077758876755037,1.32820023661162e-10
ENSG00000135905,DOCK10,dedicator of cytokinesis 10,55619.0,59,241,61,65,1.38752411935863,5.70489401662641,0.934521067032818,1.05270890199661,2.00912637808104,0.114794290514994,1.37938648580181e-10,1.0,1.94010779594628e-12,0.781656232986363,1.061960334298017,1.37938648580181e-10
ENSG00000254612,DNAJB6P1,DNAJB6 pseudogene 1,387820.0,56,232,115,64,19.9941914992964,83.3769134366733,26.7475736669688,15.736284677244,2.02937304238795,-0.820886078921694,1.43959338743841e-10,0.157998267445142,2.03527996766544e-12,0.0085521105895634,0.6042434817331281,1.43959338743841e-10
ENSG00000161405,IKZF3,IKAROS family zinc finger 3,22806.0,109,387,168,159,2.85088469472394,10.1884033046946,2.86241874860359,2.86389234137732,1.8079921810248,-0.0559998876297726,1.45507091452763e-10,1.0,2.06776583830993e-12,0.838244971986867,0.8759961466975137,1.45507091452763e-10
ENSG00000211751,TRBC1,T cell receptor beta constant 1,28639.0,85,318,194,179,29.6295502316875,111.577149426405,44.0533150367599,42.9700217570353,1.88311701174227,-0.092643163755907,1.66062188754502e-10,1.0,2.37197121380866e-12,0.736236013412531,0.8952369239931814,1.66062188754502e-10
ENSG00000116824,CD2,CD2 molecule,914.0,64,258,190,151,10.370076080369,42.078832649644,20.0551678530475,16.8494343253801,1.99029449965425,-0.307831522720795,1.67304818275836e-10,0.778637941053786,2.40191292816935e-12,0.247805844084893,0.8412314884667275,1.67304818275836e-10
ENSG00000138678,GPAT3,glycerol-3-phosphate acyltransferase 3,84803.0,1171,401,1235,1135,85.6265185634025,29.5146591910098,58.8286768860785,57.1549254184835,-1.5646068141975,-0.0984166028800472,1.89783579237601e-10,0.989627773551533,2.73846004146953e-12,0.647779789479539,-0.8315117085387737,1.89783579237601e-10
ENSG00000181026,AEN,apoptosis enhancing nuclease,64782.0,12,96,41,30,0.531973970613809,4.28373284655945,1.18403277762721,0.915876257413644,2.96819683295722,-0.425746767423168,1.93142108372293e-10,0.823135844810643,2.80099690759994e-12,0.30791994440007,1.271225032767026,1.93142108372293e-10
ENSG00000172116,CD8B,CD8 subunit beta,926.0,4,65,23,15,0.20073728915755,3.28339724008168,0.751911333998516,0.518400882203442,3.96220951892215,-0.589286353666694,2.08439176241428e-10,0.811415249722691,3.06840938644283e-12,0.29780699974006,1.6864615826277278,2.08439176241428e-10
ENSG00000174007,CEP19,centrosomal protein 19,84984.0,964,325,1725,1306,118.343747924241,40.1599954364948,137.952036567823,110.412405432205,-1.58706034332755,-0.378018145340197,2.08439176241428e-10,0.49188803353022,3.06519080210122e-12,0.074255678432777,-0.9825392443338735,2.08439176241428e-10
ENSG00000215788,TNFRSF25,TNF receptor superfamily member 25,8718.0,100,358,156,156,6.18545499336158,22.2893131804811,6.28589295820477,6.6451174117162,1.81983656439749,0.0233730210168752,2.12641871993425e-10,1.0,3.14577321197095e-12,0.97181201823226,0.9216047927071827,2.12641871993425e-10
ENSG00000008988,RPS20,ribosomal protein S20,6224.0,499,1468,1084,1090,44.0361744322027,130.399853003712,62.3173606940464,66.2432978080312,1.5376654228006,0.0313515220518844,2.23445597359912e-10,1.0,3.32188470058461e-12,0.888142642978099,0.7845084724262421,2.23445597359912e-10
ENSG00000147872,PLIN2,perilipin 2,123.0,61,246,85,70,3.22496613037443,13.0909884146454,2.92741962669209,2.54858881129033,1.99074131350917,-0.25630030045009,2.35658533389569e-10,0.916742215921126,3.52062376802665e-12,0.469727256503112,0.86722050652954,2.35658533389569e-10
ENSG00000169220,RGS14,regulator of G protein signaling 14,10636.0,4495,1641,5423,6229,321.411350326239,118.10875807691,252.604945751361,306.729999168684,-1.47251460055329,0.223296343974738,2.48887375080544e-10,0.802473156664851,3.75453189343191e-12,0.279218478966539,-0.6246091282892761,2.48887375080544e-10
ENSG00000165271,NOL6,nucleolar protein 6,65083.0,37,173,35,58,1.63532739114615,7.69646145442281,1.00772437383932,1.76537669797369,2.20255018295599,0.749985561859489,2.5478728397937e-10,0.442562606409167,3.86210137499701e-12,0.058234688698374,1.4762678724077394,2.5478728397937e-10
ENSG00000160856,FCRL3,Fc receptor like 3,115352.0,15,105,11,39,0.616100086896922,4.34101532067042,0.294322475591236,1.10314100288296,2.77834832897269,1.83750839282158,2.61833778695696e-10,0.0216930008296461,3.9879944430404e-12,0.0004300026399696,2.307928360897135,2.61833778695696e-10
ENSG00000158050,DUSP2,dual specificity phosphatase 2,1844.0,339,1019,175,219,46.5572367376695,140.865191665419,15.6565575344553,20.7127623402897,1.56860712027372,0.346745769502662,2.6694107471098e-10,0.706010076039808,4.08523726055283e-12,0.179168676395311,0.9576764448881909,2.6694107471098e-10
ENSG00000163516,ANKZF1,ankyrin repeat and zinc finger peptidyl tRNA hydrolase 1,55139.0,1131,390,996,1329,49.0951917516927,17.0405250175892,28.1647840509618,39.7290102545739,-1.55458542773173,0.439467276141357,2.72299719462303e-10,0.371663772403244,4.18708940435402e-12,0.039917038790447,-0.5575590757951865,2.72299719462303e-10
ENSG00000188290,HES4,hes family bHLH transcription factor 4,57801.0,7,76,102,58,1.65873100318402,18.1273167236787,15.7452233445661,9.46481925550472,3.39874966214677,-0.789753080499522,2.76777907453593e-10,0.223000656492545,4.27611983531276e-12,0.0149158702200011,1.304498290823624,2.76777907453593e-10
ENSG00000168028,RPSA,ribosomal protein SA,3921.0,342,1027,1066,903,23.1782242975343,70.059415113886,47.0632583414186,42.1452092812864,1.56718144549395,-0.21599025318236,2.77397696098877e-10,0.8305203450691,4.30591089265856e-12,0.317317486377882,0.675595596155795,2.77397696098877e-10
ENSG00000020633,RUNX3,RUNX family transcription factor 3,864.0,429,1264,366,478,25.1275664448099,74.5216085117585,13.9651291003202,19.2809062851889,1.53983347151931,0.4084362528594,3.18558250042031e-10,0.493711372201484,4.96804150335189e-12,0.0749487063011799,0.9741348621893551,3.18558250042031e-10
ENSG00000123689,G0S2,G0/G1 switch 2,50486.0,11085,30497,12494,19381,3352.3651474869,9283.56425649525,2461.43205839954,4036.43729542331,1.44120887617733,0.656794003822498,3.34023939220384e-10,0.0500623892140203,5.23357724328687e-12,0.0014178602218686,1.049001439999914,3.34023939220384e-10
ENSG00000184106,TREML3P,"triggering receptor expressed on myeloid cells like 3, pseudogene",,132,442,101,109,35.7564835708275,120.516122092699,17.8226786320794,20.3335766891319,1.72372294263863,0.133205846272581,3.64295734469208e-10,0.996250880948999,5.76098049699885e-12,0.664828462754163,0.9284643944556055,3.64295734469208e-10
ENSG00000169299,PGM2,phosphoglucomutase 2,55276.0,642,210,1297,1362,46.2552597195443,15.2295615003123,60.874695723535,67.5786656919768,-1.6304383863777,0.093931137404384,3.77657966603631e-10,0.994297199514418,6.02733527810779e-12,0.661180985636637,-0.768253624486658,3.77657966603631e-10
ENSG00000136541,ERMN,ermin,57471.0,191,603,147,175,11.5183929289425,36.6030978666265,5.77492819634191,7.26780021248342,1.6391091740669,0.274716099536804,3.95944484412604e-10,0.8305203450691,6.34803866570274e-12,0.317142401899516,0.9569126368018519,3.95944484412604e-10
ENSG00000117090,SLAMF1,signaling lymphocytic activation molecule family member 1,6504.0,43,188,70,57,2.67222392838942,11.7599168433697,2.83382589575081,2.43941481988681,2.10628930779083,-0.272461296605524,4.06619742494293e-10,0.903031083872557,6.54882401189613e-12,0.443061825626344,0.916914005592653,4.06619742494293e-10
ENSG00000120696,KBTBD7,kelch repeat and BTB domain containing 7,84078.0,439,136,691,744,24.5568440463539,7.6575342649857,25.1800629143573,28.6607385039564,-1.70852776590584,0.129985991682871,4.51189351454211e-10,0.95460501357024,7.29952164573931e-12,0.554914654806043,-0.7892708871114845,4.51189351454211e-10
ENSG00000123405,NFE2,"nuclear factor, erythroid 2",4778.0,6290,2343,12656,12101,705.190818887053,264.405388152,924.321812391154,934.294246009197,-1.44349355151986,-0.0413030651763996,4.63994656656661e-10,1.0,7.57431883771258e-12,0.840854298016182,-0.7423983083481298,4.63994656656661e-10
ENSG00000130396,AFDN,"afadin, adherens junction formation factor",4301.0,1108,387,419,543,21.3946592857995,7.52174468463936,5.27048241723492,7.22057615954091,-1.53608461853446,0.39728926305068,4.63994656656661e-10,0.508478582736156,7.57050917506408e-12,0.081559638580548,-0.5693976777418901,4.63994656656661e-10
ENSG00000205189,ZBTB10,zinc finger and BTB domain containing 10,65986.0,8,78,6,6,0.207457351108596,2.03598911868338,0.10135865136133,0.107151067233828,3.24666508755548,0.0229143768097548,4.94925993081748e-10,1.0,8.11531470947336e-12,1.0,1.6347897321826173,4.94925993081748e-10
ENSG00000135828,RNASEL,ribonuclease L,6041.0,1747,629,1968,1720,75.5625381678101,27.3845927412648,55.4510096647853,51.2328468277702,-1.49240116233587,-0.170918287956469,5.32595242742022e-10,0.889243545888627,8.77179163822308e-12,0.417442312518407,-0.8316597251461695,5.32595242742022e-10
ENSG00000172673,THEMIS,thymocyte selection associated,387357.0,14,99,47,32,0.860738575799367,6.126612810428,1.88239959652067,1.35487621611918,2.79225385890452,-0.529480946572963,5.75427015414175e-10,0.708343331157351,9.51916138310872e-12,0.181649170888949,1.1313864561657785,5.75427015414175e-10
ENSG00000152409,JMY,"junction mediating and regulatory protein, p53 cofactor",133746.0,32,154,45,34,0.932007167513374,4.51473229260578,0.853792861401177,0.681953244966043,2.24353735288221,-0.379781376178285,6.02648717570932e-10,0.849164428249996,1.00134023907719e-11,0.340904135826255,0.9318779883519626,6.02648717570932e-10
ENSG00000174738,NR1D2,nuclear receptor subfamily 1 group D member 2,9975.0,54,217,106,127,2.46950526803842,9.98890630494332,3.15785943162952,3.99968995521377,1.98534652682646,0.283849693438907,6.11109326660765e-10,0.839952358569496,1.01985159455848e-11,0.327348166396555,1.1345981101326834,6.11109326660765e-10
ENSG00000156738,MS4A1,membrane spanning 4-domains A1,931.0,23,127,19,108,1.25066294322877,6.95117425116736,0.673033650240818,4.04429299086498,2.43994320862557,2.52247026788618,6.1484992945536e-10,2.21932745209871e-08,1.03057487082592e-11,4.04337460300741e-11,2.4812067382558753,6.1484992945536e-10
ENSG00000132357,CARD6,caspase recruitment domain family member 6,84674.0,745,253,1004,774,46.1678743479366,15.7814221131407,40.5310683133168,33.0317038757992,-1.5764657079633,-0.351912025939995,6.44643846487106e-10,0.571189209829963,1.08521154743129e-11,0.103856367768967,-0.9641888669516475,6.44643846487106e-10
ENSG00000157800,SLC37A3,solute carrier family 37 member 3,84255.0,987,344,850,1033,24.6957912617985,8.66375662790178,13.8546465332018,17.7996934872055,-1.53913494055427,0.304656541937755,6.56490099605914e-10,0.675554666253939,1.11880818092971e-11,0.159201831323182,-0.6172391993082575,6.56490099605914e-10
ENSG00000197756,RPL37A,ribosomal protein L37a,6168.0,195,606,421,355,8.32554267305511,26.0430936401588,11.7092955291806,10.4378896727257,1.61638521884925,-0.222537436211323,6.56490099605914e-10,0.847373497784865,1.11146275041598e-11,0.337726691399609,0.6969238913189635,6.56490099605914e-10
ENSG00000143376,SNX27,sorting nexin 27,81609.0,2964,1099,2738,3580,46.9889224314443,17.5370680568763,28.2762271513526,39.0846945549002,-1.45008882602585,0.410212457203731,6.59837193261521e-10,0.410490206183034,1.13002288599663e-11,0.048662911067718,-0.5199381844110595,6.59837193261521e-10
ENSG00000237973,MTCO1P12,MT-CO1 pseudogene 12,107075141.0,780,2187,21,19,133.92091325031,377.958912851742,2.34878803504583,2.24653821066699,1.46842103806133,-0.120245491757819,6.82001539773121e-10,1.0,1.17295119797738e-11,0.885576584345171,0.6740877731517555,6.82001539773121e-10
ENSG00000175592,FOSL1,"FOS like 1, AP-1 transcription factor subunit",8061.0,8,77,5,17,1.12315013191596,10.8812943650085,0.457286690649774,1.64362658087205,3.22807958256818,1.76350122454424,6.87121910984742e-10,0.279795036252064,1.18676499710963e-11,0.023156584952853,2.49579040355621,6.87121910984742e-10
ENSG00000238160,LINC02863,long intergenic non-protein coding RNA 2863,,431,135,338,410,114.296125229836,36.0354553646386,58.3904294327466,74.8763220175047,-1.69263963535823,0.3018908604407,6.97000541913624e-10,0.714544118294084,1.20890634729225e-11,0.195570937848397,-0.695374387458765,6.97000541913624e-10
ENSG00000171858,RPS21,ribosomal protein S21,6227.0,212,653,404,365,54.2120501173006,168.079659665064,67.2995355296281,64.2775395019607,1.60361235134958,-0.123027021861409,6.9774901233281e-10,0.972640092351505,1.21528941806983e-11,0.600439748018481,0.7402926647440855,6.9774901233281e-10
ENSG00000155307,SAMSN1,"SAM domain, SH3 domain and nuclear localization signals 1",64092.0,834,2332,454,659,42.6125001278639,119.933779389874,15.1111511400686,23.1879731464243,1.46447205601545,0.560848942662096,7.04268610254735e-10,0.196902077279775,1.23177719327457e-11,0.0121969658714334,1.012660499338773,7.04268610254735e-10
ENSG00000004399,PLXND1,plexin D1,23129.0,20,117,15,65,0.544101534946964,3.20389168768783,0.265834869148528,1.2177824790503,2.52221744598141,2.12954897064972,7.34561518920085e-10,0.000194276272327,1.29011314720697e-11,1.23174724474975e-06,2.325883208315565,7.34561518920085e-10
ENSG00000165775,FUNDC2,FUN14 domain containing 2,65991.0,14,98,48,27,0.36743833199123,2.58895504561481,0.820669690752801,0.488007614709089,2.7776257680327,-0.803855929923921,7.46776924975331e-10,0.403952975534789,1.31700929779937e-11,0.0475429278158201,0.9868849190543896,7.46776924975331e-10
ENSG00000145349,CAMK2D,calcium/calmodulin dependent protein kinase II delta,817.0,7,73,16,13,0.25186218410427,2.64380727800866,0.375021044794186,0.322117772130704,3.34074469326135,-0.273792040768355,7.81149047661462e-10,1.0,1.38332035112764e-11,0.729434832130327,1.5334763262464974,7.81149047661462e-10
ENSG00000117602,RCAN3,RCAN family member 3,11123.0,97,337,144,156,3.60010291740973,12.58969159265,3.48158021509895,3.98725663692638,1.77654515903256,0.138753205322966,8.01250144311117e-10,0.984246463446897,1.42475612310095e-11,0.635363297858374,0.9576491821777631,8.01250144311117e-10
ENSG00000178966,RMI1,RecQ mediated genome instability 1,80010.0,213,54,491,331,16.0902785739633,4.10600740339595,24.1621837901771,17.2194138031994,-1.99614500487023,-0.545329966952927,8.0953078180142e-10,0.244813287393219,1.45127949514028e-11,0.0181977520143626,-1.2707374859115785,8.0953078180142e-10
ENSG00000172575,RASGRP1,RAS guanyl releasing protein 1,10125.0,49,201,97,90,2.1263274088318,8.77954730702104,2.74205728320537,2.68957076869972,2.01475345692369,-0.0845548638514063,8.0953078180142e-10,1.0,1.44662020603658e-11,0.833681806514605,0.9650992965361418,8.0953078180142e-10
ENSG00000165929,TC2N,"tandem C2 domains, nuclear",123036.0,58,226,92,95,2.49764892184806,9.79611436147945,2.58084520947865,2.81730206360465,1.94107577654146,0.0695923454287596,8.27373625629695e-10,1.0,1.48929664429773e-11,0.833681806514605,1.0053340609851098,8.27373625629695e-10
ENSG00000137441,FGFBP2,fibroblast growth factor binding protein 2,83888.0,17,107,21,33,3.7941799791209,24.0378041766814,3.05322656956674,5.07211808402218,2.6263595858405,0.672247523891154,8.66344710566375e-10,0.711363087112472,1.57207282415849e-11,0.183258163018699,1.649303554865827,8.66344710566375e-10
ENSG00000187808,SOWAHD,sosondowah ankyrin repeat domain family member D,347454.0,92,13,279,233,15.0915909830602,2.14650823905773,29.8141295215428,26.3214329790055,-2.83001227715063,-0.236427380430235,9.24879284045682e-10,0.846623180004263,1.68503003214853e-11,0.336933132804984,-1.5332198287904324,9.24879284045682e-10
ENSG00000131471,AOC3,amine oxidase copper containing 3,8639.0,537,176,1016,756,31.4464348066685,10.374132861827,38.7580187895765,30.4877471619052,-1.62748876253857,-0.402992850678253,9.34062598965392e-10,0.460086779140597,1.7085680829348e-11,0.0627074738140546,-1.0152408066084115,9.34062598965392e-10
ENSG00000185477,GPRIN3,GPRIN family member 3,285513.0,155,492,156,160,2.7379031065262,8.74769208504976,1.79507131217436,1.94631338020321,1.64676410545741,0.0598702536689638,9.52556461372801e-10,1.0,1.74933849486916e-11,0.861171947012408,0.8533171795631869,9.52556461372801e-10
ENSG00000180953,ST20,suppressor of tumorigenicity 20,400410.0,957,337,732,685,157.08261880976,55.678574094384,78.2704819340126,77.4306983126435,-1.52425848742835,-0.0723351414816827,1.01124212874263e-09,1.0,1.86448228080371e-11,0.751019885698996,-0.7982968144550163,1.01124212874263e-09
ENSG00000107742,SPOCK2,"SPARC (osteonectin), cwcv and kazal like domains proteoglycan 2",9806.0,496,1405,541,699,20.496307367552,58.4402791181013,14.5633720799739,19.8919580070631,1.48308665280805,0.392975485955051,1.01417450634749e-09,0.494729075705874,1.87727973044938e-11,0.0768065036175904,0.9380310693815505,1.01417450634749e-09
ENSG00000113504,SLC12A7,solute carrier family 12 member 7,10723.0,21,118,45,75,0.926612888853966,5.24086602671593,1.29348765278233,2.27901253926713,2.46451731449459,0.758706044947123,1.24305840086817e-09,0.319258450866044,2.3100123321774e-11,0.0302966321031568,1.6116116797208566,1.24305840086817e-09
ENSG00000280407,,,,89,311,29,67,8.48745512078662,29.8531306609717,1.80159104193143,4.400162304516,1.78476976980434,1.22791190769201,1.31288166772582e-09,0.0541942480876634,2.44933469565523e-11,0.0015982461452379,1.5063408387481751,1.31288166772582e-09
ENSG00000103707,MTFMT,mitochondrial methionyl-tRNA formyltransferase,123263.0,185,45,311,304,14.2805250328235,3.49644715513539,15.6388050940941,16.1604123965462,-2.05530791974645,-0.0094476670540122,1.31441433233846e-09,1.0,2.46177294425728e-11,0.984060585725758,-1.0323777934002312,1.31441433233846e-09
ENSG00000103335,PIEZO1,piezo type mechanosensitive ion channel component 1,9780.0,202,613,185,234,4.73914749803991,14.4760921559576,2.82742644832417,3.78069047215469,1.58210172890314,0.362156866518202,1.33754908416906e-09,0.662372467993713,2.51736395108266e-11,0.148156002795107,0.972129297710671,1.33754908416906e-09
ENSG00000138449,SLC40A1,solute carrier family 40 member 1,30061.0,1966,730,4144,3753,120.286071930928,44.956935307108,165.16662997235,158.130921925964,-1.44797692476507,-0.119584172454698,1.33754908416906e-09,0.955033817742719,2.52459709080153e-11,0.564445726708457,-0.783780548609884,1.33754908416906e-09
ENSG00000023191,RNH1,ribonuclease/angiogenin inhibitor 1,6050.0,101,342,189,210,3.62859055789712,12.3675793920298,4.42332783329013,5.19567881748408,1.73955943756575,0.175284798390919,1.49350502143121e-09,0.929678981697748,2.82984481542133e-11,0.487812711604294,0.9574221179783344,1.49350502143121e-09
ENSG00000131979,GCH1,GTP cyclohydrolase 1,2643.0,65,244,202,119,5.88717860812615,22.2446557970569,11.9183450955034,7.42244906213298,1.88752010020568,-0.739399315943142,1.50188154294697e-09,0.123037509776887,2.85666143936132e-11,0.0057181393764352,0.574060392131269,1.50188154294697e-09
ENSG00000140287,HDC,histidine decarboxylase,3067.0,80,46,10,88,5.44129473408322,3.14928600927419,0.443080865343324,4.12193695557335,-0.815502792666182,3.14486022064122,0.0605554208123533,1.5116071085466e-09,0.0203660739723809,1.98286896617394e-12,1.164678713987519,1.5116071085466e-09
ENSG00000236345,SCAT8,S-phase cancer associated transcript 8,112935969.0,198,50,370,358,36.0761770277882,9.16995769251464,43.916505439445,44.9205179303258,-2.00161874000704,-0.0241656346733668,1.53227757332891e-09,1.0,2.92564293989342e-11,0.931529799365451,-1.0128921873402035,1.53227757332891e-09
ENSG00000166326,TRIM44,tripartite motif containing 44,54765.0,74,269,88,97,1.49571257839781,5.47281433194855,1.15869685973203,1.35018901321808,1.84142509496173,0.163651448321668,1.5808586672685e-09,0.969579482810528,3.02992150919411e-11,0.596571116558972,1.0025382716416988,1.5808586672685e-09
ENSG00000274487,NPEPPSP1,NPEPPS pseudogene 1,,144,31,49,53,22.6000695383042,4.89723546246925,5.00972740255332,5.72835022231652,-2.22996834118308,0.136267998854672,1.72502036015208e-09,1.0,3.31879736977226e-11,0.809307092579899,-1.046850171164204,1.72502036015208e-09
ENSG00000173200,PARP15,poly(ADP-ribose) polymerase family member 15,165631.0,54,210,59,71,2.61007918586874,10.2169490305872,1.85773030943664,2.363331706596,1.93806867800784,0.289934936866041,1.81936216626166e-09,0.888164193412309,3.51356197390569e-11,0.415343946154117,1.1140018074369404,1.81936216626166e-09
ENSG00000111261,MANSC1,MANSC domain containing 1,54682.0,1502,556,2933,3079,69.6141361307289,25.9384670315376,88.5544316569702,98.2751247232437,-1.45236034725416,0.0934726566571983,1.92488513360175e-09,0.993630239090323,3.74540395475636e-11,0.654302861158581,-0.6794438452984808,1.92488513360175e-09
ENSG00000004799,PDK4,pyruvate dehydrogenase kinase 4,5166.0,69,254,160,174,4.02281900929395,14.9058630949328,6.07676045955016,6.98613639589851,1.85944102218898,0.144299005190629,1.93950948374796e-09,0.980299186092925,3.78799403617879e-11,0.615812489733349,1.0018700136898047,1.93950948374796e-09
ENSG00000073861,TBX21,T-box transcription factor 21,30009.0,21,116,27,46,2.11938429892541,11.7839370990498,1.77510854109831,3.19708850359341,2.43988175344183,0.78923193096209,2.06979092621779e-09,0.481804215679428,4.05752630194276e-11,0.0700095993829237,1.61455684220196,2.06979092621779e-09
ENSG00000257093,DENND11,DENN domain containing 11,57189.0,61,228,60,74,2.19301197982172,8.25064734580245,1.40518385439998,1.83210052046181,1.8811750437346,0.325342921823425,2.14381189360997e-09,0.829421310872565,4.21825689604061e-11,0.315992884154938,1.1032589827790125,2.14381189360997e-09
ENSG00000137842,TMEM62,transmembrane protein 62,80021.0,26,130,137,113,1.45132721692111,7.30427898457276,4.98176561230884,4.34387024944757,2.29760986587083,-0.25420566425468,2.47488948405933e-09,0.87004413345428,4.90577131368706e-11,0.37606519037085,1.021702100808075,2.47488948405933e-09
ENSG00000121957,GPSM2,G protein signaling modulator 2,29899.0,184,46,224,206,5.33908421416041,1.34353439278455,4.23416422119105,4.1164474696846,-2.0158722614703,-0.0974059559297858,2.58453611033636e-09,1.0,5.14194984784891e-11,0.724222407954322,-1.0566391087000429,2.58453611033636e-09
ENSG00000250254,PTTG2,pituitary tumor-transforming 2,10744.0,159,37,88,93,57.6234787156533,13.4972745264542,20.7757041593813,23.2108853547773,-2.11849794256896,0.102976628715887,2.61423702991112e-09,1.0,5.22009143124651e-11,0.746932139423738,-1.0077606569265365,2.61423702991112e-09
ENSG00000069956,MAPK6,mitogen-activated protein kinase 6,5597.0,89,305,71,99,3.6996940727358,12.7619681088952,1.9226706089184,2.83411462375694,1.75667590902281,0.502248659194664,2.6357007248773e-09,0.566354702405706,5.28215784390947e-11,0.101117208285292,1.129462284108737,2.6357007248773e-09
ENSG00000105640,RPL18A,ribosomal protein L18a,6142.0,243,711,484,427,18.4300881992154,54.2791139008043,23.9131745126804,22.3025963508711,1.52957195006303,-0.157335947168016,2.66190266889803e-09,0.931835911002734,5.35406745821203e-11,0.490801956499614,0.686118001447507,2.66190266889803e-09
ENSG00000107485,GATA3,GATA binding protein 3,2625.0,18,106,41,44,1.40418571041878,8.3233837420561,2.08356297971149,2.36380218521175,2.53094823817293,0.124903667527142,2.67279465701626e-09,1.0,5.39545343239691e-11,0.856069233351672,1.327925952850036,2.67279465701626e-09
ENSG00000275993,LOC102724428,salt inducible kinase 1B (putative),102724428.0,23,26,18,113,1.25685434393782,1.43011996950422,0.64076731578425,4.25247693974385,0.15723418390052,2.66516306036948,0.893329818887954,2.67331215395917e-09,0.798396617457517,3.70156908068972e-12,1.411198622135,2.67331215395917e-09
ENSG00000181915,ADO,2-aminoethanethiol dioxygenase,84890.0,11,83,37,33,0.775040800803841,5.88642996940453,1.69826060928067,1.60122451216339,2.88275763178616,-0.141162336094047,2.74374213324914e-09,1.0,5.55866719897435e-11,0.758080537276232,1.3707976478460566,2.74374213324914e-09
ENSG00000112983,BRD8,bromodomain containing 8,10902.0,1095,402,1321,1159,41.170980118566,15.2140608314969,32.3556877809633,30.0100647179405,-1.4642150869149,-0.165341439499935,2.96097895655996e-09,0.900489978071345,6.02035511499948e-11,0.439612396966279,-0.8147782632074175,2.96097895655996e-09
ENSG00000180539,LINC02908,long intergenic non-protein coding RNA 2908,401563.0,363,115,396,583,19.2719564255993,6.14552555416983,13.6957272208988,21.3154322500948,-1.67609110660868,0.581234972614888,2.9646002905043e-09,0.175684135009017,6.04932284901038e-11,0.010257921559375,-0.5474280669968961,2.9646002905043e-09
ENSG00000177954,RPS27,ribosomal protein S27,6232.0,1176,3129,2163,2258,303.063708114821,811.660072749087,363.123087180738,400.73470717569,1.39287979465382,0.0853987389848608,3.02726036108394e-09,1.0,6.24139471195617e-11,0.684929207037012,0.7391392668193404,3.02726036108394e-09
ENSG00000124102,PI3,peptidase inhibitor 3,5266.0,2187,5758,2766,3712,1051.51848043328,2786.64596138468,866.34532095043,1229.08665584369,1.37772469966246,0.447769765687681,3.02726036108394e-09,0.324323140165236,6.23096001156084e-11,0.031363999927071,0.9127472326750705,3.02726036108394e-09
ENSG00000065675,PRKCQ,protein kinase C theta,5588.0,26,129,27,27,2.09043974856073,10.4398924707387,1.41416082560943,1.49497689313309,2.28648012151239,0.0232839552716458,3.06847885197333e-09,1.0,6.35073600029461e-11,1.0,1.154882038392018,3.06847885197333e-09
ENSG00000152492,CCDC50,coiled-coil domain containing 50,152137.0,13,89,14,17,0.375040780328193,2.58444417980518,0.263107912307214,0.337746200381745,2.74477619873369,0.301056000197302,3.09288983596638e-09,1.0,6.42379830382173e-11,0.739034578806926,1.522916099465496,3.09288983596638e-09
ENSG00000142937,RPS8,ribosomal protein S8,6202.0,465,1284,887,962,44.2967322456094,123.119195502571,55.0443931623287,63.110296137605,1.44625922833869,0.14047552248229,3.25871895147818e-09,0.937656599494775,6.79196633233318e-11,0.518382677709048,0.79336737541049,3.25871895147818e-09
ENSG00000215030,RPL13P12,ribosomal protein L13 pseudogene 12,388344.0,17,102,17,13,7.08127615600079,42.7666064610522,4.61298734256418,3.72917162924273,2.55740099800261,-0.360591574397502,3.46172634925817e-09,0.975677428434982,7.2403109039287e-11,0.610545661750914,1.098404711802554,3.46172634925817e-09
ENSG00000205517,RGL3,ral guanine nucleotide dissociation stimulator like 3,57139.0,132,28,72,125,8.02428658381582,1.71329654693738,2.85125281957048,5.23297815731981,-2.25076716870806,0.818158545637364,3.64174626366869e-09,0.123591129737034,7.64336775933962e-11,0.0058273911193602,-0.716304311535348,3.64174626366869e-09
ENSG00000113303,BTNL8,butyrophilin like 8,79908.0,831,300,1138,1191,56.1037319191838,20.387031322502,50.0499583701054,55.3743826752972,-1.48833610872563,0.0890550415012479,3.8279919620309e-09,1.0,8.06216059631928e-11,0.679968842973139,-0.699640533612191,3.8279919620309e-09
ENSG00000223361,FTH1P10,ferritin heavy chain 1 pseudogene 10,2502.0,120,382,237,321,34.1836177246034,109.532285187914,43.9800637646669,62.9721061323141,1.65068162483605,0.460868242564869,4.03922048014103e-09,0.435145988000283,8.53646654453359e-11,0.0552098210981265,1.0557749337004596,4.03922048014103e-09
ENSG00000231389,HLA-DPA1,"major histocompatibility complex, class II, DP alpha 1",3113.0,66,239,59,197,3.04191379021132,11.0877359704071,1.77143699130519,6.25281531731545,1.83568050225629,1.76063017779498,4.47900770310936e-09,6.00884147789551e-07,9.49855153479685e-11,1.4888544690894e-09,1.7981553400256352,4.47900770310936e-09
ENSG00000234290,,,,1467,3842,524,941,104.193591371434,274.669389914468,24.244482159475,46.0263914205541,1.37007429623063,0.867862835284093,4.8219243065041e-09,0.0061011239375812,1.02960488398608e-10,8.26999746676949e-05,1.1189685657573616,4.8219243065041e-09
ENSG00000121742,GJB6,gap junction protein beta 6,10804.0,65,73,86,302,5.26605425956238,5.95301314617057,4.5388011456897,16.8494343253801,0.148347959448385,1.83401152047025,0.775309528632287,5.02905876912959e-09,0.647108295541873,7.9548268655198e-12,0.9911797399593175,5.02905876912959e-09
ENSG00000177575,CD163,CD163 molecule,9332.0,25,43,16,104,1.13935591504248,1.9725583858641,0.475018054845965,3.26406765002357,0.760635553379732,2.71423247764554,0.160998551706796,5.02905876912959e-09,0.0735416792084386,8.06291305355276e-12,1.737434015512636,5.02905876912959e-09
ENSG00000173846,PLK3,polo like kinase 3,1263.0,1615,4217,1636,2625,128.599550750096,337.996757745067,84.8635032088378,143.947007815328,1.36577549465699,0.70549344500677,5.09114575744636e-09,0.033024959705156,1.09080079630464e-10,0.0007921393103945,1.03563446983188,5.09114575744636e-09
ENSG00000167261,DPEP2,dipeptidase 2,64174.0,6900,2732,10516,10928,522.5754596407,208.268037168618,518.825399940159,569.963462438664,-1.35543787910843,0.0788341713364307,5.16960854646165e-09,1.0,1.11137918758649e-10,0.701392679070758,-0.6383018538859997,5.16960854646165e-09
ENSG00000241878,PISD,phosphatidylserine decarboxylase,23761.0,5226,2064,8055,7688,276.786843917038,110.034212526458,277.915209165856,280.411501012719,-1.35904997001141,-0.0438838067602039,5.31962354759311e-09,1.0,1.14750660988745e-10,0.83166283502414,-0.701466888385807,5.31962354759311e-09
ENSG00000105373,NOP53,NOP53 ribosome biogenesis factor,29997.0,220,639,378,397,10.9616453301578,32.0476310395392,12.2691816598388,13.622285600769,1.51894283365127,0.094114148992713,5.4978549263581e-09,1.0,1.19396645390957e-10,0.696509907379906,0.8065284913219916,5.4978549263581e-09
ENSG00000140995,DEF8,differentially expressed in FDCP 8 homolog,54849.0,5209,2061,6101,7023,210.203214263185,83.7153303805406,160.38241614768,195.170454226741,-1.35644773220425,0.226429125238994,5.70579922571432e-09,0.795223796737344,1.24328375491079e-10,0.27201530588153,-0.565009303482628,5.70579922571432e-09
ENSG00000115523,GNLY,granulysin,10578.0,59,216,40,138,5.12306103067025,18.8787518370496,2.26260238677449,8.25207209629568,1.85121166852514,1.80674589734841,5.84371174738316e-09,7.24587974303698e-06,1.27759329850966e-10,2.58743701653412e-08,1.8289787829367752,5.84371174738316e-09
ENSG00000055044,NOP58,NOP58 ribonucleoprotein,51602.0,16,97,32,29,1.29467580875102,7.90050392814221,1.68679288504557,1.61601526079021,2.57178920349814,-0.118142359735504,6.07704920161765e-09,1.0,1.33746455246213e-10,0.82301920211732,1.226823421881318,6.07704920161765e-09
ENSG00000023330,ALAS1,5'-aminolevulinate synthase 1,211.0,457,155,599,566,47.7404684842722,16.2983703877131,40.7631775369414,40.7186449407995,-1.57798681962857,-0.0583496741105473,6.14092154040447e-09,1.0,1.35599710446185e-10,0.805349102788551,-0.8181682468695587,6.14092154040447e-09
ENSG00000120708,TGFBI,transforming growth factor beta induced,7045.0,36,51,23,125,1.23587266362114,1.76231448161392,0.514363085678134,2.955205236439,0.482247500717541,2.45916164515341,0.351372429941331,6.1484992945536e-09,0.209717257048499,1.03057487082592e-11,1.4707045729354755,6.1484992945536e-09
ENSG00000171497,PPID,peptidylprolyl isomerase D,5481.0,265,80,497,381,27.9032610897871,8.47893067403261,34.0907227879406,27.6274291461288,-1.74516869720285,-0.359959439509937,6.19761478971404e-09,0.597901634814915,1.37303228106185e-10,0.115367478723394,-1.0525640683563935,6.19761478971404e-09
ENSG00000228340,MIR646HG,MIR646 host gene,284757.0,413,138,360,422,4.35008009033176,1.46308074977612,2.4701335455805,3.06101925497808,-1.59943200201017,0.252556744952615,6.43133702768885e-09,0.802473156664851,1.42949846483392e-10,0.279475580435566,-0.6734376285287775,6.43133702768885e-09
ENSG00000196562,SULF2,sulfatase 2,55959.0,5508,2193,6336,5587,219.197249483273,87.8459631588446,164.258203592693,153.118000527846,-1.34741198123236,-0.158103442929656,7.04034141923026e-09,0.903031083872557,1.580254450607e-10,0.443583788204946,-0.752757712081008,7.04034141923026e-09
ENSG00000131480,AOC2,amine oxidase copper containing 2,314.0,762,278,1468,1049,75.4095459367372,27.6922445932516,94.6385639414261,71.4913094696156,-1.47312790594045,-0.461398867731836,7.06599874290164e-09,0.320653357224675,1.59116281267789e-10,0.030495017576024,-0.9672633868361431,7.06599874290164e-09
ENSG00000169442,CD52,CD52 molecule,1043.0,235,672,415,431,66.6562246048544,191.859863423206,76.6816903386062,84.1892283249464,1.49646890784962,0.0779452422139314,7.25883430462936e-09,1.0,1.63987657370289e-10,0.741389809085198,0.7872070750317757,7.25883430462936e-09
ENSG00000131797,CLUHP3,clustered mitochondria homolog pseudogene 3,,36,153,58,38,1.52962780195098,6.54359944889235,1.60539532140674,1.11191931325073,2.06484116048607,-0.585093223003704,7.29908851722342e-09,0.586654187927828,1.65428984758525e-10,0.109917498700076,0.739873968741183,7.29908851722342e-09
ENSG00000169100,SLC25A6,solute carrier family 25 member 6,293.0,163,486,321,373,27.8058307086963,83.4500397124187,35.6717186435564,43.8191058131652,1.55651959368798,0.23990731951596,7.33970058373492e-09,0.822273495872642,1.66884315852303e-10,0.306092585024662,0.89821345660197,7.33970058373492e-09
ENSG00000196371,FUT4,fucosyltransferase 4,2526.0,69,243,71,58,3.01694827170023,10.694661798431,2.0223105777582,1.7464380141367,1.79560117184947,-0.267851893952182,7.56279006152674e-09,0.907462305123153,1.72507891652665e-10,0.448043806821845,0.7638746389486439,7.56279006152674e-09
ENSG00000150681,RGS18,regulator of G protein signaling 18,64407.0,2337,917,5150,4435,221.037178980216,87.3007472379024,317.31059793424,288.87279948754,-1.36838229972536,-0.192241547091612,7.64631593983287e-09,0.856586723804079,1.7497035454799e-10,0.352594842800682,-0.7803119234084861,7.64631593983287e-09
ENSG00000115507,OTX1,orthodenticle homeobox 1,5013.0,175,45,181,256,9.59270257376235,2.48288984821532,6.46326908054451,9.66383052391067,-1.97519287170051,0.523240358979883,7.68051079465205e-09,0.347119902421674,1.76312556501632e-10,0.0357187947980909,-0.7259762563603136,7.68051079465205e-09
ENSG00000205336,ADGRG1,adhesion G protein-coupled receptor G1,9289.0,14,89,17,50,0.428331507462695,2.74084200290461,0.338822029087749,1.05348510495899,2.6388364024172,1.57270355910698,7.84376478648174e-09,0.0249089802628197,1.80631808229721e-10,0.0005246097723331,2.1057699807620898,7.84376478648174e-09
ENSG00000130150,MOSPD2,motile sperm domain containing 2,158747.0,1453,558,2346,1987,67.8176838076688,26.2152223910616,71.3306330306858,63.867749788125,-1.39933519032719,-0.216206863015277,8.01186627405306e-09,0.817777295112697,1.85086839300016e-10,0.302521324522249,-0.8077710266712335,8.01186627405306e-09
ENSG00000123240,OPTN,optineurin,10133.0,24,119,65,33,1.23747623526202,6.17610393034269,2.18328139515952,1.17177971306624,2.28509458332123,-0.951965847152063,8.45379221815061e-09,0.168006846575543,1.96282802065982e-10,0.0095284689837569,0.6665643680845834,8.45379221815061e-09
ENSG00000163811,WDR43,WD repeat domain 43,23160.0,9,73,20,31,0.581113169946646,4.74441944625342,0.841238104076161,1.37843506331483,2.98377392431445,0.652357190059902,8.45379221815061e-09,0.739859120739486,1.96528182305061e-10,0.210671485717883,1.818065557187176,8.45379221815061e-09
ENSG00000167106,EEIG1,estrogen-induced osteoclastogenesis regulator 1,399665.0,106,338,171,219,4.27230213916959,13.7124419531468,4.48975802460967,6.07864271328446,1.6529672379257,0.380080083543336,8.70298397529298e-09,0.643269319798476,2.03589699465752e-10,0.140682934609767,1.016523660734518,8.70298397529298e-09
ENSG00000188215,DCUN1D3,defective in cullin neddylation 1 domain containing 3,123879.0,282,787,285,271,12.0071193405852,33.7292325542562,7.90506254574076,7.94630845053234,1.46142444371394,-0.0492551642313248,8.91052106005044e-09,1.0,2.0909399368432e-10,0.844552119872782,0.7060846397413076,8.91052106005044e-09
ENSG00000172349,IL16,interleukin 16,3603.0,6796,2731,10978,10657,148.86860938789,60.2162172685735,156.654804665813,160.764863604369,-1.33405591227792,-0.0194219017730455,9.03866853027234e-09,1.0,2.12759797061505e-10,0.925120422990107,-0.6767389070254828,9.03866853027234e-09
ENSG00000169567,HINT1,histidine triad nucleotide binding protein 1,3094.0,149,447,197,188,22.0276409416774,66.5167852986337,18.9722429794036,19.1401782866284,1.56532712992156,-0.0440426117035189,9.59336151958328e-09,1.0,2.26515750790335e-10,0.905242306879765,0.7606422591090206,9.59336151958328e-09
ENSG00000167460,TPM4,tropomyosin 4,7171.0,2571,6528,3128,3218,55.0397680054266,140.668440354802,43.6226449112105,47.4424345401483,1.32543009482476,0.0643130284182432,1.19148611028261e-08,1.0,2.82198648769748e-10,0.758252868438349,0.6948715616215015,1.19148611028261e-08
ENSG00000171940,ZNF217,zinc finger protein 217,7764.0,3765,1511,6558,5458,161.371175486454,65.1879696835739,183.106232108385,161.101996521981,-1.33591314001256,-0.241486706944168,1.19546521746897e-08,0.770327310785542,2.84012287490806e-10,0.241786891674197,-0.7886999234783639,1.19546521746897e-08
ENSG00000088205,DDX18,DEAD-box helicase 18,8886.0,147,439,179,193,4.98766476597778,14.9929278045037,3.95643179715282,4.509658330177,1.55876046611465,0.131944245910111,1.23470976160383e-08,0.981876444361395,2.95135404318652e-10,0.624877399577383,0.8453523560123805,1.23470976160383e-08
ENSG00000135525,MAP7,microtubule associated protein 7,9053.0,143,34,308,265,6.95502007403924,1.66449799334369,9.75851644791209,8.87594563546015,-2.08717148619042,-0.193461535621726,1.23470976160383e-08,0.890436555338457,2.95065785551749e-10,0.419598256138725,-1.140316510906073,1.23470976160383e-08
ENSG00000166130,IKBIP,IKBKB interacting protein,121457.0,898,338,2314,2003,57.1465019347532,21.6507040494917,95.9284441932581,87.7810301717575,-1.42819424383773,-0.184823956172758,1.27432192213734e-08,0.87004413345428,3.05532657326327e-10,0.378343692093577,-0.806509100005244,1.27432192213734e-08
ENSG00000122861,PLAU,"plasminogen activator, urokinase",5328.0,56,203,29,78,5.03075282891756,18.35620924,1.69712441996796,4.82554050091225,1.83683966944767,1.4468490758597,1.28062215724698e-08,0.0070513974814194,3.08009465926031e-10,9.76363155130231e-05,1.641844372653685,1.28062215724698e-08
ENSG00000142046,TMEM91,transmembrane protein 91,641649.0,1002,381,1050,1095,106.736181520068,40.8517743687423,72.8624836766328,80.3275403184937,-1.41356153403468,0.0839235064179578,1.28062215724698e-08,1.0,3.08909731853046e-10,0.699054328386287,-0.6648190138083612,1.28062215724698e-08
ENSG00000109452,INPP4B,inositol polyphosphate-4-phosphatase type II B,8821.0,36,150,54,31,0.673866271826776,2.82621037622757,0.658469571169796,0.399612736860082,2.03629571596234,-0.774903515202201,1.33272975857416e-08,0.386308795120376,3.22450284103354e-10,0.0443402093218621,0.6306961003800695,1.33272975857416e-08
ENSG00000100335,MIEF1,mitochondrial elongation factor 1,54471.0,64,226,105,99,2.24421897966953,7.97692859719677,2.39853073333932,2.39070979446764,1.79934577149282,-0.0614218409432627,1.33432095856693e-08,1.0,3.23807665939942e-10,0.882678531925508,0.8689619652747786,1.33432095856693e-08
ENSG00000270069,MIR222HG,miR222/221 cluster host gene,,5,58,20,28,0.475624842667283,5.55347125404053,1.23935365925475,1.83425185398576,3.48494544865987,0.506131438865887,1.37444546225269e-08,0.865297405333466,3.35548192577357e-10,0.364481781287526,1.9955384437628785,1.37444546225269e-08
ENSG00000101445,PPP1R16B,protein phosphatase 1 regulatory subunit 16B,26051.0,107,336,74,65,4.42365246537569,13.982296538489,1.99296500964273,1.85061887968038,1.63087766567429,-0.163399154518849,1.39291638588719e-08,1.0,3.41072661170453e-10,0.696270610373186,0.7337392555777205,1.39291638588719e-08
ENSG00000112137,PHACTR1,phosphatase and actin regulator 1,221692.0,1207,1700,548,1491,28.5552872031052,40.482767323375,8.44560085587346,24.2920023897933,0.475227938921975,1.46721246153719,0.0708197287358264,1.4027414819398e-08,0.0250774713545679,2.45341754602502e-11,0.9712202002295824,1.4027414819398e-08
ENSG00000181350,LRRC75A,leucine rich repeat containing 75A,388341.0,106,21,90,206,7.51856545134183,1.49930649629581,4.15855414581264,10.0624271481179,-2.34751395057384,1.21688866932232,1.5958713626287e-08,0.0009683937186429,3.91931678476804e-10,8.32753671475541e-06,-0.5653126406257599,1.5958713626287e-08
ENSG00000135241,PNPLA8,patatin like phospholipase domain containing 8,50640.0,529,1393,668,569,24.7037346670973,65.4787028009462,20.3214239432783,18.2989267092011,1.37780781878861,-0.207985496514516,1.61039879421045e-08,0.856586723804079,3.96673074218869e-10,0.35067200217141,0.584911161137047,1.61039879421045e-08
ENSG00000176978,DPP7,dipeptidyl peptidase 7,29952.0,70,240,93,111,6.5691153438177,22.6705521528863,5.68541966906266,7.17361781896017,1.75696706286611,0.278305887751625,1.62044265387062e-08,0.856586723804079,4.01508892520049e-10,0.34937513007465,1.0176364753088676,1.62044265387062e-08
ENSG00000183741,CBX6,chromobox 6,23466.0,987,2527,638,765,32.713504051035,84.3057435540684,13.7753081594747,17.4613475684662,1.33735452040176,0.285243954281522,1.62044265387062e-08,0.715061879530248,4.00637973318152e-10,0.196300477329358,0.811299237341641,1.62044265387062e-08
ENSG00000104885,DOT1L,DOT1 like histone lysine methyltransferase,84444.0,104,327,92,89,2.39832833269763,7.59040693692135,1.3820821490871,1.41342156967575,1.6327009566531,-0.0244030662846036,1.62045297367038e-08,1.0,4.02692365560123e-10,1.0,0.8041489451842483,1.62045297367038e-08
ENSG00000115525,ST3GAL5,"ST3 beta-galactoside alpha-2,3-sialyltransferase 5",8869.0,6,61,38,31,0.0975176824658932,0.997938929545881,0.402333735456842,0.346976629741149,3.30035284880742,-0.269357068292628,1.68046893356032e-08,0.941636472443587,4.20032501168233e-10,0.533950837493336,1.5154978902573961,1.68046893356032e-08
ENSG00000135838,NPL,N-acetylneuraminate pyruvate lyase,80896.0,2826,1138,4250,4333,150.486935396061,60.997342053607,147.430148234714,158.899210294666,-1.33100428385661,0.0512936502006407,1.68046893356032e-08,1.0,4.20056000736912e-10,0.805229398910737,-0.6398553168279847,1.68046893356032e-08
ENSG00000103365,GGA2,"golgi associated, gamma adaptin ear containing, ARF binding protein 2",23062.0,67,232,74,103,2.15646258091366,7.5161790511495,1.55156357450985,2.28302547674768,1.77116296118652,0.499719864337415,1.68689056388046e-08,0.563782310002742,4.22890507196384e-10,0.0996335885262098,1.1354414127619674,1.68689056388046e-08
ENSG00000162909,CAPN2,calpain 2,824.0,103,324,155,194,3.17845927183048,10.0639030614161,3.11588812381361,4.12275536313323,1.63333175766013,0.346929507922545,1.69512612402216e-08,0.711683165821761,4.26190433455507e-10,0.185875152513435,0.9901306327913375,1.69512612402216e-08
ENSG00000183044,ABAT,4-aminobutyrate aminotransferase,18.0,1054,406,553,509,28.7479544304976,11.1463937092062,9.82567058265491,9.5607184384526,-1.39488566905617,-0.0961994064435299,1.73296750203933e-08,0.998601552378329,4.3823037691856e-10,0.669296850359311,-0.7455425377498499,1.73296750203933e-08
ENSG00000160593,JAML,junction adhesion molecule like,120425.0,37510,15460,43689,36959,1155.22705552041,479.260664442701,876.522609994298,783.875171247614,-1.29756745369295,-0.217951934359087,1.75318885003853e-08,0.806721456397718,4.44621571063555e-10,0.286917608483508,-0.7577596940260185,1.75318885003853e-08
ENSG00000233927,RPS28,ribosomal protein S28,6234.0,347,933,727,645,43.3828664303397,117.411982505209,59.2098432544786,55.533480442442,1.40778026254274,-0.149237201302093,1.80788932362673e-08,0.932843177738853,4.5981152451955e-10,0.500263063311345,0.6292715306203235,1.80788932362673e-08
ENSG00000131378,RFTN1,"raftlin, lipid raft linker 1",23180.0,14,86,31,40,0.777714934602531,4.80875734830279,1.12182426265212,1.53023737032332,2.58943876886112,0.389735899044829,1.90786956366651e-08,0.887844422566207,4.86630481914648e-10,0.415057299442112,1.4895873339529746,1.90786956366651e-08
ENSG00000165272,AQP3,aquaporin 3 (Gill blood group),360.0,49,182,143,131,4.4593709484432,16.672123423255,8.4778219094212,8.21022813894213,1.87159061900812,-0.102962535241698,2.00268590691912e-08,1.0,5.13733740879997e-10,0.724275327046197,0.8843140418832109,2.00268590691912e-08
ENSG00000071967,CYBRD1,cytochrome b reductase 1,79901.0,623,230,346,377,31.911649705881,11.85853538875,11.5453748994052,13.2986932578795,-1.45593634629154,0.147133291427363,2.02952005382355e-08,0.941636472443587,5.22096326337059e-10,0.533453381661661,-0.6544015274320885,2.02952005382355e-08
ENSG00000168297,PXK,PX domain containing serine/threonine kinase like,54899.0,962,370,955,1200,47.5921497564484,18.424850940874,30.7775718363995,40.883484700683,-1.39704682627258,0.352812218589746,2.04524441269176e-08,0.564028795458772,5.27631921070457e-10,0.100205474060827,-0.522117303841417,2.04524441269176e-08
ENSG00000111371,SLC38A1,solute carrier family 38 member 1,81539.0,266,729,259,291,7.03639819663205,19.4105708946659,4.46312723277755,5.3011265290812,1.43522868916857,0.191371608477828,2.17284588305122e-08,0.902400404338399,5.62134009971712e-10,0.441138999246405,0.813300148823199,2.17284588305122e-08
ENSG00000134463,ECHDC3,enoyl-CoA hydratase domain containing 3,79746.0,62,19,12,86,7.51726696415192,2.31880321476805,0.947807764125718,7.18080519039113,-1.71847315560556,2.8517015362872,0.0004415002811769,2.25686720617131e-08,4.84549936927924e-05,4.27623869410101e-11,0.56661419034082,2.25686720617131e-08
ENSG00000120738,EGR1,early growth response 1,1958.0,488,1276,267,441,41.2121269475455,108.467065264604,14.6888298414654,25.647805151504,1.36761096401889,0.747055484055323,2.29444490151456e-08,0.0506100720787799,5.95264819224008e-10,0.0014411145261804,1.0573332240371065,2.29444490151456e-08
ENSG00000204252,HLA-DOA,"major histocompatibility complex, class II, DO alpha",3111.0,9,70,9,45,0.598020400373988,4.68180734358736,0.38957109943843,2.05917099860946,2.92333875929537,2.32922961374375,2.34195664027082e-08,0.0010353703148401,6.09297857875443e-10,9.15959568931121e-06,2.62628418651956,2.34195664027082e-08
ENSG00000056558,TRAF1,TNF receptor associated factor 1,7185.0,64,222,77,115,3.78799695965221,13.2258816070215,2.96886947563545,4.68742030939047,1.77359713866834,0.601290761552373,2.35006931536103e-08,0.386017738319454,6.13121130228281e-10,0.0434277885176144,1.1874439501103566,2.35006931536103e-08
ENSG00000065911,MTHFD2,"methylenetetrahydrofolate dehydrogenase (NADP+ dependent) 2, methenyltetrahydrofolate cyclohydrolase",10797.0,68,232,83,107,3.73595324364704,12.8298775964354,2.97058062116376,4.04839338469875,1.74982856201961,0.389301378196681,2.39387470488445e-08,0.714131068269656,6.26294285857394e-10,0.193554126156887,1.0695649701081456,2.39387470488445e-08
ENSG00000161970,RPL26,ribosomal protein L26,6154.0,22,109,59,82,2.35392036431538,11.739175402713,4.11236665025131,6.04212000771302,2.28345682800325,0.497402408057915,2.48924556961166e-08,0.611725446613241,6.53059615989067e-10,0.120811540615208,1.3904296180305826,2.48924556961166e-08
ENSG00000275302,CCL4,C-C motif chemokine ligand 4,6351.0,65,224,101,181,9.59331333079052,33.2770868035794,9.71062936054244,18.39671400351,1.76420406958358,0.864215207772194,2.5374004637575e-08,0.0558028895933478,6.67542317021175e-10,0.0016592026639036,1.314209638677887,2.5374004637575e-08
ENSG00000163508,EOMES,eomesodermin,8320.0,12,79,25,22,0.869550450872024,5.76212450934566,1.18011485948594,1.09784904553872,2.68742136612987,-0.160178656542279,2.58315952830287e-08,1.0,6.81463160796996e-10,0.793446011747166,1.2636213547937956,2.58315952830287e-08
ENSG00000123737,EXOSC9,exosome component 9,5393.0,59,206,337,200,3.31786440343344,11.6604644784239,12.3454593517857,7.74538528876238,1.78286546262526,-0.729002106467345,2.61541436267866e-08,0.0806718385182927,6.93784308420806e-10,0.002884382987792,0.5269316780789575,2.61541436267866e-08
ENSG00000151835,SACS,sacsin molecular chaperone,26278.0,21,106,35,35,0.349502687817515,1.77573886091359,0.379463493956079,0.401148967627084,2.30996866603591,0.023308506153789,2.61541436267866e-08,1.0,6.93237543090484e-10,1.0,1.1666385860948496,2.61541436267866e-08
ENSG00000105372,RPS19,ribosomal protein S19,6223.0,382,1010,719,614,29.2402774555586,77.8182587099997,35.8523599768363,32.3662889317405,1.38358205353787,-0.204322895650297,2.75307513372784e-08,0.857145311595193,7.32307552696881e-10,0.357300042437291,0.5896295789437865,2.75307513372784e-08
ENSG00000124181,PLCG1,phospholipase C gamma 1,5335.0,114,346,122,156,3.13030952111185,9.5631405385179,2.18229266586333,2.94994173656514,1.58185253291588,0.377713423711405,2.92558472533778e-08,0.700438852050066,7.80326489923937e-10,0.174012246512074,0.9797829783136425,2.92558472533778e-08
ENSG00000143815,LBR,lamin B receptor,3930.0,5404,2239,8046,9128,250.725760757288,104.563405561217,243.183652587417,291.65246948375,-1.28996470661561,0.205415804051406,3.22360086367206e-08,0.830546712155719,8.6451327636738e-10,0.318034193761428,-0.5422744512821019,3.22360086367206e-08
ENSG00000132953,XPO4,exportin 4,64328.0,22,108,28,39,0.555076840194751,2.74281294546849,0.460213325469932,0.677643758913821,2.27017540668834,0.499540058438358,3.22360086367206e-08,0.810295331515593,8.6418889831981e-10,0.290234772948487,1.3848577325633489,3.22360086367206e-08
ENSG00000130255,RPL36,ribosomal protein L36,25873.0,148,429,282,309,17.2649095244915,50.373472743541,21.4300128438773,24.8237552167902,1.5157540165571,0.155237658933135,3.35490838156599e-08,0.942698019320462,9.02172564347653e-10,0.535239780536782,0.8354958377451175,3.35490838156599e-08
ENSG00000125637,PSD4,pleckstrin and Sec7 domain containing 4,23550.0,7492,3119,9271,10717,147.656851357212,61.8747158971193,119.029099290426,145.457284143717,-1.28307253945979,0.232493074286184,3.40163795458749e-08,0.778637941053786,9.17217638243239e-10,0.257999830441453,-0.525289732586803,3.40163795458749e-08
ENSG00000179222,MAGED1,MAGE family member D1,9500.0,10,72,26,27,0.440364091365819,3.19143793521932,0.745857700021915,0.818807989174459,2.81387065238511,0.0774739926761452,3.44155096735744e-08,1.0,9.32995889707745e-10,0.999999999999999,1.4456723225306276,3.44155096735744e-08
ENSG00000188322,SBK1,SH3 domain binding kinase 1,388228.0,10,72,23,18,0.505289027971918,3.66196654935713,0.757074181227954,0.626352452523815,2.81387065238511,-0.328224501377236,3.44155096735744e-08,0.958965625917634,9.32995889707745e-10,0.570099459950701,1.242823075503937,3.44155096735744e-08
ENSG00000181847,TIGIT,T cell immunoreceptor with Ig and ITIM domains,201633.0,14,84,30,31,0.608918490086927,3.67749779258896,0.850008194309101,0.92853703247098,2.55554161579019,0.0704088449872738,3.47474127848658e-08,1.0,9.44525941462975e-10,0.999999999999999,1.3129752303887319,3.47474127848658e-08
ENSG00000163293,NIPAL1,NIPA like domain containing 1,152519.0,135,33,31,28,5.97770517204853,1.47081032927373,0.894196875913081,0.853817719095828,-2.04709747374221,-0.122927942914572,3.71222806741876e-08,1.0,1.01178639936935e-09,0.819420660033036,-1.085012708328391,3.71222806741876e-08
ENSG00000172071,EIF2AK3,eukaryotic translation initiation factor 2 alpha kinase 3,9451.0,40,155,45,52,1.93763421002506,7.5576279581716,1.42002191759099,1.73468872276348,1.93205537367209,0.231379850756351,3.93126579134668e-08,0.981135110992987,1.07435116728976e-09,0.617618736962748,1.0817176122142205,3.93126579134668e-08
ENSG00000196735,HLA-DQA1,"major histocompatibility complex, class II, DQ alpha 1",3117.0,1,15,6,65,0.0384894722309569,0.581132579612798,0.150440212452034,1.72290654961381,3.73122360961417,3.43356035222884,0.0045019592453489,3.95945748621703e-08,0.0007946177883861,8.03798305652336e-11,3.5823919809215052,3.95945748621703e-08
ENSG00000213741,RPS29,ribosomal protein S29,6235.0,363,952,721,553,9.768111992254,25.7859396600108,12.6389210638835,10.2479157352635,1.37184973677726,-0.359256729615007,3.97453620326309e-08,0.578875314305279,1.08907273897896e-09,0.106445821344061,0.5062965035811264,3.97453620326309e-08
ENSG00000072858,SIDT1,SID1 transmembrane family member 1,54847.0,7,62,25,29,0.230082042377139,2.05124899767943,0.535297757603054,0.656431012881779,3.10555677135643,0.236417819821807,4.04028390718757e-08,1.0,1.1100328181094e-09,0.717749224778354,1.6709872955891185,4.04028390718757e-08
ENSG00000147403,RPL10,ribosomal protein L10,6134.0,1206,2997,2102,2222,66.2170327591722,165.634636681012,75.1840733267718,84.0181030382269,1.29436171708501,0.103481910026996,4.15913403463674e-08,0.981876444361395,1.15177884649611e-09,0.622720520551637,0.6989218135560029,4.15913403463674e-08
ENSG00000130766,SESN2,sestrin 2,83667.0,459,1186,543,610,35.1241115398167,91.352273385966,27.0684397454694,32.1461455201753,1.35046124324209,0.191207235787024,4.15913403463674e-08,0.882394574053731,1.1504974609704e-09,0.396312327641244,0.770834239514557,4.15913403463674e-08
ENSG00000171163,ZNF692,zinc finger protein 692,55657.0,603,227,561,740,40.6588423343098,15.4065558466582,24.6417353895996,34.3617936759558,-1.42780286092213,0.422833925824011,4.22875960859043e-08,0.435145988000283,1.17414182398554e-09,0.055136626102562,-0.5024844675490595,4.22875960859043e-08
ENSG00000145332,KLHL8,kelch like family member 8,57563.0,651,247,782,791,23.4518489699559,8.95643259661224,18.3515852181204,19.6236140096746,-1.41652646760773,0.0398944955454335,4.27286962077369e-08,1.0,1.19261701264854e-09,0.865671181281282,-0.6883159860311483,4.27286962077369e-08
ENSG00000130787,HIP1R,huntingtin interacting protein 1 related,9026.0,31,131,35,39,1.16128593867873,4.93958857897068,0.854114804410755,1.00611700630587,2.05600436580618,0.178905288206747,4.29284644959012e-08,1.0,1.20132126267498e-09,0.766175861464236,1.1174548270064637,4.29284644959012e-08
ENSG00000110400,NECTIN1,nectin cell adhesion molecule 1,5818.0,284,94,399,549,9.62493828986212,3.20663461067451,8.80893166476124,12.8132224909508,-1.61269873513896,0.483679370289472,4.34430259121982e-08,0.336091546520553,1.22016375802556e-09,0.0338258037211938,-0.564509682424744,4.34430259121982e-08
ENSG00000196405,EVL,Enah/Vasp-like,51466.0,267,717,485,416,6.74818269191334,18.2404998162278,7.98524122971226,7.24061257377866,1.40587618525864,-0.197954340468452,4.43030208144317e-08,0.874778101314445,1.24947304002223e-09,0.386081773773274,0.603960922395094,4.43030208144317e-08
ENSG00000180739,S1PR5,sphingosine-1-phosphate receptor 5,53637.0,11,74,10,18,1.03965515912324,7.03996266774031,0.615697456479574,1.17158969268012,2.71743711576859,0.86322579130361,4.84742435020672e-08,0.743518561420977,1.37064615061959e-09,0.214445823461829,1.7903314535361001,4.84742435020672e-08
ENSG00000182866,LCK,"LCK proto-oncogene, Src family tyrosine kinase",3932.0,110,331,199,198,8.72762327350238,26.4346344325085,10.2855404052691,10.8186957156053,1.56940869283203,0.0161136016686333,4.87237288866452e-08,1.0,1.38125131445161e-09,0.953731342776006,0.7927611472503318,4.87237288866452e-08
ENSG00000279447,,,,177,50,162,167,39.873620419834,11.3376857864934,23.7737751039952,25.9080832734909,-1.83997495329498,0.0671949697352425,5.14281380016505e-08,1.0,1.46166548758517e-09,0.839031514186086,-0.8863899917798688,5.14281380016505e-08
ENSG00000103994,ZNF106,zinc finger protein 106,64397.0,3526,1471,3188,2953,76.404272022851,32.0841113877177,45.0012293963114,44.0661583149014,-1.28000212271534,-0.087074976027076,5.24014501678517e-08,1.0,1.4931472828764e-09,0.676556290676855,-0.683538549371208,5.24014501678517e-08
ENSG00000167984,NLRC3,NLR family CARD domain containing 3,197358.0,64,216,78,98,2.53476968028155,8.61101388172198,2.0124442771708,2.67295110580448,1.73409147344195,0.352194601396444,5.60081815670261e-08,0.778637941053786,1.60000052283007e-09,0.248068681744642,1.043143037419197,5.60081815670261e-08
ENSG00000092200,RPGRIP1,RPGR interacting protein 1,57096.0,705,272,669,716,34.1445596604757,13.259993520648,21.1071330945648,23.880962731515,-1.39244300720883,0.121323207757796,5.86257534269552e-08,0.969139994873095,1.6833221724399e-09,0.586981537017424,-0.6355598997255171,5.86257534269552e-08
ENSG00000135486,HNRNPA1,heterogeneous nuclear ribonucleoprotein A1,3178.0,762,1904,1068,1095,39.6370222801189,99.6907818389185,36.1899542216194,39.2253274635959,1.3021913331101,0.05940410505597,5.97728885637586e-08,1.0,1.72061587105995e-09,0.785646417416489,0.680797719083035,5.97728885637586e-08
ENSG00000154358,OBSCN,"obscurin, cytoskeletal calmodulin and titin-interacting RhoGEF",84033.0,15,85,13,33,0.100479040190274,0.573119457492166,0.0567281084645862,0.152231514468996,2.47389995824386,1.35883926314831,6.10251368008397e-08,0.175684135009017,1.76111020063639e-09,0.0103063907481232,1.916369610696085,6.10251368008397e-08
ENSG00000197771,MCMBP,minichromosome maintenance complex binding protein,79892.0,1025,409,1680,1411,45.2576855499698,18.1774848677692,48.3223991743429,42.9044064537936,-1.34402168298506,-0.228332939440422,6.15986252401362e-08,0.802473156664851,1.7821494111889e-09,0.28095736533056,-0.786177311212741,6.15986252401362e-08
ENSG00000204946,ZNF783,zinc finger protein 783,100289678.0,14,82,35,39,0.551676710266172,3.25246382794328,0.898453056194089,1.05834589745577,2.52082882235582,0.178905288206747,6.31644002817811e-08,1.0,1.83665615161279e-09,0.766175861464236,1.3498670552812837,6.31644002817811e-08
ENSG00000159733,ZFYVE28,zinc finger FYVE-type containing 28,57732.0,10,70,13,16,0.275273313970986,1.93956420187893,0.233119281137356,0.303312635871651,2.7733005699441,0.3201714376482,6.67850898030098e-08,1.0,1.95167038412818e-09,0.729434832130327,1.54673600379615,6.67850898030098e-08
ENSG00000168152,THAP9,THAP domain containing 9,79725.0,10,70,21,21,0.611549024389835,4.30894872550388,0.836606633904828,0.884416795940156,2.7733005699441,0.0232533393046869,6.67850898030098e-08,1.0,1.95167038412818e-09,1.0,1.3982769546243934,6.67850898030098e-08
ENSG00000132182,NUP210,nucleoporin 210,23225.0,130,376,179,207,4.20256191062086,12.2349055529677,3.7695935902586,4.6083719278459,1.51248674263922,0.232911522012728,6.74337170617668e-08,0.87004413345428,1.97553959035346e-09,0.37351795813976,0.872699132325974,6.74337170617668e-08
ENSG00000136404,TM6SF1,transmembrane 6 superfamily member 1,53346.0,566,214,976,891,60.0746951718642,22.862879453302,67.4832039751583,65.1267277543377,-1.42149928374692,-0.108049480796296,6.85724509235689e-08,0.981135110992987,2.01389722505453e-09,0.619530599413199,-0.764774382271608,6.85724509235689e-08
ENSG00000160271,RALGDS,ral guanine nucleotide dissociation stimulator,5900.0,65,217,38,65,2.25156870146038,7.56612633689025,0.857484294972088,1.55057083956484,1.71842650479655,0.795805084458694,6.86208092382736e-08,0.350853762949113,2.02298919031476e-09,0.0362564229603442,1.257115794627622,6.86208092382736e-08
ENSG00000156711,MAPK13,mitogen-activated protein kinase 13,5603.0,4914,2076,4179,4137,185.077026672581,78.702172233967,102.532244480675,107.302364418896,-1.26187991503119,0.0088186827942188,6.86208092382736e-08,1.0,2.02531903086291e-09,0.967309566851588,-0.6265306161184856,6.86208092382736e-08
ENSG00000185101,ANO9,anoctamin 9,338440.0,25,113,33,51,1.06703333883388,4.85465567519104,0.917535025405254,1.49904463900704,2.15194008910887,0.649427502819063,6.88690081339259e-08,0.605823827131207,2.03766340929703e-09,0.118541443603852,1.4006837959639664,6.88690081339259e-08
ENSG00000100316,RPL3,ribosomal protein L3,6122.0,1296,3171,2242,2455,72.8960204725938,179.53001577779,82.1495442439162,95.0947901105178,1.27195169188304,0.154320269508521,6.94910890140707e-08,0.913225093548511,2.06113345202789e-09,0.461289373646119,0.7131359806957805,6.94910890140707e-08
ENSG00000185115,NSMCE3,"NSE3 homolog, SMC5-SMC6 complex component",56160.0,17,91,35,31,0.931669763180907,5.01991635137518,1.24954486900969,1.16998739445195,2.39298512593641,-0.15112123110046,7.24976197506581e-08,1.0,2.16666650194741e-09,0.749302657243887,1.120931947417975,7.24976197506581e-08
ENSG00000248712,CCDC153,coiled-coil domain containing 153,283152.0,142,37,160,281,14.7179465203154,3.86013602458453,10.803129705867,20.0572600485056,-1.95549689247477,0.835390604011429,7.24976197506581e-08,0.03717437007329,2.18200823181911e-09,0.0009389745005042,-0.5600531442316705,7.24976197506581e-08
ENSG00000136942,RPL35,ribosomal protein L35,11224.0,125,363,227,277,21.5735372447619,63.0608730947832,25.5216021697902,32.9228576430443,1.51826936771823,0.31043038742697,7.24976197506581e-08,0.73688640709008,2.17944423644858e-09,0.207930634619792,0.9143498775726,7.24976197506581e-08
ENSG00000229807,XIST,X inactive specific transcript,7503.0,696,1736,485,603,7.29780867594835,18.3220879362105,3.31280371130547,4.35418578079273,1.29961542723477,0.337486820726707,7.24976197506581e-08,0.628161311574139,2.17505782405098e-09,0.131961985849946,0.8185511239807385,7.24976197506581e-08
ENSG00000002919,SNX11,sorting nexin 11,29916.0,1253,508,2599,2036,92.0545107651672,37.5664125919993,124.38586032616,103.009715133322,-1.32111119691831,-0.328809417863879,7.26739983613353e-08,0.600140101091392,2.19261298073115e-09,0.116145037656673,-0.8249603073910945,7.26739983613353e-08
ENSG00000198355,PIM3,"Pim-3 proto-oncogene, serine/threonine kinase",415116.0,2835,6849,2735,2547,341.700095965284,830.923826234683,214.743535912238,211.410908127572,1.25366845849582,-0.0793463661783556,7.33428735323587e-08,1.0,2.21813820987676e-09,0.704981176291683,0.5871610461587322,7.33428735323587e-08
ENSG00000271614,ATP2B1-AS1,ATP2B1 antisense RNA 1,338758.0,230,617,176,165,16.7765139300952,45.3002979360867,8.36290734609458,8.28827665987656,1.40431256842249,-0.0696665503389196,7.66617361306017e-08,1.0,2.32409869044821e-09,0.792489486140989,0.6673230090417852,7.66617361306017e-08
ENSG00000198805,PNP,purine nucleoside phosphorylase,4860.0,36,141,55,40,2.3042351643306,9.08417350264893,2.29328336260385,1.76315583935055,1.94710555120902,-0.434876565287298,7.8994751609633e-08,0.765500103325022,2.4063406334956e-09,0.236589851202552,0.756114492960861,7.8994751609633e-08
ENSG00000213763,ACTBP2,ACTB pseudogene 2,,33,133,61,61,7.78491561270466,31.5815629295435,9.37433643822324,9.91005839633542,1.98799408193823,0.0233439141489276,8.43598356995107e-08,1.0,2.57591977540409e-09,1.0,1.005668998043579,8.43598356995107e-08
ENSG00000136111,TBC1D4,TBC1 domain family member 4,9882.0,28,120,40,38,0.923536484840506,3.98399954728574,0.859462136709285,0.863149516697998,2.075823622405,-0.0504470869704249,8.45999148583241e-08,1.0,2.58941584612273e-09,0.923644361254139,1.0126882677172877,8.45999148583241e-08
ENSG00000186468,RPS23,ribosomal protein S23,6228.0,411,1045,764,747,26.8119597038397,68.6191027664985,32.4676478077162,33.559365970492,1.32719101106944,-0.0090711453585561,9.48031029059048e-08,1.0,2.92243933312912e-09,0.971969980004092,0.659059932855442,9.48031029059048e-08
ENSG00000167378,IRGQ,immunity related GTPase Q,126298.0,261,686,216,219,7.00627345753791,18.535858305102,3.77720937917362,4.04852756656386,1.37489759763915,0.0432664399500233,9.72358123842701e-08,1.0,3.00451715864528e-09,0.871902277149132,0.7090820187945867,9.72358123842701e-08
ENSG00000177600,RPLP2,ribosomal protein lateral stalk subunit P2,6181.0,364,930,648,674,58.9077492981712,151.494199034479,68.3151118443454,75.1168472946621,1.33415584249404,0.0801313694680411,9.87924414471061e-08,1.0,3.05981545073751e-09,0.727418161672865,0.7071436059810405,9.87924414471061e-08
ENSG00000223509,WHAMMP1,WHAMM pseudogene 1,,168,48,39,54,15.6384646090772,4.49746793588181,2.36494022663308,3.46166469632716,-1.82348382663368,0.491531740155312,1.00238823388513e-07,0.760462064740547,3.11191799763203e-09,0.229989620221052,-0.6659760432391839,1.00238823388513e-07
ENSG00000144040,SFXN5,sideroflexin 5,94097.0,409,150,452,558,9.77302446852726,3.60777085367988,7.03582201381379,9.18219023776073,-1.46520620475813,0.327252473429674,1.01454408229125e-07,0.653636266902624,3.15704943257806e-09,0.144529196673337,-0.568976865664228,1.01454408229125e-07
ENSG00000213553,RPLP0P6,ribosomal protein lateral stalk subunit P0 pseudogene 6,220717.0,16,86,50,59,4.4431536665103,24.0387461153627,9.04507322071407,11.2831346730934,2.39838013615195,0.261575803359836,1.01569290238447e-07,0.944942693370061,3.16802625142511e-09,0.5380292423335,1.329977969755893,1.01569290238447e-07
ENSG00000095794,CREM,cAMP responsive element modulator,1390.0,114,333,130,137,5.29939046493896,15.5814299192038,3.93672567409356,4.38579214166017,1.52662314494861,0.0989633096557408,1.02509862049157e-07,1.0,3.20483390315466e-09,0.74896808879923,0.8127932273021754,1.02509862049157e-07
ENSG00000110066,KMT5B,lysine methyltransferase 5B,51111.0,1364,562,1568,1493,41.8622593798405,17.3614749502385,31.3491004838184,31.5554596688901,-1.29784948279808,-0.0473157793800884,1.0302554767835e-07,1.0,3.23137793451907e-09,0.825934524868963,-0.6725826310890842,1.0302554767835e-07
ENSG00000002586,CD99,CD99 molecule (Xg blood group),4267.0,33,132,49,63,1.79960070668327,7.24566340061321,1.74072043135241,2.36596967477115,1.97711609514919,0.38509290500701,1.0338446033128e-07,0.838379951882814,3.25477968686148e-09,0.325395278141354,1.1811045000781,1.0338446033128e-07
ENSG00000109586,GALNT7,polypeptide N-acetylgalactosaminyltransferase 7,51809.0,613,238,707,659,23.8574734692463,9.32358513121808,17.9247918194823,17.6626473871323,-1.3832947481574,-0.0780257107549317,1.03438639988249e-07,1.0,3.26402354721702e-09,0.727879441380415,-0.7306602294561659,1.03438639988249e-07
ENSG00000277053,GTF2IP1,general transcription factor IIi pseudogene 1,,241,79,286,285,8.56654394272482,2.82655671624416,6.6225518793305,6.97653654714711,-1.62639544915197,0.0183304958484978,1.04607172482377e-07,1.0,3.30852010329047e-09,0.966041382369982,-0.8040324766517362,1.04607172482377e-07
ENSG00000254826,,,,70,226,22,38,22.0244805410895,71.5744602753226,4.50921607497261,8.23374930892912,1.67030225540884,0.808347209130458,1.05191450453365e-07,0.530241149117355,3.33466556968471e-09,0.0880126988394008,1.239324732269649,1.05191450453365e-07
ENSG00000169508,GPR183,G protein-coupled receptor 183,1880.0,49,172,77,70,7.70399337146478,27.2201350671288,7.8864449691064,7.5792157468106,1.79011867667989,-0.113917773003834,1.07367060554825e-07,1.0,3.41145885453315e-09,0.802513387142324,0.838100451838028,1.07367060554825e-07
ENSG00000184205,TSPYL2,TSPY like 2,64061.0,181,492,226,254,9.69100035634347,26.515336679785,7.88259485318851,9.36548258308542,1.42320853645389,0.191797338088979,1.08039783396533e-07,0.903031083872557,3.44070728350714e-09,0.443108792693184,0.8075029372714345,1.08039783396533e-07
ENSG00000123562,MORF4L2,mortality factor 4 like 2,9643.0,541,1349,602,596,54.1251371657217,135.848767644653,39.2345763688962,41.0633535061071,1.2991537976172,0.0089387273820915,1.09092687266005e-07,1.0,3.48218896826339e-09,0.973880188361822,0.6540462624996458,1.09092687266005e-07
ENSG00000171490,RSL1D1,ribosomal L1 domain containing 1,26156.0,27,116,83,112,1.160811750872,5.01993425592434,2.32459262500027,3.31606063833193,2.07919762786826,0.455114767578192,1.15358169398392e-07,0.623727923375993,3.69058711309531e-09,0.125591040102599,1.267156197723226,1.15358169398392e-07
ENSG00000096384,HSP90AB1,heat shock protein 90 alpha family class B member 1,3326.0,354,902,530,536,31.4707232306878,80.714583042916,30.6937578648151,32.8151701528737,1.33023380869804,0.0396230973905636,1.15966573670042e-07,1.0,3.71850258087876e-09,0.8744077082799,0.6849284530443018,1.15966573670042e-07
ENSG00000102755,FLT1,fms related receptor tyrosine kinase 1,2321.0,179,53,88,57,3.77407271694836,1.12479949017201,1.20867805336313,0.827634331649621,-1.77231460078107,-0.602079525063194,1.24566958860654e-07,0.466823243296285,4.00335438402188e-09,0.0643412260662783,-1.187197062922132,1.24566958860654e-07
ENSG00000100983,GSS,glutathione synthetase,2937.0,9,65,31,29,0.386686236829564,2.81106941783833,0.867658110377548,0.858065839089708,2.81662265006559,-0.0725212046750496,1.26276184657072e-07,1.0,4.07669070128864e-09,0.910058938780933,1.3720507226952703,1.26276184657072e-07
ENSG00000091490,SEL1L3,SEL1L family member 3,23231.0,26,113,70,63,0.920486298477562,4.02684054201668,1.61440595931922,1.53599902178782,2.09563085432398,-0.128369641460959,1.26323359607654e-07,1.0,4.08741959377629e-09,0.78839861172011,0.9836306064315105,1.26323359607654e-07
ENSG00000211898,IGHD,immunoglobulin heavy constant delta,3495.0,16,85,6,52,2.48171463574404,13.2706682812399,0.606252917041772,5.55445704027722,2.38153111206217,3.11231876465439,1.34036712736579e-07,5.50025280107609e-06,4.35653504449165e-09,1.84383930075426e-08,2.74692493835828,1.34036712736579e-07
ENSG00000156508,EEF1A1,eukaryotic translation elongation factor 1 alpha 1,1915.0,8374,19778,17589,18026,405.273203306572,963.472478606775,554.532255778953,600.787251533569,1.22105602989691,0.058797169452465,1.34036712736579e-07,1.0,4.35487931954518e-09,0.774409027900567,0.6399265996746875,1.34036712736579e-07
ENSG00000273604,EPOP,elongin BC and polycomb repressive complex 2 associated protein,100170841.0,3,45,1,4,0.244168698032882,3.68657653960819,0.053019968372112,0.224199754810197,3.83356228880047,1.89620748246821,1.34378254454586e-07,0.87004413345428,4.38437696124445e-09,0.381172952969145,2.86488488563434,1.34378254454586e-07
ENSG00000106785,TRIM14,tripartite motif containing 14,9830.0,82,254,552,375,3.96345357854141,12.3576431131864,17.3807988272717,12.4823857742746,1.61082443572706,-0.534238309561228,1.34378254454586e-07,0.247839585409306,4.38722183323527e-09,0.0185671982073143,0.538293063082916,1.34378254454586e-07
ENSG00000187257,RSBN1L,round spermatid basic protein 1 like,222194.0,1674,703,2448,2332,61.6802732336777,26.0728297493634,58.7588084536019,59.1733000990115,-1.27039125224917,-0.0466415803457513,1.44015382928408e-07,1.0,4.71235293214219e-09,0.825263187036611,-0.6585164162974607,1.44015382928408e-07
ENSG00000167766,ZNF83,zinc finger protein 83,55769.0,40,148,346,361,1.31999520361573,4.91604767256505,7.43805169154505,8.20400606902392,1.86543967602471,0.084588627089443,1.4437081531527e-07,1.0,4.73450421890916e-09,0.724227505766671,0.9750141515570765,1.4437081531527e-07
ENSG00000147324,MFHAS1,multifunctional ROCO family signaling regulator 1,9258.0,47,165,83,52,1.81295613805865,6.40641977289221,2.08563479255266,1.38133555981268,1.79018668001705,-0.649960842562942,1.54204309106469e-07,0.419260891084677,5.06822208184067e-09,0.0514829576031553,0.570112918727054,1.54204309106469e-07
ENSG00000111644,ACRBP,acrosin binding protein,84519.0,153,43,131,165,14.39390082278,4.07190408275142,8.02840185145966,10.6899931919999,-1.84691796429828,0.35598753476192,1.57595914681912e-07,0.714544118294084,5.20266355858519e-09,0.196013978727332,-0.74546521476818,1.57595914681912e-07
ENSG00000158825,CDA,cytidine deaminase,978.0,2134,906,6764,7649,689.446050900432,294.629398715467,1423.57451226156,1701.83301048418,-1.25470031455532,0.200782745178423,1.58601081979995e-07,0.841968315393146,5.24740498607476e-09,0.329681952966577,-0.5269587846884485,1.58601081979995e-07
ENSG00000198242,RPL23A,ribosomal protein L23a,6147.0,260,673,565,530,30.8602104458226,80.4049170282138,43.6862447732714,43.3219317888454,1.35283618090511,-0.0688510304383267,1.65489328933465e-07,1.0,5.48736661308312e-09,0.766611043098334,0.6419925752333916,1.65489328933465e-07
ENSG00000143382,ADAMTSL4,ADAMTS like 4,54507.0,1189,493,1431,1227,48.9728686921315,20.4391399659942,38.3958295678331,34.8036395265907,-1.28871117451785,-0.19847793671892,1.66951394221534e-07,0.856586723804079,5.54801310049699e-09,0.351638578597999,-0.7435945556183851,1.66951394221534e-07
ENSG00000171476,HOPX,HOP homeobox,84525.0,12,73,37,48,0.410044685720124,2.51081555371827,0.823611491151207,1.12952952700713,2.57365371215529,0.397717506572201,1.67171077306198e-07,0.864847963086615,5.56749616156045e-09,0.363720385552923,1.4856856093637456,1.67171077306198e-07
ENSG00000012232,EXTL3,exostosin like glycosyltransferase 3,2137.0,2754,1182,4096,4232,55.9250379353881,24.1602729559574,54.1842455865258,59.1826516647102,-1.2390494940053,0.0705135439180054,1.69683661511347e-07,1.0,5.66354153710807e-09,0.734297780765972,-0.5842679750436474,1.69683661511347e-07
ENSG00000082458,DLG3,discs large MAGUK scaffold protein 3,1741.0,4,48,20,12,0.134649574264639,1.62640327134938,0.438576866712133,0.278184320930315,3.52579097878109,-0.707805507124911,1.73904037186519e-07,0.778637941053786,5.82975201179121e-09,0.250096585496462,1.4089927358280896,1.73904037186519e-07
ENSG00000133065,SLC41A1,solute carrier family 41 member 1,254428.0,9,64,16,26,0.37383307248214,2.67582183453949,0.432938217751582,0.743729431231851,2.79429838533759,0.719377003805897,1.7783069818399e-07,0.732732971846554,5.97434425468732e-09,0.206011062919691,1.7568376945717434,1.7783069818399e-07
ENSG00000116017,ARID3A,AT-rich interaction domain 3A,1820.0,1370,574,1659,1840,50.2902260206425,21.2088402669861,39.6716385074105,46.5143817205637,-1.2737073006538,0.172771261115106,1.79752455289831e-07,0.88604351672838,6.05200658387275e-09,0.413125376769288,-0.550468019769347,1.79752455289831e-07
ENSG00000027075,PRKCH,protein kinase C eta,5583.0,168,454,190,233,5.04043831001514,13.7106133457576,3.71349937029815,4.81416922549195,1.41472531469161,0.317533265877591,1.84664525021078e-07,0.732416161173126,6.23084645713155e-09,0.204706117867133,0.8661292902846005,1.84664525021078e-07
ENSG00000140988,RPS2,ribosomal protein S2,6187.0,1367,3248,2718,2320,151.654016783451,362.696556440604,196.428991618605,177.247368972433,1.22962374459728,-0.205018687999303,1.92317977800987e-07,0.838848803136781,6.50310025503992e-09,0.326565391805618,0.5123025282989885,1.92317977800987e-07
ENSG00000180549,FUT7,fucosyltransferase 7,2529.0,862,352,1069,1149,88.3760287187358,36.3255240455924,71.3962913497519,81.1248028242418,-1.31064416797817,0.12749430993682,2.02947692646338e-07,0.95460501357024,6.87732670751692e-09,0.554146446008553,-0.591574929020675,2.02947692646338e-07
ENSG00000254415,SIGLEC14,sialic acid binding Ig like lectin 14,100049587.0,31,0,3345,2968,3.9445793267704,0.0,277.271897279705,260.081407211881,-7.96941459085146,-0.149117451748517,2.07408709020748e-07,0.917824652765612,7.04361305958816e-09,0.473818367664975,-4.0592660212999885,2.07408709020748e-07
ENSG00000247982,LINC00926,long intergenic non-protein coding RNA 926,283663.0,23,103,11,55,1.66073313148285,7.48602455135665,0.517410729780177,2.73489786759986,2.13809170943999,2.33213523720284,2.15418952179761e-07,0.0002085405029326,7.3470390336779e-09,1.35258014582435e-06,2.235113473321415,2.15418952179761e-07
ENSG00000134852,CLOCK,clock circadian regulator,9575.0,13,75,29,29,0.298621302848677,1.73412622278457,0.43395646531566,0.458756088080043,2.49824157496834,0.0232913574152961,2.18352139408164e-07,1.0,7.46299033540511e-09,1.0,1.260766466191818,2.18352139408164e-07
ENSG00000106565,TMEM176B,transmembrane protein 176B,28959.0,103,143,7,64,13.7883137183753,19.2686805795152,0.610439605537429,5.9001127996539,0.454061743795374,3.19308878007887,0.22265510911425,2.19409833093708e-07,0.113404500626694,4.95678824216947e-10,1.823575261937122,2.19409833093708e-07
ENSG00000140090,SLC24A4,solute carrier family 24 member 4,123041.0,510,198,331,307,9.37487850794443,3.66355462116767,3.96363995447928,3.88633520652074,-1.38327109362011,-0.085167412248395,2.26960471405767e-07,1.0,7.7737517534405e-09,0.742590990685861,-0.7342192529342525,2.26960471405767e-07
ENSG00000172086,KRCC1,lysine rich coiled-coil 1,51315.0,521,203,809,760,68.05961660134,26.6925350339054,68.844781861164,68.3709755238493,-1.37809307240297,-0.0667378954955046,2.34812848207969e-07,1.0,8.07693225143284e-09,0.766510810973777,-0.7224154839492374,2.34812848207969e-07
ENSG00000124762,CDKN1A,cyclin dependent kinase inhibitor 1A,1026.0,92,273,20,40,7.99112112709582,23.8684678451288,1.13167211181131,2.39268918658096,1.54907437287662,1.01879528082529,2.35406101239132e-07,0.317857254946791,8.13164932133424e-09,0.0300003310286074,1.2839348268509552,2.35406101239132e-07
ENSG00000287255,LOC101929667,uncharacterized LOC101929667,101929667.0,211,69,126,161,70.0485725365386,23.0572725679003,27.2494732186144,36.8085847453189,-1.62963480649218,0.376697173560815,2.35406101239132e-07,0.697835579173908,8.11864350511423e-09,0.172755244312328,-0.6264688164656824,2.35406101239132e-07
ENSG00000070882,OSBPL3,oxysterol binding protein like 3,26031.0,22,100,22,28,0.720522539503633,3.29660489180771,0.469373214875379,0.631523230726955,2.15927838665572,0.369449333234179,2.36720802931353e-07,0.94001866148601,8.19431434137829e-09,0.527753047633614,1.2643638599449494,2.36720802931353e-07
ENSG00000100453,GZMB,granzyme B,3002.0,11,69,20,37,2.06531070944185,13.0401867534971,2.44620832106626,4.78410656813715,2.61668564042502,0.906681970188176,2.39445917595492e-07,0.447779931416295,8.30609654390427e-09,0.0599781018760495,1.761683805306598,2.39445917595492e-07
ENSG00000165410,CFL2,cofilin 2,1073.0,8,60,8,9,0.428851537621492,3.23750347670974,0.279368671875718,0.332250698966245,2.86885030373149,0.190508350625269,2.51178323407728e-07,1.0,8.73138465715539e-09,1.0,1.5296793271783795,2.51178323407728e-07
ENSG00000181104,F2R,coagulation factor II thrombin receptor,2149.0,15,80,24,24,1.00046464261963,5.37084329704583,1.04277943837598,1.10237190620422,2.38657037999436,0.0232705508716071,2.56979953484525e-07,1.0,8.98924192337646e-09,1.0,1.2049204654329835,2.56979953484525e-07
ENSG00000168795,ZBTB5,zinc finger and BTB domain containing 5,9925.0,28,115,24,37,1.58163007382494,6.53862953418069,0.88313857766085,1.43931223190651,2.01448877342546,0.645153855011887,2.61532485699161e-07,0.705373321007866,9.18660968568691e-09,0.177830184641261,1.3298213142186737,2.61532485699161e-07
ENSG00000115687,PASK,PAS domain containing serine/threonine kinase,23178.0,43,152,29,31,1.06603879905709,3.79306383999116,0.46835297721182,0.529264370651388,1.79985646999685,0.119110370369788,2.71850113409247e-07,1.0,9.59791713797341e-09,0.910058938780933,0.959483420183319,2.71850113409247e-07
ENSG00000157107,FCHO2,FCH and mu domain containing endocytic adaptor 2,115548.0,1873,804,1224,1169,81.7868549507026,35.3381482178101,34.8175237169439,35.1533445701956,-1.23879287169624,-0.0429323927631702,2.71850113409247e-07,1.0,9.60937907175427e-09,0.844446771232329,-0.6408626322297051,2.71850113409247e-07
ENSG00000084623,EIF3I,eukaryotic translation initiation factor 3 subunit I,8668.0,157,423,231,246,24.1118358645862,65.390250656459,23.1107126485988,26.017894154952,1.41034198601852,0.114097370235308,2.78321796525346e-07,0.993630239090323,9.87776671825125e-09,0.654522487090284,0.762219678126914,2.78321796525346e-07
ENSG00000168264,IRF2BP2,interferon regulatory factor 2 binding protein 2,359948.0,974,2306,1270,1155,54.6221503797987,130.170072930639,46.3964005620354,44.606508425212,1.2244541426548,-0.113532176197683,2.82861597021936e-07,0.969775457958132,1.00595000252663e-08,0.597171354556878,0.5554609832285584,2.82861597021936e-07
ENSG00000259834,,,,25,107,68,71,1.9026360052117,8.19674621020421,3.37128405615722,3.72117813382725,2.07331808421412,0.0855221571045111,2.82976881706582e-07,1.0,1.00842220634396e-08,0.794706158135918,1.0794201206593157,2.82976881706582e-07
ENSG00000176390,CRLF3,cytokine receptor like factor 3,51379.0,1874,806,2366,2344,113.141698273309,48.9812830393916,93.0547568421142,97.4579166630844,-1.23597909684531,0.0099137188755793,2.8962861166625e-07,1.0,1.03423713537722e-08,0.964428073759123,-0.6130326889848653,2.8962861166625e-07
ENSG00000170836,PPM1D,"protein phosphatase, Mg2+/Mn2+ dependent 1D",8493.0,617,248,975,720,32.4063271321615,13.1110760676417,33.359535512479,26.0425528039838,-1.33332845887061,-0.413951595599984,2.92795459841287e-07,0.440298828374457,1.04767942560904e-08,0.057147078657259,-0.873640027235297,2.92795459841287e-07
ENSG00000155304,HSPA13,heat shock protein family A (Hsp70) member 13,6782.0,211,546,238,217,13.459850923226,35.0584285709814,9.89020931812941,9.53287586165787,1.35230203618443,-0.109814367345326,2.96278093535457e-07,1.0,1.06230011674278e-08,0.678847485611379,0.621243834419552,2.96278093535457e-07
ENSG00000248905,FMN1,formin 1,342184.0,12,71,0,2,0.157247685036757,0.936490490605981,0.0,0.0180484295866645,2.5336461927631,4.09851798259742,3.13285773115792e-07,0.932843177738853,1.1255639567562e-08,0.502487562189054,3.31608208768026,3.13285773115792e-07
ENSG00000164674,SYTL3,synaptotagmin like 3,94120.0,541,215,763,812,49.4901116073312,19.7971027227693,45.4691083391175,51.154472025953,-1.34961852842532,0.11317044305937,3.21167764841448e-07,0.975677428434982,1.1585632094193e-08,0.60643891887993,-0.6182240426829749,3.21167764841448e-07
ENSG00000184939,ZFP90,ZFP90 zinc finger protein,146198.0,34,129,63,62,1.2840175724067,4.9036986017226,1.54989876182853,1.6124644518263,1.90107154655106,0.0003075208343077,3.24614322768876e-07,1.0,1.17336178467689e-08,1.0,0.9506895336926838,3.24614322768876e-07
ENSG00000136149,RPL13AP25,ribosomal protein L13a pseudogene 25,100287887.0,6,53,25,29,2.59728468005565,23.093309794136,7.04983648085067,8.64515353566526,3.09798412561867,0.236417819821807,3.33145062898512e-07,1.0,1.20662510028101e-08,0.717749224778354,1.6672009727202386,3.33145062898512e-07
ENSG00000236242,MYO16-AS1,MYO16 antisense RNA 1,100885782.0,40,9,5,56,18.2705543010811,4.13786435738781,1.48775859526918,17.6151428046564,-2.1552860279986,3.47610009994445,0.0005514582711901,3.40572119542774e-07,6.27333013647979e-05,7.95362280183957e-10,0.6604070359729248,3.40572119542774e-07
ENSG00000184260,H2AC20,H2A clustered histone 20,8338.0,18,87,37,49,12.2272171091851,59.4862209327034,16.3729740792187,22.9222691624695,2.246344760024,0.427388991647778,3.48776929989611e-07,0.832152922171429,1.26578422339911e-08,0.321260023712236,1.3368668758358888,3.48776929989611e-07
ENSG00000114423,CBLB,Cbl proto-oncogene B,868.0,44,153,46,60,0.944696786132569,3.30653558342198,0.643381138208633,0.887150743869672,1.77623656023967,0.405751816184216,3.52453859187266e-07,0.823135844810643,1.28169709761293e-08,0.307312810818044,1.090994188211943,3.52453859187266e-07
ENSG00000239665,,,,514,203,514,503,9.07077279549412,3.60594597980017,5.90901402107177,6.11301644616503,-1.35858274133182,-0.0078162889399581,3.61819309716845e-07,1.0,1.32102808751012e-08,0.979742579353287,-0.6831995151358891,3.61819309716845e-07
ENSG00000188375,H3-5,H3.5 histone,440093.0,159,424,323,296,37.812174992049,101.49447464281,50.0389039924107,48.4766561410522,1.39549971203811,-0.102503794335184,3.65716940207263e-07,1.0,1.34058898793364e-08,0.676490733861087,0.646497958851463,3.65716940207263e-07
ENSG00000142687,KIAA0319L,KIAA0319 like,79932.0,2166,945,4153,4252,59.6551927366728,26.1977273484684,74.5113554167518,80.6472320020111,-1.21537712918217,0.0573777672642194,3.65716940207263e-07,1.0,1.33954417246707e-08,0.7826069663578,-0.5789996809589752,3.65716940207263e-07
ENSG00000181274,FRAT2,FRAT regulator of WNT signaling pathway 2,23401.0,7887,3513,15699,14459,935.713388133942,419.51854220789,1213.31543829251,1181.3420677761,-1.18558358783622,-0.0953123475053724,3.79079028617396e-07,0.986959072614357,1.39233224328209e-08,0.642275597033542,-0.6404479676707961,3.79079028617396e-07
ENSG00000120318,ARAP3,"ArfGAP with RhoGAP domain, ankyrin repeat and PH domain 3",64411.0,5488,2438,6011,6338,234.688882818859,104.94315695311,167.454134346233,186.653895871178,-1.18938002513396,0.0998123669467051,3.87713574271249e-07,0.981876444361395,1.42687184817797e-08,0.628734512320275,-0.5447838290936274,3.87713574271249e-07
ENSG00000144713,RPL32,ribosomal protein L32,6161.0,311,771,694,572,22.1839161606692,55.3572124494909,32.2483893251346,28.0983141822101,1.29063625286584,-0.255478016485657,4.18781143819789e-07,0.778637941053786,1.54731117852086e-08,0.252965607683107,0.5175791181900915,4.18781143819789e-07
ENSG00000214293,APTR,Alu-mediated CDKN1A/p21 transcriptional regulator,100505854.0,138,39,239,232,6.17974630771862,1.7579162302628,6.97204518175163,7.15460982261953,-1.83861266303379,-0.0194837213056656,4.18781143819789e-07,1.0,1.54670537819628e-08,0.959925712468346,-0.9290481921697278,4.18781143819789e-07
ENSG00000143515,ATP8B2,ATPase phospholipid transporting 8B2,57198.0,210,538,255,246,7.29911281117713,18.8224028991996,5.77379942902942,5.88833211982318,1.33786183018335,-0.0284329923579804,4.22641604518514e-07,1.0,1.56465482506489e-08,0.924051188196224,0.6547144189126848,4.22641604518514e-07
ENSG00000160179,ABCG1,ATP binding cassette subfamily G member 1,9619.0,947,399,1133,1197,40.9871126262532,17.3825004916896,31.9446392189246,35.6777867865916,-1.26554947622887,0.102656019397068,4.24389534137609e-07,0.983927734830991,1.57421857510598e-08,0.633795164565743,-0.581446728415901,4.24389534137609e-07
ENSG00000124198,ARFGEF2,ADP ribosylation factor guanine nucleotide exchange factor 2,10564.0,47,159,85,62,1.36468465105072,4.64700973060432,1.6077706871278,1.23974552055693,1.7367889015404,-0.431057904164614,4.37602103067461e-07,0.739859120739486,1.62641796067924e-08,0.210036109908472,0.652865498687893,4.37602103067461e-07
ENSG00000116251,RPL22,ribosomal protein L22,6146.0,50,166,105,105,2.83947521292258,9.48895034725017,3.88443723266422,4.10642396571571,1.70985806650914,0.0233639353897437,4.49133086138112e-07,1.0,1.6725477847003e-08,0.961615276557809,0.8666110009494419,4.49133086138112e-07
ENSG00000168234,TTC39C,tetratricopeptide repeat domain 39C,125488.0,29,115,61,52,1.06883251023993,4.26630112900771,1.46457704787489,1.31984037629292,1.96408238252562,-0.206447297059453,4.61120918604814e-07,0.950836300604814,1.72727118614542e-08,0.547898457140524,0.8788175427330834,4.61120918604814e-07
ENSG00000090006,LTBP4,latent transforming growth factor beta binding protein 4,8425.0,29,115,47,55,0.947554031031651,3.78221170637734,1.00040205493433,1.23758513520275,1.96408238252562,0.249548337830635,4.61120918604814e-07,0.961197121428372,1.72727118614542e-08,0.573201868871037,1.1068153601781274,4.61120918604814e-07
ENSG00000148660,CAMK2G,calcium/calmodulin dependent protein kinase II gamma,818.0,3441,1528,4446,4615,134.454302592226,60.0973600146079,113.169714880493,124.184715405667,-1.18995610115152,0.0772123175921372,4.78117657594248e-07,1.0,1.79442204970877e-08,0.70966767765105,-0.5563718917796914,4.78117657594248e-07
ENSG00000108561,C1QBP,complement C1q binding protein,708.0,10,64,40,43,1.13457403582731,7.30894717802691,2.95640251907879,3.35975574753846,2.64426019598632,0.127344478302781,4.81847684195984e-07,1.0,1.81193269964384e-08,0.853859532804046,1.3858023371445505,4.81847684195984e-07
ENSG00000115155,OTOF,otoferlin,9381.0,3,42,68,73,0.100795068116301,1.42039562806971,1.48832464165926,1.68906863472495,3.73431390132155,0.125530691456137,4.87316937862269e-07,1.0,1.83960190797737e-08,0.699168230342555,1.9299222963888436,4.87316937862269e-07
ENSG00000159958,TNFRSF13C,TNF receptor superfamily member 13C,115650.0,3,42,4,23,0.201513466556042,2.83971083350144,0.175030422972844,1.06393982276023,3.73431390132155,2.50996150005341,4.87316937862269e-07,0.0295601779410067,1.83960190797737e-08,0.0006721159829175,3.12213770068748,4.87316937862269e-07
ENSG00000090054,SPTLC1,serine palmitoyltransferase long chain base subunit 1,10558.0,625,256,975,841,25.4225239296097,10.4814320041105,25.8353288998839,23.5581429373541,-1.30612961449387,-0.189878440226161,5.03483708308252e-07,0.871711777098141,1.90429998988473e-08,0.38301612676019,-0.7480040273600156,5.03483708308252e-07
ENSG00000274425,,,,7,55,15,29,0.659246804678186,5.21380388674295,0.920263048620109,1.88085103584328,2.93309198203859,0.968567804943908,5.06050279696554e-07,0.49188803353022,1.91769527359137e-08,0.0742125871804117,1.9508298934912491,5.06050279696554e-07
ENSG00000203721,LINC00862,long intergenic non-protein coding RNA 862,554279.0,58,8,26,31,4.34545706086234,0.603308528729244,1.26897056655312,1.59946806130677,-2.85739340042208,0.275931619045781,5.07559296172319e-07,0.986959072614357,1.92711261700757e-08,0.640866074651609,-1.2907308906881494,5.07559296172319e-07
ENSG00000168421,RHOH,ras homolog family member H,399.0,134,362,142,108,5.37222866328703,14.608319889648,3.70858952501118,2.98180923902757,1.41408216428756,-0.371092274736046,5.07718560203647e-07,0.714131068269656,1.93141734751715e-08,0.190744284472603,0.5214949447757571,5.07718560203647e-07
ENSG00000159445,THEM4,thioesterase superfamily member 4,117145.0,26,107,51,47,0.992936279588813,4.11314308169538,1.26878763869287,1.23609627683574,2.01700884942923,-0.0942041892385905,5.17244878273079e-07,1.0,1.97142596805728e-08,0.804260745611877,0.9614023300953198,5.17244878273079e-07
ENSG00000173706,HEG1,heart development protein with EGF like domains 1,57493.0,19,89,25,15,0.505172391604562,2.38186982167312,0.433008824395887,0.274652574985143,2.20160572775824,-0.7089515521384,5.39808130430032e-07,0.714131068269656,2.0692251611004e-08,0.193029032383616,0.7463270878099201,5.39808130430032e-07
ENSG00000165046,LETM2,leucine zipper and EF-hand containing transmembrane protein 2,137994.0,177,56,340,413,7.66950893256866,2.44244237865656,9.59718662044755,12.3239733966172,-1.67686425618068,0.303897227091533,5.39808130430032e-07,0.714131068269656,2.06674288302904e-08,0.192462584666735,-0.6864835145445735,5.39808130430032e-07
ENSG00000119686,FLVCR2,FLVCR heme transporter 2,55640.0,19,89,17,17,1.02516042972461,4.83359488862545,0.597527484698741,0.631674818351439,2.20160572775824,0.0232210100354101,5.39808130430032e-07,1.0,2.0692251611004e-08,1.0,1.1124133688968252,5.39808130430032e-07
ENSG00000153786,ZDHHC7,zinc finger DHHC-type palmitoyltransferase 7,55625.0,2042,898,2286,2582,137.059245579101,60.6695738507972,99.9538569189509,119.348027699795,-1.2039206075958,0.199045097225222,5.4798212569839e-07,0.84964614836095,2.10455167062419e-08,0.341233050839324,-0.502437755185289,5.4798212569839e-07
ENSG00000111796,KLRB1,killer cell lectin like receptor B1,3820.0,46,155,57,63,8.24523661625245,27.9652688113941,6.65565617856549,7.7766445737742,1.73100403748301,0.167432219808008,5.79112103991681e-07,0.996542017909654,2.23254848427051e-08,0.667229175111437,0.949218128645509,5.79112103991681e-07
ENSG00000145649,GZMA,granzyme A,3001.0,36,131,35,39,10.6442291798709,38.9874669983043,6.74140613481346,7.94113779977134,1.84107537929665,0.178905288206747,5.86406303027611e-07,1.0,2.26494199536973e-08,0.766175861464236,1.0099903337516984,5.86406303027611e-07
ENSG00000257242,LINC01619,long intergenic non-protein coding RNA 1619,256021.0,28,111,8,11,1.53483241180198,6.1244616255978,0.285669351626277,0.415242717824287,1.96347140430818,0.476446028130677,6.54890716222855e-07,0.994297199514418,2.53422948778849e-08,0.662502499282927,1.2199587162194285,6.54890716222855e-07
ENSG00000197965,MPZL1,myelin protein zero like 1,9019.0,2857,1277,5107,5093,107.0710309455,48.17199690264,124.680442062612,131.444321626585,-1.18050255910063,0.0194309309369005,6.76305452693921e-07,1.0,2.62267763037611e-08,0.926039561725032,-0.5805358140818647,6.76305452693921e-07
ENSG00000119285,HEATR1,HEAT repeat containing 1,55127.0,10,63,15,20,0.292377262295196,1.85407011268011,0.28569693806074,0.402698489078022,2.62158504889469,0.435276089643361,6.76305452693921e-07,0.941636472443587,2.63153276197062e-08,0.533660763088406,1.5284305692690257,6.76305452693921e-07
ENSG00000117597,UTP25,UTP25 small subunit processome component,27042.0,17,82,28,19,0.432589725791615,2.10030874222099,0.464147528329103,0.332956340318813,2.24296109794765,-0.533130023099863,6.76305452693921e-07,0.811415249722691,2.63188392172099e-08,0.293587885960637,0.8549155374238936,6.76305452693921e-07
ENSG00000077157,PPP1R12B,protein phosphatase 1 regulatory subunit 12B,4660.0,3710,1667,2731,2856,46.6497920464503,21.0985889357401,22.3701159023634,24.7309281010838,-1.1729439644593,0.0879544771110499,6.89298412645751e-07,1.0,2.68747012655208e-08,0.674094764666263,-0.5424947436741251,6.89298412645751e-07
ENSG00000163013,FBXO41,F-box protein 41,150726.0,9,60,17,25,0.297629176918124,1.997221593047,0.366228928956537,0.569350113833473,2.70137767505957,0.576267801927138,7.08328943026808e-07,0.838379951882814,2.77199127244859e-08,0.326216252909127,1.638822738493354,7.08328943026808e-07
ENSG00000261596,,,,226,79,346,468,72.3099111650277,25.4424241620383,72.1167620528064,103.119702443408,-1.53373438979902,0.458985067205252,7.15284473657717e-07,0.392939307126615,2.80442389467899e-08,0.0457312398689115,-0.537374661296884,7.15284473657717e-07
ENSG00000173930,SLCO4C1,solute carrier organic anion transporter family member 4C1,353189.0,363,140,743,810,18.9716043724089,7.36491058547358,25.2962986405721,29.1533765804313,-1.39257971460759,0.147927601169962,7.22157909583953e-07,0.932843177738853,2.8393502354281e-08,0.498882830527481,-0.622326056718814,7.22157909583953e-07
ENSG00000105514,RAB3D,"RAB3D, member RAS oncogene family",9545.0,3825,1722,6123,6018,231.142932920555,104.742837732782,241.037254093213,250.442351452867,-1.17015551271493,-0.001562795251785,7.22157909583953e-07,1.0,2.84189820124861e-08,0.994867711802124,-0.5858591539833574,7.22157909583953e-07
ENSG00000136717,BIN1,bridging integrator 1,274.0,13,71,49,60,0.501894416460769,2.75911224840879,1.23235497748616,1.59524235333837,2.41930611800019,0.314845255544321,7.44687626625421e-07,0.902421580907462,2.95033085896943e-08,0.441280338718049,1.3670756867722553,7.44687626625421e-07
ENSG00000066027,PPP2R5A,protein phosphatase 2 regulatory subunit B'alpha,5525.0,3502,1576,3994,4027,235.352733854541,106.610830706383,174.856546986959,186.376496897531,-1.1706870122807,0.0352617894438055,7.44687626625421e-07,1.0,2.95226693546297e-08,0.865984744936968,-0.5677126114184473,7.44687626625421e-07
ENSG00000163141,BNIPL,BCL2 interacting protein like,149428.0,71,13,63,63,4.93818210894278,0.910110476786094,2.85443418593519,3.01755859281656,-2.45677253666919,0.0233454297081995,7.44687626625421e-07,1.0,2.95033085896943e-08,0.944462096451661,-1.2167135534804951,7.44687626625421e-07
ENSG00000224614,TNK2-AS1,TNK2 antisense RNA 1,,16,79,25,20,1.49357596823496,7.42294827560526,1.52026072102911,1.28571212457222,2.27608286234131,-0.296873895478741,7.46094543406666e-07,0.969579482810528,2.96328178222295e-08,0.590815219707144,0.9896044834312845,7.46094543406666e-07
ENSG00000269001,ZNF818P,"zinc finger protein 818, pseudogene",,398,156,355,311,26.0215619130156,10.2663696132623,15.119915832474,14.0028709768717,-1.36934887085343,-0.167449667870258,7.68890220861344e-07,0.932040917013424,3.07623328416322e-08,0.491112938038744,-0.768399269361844,7.68890220861344e-07
ENSG00000150637,CD226,CD226 molecule,10666.0,41,141,75,56,0.795215208433468,2.75271938849578,0.947616939661896,0.747989078753985,1.76008349712035,-0.397303305496406,8.61514655836995e-07,0.774180709165228,3.4593687171417e-08,0.245478812533006,0.6813900958119721,8.61514655836995e-07
ENSG00000139722,VPS37B,VPS37B subunit of ESCRT-I,79720.0,2174,974,2578,2547,102.226248355162,46.1003102744354,78.9689798363608,82.478022020661,-1.17709379749218,0.0059381552389392,8.9749329193894e-07,1.0,3.61692020435967e-08,0.979403202668678,-0.5855778211266204,8.9749329193894e-07
ENSG00000100346,CACNA1I,calcium voltage-gated channel subunit alpha1 I,8911.0,4,44,19,36,0.0982105791902416,1.08740910720355,0.30389434142477,0.608705451081068,3.40060293435724,0.940812679037117,9.04036981821531e-07,0.431763027932925,3.64987966717044e-08,0.0544344875618686,2.1707078066971786,9.04036981821531e-07
ENSG00000224078,SNHG14,small nucleolar RNA host gene 14,,34,124,38,26,0.0734642911240856,0.269687656229089,0.0534874265995688,0.0386880760172316,1.8440972825307,-0.522008858142054,9.20260542839533e-07,0.761054052644901,3.72431433803708e-08,0.230946626427805,0.661044212194323,9.20260542839533e-07
ENSG00000233369,GTF2IP4,general transcription factor IIi pseudogene 4,100093631.0,1019,442,1136,957,74.8009351830492,32.6585667516376,54.3227699224691,48.3783654215283,-1.22364045197057,-0.223953381294806,9.20260542839533e-07,0.811415249722691,3.72879217183195e-08,0.298190439370285,-0.723796916632688,9.20260542839533e-07
ENSG00000120910,PPP3CC,protein phosphatase 3 catalytic subunit gamma,5533.0,19,86,35,18,1.73630138321761,7.91064635876371,2.08358050941458,1.1327926555993,2.15220809420216,-0.931247763725701,9.28665899427142e-07,0.411552975016715,3.76961744629732e-08,0.049043546386445,0.6104801652382297,9.28665899427142e-07
ENSG00000166860,ZBTB39,zinc finger and BTB domain containing 39,9880.0,10,62,14,19,0.422659600136689,2.6376941482604,0.385469042552193,0.55303261950529,2.59854781305825,0.460420687957055,9.38572083236057e-07,0.937656599494775,3.82350819508057e-08,0.519735905535436,1.5294842505076525,9.38572083236057e-07
ENSG00000246082,NUDT16L2P,"nudix hydrolase 16 like 2, pseudogene",152195.0,62,10,122,126,7.10433750721105,1.15338395198238,9.10672994820475,9.94280335643449,-2.63595627342199,0.0698638938828322,9.38572083236057e-07,1.0,3.82350819508057e-08,0.832220418805527,-1.2830461897695788,9.38572083236057e-07
ENSG00000111716,LDHB,lactate dehydrogenase B,3945.0,0,28,22,15,0.0,2.50303263545193,1.27279917369324,0.917411417080781,7.80443407001907,-0.525513300486506,9.65561656440711e-07,0.865458599926178,3.94049356950006e-08,0.365180388687696,3.639460384766282,9.65561656440711e-07
ENSG00000155158,TTC39B,tetratricopeptide repeat domain 39B,158219.0,46,152,71,61,0.99823556019177,3.32017367252175,1.00370083475073,0.911614972074433,1.7028302397517,-0.195246910526876,9.85283383796417e-07,0.985464767180958,4.02815900240337e-08,0.636724284056724,0.753791664612412,9.85283383796417e-07
ENSG00000137154,RPS6,ribosomal protein S6,6194.0,959,2191,1772,1681,94.2363474902389,216.712630567148,113.431659782927,113.755907771327,1.17304332559987,-0.0526633160523877,9.88791890570383e-07,1.0,4.04970880702926e-08,0.805181878270808,0.5601900047737411,9.88791890570383e-07
ENSG00000115365,LANCL1,LanC like glutathione S-transferase 1,10314.0,16,78,31,31,0.806769813066393,3.95882467386171,1.01826796889759,1.07645966212043,2.25773374293583,0.0232978082794424,9.94909505449554e-07,1.0,4.08201465943812e-08,1.0,1.1405157756076363,9.94909505449554e-07
ENSG00000208028,MIR616,microRNA 616,693201.0,221,78,47,43,603.587538740356,214.429534396592,83.6212356846139,80.8765945412609,-1.51982503153269,-0.104641335882356,1.00702265397019e-06,1.0,4.1390524474507e-08,0.793208670494644,-0.812233183707523,1.00702265397019e-06
ENSG00000100450,GZMH,granzyme H,2999.0,38,133,35,45,10.5857785698167,37.2934754677995,6.35152460230584,8.6329282559999,1.78517253710358,0.384746436639443,1.01868319748859e-06,0.880851266876775,4.19440319618897e-08,0.395362407279847,1.0849594868715116,1.01868319748859e-06
ENSG00000113649,TCERG1,transcription elongation regulator 1,10915.0,28,109,56,58,0.851256030093981,3.33557474146402,1.10907503269091,1.2143295762743,1.93726983330077,0.0738558202437829,1.02073440778622e-06,1.0,4.21028767531699e-08,0.940517620827396,1.0055628267722765,1.02073440778622e-06
ENSG00000129038,LOXL1,lysyl oxidase like 1,4016.0,20,88,4,27,1.45682176170292,6.45210022915938,0.189804780919686,1.35439891747967,2.11179496378258,2.74014059505983,1.06759580817606e-06,0.0073663552097103,4.42692038224879e-08,0.0001036078236025,2.425967779421205,1.06759580817606e-06
ENSG00000109906,ZBTB16,zinc finger and BTB domain containing 16,7704.0,81,69,49,171,1.73853731075264,1.49069946602807,0.685118679049664,2.52756024722778,-0.249746924630734,1.82387467524295,0.61883939827522,1.07694981746162e-06,0.461356000900416,2.82226012549597e-09,0.787063875306108,1.07694981746162e-06
ENSG00000140968,IRF8,interferon regulatory factor 8,3394.0,22,46,10,69,1.21423058792602,2.55551437627562,0.359541660523384,2.62261166310397,1.04111072770548,2.79451188365946,0.047401703686389,1.07694981746162e-06,0.0148662609584434,2.82540398109738e-09,1.91781130568247,1.07694981746162e-06
ENSG00000168685,IL7R,interleukin 7 receptor,3575.0,541,1261,1145,1219,23.8078676436596,55.8573501976061,32.8246007680485,36.9431011679762,1.20184111411171,0.113730240697197,1.09306017921914e-06,0.969630357371563,4.54844310110864e-08,0.596956512102825,0.6577856774044535,1.09306017921914e-06
ENSG00000172005,MAL,"mal, T cell differentiation protein",4118.0,12,67,49,42,2.18793974424509,12.2962001168533,5.81997237130764,5.27363187888886,2.45014061492789,-0.198453437140419,1.1085346738561e-06,0.973593468947394,4.62091410469092e-08,0.602568447874649,1.1258435888937355,1.1085346738561e-06
ENSG00000092036,HAUS4,HAUS augmin like complex subunit 4,54930.0,414,166,544,487,43.1973759233518,17.4344046356526,36.9765728223183,34.9939039315481,-1.33662664236349,-0.136260027610996,1.1477274495569e-06,0.950188435841285,4.79265288293326e-08,0.547126059110994,-0.736443334987243,1.1477274495569e-06
ENSG00000178498,DTX3,deltex E3 ubiquitin ligase 3,196403.0,3,40,19,26,0.194462713994869,2.60985925811916,0.802304855388614,1.16063281438628,3.6641400004478,0.473230637470947,1.15270786726592e-06,0.890384334194309,4.82185042858649e-08,0.419496773106413,2.0686853189593735,1.15270786726592e-06
ENSG00000084072,PPIE,peptidylprolyl isomerase E,10450.0,17,80,24,31,0.558009123431607,2.64316560226317,0.513185470106479,0.700745764438203,2.20739244211368,0.390829074883613,1.16888804952838e-06,0.917824652765612,4.92360656338293e-08,0.474229470055982,1.2991107584986465,1.16888804952838e-06
ENSG00000263465,SRSF8,serine and arginine rich splicing factor 8,10929.0,32,118,42,58,2.10465173676804,7.81185690774638,1.7994935144368,2.62702778740176,1.85975311582686,0.487814017034214,1.17194050487199e-06,0.753549705944345,4.9450047538324e-08,0.220255179666597,1.173783566430537,1.17194050487199e-06
ENSG00000175505,CLCF1,cardiotrophin like cytokine factor 1,23529.0,25,101,17,23,3.60733983341063,14.6693351522499,1.59796293565949,2.28550036000346,1.990163234672,0.456592538650122,1.18328242173844e-06,0.916742215921126,5.01010849023491e-08,0.471159265148481,1.223377886661061,1.18328242173844e-06
ENSG00000110651,CD81,CD81 molecule,975.0,70,208,94,84,2.50806229586115,7.50145697825963,2.1940113230748,2.07265001894117,1.55063247508637,-0.138684521457002,1.20132016204401e-06,1.0,5.09523636721769e-08,0.703090048590159,0.705973976814684,1.20132016204401e-06
ENSG00000178199,ZC3H12D,zinc finger CCCH-type containing 12D,340152.0,47,153,24,29,1.86230672392863,6.10220499010527,0.619491464138407,0.791330236887098,1.68133852146828,0.295010061929121,1.2285972825813e-06,0.981876444361395,5.21988205614995e-08,0.625860155914823,0.9881742916987004,1.2285972825813e-06
ENSG00000224152,BAZ2B-AS1,BAZ2B antisense RNA 1,643072.0,387,154,609,468,68.6246422091813,27.4872857654231,70.3488742999971,57.1506784626114,-1.3475273766891,-0.356458277940465,1.27752141287038e-06,0.593061294673195,5.44636369719556e-08,0.113169184119294,-0.8519928273147825,1.27752141287038e-06
ENSG00000128311,TST,thiosulfate sulfurtransferase,7263.0,452,184,606,572,63.7960644055865,26.1405839235439,55.7184220634215,55.5978363733236,-1.31486664303679,-0.0598981800746445,1.28191515150553e-06,1.0,5.47443724517008e-08,0.798725966955029,-0.6873824115557172,1.28191515150553e-06
ENSG00000130816,DNMT1,DNA methyltransferase 1,1786.0,36,127,55,61,0.973584049118452,3.45713770433722,0.96895670047135,1.13607549806908,1.79638066311914,0.172397120332571,1.2947665033141e-06,1.0,5.55762622396157e-08,0.712291567070548,0.9843888917258554,1.2947665033141e-06
ENSG00000119820,YIPF4,Yip1 domain family member 4,84272.0,544,227,1033,910,11.7753192521389,4.94585815193398,14.5661522145531,13.565056044929,-1.27928372698263,-0.159489482717251,1.2947665033141e-06,0.913454984274059,5.55561783984608e-08,0.461587003421974,-0.7193866048499405,1.2947665033141e-06
ENSG00000143436,MRPL9,mitochondrial ribosomal protein L9,65005.0,10,61,12,18,1.52254619175676,9.34850836298728,1.19020687621534,1.88733672907032,2.57513673651239,0.603186766778998,1.2947665033141e-06,0.880851266876775,5.55758977754822e-08,0.395171214629436,1.589161751645694,1.2947665033141e-06
ENSG00000154229,PRKCA,protein kinase C alpha,5578.0,22,93,38,58,0.52154870890782,2.2192036135968,0.586849206975081,0.946905407396356,2.05471745354751,0.631749724667322,1.37550138213277e-06,0.586654187927828,5.91419483645486e-08,0.109917498700076,1.3432335891074159,1.37550138213277e-06
ENSG00000179262,RAD23A,"RAD23 homolog A, nucleotide excision repair protein",5886.0,61,184,101,82,6.34483913596634,19.264183755199,6.84357271384911,5.87369027840496,1.57203724352702,-0.276886841589341,1.46593890391007e-06,0.880851266876775,6.31372899147977e-08,0.392912624528066,0.6475752009688395,1.46593890391007e-06
ENSG00000100902,PSMA6,proteasome 20S subunit alpha 6,5687.0,64,193,78,59,2.60606738263193,7.91051911339946,2.06905007224032,1.6544897753045,1.5717610914129,-0.378667696767026,1.4762050594785e-06,0.811415249722691,6.36870277810285e-08,0.292222914645914,0.5965466973229371,1.4762050594785e-06
ENSG00000249863,,,,122,35,96,84,30.5487812463257,8.82153396922627,15.6594326246858,14.485041814793,-1.81658474353628,-0.169017931587178,1.48656834449949e-06,0.981876444361395,6.42424594292523e-08,0.626891263873968,-0.9928013375617291,1.48656834449949e-06
ENSG00000140511,HAPLN3,hyaluronan and proteoglycan link protein 3,145864.0,25,100,35,44,1.87941995861008,7.56703659756883,1.71404650873804,2.27794330901791,1.97582589093958,0.352415048778231,1.51208872166869e-06,0.905771784492806,6.54555240250112e-08,0.446417036767588,1.1641204698589056,1.51208872166869e-06
ENSG00000130511,SSBP4,single stranded DNA binding protein 4,170463.0,51,161,85,101,4.54306486403817,14.4359924416377,4.93251504685746,6.19593059790067,1.63727037957696,0.271845022370792,1.51436817503489e-06,0.87004413345428,6.56645579467831e-08,0.369724804730729,0.954557700973876,1.51436817503489e-06
ENSG00000114541,FRMD4B,FERM domain containing 4B,23150.0,138,358,119,175,3.2639388587147,8.52291120007147,1.83349876342253,2.85041035027584,1.35566110722813,0.57927996506514,1.52716122963938e-06,0.334751177069253,6.63305708253222e-08,0.0335526199521825,0.9674705361466349,1.52716122963938e-06
ENSG00000236552,RPL13AP5,ribosomal protein L13a pseudogene 5,728658.0,45,147,126,96,19.4796351004174,64.0512554667547,35.5311758634874,28.6184392904781,1.68623820000433,-0.368505722352658,1.57045970445597e-06,0.739859120739486,6.84400891462376e-08,0.211842769668084,0.658866238825836,1.57045970445597e-06
ENSG00000102710,SUPT20H,"SPT20 homolog, SAGA complex component",55578.0,1213,541,1713,1534,29.3928148106252,13.1953116259759,27.0401111267491,25.5983602333676,-1.18353074037302,-0.135824442453946,1.60212637639938e-06,0.938458125907049,7.00536238040832e-08,0.521563278857162,-0.659677591413483,1.60212637639938e-06
ENSG00000106780,MEGF9,multiple EGF like domains 9,1955.0,16102,7509,22779,22799,677.109642486052,317.836148264242,623.999960766642,660.239318781034,-1.11937362542005,0.024657746641521,1.60799950436125e-06,1.0,7.05447967953265e-08,0.904379906641456,-0.5473579393892645,1.60799950436125e-06
ENSG00000204574,ABCF1,ATP binding cassette subfamily F member 1,23.0,227,555,335,307,13.3757850271371,32.9176190352693,12.8590522713879,12.457709741187,1.27049398244048,-0.102490735163463,1.60799950436125e-06,1.0,7.0503066339039e-08,0.686579418363713,0.5840016236385085,1.60799950436125e-06
ENSG00000096433,ITPR3,"inositol 1,4,5-trisphosphate receptor type 3",3710.0,46,149,62,52,1.23469703331521,4.02560213627665,1.08408914054467,0.961196821154356,1.67409527044104,-0.229858298687188,1.65076632965435e-06,0.932843177738853,7.26616282692922e-08,0.50152676066216,0.722118485876926,1.65076632965435e-06
ENSG00000139725,RHOF,"ras homolog family member F, filopodia associated",54509.0,348,819,591,661,14.9155827541264,35.3335189747498,16.5013393071143,19.5105202823432,1.21564354937192,0.184846898093072,1.67504036277013e-06,0.88448460063668,7.39742355224237e-08,0.407502566882454,0.700245223732496,1.67504036277013e-06
ENSG00000257335,MGAM,maltase-glucoamylase,8972.0,12501,5832,11614,12082,307.588268794309,144.439021090428,186.156226038165,204.724704640167,-1.11880356361917,0.0803852531862048,1.67977581091437e-06,1.0,7.43057802962412e-08,0.695626193568315,-0.5192091552164826,1.67977581091437e-06
ENSG00000161638,ITGA5,integrin subunit alpha 5,3678.0,4840,2243,8363,8454,173.672965034522,81.0136387963354,195.487811911065,208.908210988873,-1.12837299498605,0.0390047185408734,1.69687338530125e-06,1.0,7.51857614242208e-08,0.850114196939242,-0.5446841382225882,1.69687338530125e-06
ENSG00000079950,STX7,syntaxin 7,8417.0,2191,1002,3211,2946,35.4211493786659,16.3053453614281,33.8167065681017,32.798910947986,-1.14744707795051,-0.100869385482485,1.71734038523989e-06,0.981876444361395,7.63429263224264e-08,0.62865139777966,-0.6241582317164974,1.71734038523989e-06
ENSG00000196209,SIRPB2,signal regulatory protein beta 2,284759.0,3439,1587,2688,2894,180.517203388263,83.8504419875654,91.9150053643137,104.614373108748,-1.13446418640524,0.129917708398606,1.71734038523989e-06,0.941636472443587,7.62565980349998e-08,0.533752205710744,-0.502273239003317,1.71734038523989e-06
ENSG00000104331,BPNT2,"3'(2'), 5'-bisphosphate nucleotidase 2",54928.0,62,185,137,108,2.15582469046751,6.4749361325883,3.103223467124,2.58613931637934,1.55643972255434,-0.319423921317512,1.74418447967255e-06,0.787455869048294,7.7790475263052e-08,0.265292954334321,0.618507900618414,1.74418447967255e-06
ENSG00000232931,LINC00342,long intergenic non-protein coding RNA 342,,22,92,25,26,0.677788908250365,2.85299895479078,0.501744380309409,0.551634645004855,2.03914178453758,0.0795850429268723,1.75628430257377e-06,1.0,7.84581167087683e-08,0.999999999999999,1.059363413732226,1.75628430257377e-06
ENSG00000005059,MCUB,mitochondrial calcium uniporter dominant negative subunit beta,55013.0,10,60,21,15,0.745212482041285,4.50063071220803,1.01945989819289,0.769799791041341,2.5513394857083,-0.458790314441504,1.80012464777241e-06,0.903031083872557,8.08101430569744e-08,0.443644728641456,1.046274585633398,1.80012464777241e-06
ENSG00000129351,ILF3,interleukin enhancer binding factor 3,3609.0,427,991,476,513,10.2633040242373,23.9759034994593,7.45310094323924,8.49147417842473,1.1955731481112,0.131355763453488,1.80012464777241e-06,0.956528610804347,8.07991478161748e-08,0.566416125021463,0.663464455782344,1.80012464777241e-06
ENSG00000238005,LNCATV,lncRNA negative regulator of antiviral signaling,101927851.0,253,95,262,298,18.2085108539843,6.88207691424638,12.2836075054118,14.7698668954322,-1.43077599412358,0.209043672654422,1.80753851115846e-06,0.883304914142995,8.12746874642741e-08,0.398042604623321,-0.610866160734579,1.80753851115846e-06
ENSG00000139289,PHLDA1,pleckstrin homology like domain family A member 1,22822.0,13,68,14,13,0.426818625077927,2.2472476316131,0.299432390471823,0.293933964084567,2.35713442436204,-0.0827565842356099,1.8390128510176e-06,1.0,8.29579474405987e-08,1.0,1.137188920063215,1.8390128510176e-06
ENSG00000139793,MBNL2,muscleblind like splicing regulator 2,10150.0,13,68,18,26,0.701711386665403,3.69458865922701,0.632933974515493,0.966484578727943,2.35713442436204,0.550705172891416,1.8390128510176e-06,0.847579921487032,8.29579474405987e-08,0.339516172452477,1.453919798626728,1.8390128510176e-06
ENSG00000107551,RASSF4,Ras association domain family member 4,83937.0,20,32,24,105,0.558850411065661,0.900031202441348,0.436865302102034,2.02051131737831,0.65596335630033,2.14682219732341,0.305439416500192,1.86288609487156e-06,0.173242601561069,5.02308595760441e-09,1.40139277681187,1.86288609487156e-06
ENSG00000082512,TRAF5,TNF receptor associated factor 5,7188.0,42,139,58,60,1.23329279199273,4.10840937575563,1.1094701650378,1.21331778193393,1.70483003650054,0.0721484596955201,1.88729254189929e-06,1.0,8.5273384053167e-08,0.941899622880114,0.8884892480980301,1.88729254189929e-06
ENSG00000111300,NAA25,"N-alpha-acetyltransferase 25, NatB auxiliary subunit",80018.0,9,57,33,26,0.240790480336406,1.53501869044684,0.575150464824319,0.479045274934028,2.62753597478185,-0.319197763096072,1.94354999273418e-06,0.932843177738853,8.80985348696005e-08,0.493001311180047,1.154169105842889,1.94354999273418e-06
ENSG00000137502,RAB30,"RAB30, member RAS oncogene family",27314.0,9,57,3,12,0.201513466556042,1.28463109134589,0.0437576057432111,0.185033012653953,2.62753597478185,1.9788600740817,1.94354999273418e-06,0.3827151359432,8.80985348696005e-08,0.041975388397793,2.303198024431775,1.94354999273418e-06
ENSG00000173762,CD7,CD7 molecule,924.0,162,408,57,103,15.6576184068733,39.6929028956282,3.58885801967158,6.85573976618394,1.31307518532371,0.875551934551416,1.98098776143358e-06,0.115148920712084,9.0084270742935e-08,0.0051272402386739,1.094313559937563,1.98098776143358e-06
ENSG00000142528,ZNF473,zinc finger protein 473,25888.0,118,311,65,84,4.53188147421714,12.0226148124354,1.62622496496515,2.22168371122804,1.37835427372306,0.392675054653441,1.99129136148758e-06,0.743518561420977,9.06979376861784e-08,0.214461919990105,0.8855146641882505,1.99129136148758e-06
ENSG00000173597,SULT1B1,sulfotransferase family 1B member 1,27284.0,3879,1802,3332,3457,141.567221647811,66.1972158970082,79.2170478267916,86.8857827522097,-1.1248706996427,0.0765211333346124,1.99863081017265e-06,1.0,9.11778812977757e-08,0.713531734552873,-0.5241747831540439,1.99863081017265e-06
ENSG00000115325,DOK1,docking protein 1,1796.0,845,372,1429,1264,73.4207827399137,32.5347332003205,80.8844918944571,75.6337762553862,-1.20221234273076,-0.153603411303217,2.01237138195896e-06,0.916742215921126,9.1977400761862e-08,0.471410113067227,-0.6779078770169885,2.01237138195896e-06
ENSG00000114779,ABHD14B,abhydrolase domain containing 14B,84836.0,19,83,57,56,1.59238776018597,7.00189075765929,3.11200880478323,3.23213629443236,2.10105894528604,-0.002138611646721,2.02346154124649e-06,1.0,9.27530468914183e-08,1.0,1.0494601668196597,2.02346154124649e-06
ENSG00000163655,GMPS,guanine monophosphate synthase,8833.0,12,65,34,39,0.362701249103037,1.9775304084873,0.669448933227796,0.811780886320037,2.40650243790642,0.220573247868289,2.04287474236304e-06,1.0,9.37918005894705e-08,0.689157190561197,1.3135378428873545,2.04287474236304e-06
ENSG00000103326,CAPN15,calpain 15,6650.0,66,195,88,77,2.18780286112796,6.50640166305975,1.90028024781128,1.75776731565483,1.54231527622751,-0.168996564328048,2.05206880350703e-06,0.988958611325617,9.45130071284393e-08,0.645186365834735,0.686659355949731,2.05206880350703e-06
ENSG00000122986,HVCN1,hydrogen voltage gated channel 1,84329.0,1007,448,2546,2008,72.3366319488168,32.3928258201871,119.140095578204,99.3342303029854,-1.18710531448404,-0.319063726474458,2.05206880350703e-06,0.628161311574139,9.4504036426698e-08,0.127511593760887,-0.753084520479249,2.05206880350703e-06
ENSG00000197062,ZSCAN26,zinc finger and SCAN domain containing 26,7741.0,157,51,234,286,14.1810149561579,4.63681583860028,13.7687416672303,17.7901702817471,-1.6386208516165,0.312746958493802,2.06195243839061e-06,0.728857679360752,9.51184880849188e-08,0.203298022945194,-0.6629369465613489,2.06195243839061e-06
ENSG00000281106,TMEM272,transmembrane protein 272,283521.0,738,322,246,242,47.0775828499565,20.6754835162198,10.2226533288228,10.6311334494065,-1.21507874648461,-0.0002593861937856,2.1207108280461e-06,1.0,9.79835785586087e-08,1.0,-0.6076690663391978,2.1207108280461e-06
ENSG00000188636,RTL6,retrotransposon Gag like 6,84247.0,24,96,18,28,1.17330741774797,4.72404271840547,0.5732496672674,0.942681567327983,1.97560433235528,0.657131211546828,2.16208549331567e-06,0.761054052644901,1.00052782994859e-07,0.230971071564992,1.316367771951054,2.16208549331567e-06
ENSG00000226137,BAIAP2-DT,BAIAP2 divergent transcript,440465.0,228,84,275,283,12.6550288119368,4.69298953585991,9.94332687808228,10.8173563345765,-1.45803837074406,0.0647331766279268,2.19256100954552e-06,1.0,1.0162285396232e-07,0.811178197965319,-0.6966525970580666,2.19256100954552e-06
ENSG00000171916,LGALS9C,galectin 9C,654346.0,161,53,213,281,8.97194131591795,2.97288716744032,7.73233895075953,10.7838360715146,-1.61952752053904,0.422891610897707,2.25429156249149e-06,0.52399478467183,1.04648281978362e-07,0.0855710089867847,-0.5983179548206665,2.25429156249149e-06
ENSG00000163599,CTLA4,cytotoxic T-lymphocyte associated protein 4,1493.0,20,85,14,28,2.4759162370624,10.5917296375503,1.12902801809212,2.38709879128521,2.06182697538123,1.01683849899405,2.29668159006234e-06,0.469392349006736,1.06950847984976e-07,0.0663279233875574,1.53933273718764,2.29668159006234e-06
ENSG00000134602,STK26,serine/threonine kinase 26,51765.0,706,308,1208,1176,56.3869955924533,24.7609315245958,62.8509606384924,64.6826769251475,-1.21524183975894,-0.0153390368606434,2.30086860496966e-06,1.0,1.07313504385701e-07,0.947040412096995,-0.6152904383097917,2.30086860496966e-06
ENSG00000168209,DDIT4,DNA damage inducible transcript 4,54541.0,1619,2411,1216,2814,208.81713607353,313.010210975006,102.170046939771,249.948070614269,0.555653818434179,1.23378491558084,0.0296221672733112,2.31249706227834e-06,0.008213988228753,6.40394172617525e-09,0.8947193670075095,2.31249706227834e-06
ENSG00000161929,SCIMP,SLP adaptor and CSK interacting membrane protein,388325.0,11,17,3,44,0.685844530718391,1.06690051420841,0.12184984494085,1.88926152529515,0.603633774201364,3.8425590511452,0.536790739676585,2.42213149002766e-06,0.376637606879912,7.06057860378271e-09,2.223096412673282,2.42213149002766e-06
ENSG00000158882,TOMM40L,translocase of outer mitochondrial membrane 40 like,84134.0,102,274,86,77,8.21092367405014,22.2016072006506,4.50983887766798,4.26863457511803,1.40567417886827,-0.135877674984767,2.43375293682991e-06,1.0,1.13688648339016e-07,0.72756769333195,0.6348982519417515,2.43375293682991e-06
ENSG00000232573,RPL3P4,ribosomal protein L3 pseudogene 4,326307.0,40,133,95,133,25.0518238643666,83.8441966190953,38.7591009925918,57.3637333650452,1.7114069430127,0.50825047008764,2.44405368432689e-06,0.494729075705874,1.14347942379964e-07,0.0765650353733898,1.10982870655017,2.44405368432689e-06
ENSG00000127124,HIVEP3,HIVEP zinc finger 3,59269.0,23,93,27,24,0.416631101498158,1.69569917141499,0.318609225325338,0.29939290334654,1.99093924170797,-0.145816942370724,2.50105425005079e-06,1.0,1.17379313294907e-07,0.803067687488622,0.922561149668623,2.50105425005079e-06
ENSG00000187626,ZKSCAN4,zinc finger with KRAB and SCAN domains 4,387032.0,117,34,233,227,5.79797893224545,1.6959447380739,7.52172452542748,7.74681237527743,-1.79794301464306,-0.0142381698036695,2.51438863196382e-06,1.0,1.18188359394889e-07,0.979550166053734,-0.9060905922233647,2.51438863196382e-06
ENSG00000158828,PINK1,PTEN induced kinase 1,65018.0,1834,844,2796,2927,100.531522973029,46.5679784865274,99.8414383933838,110.492312279244,-1.13840084554526,0.0894462251865205,2.5536004374577e-06,0.998020498477691,1.20217598207089e-07,0.668692644148367,-0.5244773101793698,2.5536004374577e-06
ENSG00000197471,SPN,sialophorin,6693.0,94,256,148,183,3.37344425797529,9.24757066415218,3.46001619663793,4.52275626351314,1.42537584648427,0.329387501446907,2.56475413018712e-06,0.757841540271721,1.21116504617494e-07,0.22430241123049,0.8773816739655885,2.56475413018712e-06
ENSG00000133884,DPF2,double PHD fingers 2,5977.0,1511,691,2045,1975,46.3845549779302,21.3515292539447,40.8952600196702,41.7524956189659,-1.14744142488174,-0.0268547705935212,2.56475413018712e-06,1.0,1.21092424222421e-07,0.900626589301803,-0.5871480977376305,2.56475413018712e-06
ENSG00000181704,YIPF6,Yip1 domain family member 6,286451.0,209,76,308,249,6.43226240815827,2.35436107075659,6.17502777553173,5.27743901820663,-1.47674168901467,-0.283264800462941,2.59315317115013e-06,0.767855097962231,1.23024538290245e-07,0.239332185831837,-0.8800032447388055,2.59315317115013e-06
ENSG00000182923,CEP63,centrosomal protein 63,80254.0,2365,1098,3523,3270,60.331534267677,28.1940569984364,58.5459152249845,57.4470043388666,-1.12571205212758,-0.0841189918377708,2.59391382417312e-06,1.0,1.23249658458014e-07,0.68638918579308,-0.6049155219826754,2.59391382417312e-06
ENSG00000145990,GFOD1,glucose-fructose oxidoreductase domain containing 1,54438.0,118,308,102,105,2.92540879741249,7.68594514945577,1.64731047157261,1.7926696425289,1.36437572685419,0.0651332489803304,2.61718551787018e-06,1.0,1.24546140735259e-07,0.845691065081268,0.7147544879172603,2.61718551787018e-06
ENSG00000013306,SLC25A39,solute carrier family 25 member 39,51629.0,54,164,53,87,4.05724447468705,12.4029009162012,2.5940839034926,4.5015603776181,1.58161744019397,0.737043264954772,2.74506242046912e-06,0.302171209197446,1.30983200807181e-07,0.0273499957603285,1.159330352574371,2.74506242046912e-06
ENSG00000122877,EGR2,early growth response 2,1959.0,127,327,95,88,9.12041901475764,23.6374613421937,4.44432087825056,4.35211288749206,1.34476763224616,-0.0869134055212582,2.74506242046912e-06,1.0,1.31031619691537e-07,0.831039310251754,0.6289271133624509,2.74506242046912e-06
ENSG00000004139,SARM1,sterile alpha and TIR motif containing 1,23098.0,24,95,54,47,0.572548662474222,2.28121793078261,0.839200345859174,0.772156674687934,1.96051731666498,-0.17646878607617,2.74755444258198e-06,0.981876444361395,1.31350802676999e-07,0.626980629878517,0.892024265294405,2.74755444258198e-06
ENSG00000204681,GABBR1,gamma-aminobutyric acid type B receptor subunit 1,2550.0,135,214,90,259,4.22350142233896,6.73898761401059,1.83422292567433,5.5801394158586,0.645333366538256,1.54701883767218,0.04383716240368,2.80854599936963e-06,0.0134243140099634,8.8010113666298e-09,1.096176102105218,2.80854599936963e-06
ENSG00000063177,RPL18,ribosomal protein L18,6141.0,496,1125,903,795,34.0684020050235,77.7794052140566,40.4043913241524,37.6048295641831,1.16247367494404,-0.160355709519217,2.82236226613977e-06,0.913225093548511,1.35132780123439e-07,0.458998983327307,0.5010589827124116,2.82236226613977e-06
ENSG00000151414,NEK7,NIMA related kinase 7,140609.0,1813,838,3661,2929,88.0648087172666,40.9723259639158,115.84440212771,97.9784067375396,-1.13207847853405,-0.29842641981239,2.93967290671309e-06,0.669708938116784,1.41392225508719e-07,0.151079937900951,-0.7152524491732201,2.93967290671309e-06
ENSG00000273802,H2BC8,H2B clustered histone 8,8339.0,20,84,16,29,3.45401613253816,14.6021115089044,1.80005212048213,3.44904430497206,2.04477884640008,0.876209780700832,2.97926987023122e-06,0.572724275775762,1.43513874378577e-07,0.104469382179473,1.460494313550456,2.97926987023122e-06
ENSG00000166912,MTMR10,myotubularin related protein 10,54893.0,2313,1078,2642,2243,69.3332185366384,32.5256884515496,51.5904449207213,46.3021770445189,-1.12015664709597,-0.212798160726601,2.98626039943161e-06,0.823874435779195,1.44068239646096e-07,0.30884128848749,-0.6664774039112855,2.98626039943161e-06
ENSG00000104814,MAP4K1,mitogen-activated protein kinase kinase kinase kinase 1,11184.0,34,118,51,70,2.29838817821715,8.02912978423129,2.24587390906161,3.25873399677873,1.77261837593636,0.47924223334019,3.07653352761832e-06,0.701195305259501,1.48871757931684e-07,0.17458875460668,1.125930304638275,3.07653352761832e-06
ENSG00000081913,PHLPP1,PH domain and leucine rich repeat protein phosphatase 1,23239.0,246,94,705,469,7.20042726681653,2.76944677401863,13.442591749101,9.45371297907615,-1.40556352239592,-0.564520087393313,3.07653352761832e-06,0.188242985620345,1.48694190730305e-07,0.0115234009562082,-0.9850418048946166,3.07653352761832e-06
ENSG00000087470,DNM1L,dynamin 1 like,10059.0,28,104,42,59,1.01865490884907,3.80841615608705,0.995380372995253,1.47818051059202,1.86960519315649,0.51242390978713,3.09039119930765e-06,0.714131068269656,1.49767537351668e-07,0.193823081936761,1.19101455147181,3.09039119930765e-06
ENSG00000175455,CCDC14,coiled-coil domain containing 14,64770.0,23,92,40,41,0.533417653804654,2.14767906961796,0.604324597920772,0.654831880377196,1.97536357269804,0.0588340516839165,3.19114704437603e-06,1.0,1.54882956679379e-07,1.0,1.0170988121909783,3.19114704437603e-06
ENSG00000125510,OPRL1,opioid related nociceptin receptor 1,4987.0,332,134,748,687,24.1633100014848,9.81669163175155,35.4642411522846,34.4335253235055,-1.3269753023058,-0.0993191005965376,3.21374750780682e-06,0.994297199514418,1.56214078684386e-07,0.657965645843133,-0.7131472014511688,3.21374750780682e-06
ENSG00000115421,PAPOLG,poly(A) polymerase gamma,64895.0,667,293,977,785,20.8401540185053,9.21477465757865,19.8856772165404,16.8908364340472,-1.20527478124585,-0.292232377686019,3.28169329251617e-06,0.704563090169676,1.59995103679734e-07,0.177296046520616,-0.7487535794659345,3.28169329251617e-06
ENSG00000126822,PLEKHG3,pleckstrin homology and RhoGEF domain containing G3,26030.0,6664,3164,9570,10030,148.058295958141,70.7581128585628,138.509776231149,153.463500610725,-1.09344779233228,0.0911213623771,3.35601112558214e-06,0.994297199514418,1.63862953952779e-07,0.657734238710362,-0.50116321497759,3.35601112558214e-06
ENSG00000159921,GNE,glucosamine (UDP-N-acetyl)-2-epimerase/N-acetylmannosamine kinase,10020.0,75,211,77,69,3.38487696804527,9.58530834861102,2.263826196413,2.14455468192488,1.47191420790494,-0.134639364978033,3.4591206320514e-06,1.0,1.69149536809976e-07,0.753400781463643,0.6686374214634535,3.4591206320514e-06
ENSG00000188846,RPL14,ribosomal protein L14,9045.0,406,926,792,785,12.4691343809952,28.6261713819441,15.8455086557582,16.6029912038357,1.17044778613876,0.0105822951236077,3.4862249057533e-06,1.0,1.70728985327665e-07,0.973076707352192,0.5905150406311839,3.4862249057533e-06
ENSG00000120875,DUSP4,dual specificity phosphatase 4,1846.0,1,30,4,8,0.0364255516795926,1.09994102721707,0.0949154390492092,0.200679280051476,4.72521094766968,1.00083112969867,3.5629701054993e-06,0.883304914142995,1.75006693711305e-07,0.401742163618017,2.8630210386841752,3.5629701054993e-06
ENSG00000213442,RPL18AP3,ribosomal protein L18a pseudogene 3,390354.0,27,101,46,51,13.5472007743812,51.0092790521418,15.0353785309779,17.622291807418,1.87966023791044,0.171811484848435,3.59471717965339e-06,1.0,1.76828020424576e-07,0.739334962084598,1.0257358613794374,3.59471717965339e-06
ENSG00000143013,LMO4,LIM domain only 4,8543.0,264,103,636,362,12.9016199713224,5.06663421489163,20.2473488516102,12.1830295651357,-1.37565034171667,-0.789437093085721,3.62176453312891e-06,0.0241934660666855,1.78422447485435e-07,0.0004971984718558,-1.0825437174011956,3.62176453312891e-06
ENSG00000082212,ME2,malic enzyme 2,4200.0,917,414,1279,1077,15.2817780250566,6.9445946439647,13.8849981901312,12.3602331800661,-1.16588742917538,-0.22458232300835,3.62701099474504e-06,0.811415249722691,1.7894522980924e-07,0.294128499242587,-0.695234876091865,3.62701099474504e-06
ENSG00000067840,PDZD4,PDZ domain containing 4,57595.0,22,88,34,43,1.34261848008406,5.40573336407571,1.35169774239614,1.80719411898233,1.9751010028543,0.361010418536553,3.70706511543646e-06,0.900489978071345,1.83165001331141e-07,0.438914459135927,1.1680557106954264,3.70706511543646e-06
ENSG00000134851,TMEM165,transmembrane protein 165,55858.0,918,415,1078,909,34.506150440081,15.7016009399553,26.3963162345658,23.5301189533782,-1.16398012362286,-0.22258509559113,3.77248558647483e-06,0.817777295112697,1.86672330069699e-07,0.30245254863541,-0.693282609606995,3.77248558647483e-06
ENSG00000142541,RPL13A,ribosomal protein L13a,23521.0,1970,4260,4083,4158,220.30324339822,479.519499753004,297.4437011229,320.217866138677,1.09376999362499,0.0496504333327795,3.875147798457e-06,1.0,1.92580397753696e-07,0.811529108751909,0.5717102134788847,3.875147798457e-06
ENSG00000181163,NPM1,nucleophosmin 1,4869.0,112,291,191,237,7.75114424894352,20.2713556902332,8.61096641504281,11.2954243633754,1.3577058205319,0.334509206528558,3.875147798457e-06,0.70701280228558,1.92599533489846e-07,0.180890964124177,0.846107513530229,3.875147798457e-06
ENSG00000125812,GZF1,GDNF inducible zinc finger protein 1,64412.0,434,980,616,565,21.0502742981881,47.8449509894469,19.4634343067657,18.8722154923821,1.15601968817094,-0.101266274135625,4.14763505053032e-06,0.994297199514418,2.06747002956037e-07,0.658127428131848,0.5273767070176575,4.14763505053032e-06
ENSG00000162496,DHRS3,dehydrogenase/reductase 3,9249.0,8,52,11,21,0.602954281344357,3.94493406097096,0.540079649377943,1.08998394310462,2.66286379896411,0.948337142345869,4.20670558982602e-06,0.637090041047033,2.09998056335142e-07,0.137985104357366,1.8056004706549895,4.20670558982602e-06
ENSG00000163564,PYHIN1,pyrin and HIN domain family member 1,149628.0,11,60,10,15,0.836438981349725,4.59234850226738,0.49535016375208,0.785487444647523,2.41544560366218,0.602163939014152,4.36011079180404e-06,0.90933239592097,2.18451480956015e-07,0.451617860239135,1.5088047713381658,4.36011079180404e-06
ENSG00000184900,SUMO3,small ubiquitin like modifier 3,6612.0,68,194,84,112,6.59398482462153,18.9357612450495,5.30626638078436,7.4793432113475,1.49191356940728,0.437862812416549,4.36011079180404e-06,0.642642384476264,2.18927003028202e-07,0.140308940895059,0.9648881909119145,4.36011079180404e-06
ENSG00000260916,CCPG1,cell cycle progression 1,9236.0,1179,543,2466,2187,35.5340456261812,16.4729996298283,48.4166408109579,45.3927028319405,-1.1371967986696,-0.149819762864866,4.36011079180404e-06,0.918021550281334,2.18813412136416e-07,0.474630672122377,-0.6435082807672331,4.36011079180404e-06
ENSG00000135272,MDFIC,MyoD family inhibitor domain containing,29969.0,68,194,110,99,3.4300774068671,9.85005706806458,3.61458485827012,3.43903512894193,1.49191356940728,-0.128457428204749,4.36011079180404e-06,1.0,2.18927003028202e-07,0.699136174993681,0.6817280706012655,4.36011079180404e-06
ENSG00000135378,PRRG4,proline rich and Gla domain 4,79056.0,1218,562,2532,2683,58.2132887446138,27.0366681887893,78.8332225390042,88.3083822711977,-1.13453571473336,0.106956268325897,4.47291475446209e-06,0.975677428434982,2.24917007767005e-07,0.609281999219375,-0.5137897232037314,4.47291475446209e-06
ENSG00000198286,CARD11,caspase recruitment domain family member 11,84433.0,45,141,45,69,2.53272502261641,7.98797410823538,1.64990436951457,2.67442871954516,1.62616970599112,0.638618845310088,4.4807956521444e-06,0.488999891537032,2.25639833525126e-07,0.0734462014617274,1.132394275650604,4.4807956521444e-06
ENSG00000117020,AKT3,AKT serine/threonine kinase 3,10000.0,13,65,32,31,0.269673438709091,1.3572197972274,0.432429716203836,0.442856398463764,2.29216236314352,-0.0223233467810119,4.6259267634807e-06,1.0,2.33622449139493e-07,0.999999999999999,1.134919508181254,4.6259267634807e-06
ENSG00000115904,SOS1,SOS Ras/Rac guanine nucleotide exchange factor 1,6654.0,670,298,875,723,19.1620894996225,8.57879587283828,16.302223622997,14.24009111462,-1.18734663680041,-0.251855990586816,4.65022684800316e-06,0.778637941053786,2.35527449304926e-07,0.249107624837932,-0.719601313693613,4.65022684800316e-06
ENSG00000081307,UBA5,ubiquitin like modifier activating enzyme 5,79876.0,6,46,12,18,0.232831144601444,1.79675831347927,0.303348464129881,0.481026206032278,2.89414546420619,0.603186766778998,4.70489076878123e-06,0.880851266876775,2.38638972093845e-07,0.395171214629436,1.748666115492594,4.70489076878123e-06
ENSG00000140006,WDR89,WD repeat domain 89,112840.0,5,43,18,22,0.412781298481889,3.57322589499159,0.968039871275176,1.25077473059818,3.05431814020052,0.310941473422264,4.75128829533261e-06,0.996439117590374,2.42031082818648e-07,0.665795713939735,1.682629806811392,4.75128829533261e-06
ENSG00000103148,NPRL3,"NPR3 like, GATOR1 complex subunit",8131.0,5,43,8,20,0.200425962600754,1.7349798603462,0.208903007476138,0.552103345367825,3.05431814020052,1.33168824728478,4.75128829533261e-06,0.411552975016715,2.42031082818648e-07,0.0489530339254116,2.19300319374265,4.75128829533261e-06
ENSG00000156853,ZNF689,zinc finger protein 689,115509.0,5,43,17,15,0.318264100631519,2.75504130154445,0.704915893770019,0.657529614885144,3.05431814020052,-0.155959124888522,4.75128829533261e-06,1.0,2.42031082818648e-07,0.870082149622495,1.449179507655999,4.75128829533261e-06
ENSG00000198223,CSF2RA,colony stimulating factor 2 receptor subunit alpha,1438.0,1301,603,2312,2130,89.9908280973225,41.9836576835745,104.178838951026,101.46282833305,-1.1280672443773,-0.0948908725738809,4.79195969569047e-06,0.993090114993974,2.44801322451466e-07,0.651826824197633,-0.6114790584755905,4.79195969569047e-06
ENSG00000136444,RSAD1,radical S-adenosyl methionine domain containing 1,55316.0,25,95,45,50,1.60093689488565,6.12350135879646,1.87722984464711,2.2050102789074,1.901920720153,0.174933584660278,4.86089370752238e-06,1.0,2.49031356681842e-07,0.735850782856883,1.038427152406639,4.86089370752238e-06
ENSG00000211592,IGKC,immunoglobulin kappa constant,3514.0,43,136,136,332,21.7814351945011,69.3424135353199,44.8773988507964,115.81439150726,1.63953216574919,1.3101708812039,4.89847642282139e-06,4.2651690316426e-05,2.513137590487e-07,2.14470677148622e-07,1.474851523476545,4.89847642282139e-06
ENSG00000125863,MKKS,MKKS centrosomal shuttling protein,8195.0,125,39,169,188,4.70388915777125,1.4772489230447,4.14290049739445,4.87204538205085,-1.69600738192024,0.176976981277469,4.92788380767142e-06,0.933530890016474,2.53376577455187e-07,0.506706222490177,-0.7595152003213854,4.92788380767142e-06
ENSG00000129450,SIGLEC9,sialic acid binding Ig like lectin 9,27180.0,1695,795,2337,1837,176.858821715172,83.4960944900232,158.84972552529,131.99959244816,-1.11097537541752,-0.32389477801748,5.08546146986055e-06,0.61661658768098,2.62018747936992e-07,0.122631297754073,-0.7174350767175,5.08546146986055e-06
ENSG00000204103,MAFB,MAF bZIP transcription factor B,9935.0,266,617,264,232,20.7936051753526,48.5484455898102,13.4438239072066,12.4894280645079,1.1946255531751,-0.16293903621651,5.11352585451036e-06,0.937365369730268,2.63837363722004e-07,0.516084517154533,0.515843258479295,5.11352585451036e-06
ENSG00000127804,METTL16,"methyltransferase 16, N6-methyladenosine",79066.0,29,104,68,46,0.85994717747981,3.10419593111998,1.31357060661331,0.939372881344605,1.81919880225666,-0.539296820096486,5.20558160646732e-06,0.628161311574139,2.68966430475538e-07,0.131746312276492,0.639950991080087,5.20558160646732e-06
ENSG00000102010,BMX,BMX non-receptor tyrosine kinase,660.0,88,23,228,291,8.2437154484369,2.16875336034706,13.9138045713151,18.7732610285531,-1.94887318419818,0.375194494258242,5.21080035097468e-06,0.624398428768734,2.69615817606182e-07,0.125862560412062,-0.786839344969969,5.21080035097468e-06
ENSG00000116001,TIA1,TIA1 cytotoxic granule associated RNA binding protein,7072.0,665,297,765,823,26.6647222412858,11.9870930528837,19.9823971158146,22.7259299292273,-1.18138924167022,0.128804134489485,5.26518155294607e-06,0.95460501357024,2.72813298655054e-07,0.557430065763789,-0.5262925535903675,5.26518155294607e-06
ENSG00000146192,FGD2,"FYVE, RhoGEF and PH domain containing 2",221472.0,33,49,11,67,0.859970512794347,1.28530947424926,0.186738143573035,1.20240516249709,0.5497569926701,2.61628341083659,0.290081705566986,5.34367159776128e-06,0.162227591351191,1.71346414736552e-08,1.583020201753345,5.34367159776128e-06
ENSG00000198315,ZKSCAN8,zinc finger with KRAB and SCAN domains 8,7745.0,78,214,121,124,2.72612096497662,7.52846268013743,2.75490496612113,2.98454831914551,1.43577815235462,0.0586649532579677,5.36114281751461e-06,1.0,2.78566887398916e-07,0.864154721578752,0.7472215528062939,5.36114281751461e-06
ENSG00000115145,STAM2,signal transducing adaptor molecule 2,10254.0,762,344,1155,948,29.792112525479,13.5377590283684,29.4170449519133,25.5247251847704,-1.16592944403577,-0.261510857122466,5.36114281751461e-06,0.757841540271721,2.78452347762915e-07,0.224017601471619,-0.713720150579118,5.36114281751461e-06
ENSG00000122025,FLT3,fms related receptor tyrosine kinase 3,2322.0,5,2,3,42,0.318493673197495,0.128233887808764,0.124486653318989,1.84241094494482,-1.28814488521507,3.77563788598326,0.6186472530394,5.50025280107609e-06,0.46116766880484,1.83960190797737e-08,1.2437465003840948,5.50025280107609e-06
ENSG00000101181,MTG2,mitochondrial ribosome associated GTPase 2,26164.0,674,302,803,833,34.2787727365072,15.4601719425791,26.6042882764702,29.1753973022025,-1.17670439139108,0.0762965948851752,5.60610154197946e-06,1.0,2.93746320411254e-07,0.732245410999883,-0.5502038982529524,5.60610154197946e-06
ENSG00000186866,POFUT2,protein O-fucosyltransferase 2,23275.0,420,941,337,372,18.9811797498438,42.8060883463194,9.92143620031775,11.577725823502,1.1447322957858,0.165887183804108,5.60610154197946e-06,0.925045998708635,2.93544948131695e-07,0.481313174421728,0.655309739794954,5.60610154197946e-06
ENSG00000143621,ILF2,interleukin enhancer binding factor 2,3608.0,81,220,92,106,9.4908297331357,25.9468028897088,7.02227321039923,8.55325535185342,1.42128491442372,0.227462038486033,5.64465992969464e-06,0.90933239592097,2.96178046158005e-07,0.45013286580687,0.8243734764548766,5.64465992969464e-06
ENSG00000126883,NUP214,nucleoporin 214,8021.0,1689,795,2502,2395,33.8647551737401,16.0445458192817,32.679569561959,33.0696971461387,-1.10585980565176,-0.0396623592435834,5.6462470486371e-06,1.0,2.9676409502113e-07,0.851291365400464,-0.5727610824476717,5.6462470486371e-06
ENSG00000225648,SBDSP1,SBDS pseudogene 1,,24,92,23,33,5.13168111119955,19.8005956515302,3.20366419061999,4.85924468582271,1.91428588533342,0.541751484665965,5.6462470486371e-06,0.806721456397718,2.97084271178836e-07,0.287634894996131,1.2280186849996926,5.6462470486371e-06
ENSG00000089775,ZBTB25,zinc finger and BTB domain containing 25,7597.0,43,135,67,66,0.931530837085951,2.94377462664764,0.945527827494647,0.984643742862758,1.62889479877967,0.0016934946430046,5.83841232756448e-06,1.0,3.08046241448527e-07,1.0,0.8152941467113373,5.83841232756448e-06
ENSG00000151702,FLI1,"Fli-1 proto-oncogene, ETS transcription factor",2313.0,3647,1753,5809,5406,120.380552862275,58.2431016796866,124.908697093267,122.886173421078,-1.07566926114543,-0.0803347768788575,6.07221802591114e-06,1.0,3.21709845856099e-07,0.697635595877087,-0.5780020190121438,6.07221802591114e-06
ENSG00000085788,DDHD2,DDHD domain containing 2,23259.0,22,86,40,30,0.552550893254161,2.17415280565567,0.654455809826411,0.518892350616604,1.94198203854273,-0.390233366744309,6.07404643591349e-06,0.856586723804079,3.22249366371157e-07,0.35469822617899,0.7758743358992105,6.07404643591349e-06
ENSG00000197958,RPL12,ribosomal protein L12,6136.0,470,1043,777,754,50.759815557223,113.383143740462,54.6655759106406,56.0789576271935,1.13095990202466,-0.0199550673617211,6.18251900740679e-06,1.0,3.28454770179242e-07,0.930859457633681,0.5555024173314694,6.18251900740679e-06
ENSG00000156804,FBXO32,F-box protein 32,114907.0,13,64,24,21,0.465720011596186,2.30782848690911,0.560097353513102,0.518092435431069,2.26983809841553,-0.168315656284895,6.19403151826508e-06,1.0,3.29969176494081e-07,0.788186701966051,1.0507612210653174,6.19403151826508e-06
ENSG00000125648,SLC25A23,solute carrier family 25 member 23,79085.0,3,36,9,18,0.162829156340305,1.96677838744924,0.318217572927888,0.672805963651375,3.51263944498094,1.01323541337861,6.31514552528005e-06,0.65858787605266,3.36881396626221e-07,0.146672828247845,2.2629374291797753,6.31514552528005e-06
ENSG00000115828,QPCT,glutaminyl-peptide cyclotransferase,25797.0,3035,1457,5993,5978,300.46390822303,145.18948903231,386.499223590429,407.564113135388,-1.07746956799749,0.0197758591110334,6.36641029749086e-06,1.0,3.40080072005597e-07,0.924443056773958,-0.5288468544432283,6.36641029749086e-06
ENSG00000124215,CDH26,cadherin 26,60437.0,81,20,94,80,3.73066168752083,0.927198781983052,2.82032679464797,2.53744854626979,-2.02992424462404,-0.208967537020388,6.46326920726215e-06,0.94916399460025,3.46667113871516e-07,0.542369543919295,-1.119445890822214,6.46326920726215e-06
ENSG00000171603,CLSTN1,calsyntenin 1,22883.0,126,315,141,157,5.87371154461997,14.7806873930974,4.28185458107033,5.04020419230288,1.30224354130941,0.17831124898099,6.53877049073733e-06,0.941636472443587,3.52146290092908e-07,0.532915783766637,0.7402773951452,6.53877049073733e-06
ENSG00000232811,,,,6,45,3,9,0.673818662227241,5.0868192608837,0.219474349789603,0.696050425727504,2.86252405072656,1.56873214635197,6.79604742467985e-06,0.674895869987875,3.6649723759387e-07,0.157928191118719,2.215628098539265,6.79604742467985e-06
ENSG00000085415,SEH1L,SEH1 like nucleoporin,81929.0,5,42,12,27,0.126382519495123,1.06858310536492,0.197591829464239,0.46998844221673,3.02047101785157,1.1848556730346,6.97494663517351e-06,0.362947635580242,3.78178129760173e-07,0.0383018104593015,2.102663345443085,6.97494663517351e-06
ENSG00000164211,STARD4,StAR related lipid transfer domain containing 4,134429.0,5,42,16,15,0.233042784452566,1.9704115987561,0.485798724985854,0.48146345129345,3.02047101785157,-0.069159591259375,6.97494663517351e-06,1.0,3.78178129760173e-07,1.0,1.4756557132960975,6.97494663517351e-06
ENSG00000127418,FGFRL1,fibroblast growth factor receptor like 1,53834.0,5,42,5,17,0.305070287155316,2.57941490726156,0.198733299229876,0.714307544473875,3.02047101785157,1.76350122454424,6.97494663517351e-06,0.279795036252064,3.78178129760173e-07,0.023156584952853,2.391986121197905,6.97494663517351e-06
ENSG00000106404,CLDN15,claudin 15,24146.0,304,125,329,331,27.8384387691551,11.5218790917009,19.626276885535,20.8740007631594,-1.30012053884091,0.0321232142688982,6.97494663517351e-06,1.0,3.77581799552199e-07,0.895590392795777,-0.6339986622860059,6.97494663517351e-06
ENSG00000090686,USP48,ubiquitin specific peptidase 48,84196.0,884,408,883,897,24.6595730263513,11.4560647401197,16.0459237018249,17.2318593005884,-1.13407452724696,0.046079824111262,7.17605385840501e-06,1.0,3.90127982682563e-07,0.839018913731696,-0.5439973515678489,7.17605385840501e-06
ENSG00000137331,IER3,immediate early response 3,8870.0,987,924,1292,2882,193.68817620735,182.51557748241,165.165449029765,389.481059610468,-0.113981784599898,1.18077737507365,0.740393342825733,7.24587974303698e-06,0.600429756519804,2.58284358750487e-08,0.533397795236876,7.24587974303698e-06
ENSG00000110108,TMEM109,transmembrane protein 109,79073.0,35,116,82,116,4.33893603546967,14.4748876392166,6.62216179606945,9.9032923983662,1.7063126532379,0.523146584083136,7.27334750344894e-06,0.494729075705874,3.95947426401134e-07,0.0769374552506523,1.114729618660518,7.27334750344894e-06
ENSG00000160712,IL6R,interleukin 6 receptor,3570.0,10713,5232,15672,14891,439.814117356035,216.206031033882,419.134311759924,421.006046668216,-1.05274959908338,-0.0503565008162089,7.46499020257479e-06,1.0,4.07468128678656e-07,0.806276030418253,-0.5515530499497944,7.46499020257479e-06
ENSG00000126775,ATG14,autophagy related 14,22863.0,45,138,72,95,2.35976577225959,7.28412648819654,2.45957240453052,3.43072887872047,1.59517077070814,0.422681245455333,7.47115050719663e-06,0.690622449282289,4.09191172076593e-07,0.169801254014775,1.0089260080817364,7.47115050719663e-06
ENSG00000167721,TSR1,TSR1 ribosome maturation factor,55720.0,19,78,16,31,0.907761534706557,3.75106669728934,0.497976546946725,1.01996736966289,2.01156170098604,0.972028793655324,7.58107209910889e-06,0.466823243296285,4.16014231936233e-07,0.0643659507591147,1.491795247320682,7.58107209910889e-06
ENSG00000030419,IKZF2,IKAROS family zinc finger 2,22807.0,57,164,24,21,1.23371022302644,3.57292717569652,0.338392151080832,0.313014179739604,1.50378915738911,-0.168315656284895,7.60448043190001e-06,1.0,4.17852954791766e-07,0.788186701966051,0.6677367505521075,7.60448043190001e-06
ENSG00000175215,CTDSP2,CTD small phosphatase 2,10106.0,7863,3837,11755,9641,383.484875332532,188.362207756347,373.467942808753,323.808657795804,-1.05391604335784,-0.26262500116495,7.64909142354252e-06,0.724447146936231,4.20861683776024e-07,0.201222914332083,-0.658270522261395,7.64909142354252e-06
ENSG00000112079,STK38,serine/threonine kinase 38,11329.0,2235,1074,3047,2857,165.16122413174,79.8871366962348,146.680962626243,145.394244550129,-1.0760314733255,-0.0694937703924955,7.86581608503667e-06,1.0,4.33359347054928e-07,0.739747134654312,-0.5727626218589978,7.86581608503667e-06
ENSG00000204305,AGER,advanced glycosylation end-product specific receptor,177.0,1556,739,1955,1972,198.660359586021,94.970357208223,162.599467101274,173.386366043492,-1.09290480112319,0.0358804089540383,7.89613505903727e-06,1.0,4.35605177065385e-07,0.866719826844293,-0.5285121960845759,7.89613505903727e-06
ENSG00000105383,CD33,CD33 molecule,945.0,252,101,413,343,11.1733230822009,4.50759821582107,11.9289604656328,10.4732710985007,-1.33682263710833,-0.244460172979764,8.07893316135477e-06,0.811415249722691,4.46867094408123e-07,0.294571607779319,-0.790641405044047,8.07893316135477e-06
ENSG00000231047,GCNT1P3,glucosaminyl (N-acetyl) transferase 1 pseudogene 3,100421581.0,2,32,1,1,0.921471434315397,14.8403405745155,0.300139125306477,0.317291392133562,3.89991308587476,0.0207927220028503,8.17105434438005e-06,1.0,4.5315350211873e-07,1.0,1.960352903938805,8.17105434438005e-06
ENSG00000240230,COX19,cytochrome c oxidase assembly factor COX19,90639.0,219,85,288,286,8.64008118884336,3.37547303415602,7.40179287427441,7.7704496554526,-1.38291956187452,0.0133322777183038,8.29191634577144e-06,1.0,4.6106487187171e-07,0.983094154708888,-0.6847936420781081,8.29191634577144e-06
ENSG00000078596,ITM2A,integral membrane protein 2A,9452.0,50,148,67,50,6.45838706400967,19.242335794906,5.63766933321894,4.44764871957089,1.54440488230881,-0.39797904835264,8.74533197400709e-06,0.787936462434936,4.86913979605117e-07,0.267684618751137,0.573212916978085,8.74533197400709e-06
ENSG00000173110,HSPA6,heat shock protein family A (Hsp70) member 6,3310.0,13323,6551,15037,14032,1498.75568017958,741.785640719207,1101.94709794449,1087.06321371143,-1.04295713761061,-0.0764037072726194,8.98961984336793e-06,1.0,5.01825448186841e-07,0.709728037109053,-0.5596804224416146,8.98961984336793e-06
ENSG00000155366,RHOC,ras homolog family member C,389.0,21,82,88,107,1.38117770225402,5.42857852911189,3.77036736358187,4.84641333193083,1.94010072513328,0.30503345915369,9.2203472014978e-06,0.823135844810643,5.15377226610466e-07,0.308114607952908,1.122567092143485,9.2203472014978e-06
ENSG00000094916,CBX5,chromobox 5,23468.0,36,117,49,40,0.634208627820479,2.07471055025297,0.562336737299508,0.485284081598079,1.67818272770715,-0.268630461091782,9.32606282520724e-06,0.924725133765422,5.22113384418542e-07,0.480962197907289,0.704776133307684,9.32606282520724e-06
ENSG00000215769,ARHGAP27P1-BPTFP1-KPNA2P3,"ARHGAP27P1-BPTFP1-KPNA2P3 readthrough, transcribed pseudogene",109286553.0,359,153,381,418,31.305915212073,13.4296716800013,21.6435085176157,25.1023654046417,-1.24860475002902,0.157054477173903,9.32606282520724e-06,0.933530890016474,5.22799122699673e-07,0.506463024668754,-0.5457751364275585,9.32606282520724e-06
ENSG00000110987,BCL7A,BAF chromatin remodeling complex subunit BCL7A,605.0,1,28,3,8,0.0403538518454953,1.13732617693117,0.0788636696349845,0.222321462881094,4.62610558199149,1.40125567953571,9.32606282520724e-06,0.767788479238095,5.2332519861606e-07,0.239199515285152,3.0136806307636,9.32606282520724e-06
ENSG00000115841,RMDN2,regulator of microtubule dynamics 2,151393.0,55,10,63,80,2.41597861965051,0.442152826559983,1.80277562829168,2.42006367735762,-2.46348667066305,0.367391312504099,9.38430783780286e-06,0.778637941053786,5.2727746268372e-07,0.250147824105687,-1.0480476790794755,9.38430783780286e-06
ENSG00000166313,APBB1,amyloid beta precursor protein binding family B member 1,322.0,16,70,39,51,0.808308275715261,3.55956633845972,1.28348968058691,1.77432686390479,2.10188004334765,0.409263973361849,9.43550940900281e-06,0.846065725390569,5.30841951883849e-07,0.335664029225059,1.2555720083547495,9.43550940900281e-06
ENSG00000269556,TMEM185A,transmembrane protein 185A,84548.0,97,28,115,124,4.98207340528706,1.44756617905256,3.84775100056045,4.38597833639452,-1.8067750843079,0.131959833543127,9.43932298677547e-06,0.99458008687596,5.31744400872864e-07,0.66276346847353,-0.8374076253823866,9.43932298677547e-06
ENSG00000267174,,,,1177,557,2229,2170,455.203525517374,216.833488937179,561.5778298207,577.956692751316,-1.09803092948149,-0.0153089548609548,9.61283712686643e-06,1.0,5.42920038866163e-07,0.944076417883537,-0.5566699421712225,9.61283712686643e-06
ENSG00000179051,RCC2,regulator of chromosome condensation 2,55920.0,48,143,59,74,3.1175057106037,9.3485459345086,2.4962539411675,3.30981827293039,1.55361046630981,0.349539221010072,9.73797190603312e-06,0.829421310872565,5.52116465740691e-07,0.315992884154938,0.951574843659941,9.73797190603312e-06
ENSG00000093000,NUP50,nucleoporin 50,10762.0,4450,2178,3376,3267,143.140786337696,70.5185334146373,70.7418734877288,72.3700597872388,-1.04959777900892,-0.0239557986355915,9.78831573593507e-06,1.0,5.55684153789055e-07,0.909679906993499,-0.5367767888222558,9.78831573593507e-06
ENSG00000283041,LOC729998,eukaryotic translation elongation factor 1 gamma pseudogene,729998.0,109,275,290,322,21.9761119275942,55.8083346020088,38.0884316170891,44.7081440285608,1.315281181406,0.174328185999859,9.83846807450067e-06,0.916742215921126,5.59248294571529e-07,0.471073575950373,0.7448046837029294,9.83846807450067e-06
ENSG00000167508,MVD,mevalonate diphosphate decarboxylase,4597.0,38,121,50,54,2.13421145217208,6.84039574591847,1.82934065138037,2.08859396348253,1.64888855365473,0.134100360506143,1.0057757913902e-05,1.0,5.72446358457764e-07,0.811723230249633,0.8914944570804365,1.0057757913902e-05
ENSG00000185800,DMWD,"DM1 locus, WD repeat containing",1762.0,5,41,23,36,0.232347866484544,1.91776129760241,0.696253277000204,1.15206662290207,2.9858106900596,0.666832282964748,1.03625573934452e-05,0.688821254832141,5.91304652315084e-07,0.168917324188176,1.826321486512174,1.03625573934452e-05
ENSG00000176422,SPRYD4,SPRY domain containing 4,283377.0,5,41,8,9,0.123002617404437,1.01524349128344,0.128205030774426,0.152473113036603,2.9858106900596,0.190508350625269,1.03625573934452e-05,1.0,5.91304652315084e-07,1.0,1.5881595203424346,1.03625573934452e-05
ENSG00000164828,SUN1,Sad1 and UNC84 domain containing 1,23353.0,26,94,42,53,0.581265735992202,2.11529643473777,0.611675938915732,0.815987778503822,1.83036502804057,0.358043774786105,1.04510102462921e-05,0.883304914142995,5.97875167128649e-07,0.398491545322385,1.0942044014133376,1.04510102462921e-05
ENSG00000268849,SIGLEC22P,"sialic acid binding Ig like lectin 22, pseudogene",,52,9,44,34,18.5161262674935,3.22575447215717,10.2063439116316,8.33742838200421,-2.53276687002446,-0.347451456774164,1.06386859097531e-05,0.875374844324988,6.09386906068059e-07,0.387650357762289,-1.440109163399312,1.06386859097531e-05
ENSG00000130827,PLXNA3,plexin A3,55558.0,35,114,40,48,0.791828036532765,2.59602990141837,0.589513226477283,0.747843076249898,1.68124909452948,0.285610084411519,1.08649423221458e-05,0.942064127818288,6.23138726681877e-07,0.534536605392304,0.9834295894704995,1.08649423221458e-05
ENSG00000196150,ZNF250,zinc finger protein 250,58500.0,15,67,23,29,0.540144836276356,2.42848698787384,0.539532408886525,0.719156444723004,2.13117095732102,0.356083018293513,1.11138215581606e-05,0.944243354283112,6.39032590685667e-07,0.537424617180521,1.2436269878072663,1.11138215581606e-05
ENSG00000141994,DUS3L,dihydrouridine synthase 3 like,56931.0,15,67,20,30,1.09502495466662,4.92322368966322,0.951115993668915,1.50820515687626,2.13117095732102,0.605243034988283,1.11138215581606e-05,0.778637941053786,6.39032590685667e-07,0.254598204816551,1.3682069961546515,1.11138215581606e-05
ENSG00000034053,APBA2,amyloid beta precursor protein binding family A member 2,321.0,11,57,16,15,0.424247111809935,2.21280464009384,0.401991549398689,0.398404171953992,2.34160390338447,-0.069159591259375,1.13296449501105e-05,1.0,6.5226785531171e-07,1.0,1.1362221560625474,1.13296449501105e-05
ENSG00000100908,EMC9,ER membrane protein complex subunit 9,51016.0,13,62,63,40,2.16467598098919,10.3916196865469,6.83377738166382,4.58686487685224,2.22412571548746,-0.630377936390593,1.14191072765481e-05,0.494729075705874,6.58250536055206e-07,0.0770828424325286,0.7968738895484334,1.14191072765481e-05
ENSG00000198876,DCAF12,DDB1 and CUL4 associated factor 12,25853.0,917,431,1201,899,56.2999826800291,26.6353375063681,48.0344325512215,38.0106263913422,-1.10784761590857,-0.394403788865583,1.15131757366039e-05,0.469698993776375,6.6507440820209e-07,0.0664654338047734,-0.7511257023870765,1.15131757366039e-05
ENSG00000147604,RPL7,ribosomal protein L7,6129.0,840,1787,1772,1880,82.4205005137661,176.49098320404,113.263612879544,127.034072183844,1.07012722891345,0.108738358469264,1.15251820370094e-05,0.975677428434982,6.66884895597248e-07,0.606922353945717,0.589432793691357,1.15251820370094e-05
ENSG00000259332,ST20-MTHFS,ST20-MTHFS readthrough,100528021.0,116,37,30,26,31.2943710126461,10.0473601617495,5.27230133557712,4.83045449327571,-1.66401328505644,-0.182242944862153,1.17741056890427e-05,1.0,6.82146481765703e-07,0.723654978516544,-0.9231281149592965,1.17741056890427e-05
ENSG00000180096,SEPTIN1,septin 1,1731.0,94,241,136,126,5.90532736835988,15.2396564138716,5.5657765233499,5.45121208443835,1.33830929150384,-0.0867083617032813,1.18245488323444e-05,1.0,6.85930685799894e-07,0.776276102894969,0.6258004649002793,1.18245488323444e-05
ENSG00000227766,,,,21,81,15,17,5.6026019986699,21.7519153530356,2.60694859593995,3.12338706757862,1.92242600953925,0.202378567907634,1.18311802655353e-05,1.0,6.87177574087715e-07,0.870082149622495,1.0624022887234421,1.18311802655353e-05
ENSG00000168056,LTBP3,latent transforming growth factor beta binding protein 3,4054.0,73,197,65,82,1.81199116721582,4.92199820393237,1.05103530481866,1.40169485047292,1.41185673089262,0.357961497143656,1.19318671594768e-05,0.780876335080738,6.93895204289646e-07,0.259495415243271,0.884909114018138,1.19318671594768e-05
ENSG00000123358,NR4A1,nuclear receptor subfamily 4 group A member 1,3164.0,57,161,6,39,2.06999494583188,5.88521473905832,0.141943794696004,0.975361133460606,1.47717463843253,2.69842471878472,1.20406464376883e-05,0.0006334729347774,7.0109871037115e-07,4.84730055033001e-06,2.087799678608625,1.20406464376883e-05
ENSG00000089737,DDX24,DEAD-box helicase 24,57062.0,417,911,513,563,12.8352395238163,28.2246332979174,10.2862249898081,11.9339091342439,1.10833385447867,0.157531187767727,1.21369210082524e-05,0.927243101031271,7.07589039979737e-07,0.484569324988722,0.6329325211231985,1.21369210082524e-05
ENSG00000014919,COX15,cytochrome c oxidase assembly homolog COX15,1355.0,222,88,339,314,14.0801805829974,5.61797666589721,14.0063727556536,13.7148577566949,-1.35256933131548,-0.0870955924140812,1.2247763727788e-05,1.0,7.149437943418e-07,0.733333666802428,-0.7198324618647807,1.2247763727788e-05
ENSG00000106560,GIMAP2,"GTPase, IMAP family member 2",26157.0,343,147,1353,919,43.3326665791259,18.6930702649756,111.349897954367,79.9545559791022,-1.24051986876764,-0.534573056943426,1.23118916474114e-05,0.200325827434915,7.19584397407371e-07,0.0125879382335025,-0.887546462855533,1.23118916474114e-05
ENSG00000124587,PEX6,peroxisomal biogenesis factor 6,5190.0,205,80,184,177,15.6736573333229,6.15670694830189,9.16442119983414,9.31957617154206,-1.3749980161352,-0.032542116918406,1.26577363493801e-05,1.0,7.43487501647015e-07,0.900098896330884,-0.703770066526803,1.26577363493801e-05
ENSG00000185641,,,,19,76,72,57,13.494739168761,54.333351466683,33.313028921416,27.8799607967225,1.97414813530236,-0.313031266548424,1.28402492698906e-05,0.87004413345428,7.57792122556502e-07,0.369739455388257,0.830558434376968,1.28402492698906e-05
ENSG00000084090,STARD7,StAR related lipid transfer domain containing 7,56910.0,156,369,252,276,9.3629347143284,22.2923458130227,9.85277735770471,11.4078259926589,1.22257913659384,0.154562990680357,1.28402492698906e-05,0.945055519774548,7.5795087513565e-07,0.53830009783981,0.6885710636370985,1.28402492698906e-05
ENSG00000150347,ARID5B,AT-rich interaction domain 5B,84159.0,92,236,38,69,2.78229673945688,7.18405470876768,0.748634690404855,1.43704748663231,1.33906447039908,0.881802491437985,1.28828463339095e-05,0.226702658072019,7.61404195948158e-07,0.0153291589516459,1.1104334809185326,1.28828463339095e-05
ENSG00000138738,PRDM5,PR/SET domain 5,11107.0,373,162,373,340,10.383134699737,4.53917241684657,6.76393179574517,6.51785932143651,-1.22138150816706,-0.110210442324565,1.30111389394435e-05,0.990045433988003,7.70882958589678e-07,0.648914932698423,-0.6657959752458125,1.30111389394435e-05
ENSG00000100823,APEX1,apurinic/apyrimidinic endodeoxyribonuclease 1,328.0,26,93,45,71,3.65217336771346,13.1493109130139,4.11776238987545,6.86819781752527,1.81495572304648,0.679768612101281,1.30946630554357e-05,0.435145988000283,7.7678587138352e-07,0.0551098686556695,1.2473621675738804,1.30946630554357e-05
ENSG00000198879,SFMBT2,Scm like with four mbt domains 2,57713.0,97,247,57,78,2.58188833763394,6.61766355023475,0.988351233991741,1.42977182127904,1.32850378049437,0.475009468433738,1.3389955047252e-05,0.681135576131655,7.97064279018378e-07,0.164103936357036,0.901756624464054,1.3389955047252e-05
ENSG00000169895,SYAP1,synapse associated protein 1,94056.0,329,726,528,527,13.5299098561483,30.0522943807799,14.1450230430063,14.9250580722249,1.12274803304239,0.0206518875718632,1.3389955047252e-05,1.0,7.97230234193624e-07,0.941288892435876,0.5716999603071266,1.3389955047252e-05
ENSG00000153066,TXNDC11,thioredoxin domain containing 11,51061.0,230,522,288,319,14.1967144907049,32.4319098281747,11.5803912280412,13.5599192921944,1.16314541399484,0.170808880932209,1.38354328940061e-05,0.924192482883078,8.25770262366343e-07,0.480348403142553,0.6669771474635245,1.38354328940061e-05
ENSG00000130202,NECTIN2,nectin cell adhesion molecule 2,5819.0,102,257,126,146,7.2213120821216,18.3143316441661,5.81108488200275,7.11828230080505,1.31331044470583,0.235718908323012,1.38913503549038e-05,0.88448460063668,8.30120047443603e-07,0.407389228744098,0.774514676514421,1.38913503549038e-05
ENSG00000093072,ADA2,adenosine deaminase 2,51816.0,150,250,130,333,4.56553947666033,7.65919030613297,2.57759646331103,6.97993673124698,0.717658092288852,1.37954158978903,0.0200810329319274,1.40668638610868e-05,0.0050736730196029,5.43320058765195e-08,1.048599841038941,1.40668638610868e-05
ENSG00000063587,ZNF275,zinc finger protein 275,10838.0,15,66,21,17,0.487767958817374,2.16026959618135,0.444848402856968,0.380695146447228,2.10951685671914,-0.279610179517572,1.48116468561321e-05,0.993847285993081,8.87273991819021e-07,0.656336110309671,0.9149533386007839,1.48116468561321e-05
ENSG00000175938,ORAI3,ORAI calcium release-activated calcium modulator 3,93129.0,106,33,290,211,10.6330336844989,3.33201749339067,18.9504729817702,14.5760613974269,-1.69856502839171,-0.435197409186766,1.49581544224273e-05,0.494729075705874,8.9823052354468e-07,0.076590026326687,-1.066881218789238,1.49581544224273e-05
ENSG00000234287,,,,3,34,22,22,3.11674161606678,35.5549826264434,14.8892546475566,15.740141609763,3.43047281361406,0.0232595951096153,1.49581544224273e-05,1.0,8.97212106666799e-07,1.0,1.7268662043618377,1.49581544224273e-05
ENSG00000213373,LINC00671,long intergenic non-protein coding RNA 671,388387.0,80,21,166,202,9.78026903057413,2.58417617151123,13.2202489665451,17.006642914773,-1.94207015337748,0.306354289968226,1.5236846798917e-05,0.768253871195381,9.16076272344158e-07,0.240633176107804,-0.8178579317046271,1.5236846798917e-05
ENSG00000173726,TOMM20,translocase of outer mitochondrial membrane 20,9804.0,167,389,300,357,12.8685710413229,30.172094768077,15.0593365664245,18.9447325538734,1.20047670810384,0.274248416881144,1.54611057583995e-05,0.778637941053786,9.3068600469596e-07,0.25072272533519,0.737362562492492,1.54611057583995e-05
ENSG00000181873,IBA57,iron-sulfur cluster assembly factor IBA57,200205.0,11,56,19,24,0.284863481038362,1.45973535709738,0.320529808795041,0.428017713728558,2.31612555031078,0.358323903308368,1.55666523697897e-05,0.965239017950147,9.39308275920849e-07,0.580767216973964,1.337224726809574,1.55666523697897e-05
ENSG00000228253,ATP8,ATP synthase F0 subunit 8,4509.0,200,457,216,196,255.964287309833,588.718371749444,180.083475183886,172.747535717161,1.17285630367669,-0.116714986258412,1.55666523697897e-05,1.0,9.39112212422863e-07,0.673025453741559,0.5280706587091389,1.55666523697897e-05
ENSG00000139278,GLIPR1,GLI pathogenesis related 1,11010.0,4185,2079,6395,6101,178.535090398608,89.2739237685699,177.721269105085,179.240257722857,-1.02813284251163,-0.044505988785583,1.57509520372211e-05,1.0,9.51576974118665e-07,0.829756838778226,-0.5363194156486065,1.57509520372211e-05
ENSG00000186854,TRABD2A,TraB domain containing 2A,129293.0,35,112,43,44,1.05715497751667,3.40510607755244,0.84607682968905,0.915228847449448,1.65574240349352,0.0563965382060625,1.61823319854101e-05,1.0,9.79996930467553e-07,1.0,0.8560694708497912,1.61823319854101e-05
ENSG00000105483,CARD8,caspase recruitment domain family member 8,22900.0,8292,4156,9556,7021,166.180635890475,83.8375677786702,124.757882731031,96.9006087372417,-1.01534186826176,-0.421332124342188,1.74487719625342e-05,0.376416094039394,1.05923531881584e-06,0.0407907543970689,-0.718336996301974,1.74487719625342e-05
ENSG00000238113,LINC01410,long intergenic non-protein coding RNA 1410,103352539.0,632,294,980,635,40.6091097781003,19.0149737306107,41.0207123721077,28.0987192706201,-1.12261406649634,-0.602537240138978,1.75362302230346e-05,0.123077293673881,1.06582247529594e-06,0.005748064304961,-0.862575653317659,1.75362302230346e-05
ENSG00000161016,RPL8,ribosomal protein L8,6132.0,891,1865,1528,1745,109.331369288012,230.349846914024,122.140915004294,147.458198509501,1.0467350797606,0.214957772142514,1.76067766138232e-05,0.823896707598759,1.07139327157429e-06,0.309216443968343,0.630846425951557,1.76067766138232e-05
ENSG00000171867,PRNP,prion protein,5621.0,74,196,124,167,7.16269812388019,19.0960264745604,7.81875032310992,11.1318618668708,1.38492375622197,0.452505065852655,1.77974715634636e-05,0.561398562298713,1.08688829399377e-06,0.0989259381750684,0.9187144110373126,1.77974715634636e-05
ENSG00000196850,PPTC7,protein phosphatase targeting COQ7,160760.0,3045,1512,4047,3332,141.898091253911,70.9223400147526,122.85510080322,106.930268810676,-1.02876235496449,-0.257063937538937,1.77974715634636e-05,0.744796175510418,1.08603233144584e-06,0.215378197518876,-0.6429131462517135,1.77974715634636e-05
ENSG00000183484,GPR132,G protein-coupled receptor 132,29933.0,204,463,445,506,12.8860990993319,29.4384065737541,18.3114207648533,22.0114283598617,1.16311758781876,0.208668783419077,1.77974715634636e-05,0.858763755664746,1.08618427246217e-06,0.358099854971118,0.6858931856189185,1.77974715634636e-05
ENSG00000167716,WDR81,WD repeat domain 81,124997.0,75,198,97,179,2.51096016712066,6.67245661572962,2.11553895033095,4.12703355684909,1.38022808606647,0.90642064099086,1.79621223151511e-05,0.0397884750832518,1.09825248669376e-06,0.0010293622398013,1.143324363528665,1.79621223151511e-05
ENSG00000182718,ANXA2,annexin A2,302.0,45,133,70,128,1.35103543534173,4.01927642451012,1.36906162665296,2.64649211933705,1.54197815171069,0.892910724714317,1.79765363687447e-05,0.0756287964720752,1.10044385291835e-06,0.0026333628351005,1.2174444382125036,1.79765363687447e-05
ENSG00000196092,PAX5,paired box 5,5079.0,20,77,9,31,0.553653160638823,2.14555929642331,0.162300937665728,0.590984228294748,1.91944410126759,1.79336194600385,1.83019569659359e-05,0.0599230837995752,1.1216984264941e-06,0.0018476015360239,1.8564030236357199,1.83019569659359e-05
ENSG00000182173,TSEN54,tRNA splicing endonuclease subunit 54,283989.0,28,96,39,49,2.15948909643055,7.45257277759513,1.95942354730648,2.60252837652492,1.75427323685696,0.351691278455925,1.8498964434921e-05,0.894547058214281,1.13512083181778e-06,0.424326395708844,1.0529822576564425,1.8498964434921e-05
ENSG00000107937,GTPBP4,GTP binding protein 4,23560.0,24,86,39,40,1.0387441425872,3.74660411600327,1.09959481865672,1.19224015995294,1.81712613933857,0.0597285880615262,1.87510972301254e-05,1.0,1.154691528892e-06,1.0,0.9384273637000481,1.87510972301254e-05
ENSG00000104783,KCNN4,potassium calcium-activated channel subfamily N member 4,3783.0,7,45,18,29,0.544788854747279,3.52520759001899,0.912585178296722,1.55429904930292,2.64431689672971,0.70753794978635,1.92536221999413e-05,0.711683165821761,1.18844323009403e-06,0.188481090367949,1.67592742325803,1.92536221999413e-05
ENSG00000089041,P2RX7,purinergic receptor P2X 7,5027.0,7,45,7,14,0.334378157511673,2.16368673574191,0.217825456068982,0.460547368675653,2.64431689672971,1.01037202078382,1.92536221999413e-05,0.739859120739486,1.18844323009403e-06,0.211789173493745,1.827344458756765,1.92536221999413e-05
ENSG00000135426,TESPA1,"thymocyte expressed, positive selection associated 1",9840.0,49,141,95,89,2.5735981028783,7.45428115136081,3.25041628070308,3.21914888827023,1.50363710595511,-0.0706344002236192,1.95503540611148e-05,1.0,1.20960870120146e-06,0.87337048836473,0.7165013528657453,1.95503540611148e-05
ENSG00000143149,ALDH9A1,aldehyde dehydrogenase 9 family member A1,223.0,441,199,687,599,35.3177326113251,16.0416600876562,35.8411299801062,33.0359999200731,-1.16634405544942,-0.174328358213067,1.99600847374796e-05,0.900489978071345,1.23641393578616e-06,0.436760189802969,-0.6703362068312435,1.99600847374796e-05
ENSG00000185033,SEMA4B,semaphorin 4B,10509.0,3104,1548,4227,3975,117.373837850851,58.9199754914371,104.124414435559,103.512580380427,-1.02250302572841,-0.065285512012285,2.00426345964659e-05,1.0,1.24444867192749e-06,0.753492704716873,-0.5438942688703475,2.00426345964659e-05
ENSG00000005379,TSPOAP1,TSPO associated protein 1,9256.0,116,282,68,102,2.69831173363934,6.60275601500815,1.03041880757602,1.6339573402962,1.26183075534701,0.607435822386182,2.01253554789308e-05,0.403529312030306,1.25105146651567e-06,0.0474342501315321,0.934633288866596,2.01253554789308e-05
ENSG00000099381,SETD1A,"SET domain containing 1A, histone lysine methyltransferase",9739.0,94,236,119,160,3.90815529070521,9.87638406290095,3.22300998887252,4.58110610111231,1.30807895324463,0.450092702952483,2.03585070322296e-05,0.569944096080146,1.26999577463843e-06,0.103422299900857,0.8790858280985565,2.03585070322296e-05
ENSG00000236144,TMEM147-AS1,TMEM147 antisense RNA 1,100506469.0,2,30,9,9,0.107714184739043,1.62632061210607,0.31575929527567,0.333804219209429,3.80718030618495,0.0230713210893039,2.04402198222454e-05,1.0,1.2765827421414e-06,1.0,1.915125813637127,2.04402198222454e-05
ENSG00000203710,CR1,complement C3b/C4b receptor 1 (Knops blood group),1378.0,6114,3076,6308,5853,128.724425848665,65.1874313909282,86.516301470168,84.8634068140108,-1.00987081762558,-0.0846128916295947,2.07041467243679e-05,1.0,1.29457498101644e-06,0.682066986827002,-0.5472418546275873,2.07041467243679e-05
ENSG00000154122,ANKH,ANKH inorganic pyrophosphate transport regulator,56172.0,13,60,19,23,0.271287868117668,1.26031840739658,0.258292236626488,0.330537901612159,2.1769173881375,0.297245705944319,2.09455765445951e-05,1.0,1.31272378868618e-06,0.674635966273729,1.2370815470409093,2.09455765445951e-05
ENSG00000124107,SLPI,secretory leukocyte peptidase inhibitor,6590.0,767,1602,829,1019,340.932834999117,716.766973585097,240.048351603129,311.927783449425,1.04361592502938,0.321058040366367,2.09584214200417e-05,0.637090041047033,1.31505617567818e-06,0.137691187997234,0.6823369826978735,2.09584214200417e-05
ENSG00000160208,RRP1B,ribosomal RNA processing 1B,23076.0,9,50,34,30,0.414662145441929,2.31880321476805,1.02047302604202,0.951874176400685,2.43894692459387,-0.156567426510537,2.10274193611077e-05,1.0,1.32245029213205e-06,0.744627115878036,1.1411897490416665,2.10274193611077e-05
ENSG00000184545,DUSP8,dual specificity phosphatase 8,1850.0,9,50,5,7,0.480707124252236,2.68812872679764,0.173971771220992,0.257479405914836,2.43894692459387,0.498239326872704,2.10274193611077e-05,1.0,1.32245029213205e-06,0.78090707038328,1.468593125733287,2.10274193611077e-05
ENSG00000114120,SLC25A36,solute carrier family 25 member 36,55186.0,103,255,110,93,2.64358388380786,6.58776441320219,1.83915904627346,1.64378581615406,1.2879867163223,-0.21853881881285,2.10827456974616e-05,0.929789733372485,1.32746627915806e-06,0.489131537319601,0.534723948754725,2.10827456974616e-05
ENSG00000165512,ZNF22,zinc finger protein 22,7570.0,6,42,15,16,0.755843187919192,5.3256393377697,1.23095575642814,1.38805554333275,2.76327566324763,0.115568445816253,2.10933357315134e-05,1.0,1.33120745835087e-06,1.0,1.4394220545319414,2.10933357315134e-05
ENSG00000244398,RPL36AP37,ribosomal protein L36a pseudogene 37,729362.0,54,151,105,90,44.5664922671232,125.439307864321,56.4514009046061,51.1521169561116,1.46256538567455,-0.198744920233939,2.10933357315134e-05,0.947663029953432,1.3305563233326e-06,0.541256888995575,0.6319102327203054,2.10933357315134e-05
ENSG00000078804,TP53INP2,tumor protein p53 inducible nuclear protein 2,58476.0,1106,2285,1526,1802,70.1136346796933,145.80605761203,63.0191614022897,78.6698913518042,1.02792076082026,0.263215929908861,2.11262916532489e-05,0.741905492431058,1.33482691031677e-06,0.212590904841781,0.6455683453645605,2.11262916532489e-05
ENSG00000213937,CLDN9,claudin 9,9080.0,130,45,210,232,21.7561559428541,7.58042112218866,22.8943773725566,26.738263872784,-1.54670365943168,0.16703258402954,2.1167485034309e-05,0.93367982425319,1.34051482982178e-06,0.507189142252097,-0.6898355377010701,2.1167485034309e-05
ENSG00000099204,ABLIM1,actin binding LIM protein 1,3983.0,113,275,125,147,2.92603882536619,7.16764262213269,2.10854262842372,2.62135225492027,1.2633446615399,0.257042474465726,2.17082167373137e-05,0.865147886555323,1.37792280849732e-06,0.364103559601879,0.760193568002813,2.17082167373137e-05
ENSG00000178209,PLEC,plectin,5339.0,2361,2227,2206,4721,36.8126238138051,34.9512740461522,22.406654905244,50.6922065093851,-0.103130334902434,1.12100692098494,0.757290612166921,2.21428920714233e-05,0.623339464557907,9.17142314756764e-08,0.508938293041253,2.21428920714233e-05
ENSG00000131401,NAPSB,"napsin B aspartic peptidase, pseudogene",256236.0,10,33,4,42,1.38341011679205,4.59522621412258,0.360480411595247,4.00135097651463,1.69131091338199,3.37521333614622,0.0087831796682904,2.21428920714233e-05,0.00179022982299,9.19796566150071e-08,2.533262124764105,2.21428920714233e-05
ENSG00000158417,EIF5B,eukaryotic translation initiation factor 5B,9669.0,48,138,123,121,1.61682209708232,4.67888201123572,2.69896244593778,2.80680846887381,1.50230953540268,-0.0002592534474304,2.23685332902395e-05,1.0,1.43120358179645e-06,1.0,0.7510251409776248,2.23685332902395e-05
ENSG00000279741,,,,104,33,156,174,40.6371620737911,12.9791418879716,39.7086718878924,46.821539502895,-1.67111675709449,0.180795770008919,2.23685332902395e-05,0.938458125907049,1.43124706521136e-06,0.520877986214199,-0.7451604935427856,2.23685332902395e-05
ENSG00000197747,S100A10,S100 calcium binding protein A10,6281.0,48,138,62,123,12.5655195588463,36.363050413408,10.5730828232964,22.1743416093341,1.50230953540268,1.01023421575774,2.23685332902395e-05,0.0346867224584784,1.43120358179645e-06,0.000851874760859,1.25627187558021,2.23685332902395e-05
ENSG00000134684,YARS1,tyrosyl-tRNA synthetase 1,8565.0,72,190,139,125,2.32275434611894,6.16973334664904,2.92116653557236,2.77707243175837,1.37955997282067,-0.129642061653375,2.23685332902395e-05,0.994280223397793,1.42685173341803e-06,0.657057754145079,0.6249589555836474,2.23685332902395e-05
ENSG00000174010,KLHL15,kelch like family member 15,80311.0,437,932,265,286,18.458445046046,39.6252118237946,7.29172500296149,8.31928721880807,1.07364202779754,0.133353967326971,2.23685332902395e-05,0.970677614493787,1.42277623243108e-06,0.598096431317954,0.6034979975622555,2.23685332902395e-05
ENSG00000162341,TPCN2,two pore segment channel 2,219931.0,244,102,169,199,8.91234263301049,3.75011191358462,4.02123528218075,5.00566214599239,-1.2761070876376,0.25896019045074,2.29737282565682e-05,0.836217914400102,1.47331882129281e-06,0.323347343959112,-0.50857344859343,2.29737282565682e-05
ENSG00000125430,HS3ST3B1,heparan sulfate-glucosamine 3-sulfotransferase 3B1,9953.0,20,76,34,42,0.986861752153759,3.77469549209774,1.09288878743558,1.42719074688499,1.90061604057121,0.327161843277832,2.34199324290649e-05,0.932843177738853,1.50364090293005e-06,0.494759228795833,1.113888941924521,2.34199324290649e-05
ENSG00000175573,C11orf68,chromosome 11 open reading frame 68,83638.0,414,187,1110,881,64.3651041487031,29.2640041863773,112.420068501678,94.3262247476872,-1.16489432099502,-0.309914754809666,2.36674306082404e-05,0.668137922953533,1.52125592453491e-06,0.150211739710804,-0.7374045379023431,2.36674306082404e-05
ENSG00000134152,KATNBL1,katanin regulatory subunit B1 like 1,79768.0,1525,752,2358,2105,55.260242372132,27.4285463018932,55.661829167937,52.5292803657037,-1.03872027172682,-0.140343859008705,2.38048576438568e-05,0.932996297218498,1.53182402707517e-06,0.503583677957884,-0.5895320653677625,2.38048576438568e-05
ENSG00000121864,ZNF639,zinc finger protein 639,51193.0,52,146,71,75,2.02023726983651,5.70944507639765,1.79691740587138,2.00662725997358,1.46834681354199,0.102288072455515,2.38995744813238e-05,1.0,1.53966067930988e-06,0.753400781463643,0.7853174429987525,2.38995744813238e-05
ENSG00000196700,ZNF512B,zinc finger protein 512B,57473.0,8,47,16,13,0.354293597279407,2.09514065125732,0.46159811982942,0.396481637612567,2.51738333545702,-0.273792040768355,2.40382340238752e-05,1.0,1.55209702267551e-06,0.729434832130327,1.1217956473443325,2.40382340238752e-05
ENSG00000012124,CD22,CD22 molecule,933.0,24,61,11,62,1.03133055908779,2.63850844308157,0.307928624097886,1.83478315159148,1.32246221310255,2.50460542150466,0.0047402658897303,2.41093600205481e-05,0.000847043576856,1.05419151817001e-07,1.913533817303605,2.41093600205481e-05
ENSG00000133687,TMTC1,transmembrane O-mannosyltransferase targeting cadherins 1,83857.0,292,126,0,2,5.26922736263045,2.2886355549342,0.0,0.0248542402393295,-1.23055766798529,4.09851798259742,2.42775910089741e-05,0.932843177738853,1.57109027954883e-06,0.502487562189054,1.4339801573060647,2.42775910089741e-05
ENSG00000262332,,,,26,1,21,39,12.7084851872834,0.491996992063331,6.68667885253822,13.127784997408,-4.55518229142835,0.912424589780401,2.43557652827677e-05,0.424227548210376,1.57969910375042e-06,0.0527115558736839,-1.8213788508239745,2.43557652827677e-05
ENSG00000166669,ATF7IP2,activating transcription factor 7 interacting protein 2,80063.0,12,57,23,27,0.497430206288237,2.37830622325216,0.621082762036953,0.770763395849405,2.21741576262269,0.253444404878369,2.45991898000911e-05,1.0,1.59907282478365e-06,0.704975216835422,1.2354300837505294,2.45991898000911e-05
ENSG00000006432,MAP3K9,mitogen-activated protein kinase kinase kinase 9,4293.0,10,52,8,8,0.213889098470593,1.1195255307858,0.111467784305651,0.117837914081575,2.34535298094091,0.0230318838090144,2.49702614819355e-05,1.0,1.62683382632636e-06,1.0,1.1841924323749622,2.49702614819355e-05
ENSG00000266412,NCOA4,nuclear receptor coactivator 4,8031.0,18746,9547,49241,39770,1217.51587606202,624.129846410864,2083.35661554287,1778.80368533029,-0.992293442500399,-0.284786943931304,2.51313582943147e-05,0.681147598141717,1.63916088568807e-06,0.164156471873973,-0.6385401932158514,2.51313582943147e-05
ENSG00000073737,DHRS9,dehydrogenase/reductase 9,10170.0,999,485,2051,1623,70.5754971542163,34.4883331476501,94.3897530538831,78.9611358463581,-1.06114452503089,-0.314251171023881,2.54922042726193e-05,0.632003359586685,1.66455436731284e-06,0.135501667679932,-0.6876978480273854,2.54922042726193e-05
ENSG00000183918,SH2D1A,SH2 domain containing 1A,4068.0,15,64,32,30,1.29779410858431,5.57360929480498,1.80357932907877,1.78748416535073,2.06520851557156,-0.0694375018526309,2.61528601657662e-05,1.0,1.70959886085791e-06,0.911848644732764,0.9978855068594644,2.61528601657662e-05
ENSG00000149136,SSRP1,structure specific recognition protein 1,6749.0,39,118,57,81,1.63042424763475,4.96546624970845,1.55232126115193,2.331994096358,1.57535226036267,0.529372448898004,2.65333582305798e-05,0.602601126516423,1.73833909410372e-06,0.117058564092039,1.0523623546303371,2.65333582305798e-05
ENSG00000286809,,,,139,50,107,101,27.216779152867,9.85448520688565,13.6482333218633,13.6191408707735,-1.49158697202156,-0.0597918567473388,2.72049310753678e-05,1.0,1.79026765493784e-06,0.884370410537317,-0.7756894143844494,2.72049310753678e-05
ENSG00000238035,,,,219,90,49,32,31.5659114162585,13.0574609754349,4.60088131420566,3.17636649361128,-1.30057586801818,-0.589444472572305,2.73225467833148e-05,0.628161311574139,1.79999870952606e-06,0.132691331750792,-0.9450101702952425,2.73225467833148e-05
ENSG00000181038,METTL23,methyltransferase like 23,124512.0,41,122,87,104,5.67494489654793,16.9972879327041,7.84454532051021,9.91328382946028,1.55146977634652,0.280518768216675,2.76539395205186e-05,0.856586723804079,1.82787663205877e-06,0.351690339198414,0.9159942722815975,2.76539395205186e-05
ENSG00000249476,LOC285638,uncharacterized LOC285638,285638.0,147,54,161,150,6.64341291244532,2.45645990510228,4.73991462389068,4.66843783205727,-1.46148510761809,-0.0786431753096277,2.86327415459905e-05,1.0,1.8967469804187e-06,0.776833964451559,-0.7700641414638588,2.86327415459905e-05
ENSG00000162244,RPL29,ribosomal protein L29,6159.0,511,1071,1048,1011,67.3175893057488,142.01660763148,89.9372635055611,91.7202479025573,1.04854271757754,-0.0284605145219764,2.88319198393381e-05,1.0,1.91414363603243e-06,0.8993772082027,0.5100411015277817,2.88319198393381e-05
ENSG00000176444,CLK2,CDC like kinase 2,1196.0,518,242,578,609,37.5150719943741,17.6414142884075,27.2693379703684,30.3738417824959,-1.11638048678501,0.0987436770218227,2.92365122118145e-05,0.994297199514418,1.94526567915658e-06,0.659630392769062,-0.5088184048815937,2.92365122118145e-05
ENSG00000197457,STMN3,stathmin 3,50861.0,57,155,76,64,4.98534603164198,13.64564783864,4.33016829841303,3.85484424909708,1.42242577284988,-0.224133656466978,2.95185858029874e-05,0.95460501357024,1.96618477072807e-06,0.560052986100021,0.599146058191451,2.95185858029874e-05
ENSG00000103319,EEF2K,eukaryotic elongation factor 2 kinase,29904.0,59,159,37,32,1.94650799558841,5.28011416961815,0.79520048454487,0.727043787703304,1.40950817030027,-0.185387710227144,3.0079163894112e-05,1.0,2.00790804015497e-06,0.678533305698609,0.6120602300365631,3.0079163894112e-05
ENSG00000249662,LINC02218,long intergenic non-protein coding RNA 2218,102723526.0,210,86,224,177,36.4334236062817,15.0183128972207,25.3162536604285,21.1475647900414,-1.3055640361081,-0.316158757691875,3.02204731908981e-05,0.743518561420977,2.02174569226385e-06,0.214163770110027,-0.8108613968999875,3.02204731908981e-05
ENSG00000132405,TBC1D14,TBC1 domain family member 14,57533.0,6779,3459,5961,5335,286.887103882096,147.345868496247,164.33695885341,155.484186388773,-0.989530884933536,-0.136671322809182,3.03355657739777e-05,0.934463829576684,2.03179593779979e-06,0.508091723689815,-0.563101103871359,3.03355657739777e-05
ENSG00000268027,,,,6,41,14,29,1.10384598902365,7.5924702483551,1.67786108244246,3.67419025265774,2.72861533545566,1.06724523723358,3.04423764027615e-05,0.418366234910825,2.04766922310698e-06,0.0508682141218475,1.8979302863446201,3.04423764027615e-05
ENSG00000226891,LINC01359,long intergenic non-protein coding RNA 1359,101927084.0,96,30,59,73,3.23446669046229,1.01740698091692,1.29495355793237,1.69379450398146,-1.69273859206529,0.329943471217668,3.04423764027615e-05,0.856127521381478,2.04768353153687e-06,0.346902826226908,-0.6813975604238109,3.04423764027615e-05
ENSG00000169740,ZNF32,zinc finger protein 32,7580.0,6,41,21,24,1.08872481109182,7.48846380659682,2.48231502607926,2.99905562427613,2.72861533545566,0.214839546461189,3.04423764027615e-05,1.0,2.04766922310698e-06,0.788186701966051,1.4717274409584247,3.04423764027615e-05
ENSG00000197969,VPS13A,vacuolar protein sorting 13 homolog A,23230.0,62,165,64,65,0.817175538142883,2.18901945274745,0.549508448322307,0.589988347313028,1.39149931887049,0.0456710487856716,3.06542109933237e-05,1.0,2.06416637209089e-06,0.890974161789369,0.7185851838280808,3.06542109933237e-05
ENSG00000118363,SPCS2,signal peptidase complex subunit 2,9789.0,85,75,309,119,7.54640019305714,6.70230486842306,17.871051973468,7.27569152370608,-0.199099776592434,-1.35233937328207,0.704884080049533,3.11653418222863e-05,0.557866281106102,1.40814108219046e-07,-0.7757195749372521,3.11653418222863e-05
ENSG00000168646,AXIN2,axin 2,8313.0,2,29,14,10,0.10136714649538,1.47947364095111,0.462238369756484,0.349038742063895,3.75847845656341,-0.457185105451337,3.1721547122751e-05,0.95460501357024,2.14759636183032e-06,0.564053159162477,1.6506466755560365,3.1721547122751e-05
ENSG00000271533,,,,115,39,35,24,8.26761174953944,2.82220689775704,1.6391587236887,1.18822827990316,-1.57583765178082,-0.518679755112466,3.17369200487809e-05,0.778637941053786,2.1509499814434e-06,0.252277327370224,-1.047258703446643,3.17369200487809e-05
ENSG00000163166,IWS1,"interacts with SUPT6H, CTD assembly factor 1",55677.0,667,319,673,568,42.6202763924038,20.5174375141741,28.0140709154544,24.9945414063727,-1.08266949350765,-0.221279046543878,3.24860647952623e-05,0.831646286392195,2.20645768759543e-06,0.320185638464507,-0.651974270025764,3.24860647952623e-05
ENSG00000173276,ZBTB21,zinc finger and BTB domain containing 21,49854.0,177,398,214,207,5.81634552390533,13.1644285710659,4.58101207751948,4.6843969174767,1.14962374478847,-0.0245736857489881,3.2680893123171e-05,1.0,2.22207209473244e-06,0.955943706739985,0.562525029519741,3.2680893123171e-05
ENSG00000142875,PRKACB,protein kinase cAMP-activated catalytic subunit beta,5567.0,41,121,62,58,1.61394420980576,4.79437544331314,1.58989001741098,1.57231321361876,1.53960795939107,-0.0726720709041141,3.30382650851371e-05,1.0,2.24877857378793e-06,0.828865740781366,0.7334679442434779,3.30382650851371e-05
ENSG00000099810,MTAP,methylthioadenosine phosphorylase,4507.0,5,38,6,19,0.0911829825035027,0.697540445276821,0.0712796848838265,0.238618328564684,2.87653460166034,1.6657546372465,3.32796642439102e-05,0.268077505578343,2.26763489783239e-06,0.0211438142968981,2.27114461945342,3.32796642439102e-05
ENSG00000122642,FKBP9,FKBP prolyl isomerase 9,11328.0,56,12,78,161,2.87012770216249,0.619065280785434,2.60422514412759,5.68257895661917,-2.2293801817905,1.06768813149989,3.34082356157189e-05,0.0116497627186279,2.27883023876351e-06,0.0001876255327807,-0.5808460251453049,3.34082356157189e-05
ENSG00000081386,ZNF510,zinc finger protein 510,22869.0,22,79,29,31,0.984345013012141,3.55790022059918,0.84526598792189,0.955196599354963,1.81968476473208,0.119110370369788,3.37788624263337e-05,1.0,2.31574124289147e-06,0.910058938780933,0.969397567550934,3.37788624263337e-05
ENSG00000120370,GORAB,"golgin, RAB6 interacting",92344.0,8,46,7,7,0.56172390642073,3.25111820994513,0.320185523286131,0.33848339606085,2.48644016993435,0.0229813764147654,3.37788624263337e-05,1.0,2.31641958484041e-06,1.0,1.2547107731745577,3.37788624263337e-05
ENSG00000246526,LINC02481,long intergenic non-protein coding RNA 2481,339988.0,8,46,14,9,1.16385738546151,6.73611697206094,1.32680942268926,0.901693000709051,2.48644016993435,-0.607226374726477,3.37788624263337e-05,0.896382407934999,2.31641958484041e-06,0.430493652562629,0.9396068976039366,3.37788624263337e-05
ENSG00000174004,NRROS,negative regulator of reactive oxygen species,375387.0,88,219,76,94,8.03350354520315,20.1237281061107,4.51966911643455,5.90957951234287,1.29531009357733,0.329564649141014,3.38896800734636e-05,0.804700650254584,2.32648875012409e-06,0.283891258408573,0.812437371359172,3.38896800734636e-05
ENSG00000261236,BOP1,BOP1 ribosomal biogenesis factor,23246.0,3,32,14,20,0.206917238244475,2.22160787043645,0.629034094953695,0.949974227944795,3.34334236994666,0.533953521933029,3.48849069810026e-05,0.896382407934999,2.39989448987512e-06,0.428548871932961,1.9386479459398445,3.48849069810026e-05
ENSG00000145476,CYP4V2,cytochrome P450 family 4 subfamily V member 2,285440.0,4,35,34,16,0.108497199699264,0.95558338685793,0.600769929327494,0.298871793552654,3.07151171845571,-1.05827164352107,3.49505412539084e-05,0.317857254946791,2.40950386431988e-06,0.0299067760301796,1.0066200374673202,3.49505412539084e-05
ENSG00000149527,PLCH2,phospholipase C eta 2,9651.0,4,35,2,14,0.0980379451811182,0.863464052127061,0.0319326481730455,0.236302683566951,3.07151171845571,2.75531655183411,3.49505412539084e-05,0.123037509776887,2.40950386431988e-06,0.0057205896543983,2.91341413514491,3.49505412539084e-05
ENSG00000188886,ASTL,astacin like metalloendopeptidase,431705.0,0,21,1,2,0.0,3.38567700342493,0.104340989752856,0.220607678932041,7.3915461870092,0.938942518939261,3.57899006624555e-05,1.0,2.47519426677382e-06,0.999999999999998,4.165244352974231,3.57899006624555e-05
ENSG00000181315,ZNF322,zinc finger protein 322,79692.0,72,19,87,55,3.77040100619267,1.0014993129607,2.96787107006455,1.98346318960741,-1.93380125050935,-0.63703155208508,3.62082373187454e-05,0.421368025443353,2.50799765229319e-06,0.0519570542960322,-1.2854164012972151,3.62082373187454e-05
ENSG00000044446,PHKA2,phosphorylase kinase regulatory subunit alpha 2,5256.0,844,412,1018,1014,26.1606462544321,12.8542057231438,20.5553336841168,21.6446409481073,-1.05320989311408,0.0177096611237282,3.62082373187454e-05,1.0,2.51204211685218e-06,0.939344450179442,-0.517750115995176,3.62082373187454e-05
ENSG00000270091,,,,135,49,104,128,51.2386963386337,18.719851167934,25.7139250620736,33.4565135544844,-1.4785720979121,0.322601807321589,3.68458807351042e-05,0.786595987535199,2.56165065014498e-06,0.263918373896812,-0.5779851452952555,3.68458807351042e-05
ENSG00000169896,ITGAM,integrin subunit alpha M,3684.0,9070,4669,8729,7742,422.442325757153,218.890049951034,264.847186051361,248.324582593419,-0.976809313548058,-0.149716053149712,3.69993757118207e-05,0.916742215921126,2.57501849619507e-06,0.466948248210138,-0.563262683348885,3.69993757118207e-05
ENSG00000267283,,,,297,131,487,396,84.1520236338032,37.3612517973055,89.8892604961993,77.2697860842909,-1.19895375747954,-0.274951214618721,3.70333064268901e-05,0.760096031483747,2.58007877453045e-06,0.229269601684246,-0.7369524860491304,3.70333064268901e-05
ENSG00000148840,PPRC1,PPARG related coactivator 1,23082.0,38,114,38,52,1.65115227487219,4.98597837389029,1.07561749843309,1.55601322368271,1.56300734446657,0.474563496884247,3.73405004583277e-05,0.778637941053786,2.60420193401979e-06,0.254863875373983,1.0187854206754086,3.73405004583277e-05
ENSG00000160049,DFFA,DNA fragmentation factor subunit alpha,1676.0,13,58,35,36,0.519848978981705,2.33455357622685,0.911743380647979,0.991385934666374,2.12811188419011,0.0638090206162831,3.74316131241654e-05,1.0,2.6160120234714e-06,1.0,1.0959604524031965,3.74316131241654e-05
ENSG00000274290,H2BC6,H2B clustered histone 6,8344.0,58,13,27,36,5.94411457145425,1.34104866772852,1.80257637152149,2.54078600277165,-2.16557089776243,0.436671833358025,3.74316131241654e-05,0.87004413345428,2.6160120234714e-06,0.379696659656846,-0.8644495322022024,3.74316131241654e-05
ENSG00000089169,RPH3A,rabphilin 3A,22895.0,40,76,104,266,1.03123019605168,1.97220125506741,1.74662511612761,4.72262732841848,0.905074268381061,1.37715976429533,0.0319811383565574,3.77858869517338e-05,0.0090213706012592,1.81742350882847e-07,1.1411170163381954,3.77858869517338e-05
ENSG00000181827,RFX7,regulatory factor X7,64864.0,56,151,52,60,1.40117964605949,3.80298619422433,0.847578376148817,1.03386409412617,1.41021619044044,0.229328897120666,3.90734368931229e-05,0.969601852071449,2.74784044613494e-06,0.59686830232091,0.819772543780553,3.90734368931229e-05
ENSG00000163016,ALMS1P1,ALMS1 pseudogene 1,,1,25,13,10,0.0564867883508905,1.42144120308276,0.478366729566294,0.389003305920678,4.46338108059418,-0.351259545909057,3.9120773720391e-05,1.0,2.75402036247615e-06,0.694066838153478,2.0560607673425615,3.9120773720391e-05
ENSG00000135218,CD36,CD36 molecule,948.0,18,39,20,82,0.438291789759392,0.955866950205395,0.31724264163828,1.37502657528469,1.09136534092161,2.05213398777358,0.0550280811208039,3.94398866225901e-05,0.0181301526561109,1.92571957711233e-07,1.5717496643475948,3.94398866225901e-05
ENSG00000041988,THAP3,THAP domain containing 3,90326.0,99,32,114,114,6.44090881611051,2.09557854379824,4.83156180349695,5.10767454674729,-1.6443434508393,0.0233661287951222,3.9593888931631e-05,1.0,2.79021211171019e-06,0.963942105529464,-0.8104886610220889,3.9593888931631e-05
ENSG00000143499,SMYD2,SET and MYND domain containing 2,56950.0,11,53,27,34,0.596063287179882,2.89079680793849,0.953090595292097,1.26877617431195,2.23687413127753,0.354500919883521,3.97398623840546e-05,0.932843177738853,2.80339504356252e-06,0.501831530451149,1.2956875255805256,3.97398623840546e-05
ENSG00000140932,CMTM2,CKLF like MARVEL transmembrane domain containing 2,146225.0,2724,1390,5289,4350,626.976849508343,322.033617620046,793.028327023394,689.509204669045,-0.989416484184553,-0.258581077939566,4.03367237436175e-05,0.739859120739486,2.84843938985318e-06,0.211098322605048,-0.6239987810620595,4.03367237436175e-05
ENSG00000182919,C11orf54,chromosome 11 open reading frame 54,28970.0,369,168,558,449,15.5936514257353,7.14616017057245,15.3612439551098,13.06694930038,-1.15340446494528,-0.290085365530854,4.05288379810916e-05,0.721918824793819,2.86495939671031e-06,0.199204761136141,-0.7217449152380669,4.05288379810916e-05
ENSG00000136052,SLC41A2,solute carrier family 41 member 2,84102.0,48,9,1,2,2.46870623054795,0.465921438028525,0.0335041733743398,0.0708377210160349,-2.41757605460608,0.938942518939261,4.05538922503716e-05,1.0,2.86968586030541e-06,0.999999999999998,-0.7393167678334096,4.05538922503716e-05
ENSG00000125741,OPA3,outer mitochondrial membrane lipid metabolism regulator OPA3,80207.0,17,67,21,23,0.450414204942145,1.78681655863465,0.362454239231495,0.419659832079843,1.95199301944034,0.153761349097139,4.07521279036509e-05,1.0,2.88668330581174e-06,0.891739869893759,1.0528771842687394,4.07521279036509e-05
ENSG00000076650,GPATCH1,G-patch domain containing 1,55094.0,124,44,42,47,7.35073990452985,2.62545183860513,1.62191986488061,1.91872899360248,-1.51092883854489,0.185141953200295,4.09178900505311e-05,1.0,2.90425386919502e-06,0.724742323724939,-0.6628934426722976,4.09178900505311e-05
ENSG00000280332,,,,272,119,219,225,36.0475568601621,15.8743481711359,18.9069631586884,20.5350544558677,-1.21061855177979,0.0623507684049714,4.09178900505311e-05,1.0,2.9067581623967e-06,0.812089414233392,-0.5741338916874094,4.09178900505311e-05
ENSG00000162869,PPP1R21,protein phosphatase 1 regulatory subunit 21,129285.0,525,249,641,550,34.7885429257079,16.6080365319868,27.6697794171673,25.098399890505,-1.09462358158713,-0.197459388378133,4.09178900505311e-05,0.87004413345428,2.907370849677e-06,0.379540625137458,-0.6460414849826315,4.09178900505311e-05
ENSG00000204389,HSPA1A,heat shock protein family A (Hsp70) member 1A,3303.0,4191,2153,6235,5744,461.852100498981,238.820333594216,447.602446595002,435.919305298971,-0.979744119279523,-0.0949400785605799,4.10647327889135e-05,0.988958611325617,2.92678244188583e-06,0.645731556058884,-0.5373420989200515,4.10647327889135e-05
ENSG00000142025,DMRTC2,DMRT like family C2,63946.0,34,105,11,23,2.65782923293981,8.26189106471649,0.560159329466943,1.23817605811931,1.60441107971941,1.07884515213832,4.13813065152102e-05,0.501172887327081,2.95236110467795e-06,0.079036447177948,1.341628115928865,4.13813065152102e-05
ENSG00000136925,TSTD2,thiosulfate sulfurtransferase like domain containing 2,158427.0,27,90,35,29,1.2619834172324,4.23422958236579,1.06568452660424,0.933456944923631,1.71352121583157,-0.246940244054952,4.18657500095188e-05,0.969139994873095,2.98997485857225e-06,0.587049383281239,0.733290485888309,4.18657500095188e-05
ENSG00000134077,THUMPD3,THUMP domain containing 3,25917.0,18,69,30,38,0.910736186513021,3.5140763004554,0.988808233677757,1.32406740223803,1.91246910349835,0.363080969689539,4.38332001246918e-05,0.914338589028773,3.13687527491964e-06,0.46382698080433,1.1377750365939445,4.38332001246918e-05
ENSG00000154146,NRGN,neurogranin,4900.0,111,66,30,105,24.2427511521765,14.5092468261249,4.26826043820011,15.7926362737541,-0.767726769130145,1.82640196742708,0.04383716240368,4.38336702799273e-05,0.0134229610287384,2.26592384870421e-07,0.5293375991484675,4.38336702799273e-05
ENSG00000149516,MS4A3,membrane spanning 4-domains A3,932.0,15,9,7,49,1.90866741617923,1.15271917737028,0.580240143784136,4.29379681717728,-0.74767127294583,2.80865230523685,0.492466524203786,4.38336702799273e-05,0.33509400499131,2.2680298716476e-07,1.03049051614551,4.38336702799273e-05
ENSG00000181524,RPL24P4,RPL24 pseudogene 4,377381.0,37,111,73,60,23.2830222862946,70.3076556686797,29.9247975884546,26.0013136071446,1.562923325398,-0.259052289503188,4.42010383874075e-05,0.932843177738853,3.16642040043883e-06,0.501971252304924,0.651935517947406,4.42010383874075e-05
ENSG00000223551,TMSB4XP4,TMSB4X pseudogene 4,7118.0,29,94,76,128,12.4316635657033,40.5602957146321,21.2234300580794,37.7874538204371,1.67353337293929,0.77447091057067,4.49423101645876e-05,0.157326668745467,3.22279793047327e-06,0.0084499165475447,1.22400214175498,4.49423101645876e-05
ENSG00000139679,LPAR6,lysophosphatidic acid receptor 6,10161.0,128,129,426,175,7.79902225915515,7.91155604670745,16.9087117626085,7.34301893593368,-0.007604821490015,-1.25951167359705,1.0,4.51209520709306e-05,1.0,2.36751825470558e-07,-0.6335582475435325,4.51209520709306e-05
ENSG00000155438,NIFK,nucleolar protein interacting with the FHA domain of MKI67,84365.0,12,55,44,46,1.30557554348588,6.02317467491085,3.11848865308167,3.4465533149621,2.16600100093253,0.0872795543044053,4.52302597349319e-05,1.0,3.24674288288208e-06,0.930375837824363,1.1266402776184676,4.52302597349319e-05
ENSG00000197540,GZMM,granzyme M,3004.0,15,62,32,30,4.20512757723296,17.4953089114245,5.84397873612612,5.79182699926343,2.01949613264349,-0.0694375018526309,4.57951477520232e-05,1.0,3.29062933125601e-06,0.911848644732764,0.9750293153954296,4.57951477520232e-05
ENSG00000104998,IL27RA,interleukin 27 receptor subunit alpha,9466.0,30,96,44,69,2.69413258337976,8.6778262681489,2.57407453228945,4.26730033318612,1.65516231235334,0.670948764714209,4.62619342016578e-05,0.44978516066111,3.3309132044336e-06,0.060541698858845,1.1630555385337744,4.62619342016578e-05
ENSG00000136161,RCBTB2,RCC1 and BTB domain containing protein 2,1102.0,1195,599,2871,1883,89.3040986324354,45.0580421577707,139.767890418636,96.908130478931,-1.01506910389295,-0.585096911168499,4.67534023588581e-05,0.117072614863129,3.36970667052257e-06,0.0052214283848006,-0.8000830075307246,4.67534023588581e-05
ENSG00000105369,CD79A,CD79a molecule,973.0,23,65,10,57,4.05404514930843,11.5323047441059,1.14823683999484,6.91897896019793,1.47498762466909,2.51942212564846,0.001372543330952,4.67788048902624e-05,0.0001877469634307,2.48859696617779e-07,1.9972048751587752,4.67788048902624e-05
ENSG00000146535,GNA12,G protein subunit alpha 12,2768.0,19,71,33,49,0.823684783169343,3.09818822591738,0.931948928602587,1.46288413898922,1.87613564702475,0.59185480791314,4.68517066373905e-05,0.678922551437347,3.38020620689524e-06,0.162227591351191,1.2339952274689452,4.68517066373905e-05
ENSG00000100221,JOSD1,Josephin domain containing 1,9929.0,550,1130,508,668,33.6818470991961,69.6552190843985,20.2659820855345,28.171896375058,1.01981468994473,0.418321279342432,4.70186557055038e-05,0.453088549421556,3.39567758374539e-06,0.061184454312647,0.719067984643581,4.70186557055038e-05
ENSG00000148572,NRBF2,nuclear receptor binding factor 2,29982.0,3639,1875,8038,6243,507.130422395422,263.015225241642,729.720155864147,599.152468504287,-0.975443357991466,-0.341199328063507,4.70998819438297e-05,0.558822450229902,3.40497616151283e-06,0.0977796751932659,-0.6583213430274865,4.70998819438297e-05
ENSG00000089505,CMTM1,CKLF like MARVEL transmembrane domain containing 1,113540.0,180,73,133,113,32.5502708026087,13.287612961077,15.6676720872443,14.0723605487223,-1.31937864154754,-0.211495889306531,4.73918229737375e-05,0.916742215921126,3.43298877976207e-06,0.468245316243293,-0.7654372654270355,4.73918229737375e-05
ENSG00000164483,SAMD3,sterile alpha motif domain containing 3,154075.0,10,50,22,15,0.383946430964749,1.93233601230671,0.550255063061875,0.396614240166952,2.28890873524259,-0.525513300486506,4.7527276761026e-05,0.865458599926178,3.44626442043586e-06,0.365180388687696,0.881697717378042,4.7527276761026e-05
ENSG00000155561,NUP205,nucleoporin 205,23165.0,25,84,68,58,0.869056020750809,2.93919945606342,1.5398818789507,1.38848811542505,1.72463238975565,-0.205680376457345,4.90191127256348e-05,0.962952126585612,3.56515628189648e-06,0.57502038516561,0.7594760066491525,4.90191127256348e-05
ENSG00000157654,PALM2AKAP2,PALM2 and AKAP2 fusion,445815.0,25,84,15,29,0.370646143272814,1.25354743156636,0.144871003176919,0.296090098149149,1.72463238975565,0.968567804943908,4.90191127256348e-05,0.49188803353022,3.56515628189648e-06,0.0742125871804117,1.346600097349779,4.90191127256348e-05
ENSG00000076604,TRAF4,TNF receptor associated factor 4,9618.0,25,84,31,39,1.44830000746598,4.89823727414375,1.16990594983336,1.55592815845071,1.72463238975565,0.35332432758665,4.90191127256348e-05,0.916742215921126,3.56515628189648e-06,0.471942469208076,1.0389783586711498,4.90191127256348e-05
ENSG00000131368,MRPS25,mitochondrial ribosomal protein S25,64432.0,20,73,24,31,0.98649427430898,3.62434425395229,0.771163643498304,1.05301043842501,1.84261107168579,0.390829074883613,4.96474361051351e-05,0.917824652765612,3.61544754252284e-06,0.474229470055982,1.1167200732847016,4.96474361051351e-05
ENSG00000174080,CTSF,cathepsin F,8722.0,2,28,5,6,0.18239107563902,2.57023970793567,0.29703958184376,0.376817660193042,3.70807494050677,0.280025651867243,4.96474361051351e-05,1.0,3.61809037349768e-06,1.0,1.9940502961870066,4.96474361051351e-05
ENSG00000109519,GRPEL1,"GrpE like 1, mitochondrial",80273.0,110,260,237,260,7.18656821460529,17.0979571199913,10.0866730705648,11.6979193893878,1.22123878476513,0.156937249799906,5.01515517574805e-05,0.941636472443587,3.65848296962819e-06,0.532471617485826,0.689088017282518,5.01515517574805e-05
ENSG00000169252,ADRB2,adrenoceptor beta 2,154.0,166,92,365,148,12.7729376133321,7.12545396812256,18.2955849328193,7.84243318924371,-0.869424185980358,-1.27819742378083,0.0087831796682904,5.03680515309526e-05,0.0017874827671534,2.75295428131573e-07,-1.073810804880594,5.03680515309526e-05
ENSG00000035141,FAM136A,family with sequence similarity 136 member A,84908.0,50,137,88,96,4.29233696315095,11.8382192639892,4.92127016866745,5.67546495326397,1.43308198658439,0.148720291283497,5.12749643913055e-05,0.983830354263879,3.75164438484701e-06,0.632450128554879,0.7909011389339435,5.12749643913055e-05
ENSG00000177932,ZNF354C,zinc finger protein 354C,30832.0,3,31,9,10,0.134866640437304,1.40277167158461,0.263570333185308,0.309591974337007,3.29772093036969,0.173112590364444,5.35067904080333e-05,1.0,3.93053816727136e-06,1.0,1.7354167603670672,5.35067904080333e-05
ENSG00000158122,PRXL2C,peroxiredoxin like 2C,195827.0,3,31,15,8,0.256542644317957,2.66834521002198,0.835603600958156,0.471123435705095,3.29772093036969,-0.8733802738324,5.35067904080333e-05,0.76465406589936,3.93053816727136e-06,0.235318226797452,1.2121703282686451,5.35067904080333e-05
ENSG00000163472,TMEM79,transmembrane protein 79,84283.0,153,59,210,233,13.36847780902,5.1890104921508,11.9531000596165,14.0201564185666,-1.39168153110684,0.173234426252924,5.35067904080333e-05,0.932040917013424,3.9222606441279e-06,0.491159585537112,-0.609223552426958,5.35067904080333e-05
ENSG00000135763,URB2,URB2 ribosome biogenesis homolog,9816.0,3,31,5,1,0.132704810836038,1.38028610129372,0.144080812365357,0.0304629404703286,3.29772093036969,-2.16582058373543,5.35067904080333e-05,0.757841540271721,3.93053816727136e-06,0.225711524080905,0.5659501733171302,5.35067904080333e-05
ENSG00000130313,PGLS,6-phosphogluconolactonase,25796.0,676,330,889,869,63.0591455138019,30.9854161973407,54.0224004854009,55.8248508325132,-1.05311176234706,-0.0094341513788791,5.35626342174529e-05,1.0,3.93854379284434e-06,0.969635915032012,-0.5312729568629696,5.35626342174529e-05
ENSG00000184436,THAP7,THAP domain containing 7,80764.0,17,66,31,49,1.56432498618149,6.11313525532806,1.85827714782493,3.10513545445054,1.93033891883846,0.681698589439228,5.35705218739222e-05,0.580974004568768,3.9430277723846e-06,0.1070750078381,1.3060187541388442,5.35705218739222e-05
ENSG00000270049,ATP6V0D1-DT,ATP6V0D1 divergent transcript,101927837.0,91,29,98,100,4.99337125109291,1.60174165726003,3.50307367668186,3.77884321617229,-1.66437498593859,0.0524718374732227,5.58241071746269e-05,1.0,4.1251745135601e-06,0.880040761803622,-0.8059515742326836,5.58241071746269e-05
ENSG00000141279,NPEPPS,aminopeptidase puromycin sensitive,9520.0,2973,1537,3218,3090,68.6674969562473,35.7332225131932,48.4186949006836,49.149736789303,-0.970583941960954,-0.0351643450266984,5.61456315658804e-05,1.0,4.15302550935495e-06,0.867166153855483,-0.5028741434938262,5.61456315658804e-05
ENSG00000064225,ST3GAL6,"ST3 beta-galactoside alpha-2,3-sialyltransferase 6",10402.0,665,325,1060,772,28.0174649885774,13.7826447442678,29.0926839812815,22.3991172023041,-1.05146508694898,-0.43393957666266,5.64853883805087e-05,0.390318576041553,4.18227332710952e-06,0.0450280065496122,-0.74270233180582,5.64853883805087e-05
ENSG00000135363,LMO2,LIM domain only 2,4005.0,1085,546,3293,2280,99.2546600627621,50.2754329610794,196.238235597266,143.635709629523,-1.00939436983605,-0.506953693378273,5.72159942830241e-05,0.22534762398726,4.24053827327179e-06,0.0151249935645144,-0.7581740316071615,5.72159942830241e-05
ENSG00000185920,PTCH1,patched 1,5727.0,18,68,8,7,0.287421775214404,1.0929444361091,0.0832162001331925,0.0769753392404066,1.89144610296005,-0.166471172122486,5.73489335466892e-05,1.0,4.25457035057059e-06,1.0,0.862487465418782,5.73489335466892e-05
ENSG00000124767,GLO1,glyoxalase I,2739.0,23,79,52,64,2.5862605515325,8.94156502808477,3.80906614883857,4.95599458001488,1.75590655289254,0.322252345720983,5.74238667844027e-05,0.87004413345428,4.26431425836659e-06,0.378396005442798,1.0390794493067614,5.74238667844027e-05
ENSG00000186174,BCL9L,BCL9 like,283149.0,234,503,273,281,5.92091602135323,12.8110001870351,4.49993688586287,4.89650016083861,1.08480577857379,0.065031577329356,5.76471035657258e-05,1.0,4.28509296290922e-06,0.810018212641994,0.5749186779515729,5.76471035657258e-05
ENSG00000160588,MPZL3,myelin protein zero like 3,196264.0,3414,1771,4013,3493,227.07688917058,118.568681078517,173.879871495497,159.997948484925,-0.96568830876908,-0.176816857527954,5.84241628920724e-05,0.880851266876775,4.35136966008585e-06,0.394159162836654,-0.571252583148517,5.84241628920724e-05
ENSG00000149573,MPZL2,myelin protein zero like 2,10205.0,274,122,263,186,15.3141165059484,6.86346183611724,9.57564118659748,7.15913805668448,-1.18530088257811,-0.476098141186878,5.84484492111762e-05,0.442562606409167,4.35743794949958e-06,0.0584039333637561,-0.830699511882494,5.84484492111762e-05
ENSG00000147316,MCPH1,microcephalin 1,79648.0,24,81,59,58,0.650450424222633,2.20968306348485,1.04165931724013,1.08252357316156,1.73084147723922,-0.0012675966958144,5.95327859119854e-05,1.0,4.45996967770886e-06,1.0,0.8647869402717028,5.95327859119854e-05
ENSG00000143878,RHOB,ras homolog family member B,388.0,2166,1116,7522,4148,242.426404281392,125.72674464864,548.435461689612,319.717659221697,-0.975455764250676,-0.83528970945486,5.95327859119854e-05,0.0044910969131151,4.45671944662159e-06,5.69487584085433e-05,-0.905372736852768,5.95327859119854e-05
ENSG00000215817,ZC3H11B,zinc finger CCCH-type containing 11B,643136.0,130,48,132,105,6.93655485549607,2.578004782582,4.58822952885431,3.85830167171476,-1.45384567728996,-0.306430893880967,5.95327859119854e-05,0.811415249722691,4.45925008344989e-06,0.291505053308349,-0.8801382855854635,5.95327859119854e-05
ENSG00000138411,HECW2,"HECT, C2 and WW domain containing E3 ubiquitin protein ligase 2",57520.0,202,85,347,348,2.26037818575994,0.957393935558931,2.5294723960623,2.68173210415737,-1.26641279264813,0.0275334882913786,5.97084141510696e-05,1.0,4.47747836769061e-06,0.914430500356601,-0.6194396521783756,5.97084141510696e-05
ENSG00000177483,RBM44,RNA binding motif protein 44,375316.0,51,138,39,29,2.23360471245652,6.08355216041808,1.11268306910196,0.874662582877689,1.41506570233238,-0.402528515658352,6.03947639193552e-05,0.854737485384461,4.53334840671446e-06,0.345893984575128,0.506268593337014,6.03947639193552e-05
ENSG00000133134,BEX2,brain expressed X-linked 2,84707.0,0,20,7,5,0.0,4.53507431459738,1.02726188720967,0.77569111597278,7.32158639828717,-0.452436719441385,6.0396180571512e-05,1.0,4.53785615575199e-06,0.78090707038328,3.4345748394228925,6.0396180571512e-05
ENSG00000122376,SHLD2,shieldin complex subunit 2,54537.0,15,61,37,30,0.936785846413284,3.83460739075857,1.50529464660427,1.29025848993492,1.99608505609762,-0.278125944583627,6.06711831044002e-05,0.93924033323644,4.56293987492647e-06,0.526363369959789,0.8589795557569965,6.06711831044002e-05
ENSG00000206344,HCG27,HLA complex group 27,253018.0,2130,1098,1531,1441,217.702958946332,112.96114271943,101.936718937278,101.427359273559,-0.974733656443556,-0.0640068114482931,6.08120543333389e-05,1.0,4.57796619489426e-06,0.765198992021924,-0.5193702339459245,6.08120543333389e-05
ENSG00000166927,MS4A7,membrane spanning 4-domains A7,58475.0,10,30,3,36,0.609719303488324,1.84116710953965,0.11915765043813,1.51160686240845,1.55435523988791,3.55395302298326,0.0201450578299197,6.08248226908552e-05,0.0051001261405874,3.36881396626221e-07,2.554154131435585,6.08248226908552e-05
ENSG00000111676,ATN1,atrophin 1,1822.0,54,144,38,80,2.79629476500128,7.50574300949157,1.28186862547821,2.85289367438308,1.39414403248722,1.09485027136745,6.08590686187906e-05,0.0627113757486951,4.58594060281515e-06,0.0019788679273564,1.2444971519273351,6.08590686187906e-05
ENSG00000124203,ZNF831,zinc finger protein 831,128611.0,68,174,61,83,1.5523280086916,3.99821217815671,0.907141733746204,1.30484547088102,1.33505169429282,0.466870119700183,6.13023230402106e-05,0.650595270985986,4.62827624760663e-06,0.143165736892807,0.9009609069965014,6.13023230402106e-05
ENSG00000114062,UBE3A,ubiquitin protein ligase E3A,7337.0,65,166,137,143,1.34447200412,3.45611753356668,1.84599153622874,2.03695227343708,1.33217152017779,0.0851549456021121,6.14503637808109e-05,1.0,4.64393144153191e-06,0.787401540311771,0.708663232889951,6.14503637808109e-05
ENSG00000017797,RALBP1,ralA binding protein 1,10928.0,3503,1823,5025,4692,115.411690074862,60.4558512573122,107.84908409183,106.45696391458,-0.961067479344985,-0.0755268894726941,6.30851745646548e-05,1.0,4.77207485775482e-06,0.715480693663433,-0.5182971844088395,6.30851745646548e-05
ENSG00000074657,ZNF532,zinc finger protein 532,55205.0,1,24,4,12,0.0221674368141308,0.535511410991533,0.0577625293452346,0.183190578673046,4.40478836915565,1.57843552424466,6.31868097244736e-05,0.530241149117355,4.81199651377896e-06,0.0884894498964249,2.991611946700155,6.31868097244736e-05
ENSG00000229191,,,,24,1,25,38,1.81247231949152,0.076015498773753,1.22990305766266,1.97628760493681,-4.44027646013148,0.624908957478564,6.31868097244736e-05,0.711683165821761,4.81199651377896e-06,0.18663601442532,-1.9076837513264582,6.31868097244736e-05
ENSG00000279296,PRAL,p53 regulation associated lncRNA,,1,24,4,7,0.0806217399165175,1.9476253416798,0.210079119964972,0.38864815987145,4.40478836915565,0.811328073767168,6.31868097244736e-05,0.95460501357024,4.81199651377896e-06,0.559727541436877,2.608058221461409,6.31868097244736e-05
ENSG00000170522,ELOVL6,ELOVL fatty acid elongase 6,79071.0,1,24,7,9,0.0363057472064789,0.877058636804141,0.165555704996378,0.225021646469944,4.40478836915565,0.37996089916252,6.31868097244736e-05,1.0,4.81199651377896e-06,0.811050160847253,2.392374634159085,6.31868097244736e-05
ENSG00000103042,SLC38A7,solute carrier family 38 member 7,55238.0,1,24,3,27,0.039796160036905,0.961378529782157,0.0777737706404797,0.739965279085706,4.40478836915565,3.14056514489688,6.31868097244736e-05,0.0026352837474321,4.81199651377896e-06,2.84736846914445e-05,3.772676757026265,6.31868097244736e-05
ENSG00000145244,CORIN,"corin, serine peptidase",10699.0,275,123,45,37,7.22326346178476,3.25198011827226,0.769988089163703,0.669281614876217,-1.17878914733786,-0.258215934292249,6.31868097244736e-05,0.937365369730268,4.80323275287193e-06,0.515532542205692,-0.7185025408150545,6.31868097244736e-05
ENSG00000125743,SNRPD2,small nuclear ribonucleoprotein D2 polypeptide,6633.0,36,107,83,74,5.93111277684351,17.7443243518164,8.9080471114749,8.39598801945463,1.54942982258429,-0.141967797073981,6.32848098004508e-05,1.0,4.82407164052409e-06,0.720398604433237,0.7037310127551545,6.32848098004508e-05
ENSG00000233762,RPS15P4,ribosomal protein S15 pseudogene 4,401019.0,20,72,18,24,11.853379747905,42.9523280050994,6.94953008259964,9.79557317996231,1.82274598910772,0.435798438728837,6.34335367794688e-05,0.926175241741688,4.84003155575746e-06,0.483743215596895,1.1292722139182785,6.34335367794688e-05
ENSG00000175063,UBE2C,ubiquitin conjugating enzyme E2 C,11065.0,109,38,69,84,22.4545964796724,7.87960345920402,9.25973545609214,11.9169317574269,-1.53597021210656,0.306680245681077,6.48350935850699e-05,0.842604223238061,4.96587110901534e-06,0.330272334193111,-0.6146449832127414,6.48350935850699e-05
ENSG00000136732,GYPC,glycophorin C (Gerbich blood group),2995.0,76,189,86,107,5.57887249647864,13.9648622535283,4.11246321596157,5.40907533971111,1.29408007298137,0.338152348496972,6.82163456837988e-05,0.778637941053786,5.24970565821976e-06,0.258408903343215,0.816116210739171,6.82163456837988e-05
ENSG00000076770,MBNL3,muscleblind like splicing regulator 3,55796.0,29,92,27,31,0.629786710681582,2.01106139947913,0.381970646805727,0.463621531664951,1.64254839893527,0.221741581641282,6.84836429739335e-05,1.0,5.27826114986829e-06,0.729274458804825,0.932144990288276,6.84836429739335e-05
ENSG00000142396,ERVK3-1,endogenous retrovirus group K3 member 1,105372481.0,333,691,374,379,17.5630841016863,36.6839931239385,12.8498743573876,13.765822542446,1.03404880243477,0.0425372043353272,6.84836429739335e-05,1.0,5.28025756204792e-06,0.867576587813034,0.5382930033850486,6.84836429739335e-05
ENSG00000134324,LPIN1,lipin 1,23175.0,45,125,166,159,1.00510384296901,2.81028549129843,2.41533424757637,2.44569307190042,1.45256726092508,-0.0387349241490845,6.8702777758028e-05,1.0,5.30216015491558e-06,0.891215688819779,0.7069161683879978,6.8702777758028e-05
ENSG00000163219,ARHGAP25,Rho GTPase activating protein 25,9938.0,9841,5181,15337,14303,476.097080116074,252.296884113774,483.356357701722,476.529547017831,-0.944396985489546,-0.0773061314583806,6.8909389274616e-05,1.0,5.3231272869183e-06,0.706428432906272,-0.5108515584739632,6.8909389274616e-05
ENSG00000264112,,,,528,256,502,409,24.067337186696,11.7456239922181,14.9062557673288,12.8387823718187,-1.06286400489475,-0.27211959490762,6.90025652657192e-05,0.761587867059101,5.34038218278631e-06,0.231417215338331,-0.667491799901185,6.90025652657192e-05
ENSG00000072134,EPN2,epsin 2,22905.0,394,185,150,153,12.2554510651728,5.79224355925681,3.03945045880987,3.27741108640954,-1.10898365610741,0.0519180614972099,6.9287115261824e-05,1.0,5.36745398071119e-06,0.884941911810683,-0.5285327973051,6.9287115261824e-05
ENSG00000186812,ZNF397,zinc finger protein 397,84307.0,549,267,733,698,16.6887834209703,8.16969050022409,14.5153342327651,14.612151489708,-1.05845251385121,-0.0471861668071497,6.95094190784696e-05,1.0,5.38974070102694e-06,0.8388163388741,-0.5528193403291798,6.95094190784696e-05
ENSG00000260565,ERVK13-1,endogenous retrovirus group K13 member 1,,30,94,46,58,0.6932133555142,2.18632906686809,0.692427375870591,0.922954027706435,1.62482883933551,0.356944801742676,6.97170500371487e-05,0.870205919672664,5.4109210238714e-06,0.38183711492517,0.9908868205390929,6.97170500371487e-05
ENSG00000164941,INTS8,integrator complex subunit 8,55656.0,630,310,701,567,21.2180922375256,10.5091958564049,15.379936172503,13.1508932265884,-1.04162202833272,-0.282617837326256,7.13151161151439e-05,0.732732971846554,5.5651197967567e-06,0.205335754592173,-0.662119932829488,7.13151161151439e-05
ENSG00000259962,,,,36,5,32,30,24.1448844181376,3.37547303415602,13.9811643180739,13.8563962387441,-2.83595083010453,-0.0694375018526309,7.13151161151439e-05,1.0,5.56613389879894e-06,0.911848644732764,-1.4526941659785804,7.13151161151439e-05
ENSG00000130956,HABP4,hyaluronan binding protein 4,22927.0,5,36,8,5,0.324025241396376,2.34829875468193,0.337729935520987,0.223144019663403,2.79879656151097,-0.641889267978636,7.13151161151439e-05,0.969579482810528,5.56613389879894e-06,0.593113130711805,1.078453646766167,7.13151161151439e-05
ENSG00000100034,PPM1F,"protein phosphatase, Mg2+/Mn2+ dependent 1F",9647.0,6390,3362,7883,6703,167.792467912248,88.8610255650482,134.844693899772,121.21245077272,-0.94530972932653,-0.210542468102259,7.22169865380719e-05,0.822901857868903,5.64178760886264e-06,0.306677655341279,-0.5779260987143945,7.22169865380719e-05
ENSG00000154174,TOMM70,translocase of outer mitochondrial membrane 70,9868.0,33,100,60,66,1.72163454766982,5.25132669748574,2.03914923652491,2.3712501637394,1.57701771431938,0.160576153234035,7.34919151595747e-05,1.0,5.75210004965626e-06,0.677550396667822,0.8687969337767075,7.34919151595747e-05
ENSG00000115758,ODC1,ornithine decarboxylase 1,4953.0,86,208,84,139,8.16316059242142,19.873082370925,5.19409521759329,9.0861750327033,1.25412614363382,0.749139045260769,7.34919151595747e-05,0.165528982829223,5.74767497456712e-06,0.0093247269878289,1.0016325944472946,7.34919151595747e-05
ENSG00000144791,LIMD1,LIM domain containing 1,8994.0,18,67,16,25,0.376192385025417,1.40946503390563,0.217835275545881,0.359818851524136,1.87011221876299,0.663067335556285,7.36274475301318e-05,0.778637941053786,5.76807361134614e-06,0.254665544582082,1.2665897771596375,7.36274475301318e-05
ENSG00000120798,NR2C1,nuclear receptor subfamily 2 group C member 1,7181.0,11,51,17,19,0.451526713824364,2.10718637350707,0.454580097593867,0.537094586157292,2.18151300022308,0.182585697795163,7.40059665903412e-05,1.0,5.80443045255247e-06,0.878451542584608,1.1820493490091215,7.40059665903412e-05
ENSG00000273320,,,,283,593,239,251,88.5161978447302,186.695141949359,48.6973073143361,54.0650297162648,1.04806370640242,0.094020504007404,7.40059665903412e-05,1.0,5.80851377479941e-06,0.715549480444432,0.571042105204912,7.40059665903412e-05
ENSG00000197586,ENTPD6,ectonucleoside triphosphate diphosphohydrolase 6,955.0,24,80,37,61,0.952817757646672,3.19691137057786,0.956909919211046,1.66776496015056,1.71294753699929,0.742699986873248,7.43068744746093e-05,0.437491658276452,5.83754632587296e-06,0.0557943741425296,1.227823761936269,7.43068744746093e-05
ENSG00000109917,ZPR1,ZPR1 zinc finger,8882.0,104,243,111,106,3.90365484358605,9.18092318456973,2.71413710295918,2.73999863283375,1.20455843106882,-0.0430540479777752,7.45375513806922e-05,1.0,5.86110027253803e-06,0.925195068657589,0.5807521915455224,7.45375513806922e-05
ENSG00000213626,LBH,LBH regulator of WNT signaling pathway,81606.0,134,302,206,195,7.83311716835849,17.7696459949017,7.84454532051021,7.85002147903257,1.15274059850779,-0.0557436974134914,7.59609648993371e-05,1.0,5.98963445715513e-06,0.862947225038343,0.5484984505471493,7.59609648993371e-05
ENSG00000186810,CXCR3,C-X-C motif chemokine receptor 3,2833.0,2,27,18,18,0.284557505226291,3.86674757349881,1.66833509501721,1.76367664263285,3.6558465250952,0.0232304301156015,7.72640983655184e-05,1.0,6.10364980529237e-06,1.0,1.839538477605401,7.72640983655184e-05
ENSG00000242299,RPS18P5,ribosomal protein S18 pseudogene 5,100131863.0,4,33,22,17,2.3086974933828,19.171804357396,8.27180813753146,6.75713149914066,2.98693597158983,-0.346333165562573,7.78191321522672e-05,0.95460501357024,6.16450930254441e-06,0.558745667104545,1.3203014030136284,7.78191321522672e-05
ENSG00000260267,,,,4,33,4,9,0.350195687198515,2.90808268342523,0.228129540054494,0.542624902277324,2.98693597158983,1.16830759651492,7.78191321522672e-05,0.802473156664851,6.16450930254441e-06,0.282135309184399,2.0776217840523747,7.78191321522672e-05
ENSG00000253276,CCDC71L,coiled-coil domain containing 71 like,168455.0,1728,3383,1446,1503,67.3315206012486,132.684041283929,36.7040264356627,40.3311006569536,0.950310462468235,0.079162493117539,7.79882666314082e-05,1.0,6.18359088288676e-06,0.711117015005214,0.514736477792887,7.79882666314082e-05
ENSG00000103174,NAGPA,N-acetylglucosamine-1-phosphodiester alpha-N-acetylglucosaminidase,51172.0,7,41,6,20,0.338158508672454,1.99364645471031,0.188818377517751,0.665363057902254,2.5104081814588,1.73928747122248,7.86789507190919e-05,0.216767664461341,6.24408813096423e-06,0.014306173685288,2.12484782634064,7.86789507190919e-05
ENSG00000089220,PEBP1,phosphatidylethanolamine binding protein 1,5037.0,40,114,69,81,6.99928764506411,20.0789366879849,7.86527067142305,9.76079695417479,1.48924175037569,0.254291576411787,7.88038478260539e-05,0.892820696121132,6.26548593340802e-06,0.422596590971196,0.8717666633937385,7.88038478260539e-05
ENSG00000072401,UBE2D1,ubiquitin conjugating enzyme E2 D1,7321.0,2386,1245,5333,3754,181.639760676582,95.4007615731079,264.473886285684,196.807280025833,-0.95721707378992,-0.48311336950442,7.88038478260539e-05,0.257528649200383,6.26095225460433e-06,0.0196871850321529,-0.72016522164717,7.88038478260539e-05
ENSG00000267598,,,,15,60,14,22,4.20068241066083,16.9130467039107,2.5540380113289,4.24285001108832,1.97228780529353,0.67064876086949,7.94190006760349e-05,0.802473156664851,6.32450404542284e-06,0.282622257084176,1.32146828308151,7.94190006760349e-05
ENSG00000003756,RBM5,RNA binding motif protein 5,10181.0,3719,1954,4927,4586,95.1287801451145,50.3097683103725,82.0992223106482,80.7841591664184,-0.947279037702464,-0.0800792617192365,7.94190006760349e-05,1.0,6.32597053920027e-06,0.699166920085333,-0.5136791497108503,7.94190006760349e-05
ENSG00000155252,PI4K2A,phosphatidylinositol 4-kinase type 2 alpha,55361.0,109,253,119,109,6.89343783071348,16.1054140686742,4.90260674363708,4.74725185055406,1.19504431613604,-0.103128480766824,7.96386324308328e-05,1.0,6.34926861094091e-06,0.751626755369858,0.545957917684608,7.96386324308328e-05
ENSG00000100403,ZC3H7B,zinc finger CCCH-type containing 7B,23264.0,43,120,57,80,1.08265449598214,3.04119790570225,0.934903994670196,1.38713210778786,1.4591376999017,0.511478102603908,8.00641738312206e-05,0.628161311574139,6.38903004993343e-06,0.131255036749767,0.9853079012528041,8.00641738312206e-05
ENSG00000105327,BBC3,BCL2 binding component 3,27113.0,427,204,808,643,35.5729990424981,17.1066425844209,43.8505149740218,36.8901131938934,-1.08403640641343,-0.306091626196302,8.05773305241695e-05,0.677865106199993,6.4358514979223e-06,0.161339996855355,-0.695064016304866,8.05773305241695e-05
ENSG00000160307,S100B,S100 calcium binding protein B,6285.0,3,30,1,3,0.440071490640659,4.42960747007186,0.0955592453218297,0.303060715077737,3.25060959025686,1.49555610850068,8.0588224694751e-05,0.981876444361395,6.44259455546873e-06,0.628703771781487,2.37308284937877,8.0588224694751e-05
ENSG00000157916,RER1,retention in endoplasmic reticulum sorting receptor 1,11079.0,1283,658,1674,1521,59.7462219968647,30.8426505996657,50.7820205772104,48.7774862498171,-0.982064958848861,-0.114878624493232,8.06221748140277e-05,0.969579482810528,6.45118408000309e-06,0.588402982524678,-0.5484717916710465,8.06221748140277e-05
ENSG00000125534,PPDPF,pancreatic progenitor cell differentiation and proliferation factor,79144.0,56,146,30,33,14.0889744467976,36.9731300816292,4.91680903279842,5.71757280696518,1.36167714231638,0.160258298405234,8.1123199577335e-05,1.0,6.50309863978054e-06,0.826452019317631,0.7609677203608071,8.1123199577335e-05
ENSG00000271856,LINC01215,long intergenic non-protein coding RNA 1215,101929623.0,56,146,50,45,5.72364586901153,15.0203340956619,3.3290894492906,3.16740539022219,1.36167714231638,-0.128273214613126,8.1123199577335e-05,1.0,6.50309863978054e-06,0.735850782856883,0.616701963851627,8.1123199577335e-05
ENSG00000119471,HSDL2,hydroxysteroid dehydrogenase like 2,84263.0,1595,824,3034,2303,127.775096642956,66.4438441582765,158.333145162811,127.053279028747,-0.971571709698299,-0.374297176425198,8.11287076057914e-05,0.487056414950483,6.50945249045156e-06,0.072870341050382,-0.6729344430617485,8.11287076057914e-05
ENSG00000057252,SOAT1,sterol O-acyltransferase 1,6646.0,684,340,820,809,25.8682880168626,12.9429272944227,20.2020838803718,21.0700961221598,-1.02702919154638,0.0039069423267383,8.1140882274757e-05,1.0,6.5163425351102e-06,0.986942709200347,-0.5115611246098208,8.1140882274757e-05
ENSG00000087338,GMCL1,"germ cell-less 1, spermatogenesis associated",64395.0,532,260,1084,897,28.8101095418111,14.1725707525684,38.2413566646622,33.4527734623237,-1.05139286034614,-0.249761417944177,8.16473098051233e-05,0.777386313675308,6.56296332277008e-06,0.247036698567234,-0.6505771391451585,8.16473098051233e-05
ENSG00000135749,PCNX2,pecanex 2,80003.0,28,89,36,54,0.536475377611842,1.7164208362733,0.449329564897959,0.712511587889426,1.64519267739633,0.606621801596142,8.19891604155735e-05,0.632999643447868,6.59641692893114e-06,0.135807531723548,1.125907239496236,8.19891604155735e-05
ENSG00000111667,USP5,ubiquitin specific peptidase 5,8078.0,21,73,41,56,1.48833167059369,5.20769207811069,1.89293201688074,2.73322172998948,1.77264574385337,0.4719580130579,8.44307549005165e-05,0.771675821795591,6.79900773685109e-06,0.24310993861116,1.1223018784556351,8.44307549005165e-05
ENSG00000125089,SH3TC1,SH3 domain and tetratricopeptide repeats 1,54436.0,16,62,8,49,0.399846108654922,1.55957616463505,0.130236767890746,0.84328695154826,1.9271272864618,2.6191997566996,8.49806403552948e-05,0.0001210543012261,6.84948172518263e-06,6.96931190559973e-07,2.2731635215807,8.49806403552948e-05
ENSG00000058866,DGKG,diacylglycerol kinase gamma,1608.0,183,77,214,236,4.4173955205393,1.87088860745067,3.36511338213777,3.92313821526417,-1.26637604818943,0.164476280297359,8.65877880417798e-05,0.937365369730268,6.99163891198747e-06,0.513607336174819,-0.5509498839460355,8.65877880417798e-05
ENSG00000116918,TSNAX,translin associated factor X,7257.0,397,189,648,460,16.5550835564574,7.93313204359886,17.6029967085146,13.2100697653592,-1.08908338629818,-0.470859923287601,8.69755091870022e-05,0.346142127815439,7.02928433817122e-06,0.0355677306675243,-0.7799716547928904,8.69755091870022e-05
ENSG00000116127,ALMS1,ALMS1 centrosome and basal body associated protein,7840.0,22,75,20,22,0.394257378207731,1.35288356405157,0.233484403776263,0.27151025573223,1.74484504833346,0.159941700741324,8.77049260403815e-05,1.0,7.09985167467718e-06,0.888764432914095,0.952393374537392,8.77049260403815e-05
ENSG00000231607,DLEU2,deleted in lymphocytic leukemia 2,8847.0,558,275,675,645,12.696646469986,6.29838973349133,10.0052819728229,10.1069694286296,-1.03933411528205,-0.0421886002873427,8.84485688146826e-05,1.0,7.17411872108597e-06,0.849727025834428,-0.5407613577846964,8.84485688146826e-05
ENSG00000277449,CEBPB-AS1,CEBPB antisense RNA 1,101927559.0,68,171,85,102,6.80315956981345,17.2202663211532,5.53976576637239,7.02762090205188,1.30997900149556,0.286041539648575,8.96277487033155e-05,0.853597923435065,7.27629442176749e-06,0.344090874716723,0.7980102705720674,8.96277487033155e-05
ENSG00000211747,TRBV20-1,T cell receptor beta variable 20-1,28567.0,10,48,27,25,6.41460138899944,30.9922366719604,11.2824695408791,11.0437379223243,2.23016592057325,-0.0872198764577569,8.97526452399792e-05,1.0,7.29297474439417e-06,0.90192613918756,1.0714730220577466,8.97526452399792e-05
ENSG00000226777,FAM30A,family with sequence similarity 30 member A,9834.0,13,55,1,14,0.348441874317462,1.48385576015863,0.0174605419922323,0.258417210307079,2.05166092616962,3.67224327698004,9.01912283967028e-05,0.0500623892140203,7.34175791569137e-06,0.0014103642716376,2.86195210157483,9.01912283967028e-05
ENSG00000164338,UTP15,UTP15 small subunit processome component,84135.0,13,55,18,29,0.544591949043927,2.31916988194306,0.491214412859273,0.836627761515993,2.05166092616962,0.70753794978635,9.01912283967028e-05,0.711683165821761,7.34175791569137e-06,0.188481090367949,1.379599437977985,9.01912283967028e-05
ENSG00000146828,SLC12A9,solute carrier family 12 member 9,56996.0,7281,3866,7639,6619,216.706508825918,115.820325946942,148.111290582441,135.668716055042,-0.932112101696964,-0.183375546043784,9.03898798006735e-05,0.87004413345428,7.36451578612104e-06,0.373396285280539,-0.557743823870374,9.03898798006735e-05
ENSG00000198804,COX1,cytochrome c oxidase subunit I,4512.0,7885,15191,9725,12123,1354.68103088739,2627.02208695672,1088.41794508635,1434.33919548004,0.927183936096712,0.341364412215692,9.11259555459802e-05,0.555232033543503,7.44724442256642e-06,0.0967391477349884,0.634274174156202,9.11259555459802e-05
ENSG00000138376,BARD1,BRCA1 associated RING domain 1,580.0,6,38,25,34,0.209923167484688,1.33824221454522,0.569796609387297,0.81920849395287,2.6193392470564,0.464996171018538,9.11259555459802e-05,0.861180273805792,7.45831630624339e-06,0.360272077761294,1.542167709037469,9.11259555459802e-05
ENSG00000021300,PLEKHB1,pleckstrin homology domain containing B1,58473.0,6,38,19,31,0.322225466084342,2.05415975036213,0.664711117772809,1.14650700684791,2.6193392470564,0.725882427320374,9.11259555459802e-05,0.6796061243086,7.45831630624339e-06,0.163084206694326,1.672610837188387,9.11259555459802e-05
ENSG00000126602,TRAP1,TNF receptor associated protein 1,10131.0,8,43,20,30,0.408910727170637,2.21232527436388,0.665946351731524,1.05600550150568,2.38941749132474,0.605243034988283,9.37787331695137e-05,0.778637941053786,7.69529613386331e-06,0.254598204816551,1.4973302631565115,9.37787331695137e-05
ENSG00000116984,MTR,5-methyltetrahydrofolate-homocysteine methyltransferase,4548.0,42,117,25,47,0.900442467375449,2.52484399568699,0.349154319517732,0.693922462766813,1.45649898649057,0.93067156190233,9.47430031112644e-05,0.330267848589352,7.78132666567519e-06,0.0324924643343262,1.19358527419645,9.47430031112644e-05
ENSG00000231074,HCG18,HLA complex group 18,414777.0,77,188,98,106,1.15700039006052,2.84343063372952,0.959267183428053,1.09686973799221,1.26760314371133,0.136434974139237,9.65652532974261e-05,0.994297199514418,7.93802694355754e-06,0.657884289925531,0.7020190589252835,9.65652532974261e-05
ENSG00000127954,STEAP4,STEAP4 metalloreductase,79689.0,18429,9851,18903,14437,434.172223709387,233.605247123006,290.109353869213,234.230600376481,-0.92246647060132,-0.365449711745117,9.86720079204844e-05,0.493711372201484,8.12559167396497e-06,0.0749476536735803,-0.6439580911732186,9.86720079204844e-05
ENSG00000075292,ZNF638,zinc finger protein 638,27332.0,1731,904,1742,1618,36.7630092736882,19.3252190321698,24.1008782157474,23.664586072748,-0.955953242065274,-0.0831350766651689,0.0001006332352076,1.0,8.29443149831661e-06,0.695621283290005,-0.5195441593652215,0.0001006332352076
ENSG00000171055,FEZ2,fasciculation and elongation protein zeta 2,9637.0,207,90,330,368,6.13549661386161,2.68512119857343,6.37182804060238,7.51161988984802,-1.21932316316435,0.180566681712106,0.0001008565390996,0.903031083872557,8.32753671475541e-06,0.442666469442025,-0.519378240726122,0.0001008565390996
ENSG00000073464,CLCN4,chloride voltage-gated channel 4,1183.0,388,185,634,563,15.1406891291623,7.26653975463106,16.1166177832488,15.1296444127909,-1.08685170834817,-0.147925207047806,0.0001010429970818,0.937365369730268,8.35029577982718e-06,0.512012875425527,-0.617388457697988,0.0001010429970818
ENSG00000223609,HBD,hemoglobin subunit delta,3045.0,1,23,0,3,0.229967914379928,5.32398828390754,0.0,0.475110808533328,4.34371490287084,4.65513157215884,0.0001017795940508,0.778637941053786,8.42600341362784e-06,0.253731343283582,4.49942323751484,0.0001017795940508
ENSG00000132669,RIN2,Ras and Rab interactor 2,54453.0,1,23,24,30,0.0320226081670104,0.741355554582557,0.500655134682629,0.661583042947412,4.34371490287084,0.343714919811994,0.0001017795940508,0.949742814203502,8.42600341362784e-06,0.546645441377296,2.343714911341417,0.0001017795940508
ENSG00000157827,FMNL2,formin like 2,114793.0,46,48,179,64,1.85373588664757,1.94703281799812,4.69909027565701,1.77613678590129,0.0424481489166405,-1.45864708993155,0.983430537022955,0.0001046487445456,0.932331136578605,5.94855128593683e-07,-0.7080994705074548,0.0001046487445456
ENSG00000181778,TMEM252,transmembrane protein 252,169693.0,35,5,65,56,7.44763558859332,1.07093321163986,9.01020064926072,8.20625126642625,-2.79545053986662,-0.191224675160574,0.0001052715626142,0.978579431905748,8.72276393327801e-06,0.613880342995128,-1.4933376075135971,0.0001052715626142
ENSG00000078177,N4BP2,NEDD4 binding protein 2,55728.0,15,59,13,8,0.4050398084278,1.60361632985437,0.228675972038112,0.148765712344754,1.94809142607822,-0.668777282000452,0.0001055580623947,0.88448460063668,8.76188843227326e-06,0.407172820969574,0.6396570720388841,0.0001055580623947
ENSG00000101557,USP14,ubiquitin specific peptidase 14,9097.0,15,59,32,25,0.663745709117279,2.62787369503945,0.922425238957606,0.761827920815091,1.94809142607822,-0.331284804880051,0.0001055580623947,0.926175241741688,8.76188843227326e-06,0.483808783909373,0.8084033105990845,0.0001055580623947
ENSG00000188997,KCTD21,potassium channel tetramerization domain containing 21,283219.0,292,135,446,462,19.4953444835629,9.07243445294203,19.3978524911407,21.242050987974,-1.13111794114959,0.074220450582542,0.0001058011087833,1.0,8.78977292035113e-06,0.745998635724935,-0.528448745283524,0.0001058011087833
ENSG00000166428,PLD4,phospholipase D family member 4,122618.0,31,94,27,29,1.1770982024274,3.59269926209583,0.667860100384558,0.75832506289625,1.57771498770516,0.12592256868679,0.0001070026096201,1.0,8.90518730405061e-06,0.906204154997366,0.851818778195975,0.0001070026096201
ENSG00000100296,THOC5,THO complex subunit 5,8563.0,1089,562,1185,944,36.621120549787,19.0231342689082,25.9592912548491,21.8616105166409,-0.973042957917205,-0.304600480305148,0.0001081756460893,0.674895869987875,9.02646223380678e-06,0.156252926102518,-0.6388217191111765,0.0001081756460893
ENSG00000177034,MTX3,metaxin 3,345778.0,32,96,26,32,1.07053127865913,3.2326793144386,0.566622038556868,0.73723470327788,1.56242466598757,0.321555698330645,0.0001081756460893,0.95460501357024,9.01951234351424e-06,0.563865223937516,0.9419901821591075,0.0001081756460893
ENSG00000151176,PLBD2,phospholipase B domain containing 2,196463.0,12,52,24,40,0.603927896730266,2.63420274018103,0.786838892330811,1.38634156897263,2.08527095813302,0.757267165648999,0.0001117980530697,0.566354702405706,9.36946225260631e-06,0.101391725482432,1.4212690618910095,0.0001117980530697
ENSG00000105677,TMEM147,transmembrane protein 147,10430.0,12,52,23,31,1.64975425448268,7.19587090000671,2.05985466122375,2.93498654114205,2.08527095813302,0.451902031248005,0.0001117980530697,0.883304914142995,9.36946225260631e-06,0.398309500122346,1.2685864946905125,0.0001117980530697
ENSG00000132361,CLUH,clustered mitochondria homolog,23277.0,16,61,20,27,0.614314289543598,2.35744993501418,0.500231875510796,0.713905632300514,1.90371620991593,0.453899563690266,0.0001119356551946,0.896382407934999,9.41362382267018e-06,0.431468139076714,1.178807886803098,0.0001119356551946
ENSG00000179981,TSHZ1,teashirt zinc finger homeobox 1,10194.0,37,106,82,105,1.18369187085256,3.41338137761412,1.70891918345615,2.31330368313776,1.49650495932738,0.37957247061485,0.0001119356551946,0.733919176189905,9.39820105311272e-06,0.206662791476864,0.938038714971115,0.0001119356551946
ENSG00000287586,,,,61,16,19,13,5.0109473734283,1.32297609772813,1.01675037022427,0.73542733525531,-1.94121059258065,-0.519938407103304,0.0001119356551946,0.88536701287707,9.41362382267018e-06,0.412429951851715,-1.230574499841977,0.0001119356551946
ENSG00000006282,SPATA20,spermatogenesis associated 20,64847.0,16,61,14,35,0.794223083726968,3.0478554528008,0.452711253272839,1.19645667354093,1.90371620991593,1.33749398744232,0.0001119356551946,0.165528982829223,9.41362382267018e-06,0.0093154316815973,1.620605098679125,0.0001119356551946
ENSG00000143486,EIF2D,eukaryotic translation initiation factor 2D,1939.0,7,40,18,20,0.229910892829127,1.32240203172986,0.385127689923387,0.452374288313409,2.47489460837704,0.174246234485803,0.0001121898274454,1.0,9.45135115339805e-06,0.882149552503752,1.3245704214314213,0.0001121898274454
ENSG00000237541,HLA-DQA2,"major histocompatibility complex, class II, DQ alpha 2",3118.0,7,40,2,24,1.27192130422479,7.3158400465933,0.236735249727331,3.00316955517363,2.47489460837704,3.52763753111535,0.0001121898274454,0.0026638473759223,9.45135115339805e-06,2.95077103294129e-05,3.001266069746195,0.0001121898274454
ENSG00000152082,MZT2B,mitotic spindle organizing protein 2B,80097.0,48,128,142,112,7.00622908735674,18.805941223904,13.50212649106,11.258162894436,1.39388774084162,-0.318683939983841,0.0001122382626271,0.782297453560084,9.46361097941808e-06,0.260651796944811,0.5376019004288894,0.0001122382626271
ENSG00000125484,GTF3C4,general transcription factor IIIC subunit 4,9329.0,43,118,91,97,1.26000338532509,3.48038487162951,1.73706224219239,1.95740818452045,1.43491576419294,0.115356437432058,0.0001127387661198,1.0,9.53045975069663e-06,0.714315406261808,0.775136100812499,0.0001127387661198
ENSG00000105176,URI1,URI1 prefoldin like chaperone,8725.0,44,120,64,63,2.13961337079475,5.87362047793669,2.02737147784111,2.10974314978676,1.4260652595151,0.0006703528985282,0.0001127387661198,1.0,9.527553842167e-06,1.0,0.7133678062068141,0.0001127387661198
ENSG00000236609,ZNF853,zinc finger protein 853,54753.0,4,32,16,11,0.274247450689106,2.20838401406481,0.714616965015422,0.519375790694818,2.94271307778556,-0.512324153753814,0.0001163051878703,0.916742215921126,9.86585327802597e-06,0.470866638687154,1.215194462015873,0.0001163051878703
ENSG00000175216,CKAP5,cytoskeleton associated protein 5,9793.0,24,78,40,51,0.744688790908438,2.43612846526931,0.808526573207892,1.08978333032522,1.67647974612245,0.372854264393019,0.0001174292674949,0.873884542913753,9.98687911139828e-06,0.385042674970773,1.0246670052577345,0.0001174292674949
ENSG00000282988,,,,78,24,89,104,9.79336346659847,3.03312647998096,7.27944063391421,8.99242902824028,-1.71403093993396,0.247775724185325,0.0001174292674949,0.88536701287707,9.98687911139828e-06,0.411529947199428,-0.7331276078743174,0.0001174292674949
ENSG00000146859,TMEM140,transmembrane protein 140,55281.0,2688,1427,7377,5070,307.874243164262,164.516732191747,550.420509402025,399.906498451088,-0.932326733499231,-0.517646102614119,0.0001181222152776,0.196915547850887,1.00630279594519e-05,0.0122121506501315,-0.724986418056675,0.0001181222152776
ENSG00000182463,TSHZ2,teashirt zinc finger homeobox 2,128553.0,2,26,1,1,0.0419513915068372,0.54894866287858,0.0136642911362806,0.0144451742261914,3.60165608624278,0.0207927220028503,0.0001206028126869,1.0,1.03095102231321e-05,1.0,1.8112244041228152,0.0001206028126869
ENSG00000188785,ZNF548,zinc finger protein 548,147694.0,13,54,34,30,0.559000078843337,2.33724524650375,0.952397321821398,0.888374697987979,2.0252496899684,-0.156567426510537,0.0001209329172437,1.0,1.0346541673532e-05,0.744627115878036,0.9343411317289314,0.0001209329172437
ENSG00000123064,DDX54,DEAD-box helicase 54,79039.0,26,82,45,44,1.3601893703609,4.31799255830622,1.53359002118979,1.58520383510646,1.63361036153639,-0.0090044345418323,0.000122366587773,1.0,1.0478118396246e-05,1.0,0.8123029634972788,0.000122366587773
ENSG00000140612,SEC11A,"SEC11 homolog A, signal peptidase complex subunit",23478.0,416,202,819,767,20.0670035586529,9.80804782939945,25.736164891652,25.4795040451027,-1.06060001126487,-0.0712338897923919,0.0001225928122512,1.0,1.05064237871604e-05,0.749623782441074,-0.5659169505286309,0.0001225928122512
ENSG00000258352,IFITM3P6,IFITM3P pseudogene 6,,3,29,11,3,1.31802506152078,12.8245584100356,3.14822548517988,0.907674380481582,3.20190774063531,-1.80908479825822,0.0001231994816264,0.468619493684623,1.05673946854898e-05,0.0660006694121014,0.6964114711885449,0.0001231994816264
ENSG00000256229,ZNF486,zinc finger protein 486,90649.0,230,103,955,923,14.2598405322035,6.42785492134976,38.5710033194288,39.4089571940287,-1.17684654248924,-0.0257749046936654,0.0001235830541411,1.0,1.06183078875112e-05,0.910200686854725,-0.6013107235914528,0.0001235830541411
ENSG00000184677,ZBTB40,zinc finger and BTB domain containing 40,9923.0,101,232,115,193,2.91822737200713,6.74726467117587,2.16454353374314,3.8402674492335,1.17993944903612,0.76970525691997,0.0001235830541411,0.100299958883159,1.06183078875112e-05,0.0039617094967695,0.974822352978045,0.0001235830541411
ENSG00000114446,IFT57,intraflagellar transport 57,55081.0,58,147,23,28,4.23176429832257,10.7957500263437,1.09318092321073,1.40688279078776,1.32100048492976,0.30567628005399,0.0001246304193753,0.981135110992987,1.07173804739019e-05,0.617781909588132,0.8133383824918751,0.0001246304193753
ENSG00000100079,LGALS2,galectin 2,3957.0,2,15,0,23,0.63606971756465,4.80184339192663,0.0,5.03742936490559,2.81319296812944,7.54306152255539,0.0146165553704704,0.000127742870599,0.0033944362732259,7.44747824510112e-07,5.178127245342415,0.000127742870599
ENSG00000160326,SLC2A6,solute carrier family 2 member 6,11182.0,18,33,2,31,1.3504997656704,2.4921716794236,0.0977513435577596,1.60173295519137,0.851200494409202,3.89519605512736,0.169566479564029,0.000128746505894,0.0785181031299988,7.59981560808665e-07,2.373198274768281,0.000128746505894
ENSG00000113319,RASGRF2,Ras protein specific guanine nucleotide releasing factor 2,5924.0,14,56,20,25,0.336196747925986,1.35361608983922,0.312871640774519,0.413439427295137,1.97165753846961,0.343395731960863,0.0001304971879249,0.969579482810528,1.12694335877473e-05,0.590815219707144,1.1575266352152365,0.0001304971879249
ENSG00000172340,SUCLG2,succinate-CoA ligase GDP-forming subunit beta,8801.0,8,42,29,18,0.685884886383629,3.62453706386074,1.61968282022185,1.06277213869979,2.3555703689758,-0.661016162255453,0.0001324447219716,0.711683165821761,1.14762260912624e-05,0.188481090367949,0.8472771033601734,0.0001324447219716
ENSG00000166411,IDH3A,isocitrate dehydrogenase (NAD(+)) 3 catalytic subunit alpha,3419.0,6,37,28,33,0.232967642414489,1.44606590632245,0.708228040075375,0.882398382783868,2.58099376727966,0.259362992549111,0.0001324447219716,0.993630239090323,1.14744639653059e-05,0.654527308784247,1.4201783799143857,0.0001324447219716
ENSG00000269940,,,,121,46,111,109,52.4643003621062,20.0760540198412,31.3525035559508,32.5470343731113,-1.41168007572078,-0.0028365691828189,0.0001328027199668,1.0,1.15169244104717e-05,1.0,-0.7072583224517994,0.0001328027199668
ENSG00000182253,SYNM,synemin,23336.0,20,69,11,12,0.681561711771743,2.36682576655319,0.244196033903199,0.281619578816771,1.76145485919374,0.147319176329563,0.0001334095845742,1.0,1.1579275268036e-05,1.0,0.9543870177616515,0.0001334095845742
ENSG00000212802,RPL15P3,ribosomal protein L15 pseudogene 3,653232.0,35,101,87,63,15.0769208256889,43.7933322593998,24.4137556804171,18.689236878111,1.50677526328007,-0.441523458909362,0.0001334324424353,0.714131068269656,1.15997707773771e-05,0.19444596114282,0.532625902185354,0.0001334324424353
ENSG00000225492,GBP1P1,guanylate binding protein 1 pseudogene 1,,44,119,18,15,4.95604321602456,13.4918460859272,1.32076528355529,1.16353667395917,1.41400512493301,-0.237831422173856,0.0001334324424353,1.0,1.16007071728166e-05,0.747806525737786,0.588086851379577,0.0001334324424353
ENSG00000145365,TIFA,TRAF interacting protein with forkhead associated domain,92610.0,605,620,872,399,37.6594073322919,38.8464918263538,35.3594354860592,17.1039891071998,0.0164902330532673,-1.10430787095312,0.996462971881498,0.0001345800383203,0.948856755514895,8.04224103065991e-07,-0.5439088189499264,0.0001345800383203
ENSG00000166801,FAM111A,FAM111 trypsin like peptidase A,63901.0,2431,1295,3590,2348,89.1881877629082,47.8227072094352,85.8000539279734,59.3235159284755,-0.927370807213236,-0.589134146251577,0.0001352780183648,0.109041235528829,1.17710212744228e-05,0.0047394644851509,-0.7582524767324065,0.0001352780183648
ENSG00000119979,DENND10,DENN domain containing 10,404636.0,872,450,1564,1355,36.7211712895994,19.0745614948731,42.904961911956,39.2957647267622,-0.973044742698601,-0.183540142080243,0.0001384743930519,0.875374844324988,1.20693320281376e-05,0.387503847442614,-0.578292442389422,0.0001384743930519
ENSG00000119900,OGFRL1,opioid growth factor receptor like 1,79627.0,13282,7185,24519,18083,383.468590049141,208.8022151572,461.147444169461,359.536687039226,-0.905240042478977,-0.415871870967072,0.0001398534822921,0.384356074480219,1.22099163231303e-05,0.0426461962380809,-0.6605559567230246,0.0001398534822921
ENSG00000108244,KRT23,keratin 23,25984.0,2459,1312,2876,2679,224.48165020062,120.558590297796,171.03379445876,168.423016101772,-0.92507800359442,-0.0789737888682503,0.0001405789658147,1.0,1.22834994907404e-05,0.70596332836783,-0.5020258962313352,0.0001405789658147
ENSG00000170873,MTSS1,MTSS I-BAR domain containing 1,9788.0,22,73,18,32,0.754278092667903,2.5192640077621,0.402024064568661,0.755553463861464,1.7059171107575,0.848981042025706,0.0001417632303247,0.560624845926082,1.23973091670134e-05,0.0985853194300857,1.277449076391603,0.0001417632303247
ENSG00000173338,KCNK7,potassium two pore domain channel subfamily K member 7,10089.0,160,343,134,137,27.1194408051876,58.518997317035,14.7957259148203,15.9914455632254,1.08070698392903,0.0552836372561625,0.0001452244065556,1.0,1.27105751547419e-05,0.874360152177813,0.5679953105925962,0.0001452244065556
ENSG00000225697,SLC26A6,solute carrier family 26 member 6,65010.0,97,82,87,217,4.03225084331879,3.43108650796528,2.35594849261832,6.21215023591168,-0.260834242274527,1.34073542874349,0.544254321443968,0.0001485993624953,0.385166427309603,9.20488690577441e-07,0.5399505932344815,0.0001485993624953
ENSG00000147416,ATP6V1B2,ATPase H+ transporting V1 subunit B2,526.0,9061,4910,14811,11251,307.870673537309,167.925129565061,327.82895168984,263.262939004034,-0.902769533945687,-0.373220442658906,0.0001538966211116,0.478330638754787,1.34920299662805e-05,0.0692293141354764,-0.6379949883022965,0.0001538966211116
ENSG00000198932,GPRASP1,G protein-coupled receptor associated sorting protein 1,9737.0,26,81,37,30,1.01458226123252,3.18156605473035,0.940559712902535,0.806197748461325,1.61593564594235,-0.278125944583627,0.000154557515133,0.93924033323644,1.35612336554603e-05,0.526363369959789,0.6689048506793615,0.000154557515133
ENSG00000130699,TAF4,TATA-box binding protein associated factor 4,6874.0,276,129,463,487,7.45501206290036,3.50728443016762,8.14687384122318,9.05888275715748,-1.11537925613894,0.0962759800674935,0.0001554194732494,1.0,1.36481901519877e-05,0.675216792078749,-0.5095516380357232,0.0001554194732494
ENSG00000186260,MRTFB,myocardin related transcription factor B,57496.0,5,34,6,4,0.0799019897954146,0.546900746154124,0.0624610919476021,0.0440204006458675,2.71662993014409,-0.547517098327555,0.0001555355868465,1.0,1.36697214499989e-05,0.759851386238297,1.0845564159082675,0.0001555355868465
ENSG00000008710,PKD1,"polycystin 1, transient receptor potential channel interacting",5310.0,63,155,63,81,0.900612527198232,2.23034034660266,0.586690039619423,0.797423191701955,1.2783345910985,0.385285658798195,0.000160830672228,0.757841540271721,1.41702581783772e-05,0.226985834369137,0.8318101249483475,0.000160830672228
ENSG00000171466,ZNF562,zinc finger protein 562,54811.0,30,90,63,62,0.610327992702373,1.84300516609195,0.834936247444874,0.868640618150935,1.56217878910318,0.0003075208343077,0.0001609933000858,1.0,1.42080517711652e-05,1.0,0.7812431549687439,0.0001609933000858
ENSG00000162734,PEA15,proliferation and apoptosis adaptor protein 15,8682.0,30,90,48,77,2.83239170383831,8.55296267742313,2.95218811776863,5.00644204800907,1.56217878910318,0.703754458900474,0.0001609933000858,0.3827151359432,1.42080517711652e-05,0.0419356274025499,1.132966624001827,0.0001609933000858
ENSG00000197961,ZNF121,zinc finger protein 121,7675.0,32,94,28,52,1.16915421261918,3.45693873281514,0.666423930138503,1.30837300024734,1.53209119296974,0.913434104308025,0.0001624322800151,0.310697111852151,1.43798074289766e-05,0.0285292494486015,1.2227626486388825,0.0001624322800151
ENSG00000129103,SUMF2,sulfatase modifying factor 2,25870.0,40,110,85,145,2.58398475850453,7.1526117207549,3.57700554726995,6.45066320876267,1.43776928405421,0.793005769981272,0.0001624322800151,0.122954069030792,1.43823947105667e-05,0.0056181461362998,1.1153875270177411,0.0001624322800151
ENSG00000167702,KIFC2,kinesin family member C2,90990.0,33,96,39,71,1.96592314663084,5.75659714212711,1.51351920058416,2.91284485807345,1.5181995592231,0.885599823817945,0.0001628867289408,0.214365802645585,1.44345038909808e-05,0.0140027819993619,1.2018996915205225,0.0001628867289408
ENSG00000230291,RPL26P32,ribosomal protein L26 pseudogene 32,400055.0,34,98,47,64,20.706628207892,60.0756602998527,18.6465743940403,26.8421223690002,1.50499873225194,0.467732230143981,0.0001631612057943,0.757841540271721,1.44707176396808e-05,0.222894005916607,0.9863654811979605,0.0001631612057943
ENSG00000182287,AP1S2,adaptor related protein complex 1 subunit sigma 2,8905.0,458,228,826,823,22.3534913621002,11.2009985798118,26.2621734643168,27.6621626828306,-1.02474847730229,0.0181396479601402,0.0001631799912978,1.0,1.44842755721345e-05,0.935529481700899,-0.5033044146710749,0.0001631799912978
ENSG00000241157,RPL32P32,ribosomal protein L32 pseudogene 32,100271488.0,53,13,17,20,39.0025582788357,9.62947446132843,8.14961097186338,10.135697248711,-2.03580111620297,0.256118531771137,0.0001637734837326,1.0,1.45727607956222e-05,0.763300372401604,-0.8898412922159166,0.0001637734837326
ENSG00000232472,EEF1B2P3,eukaryotic translation elongation factor 1 beta 2 pseudogene 3,644820.0,13,53,41,37,5.07964525922389,20.8452884867423,10.4362535089974,9.95630437705239,1.99834591575284,-0.124307832223275,0.0001637734837326,1.0,1.45727607956222e-05,0.773671927326125,0.9370190417647826,0.0001637734837326
ENSG00000005700,IBTK,inhibitor of Bruton tyrosine kinase,25998.0,13,53,34,48,0.394999367559789,1.62095487945994,0.672980834928505,1.00438610194819,1.99834591575284,0.519276024645291,0.0001637734837326,0.757841540271721,1.45727607956222e-05,0.226242386105157,1.2588109701990655,0.0001637734837326
ENSG00000100523,DDHD1,DDHD domain containing 1,80821.0,112,251,177,169,1.65355440174742,3.73006324087604,1.70233278410983,1.71827859064751,1.14447338927084,-0.0433030679553383,0.0001643498364202,1.0,1.46360224533969e-05,0.870932560231033,0.5505851606577509,0.0001643498364202
ENSG00000102172,SMS,spermine synthase,6611.0,262,122,565,590,34.2595438251764,16.0576550361282,48.1281827906919,53.1298641566193,-1.12072173536281,0.0858372499595,0.0001657584141425,1.0,1.47735417939301e-05,0.701020776904788,-0.5174422427016551,0.0001657584141425
ENSG00000130518,IQCN,IQ motif containing N,80726.0,365,728,307,489,10.5633502991558,21.2071449792857,5.78785876062114,9.74594791164018,0.976961058982591,0.694761252497041,0.0001677315899407,0.0747921776099569,1.49616284861857e-05,0.0025835513909867,0.835861155739816,0.0001677315899407
ENSG00000090621,PABPC4,poly(A) binding protein cytoplasmic 4,8761.0,90,208,110,109,3.5156404250827,8.178379961258,2.79914474721833,2.93220849336051,1.18863026031606,0.010204711264056,0.0001708955139671,1.0,1.52687582075274e-05,1.0,0.5994174857900579,0.0001708955139671
ENSG00000204842,ATXN2,ataxin 2,6311.0,318,152,231,235,5.0934417099326,2.45058525962186,2.41027686329098,2.59214022745148,-1.08316452153313,0.0481338299667867,0.0001709394538932,1.0,1.52851413734894e-05,0.859136267250395,-0.5175153457831717,0.0001709394538932
ENSG00000196305,IARS1,isoleucyl-tRNA synthetase 1,3376.0,10,46,25,25,0.357955732151975,1.65740697285812,0.582961751963331,0.616276687193616,2.16892935191116,0.0232753746772601,0.0001717025335119,1.0,1.54071502824503e-05,1.0,1.0961023632942102,0.0001717025335119
ENSG00000171596,NMUR1,neuromedin U receptor 1,10316.0,0,18,3,4,0.0,1.49019641557587,0.160738898215981,0.226566346447436,7.17058506583989,0.42310747346144,0.0001717025335119,1.0,1.54284523990822e-05,1.0,3.796846269650665,0.0001717025335119
ENSG00000130590,SAMD10,sterile alpha motif domain containing 10,140700.0,0,18,5,13,0.0,1.95915210390607,0.352204075614744,0.96806251273403,7.17058506583989,1.37968864011133,0.0001717025335119,0.587550143667211,1.54284523990822e-05,0.111029597260637,4.27513685297561,0.0001717025335119
ENSG00000166405,RIC3,RIC3 acetylcholine receptor chaperone,79608.0,10,46,8,13,0.344324197251984,1.59429022694606,0.179443719315024,0.30826009308531,2.16892935191116,0.714978141116137,0.0001717025335119,0.88448460063668,1.54071502824503e-05,0.407172820969574,1.4419537465136485,0.0001717025335119
ENSG00000265728,,,,18,0,22,12,5.5773271024353,0.0,4.44065489488531,2.56059719967436,-7.18929461478213,-0.84448761275662,0.0001717025335119,0.67104987237652,1.54284523990822e-05,0.152171180481967,-4.0168911137693755,0.0001717025335119
ENSG00000151690,MFSD6,major facilitator superfamily domain containing 6,54842.0,20,68,13,18,0.878537679872912,3.00663922060788,0.372001320123681,0.544514327405466,1.74043185865545,0.488863277105108,0.0001718354918439,0.932996297218498,1.54696863047851e-05,0.504731259469492,1.114647567880279,0.0001718354918439
ENSG00000174132,FAM174A,family with sequence similarity 174 member A,345757.0,522,263,897,797,102.665052342155,52.0654812402818,114.925209617631,107.948561789167,-1.00747965473753,-0.147114754152471,0.000172537384921,0.932843177738853,1.55663374531578e-05,0.502451413416093,-0.5772972044450004,0.000172537384921
ENSG00000090565,RAB11FIP3,RAB11 family interacting protein 3,9727.0,14,55,14,11,0.589935187389768,2.3328185674261,0.384304113045514,0.319209170549511,1.94572112985314,-0.32128869722107,0.0001740507767401,1.0,1.57282439263809e-05,0.707152630519456,0.812216216316035,0.0001740507767401
ENSG00000178573,MAF,MAF bZIP transcription factor,4094.0,53,135,73,85,2.00613244468936,5.14350905976196,1.80001997210164,2.21569035441175,1.32802317990647,0.242572755873742,0.0001744862414861,0.900489978071345,1.57832291236745e-05,0.439800132334547,0.785297967890106,0.0001744862414861
ENSG00000243449,C4orf48,chromosome 4 open reading frame 48,401115.0,4,31,25,30,1.96239286937538,15.3083952974965,7.98981467829743,10.135697248711,2.89709163820859,0.28512267770468,0.0001744862414861,0.983834656360082,1.57930266670923e-05,0.633544606962873,1.591107157956635,0.0001744862414861
ENSG00000169710,FASN,fatty acid synthase,2194.0,21,70,28,26,0.59686554926287,2.00261408420586,0.518425052830628,0.50890530119051,1.71221057883429,-0.0831382507182762,0.0001760534294661,1.0,1.59477053509993e-05,0.904122786926442,0.8145361640580069,0.0001760534294661
ENSG00000102763,VWA8,von Willebrand factor A domain containing 8,23078.0,24,30,12,58,0.832763968143581,1.04778927189912,0.271245574933162,1.38594209923435,0.30168071647808,2.28442009236419,0.694222003385401,0.0001790039281873,0.546645441377296,1.12187274625504e-06,1.293050404421135,0.0001790039281873
ENSG00000285693,,,,196,87,168,157,39.9729910112953,17.8596044370703,22.3198148611283,22.0504083332235,-1.18943474759004,-0.0742477740557877,0.0001795954686162,1.0,1.6294735346683e-05,0.784428212509403,-0.6318412608229138,0.0001795954686162
ENSG00000158321,AUTS2,activator of transcription and developmental regulator AUTS2,26053.0,22,72,12,29,0.234190815367255,0.771474690331476,0.0832145282522881,0.21259428472002,1.68605202817943,1.28749428644975,0.0001801158016003,0.268077505578343,1.63681973907332e-05,0.0211184946509498,1.4867731573145901,0.0001801158016003
ENSG00000174243,DDX23,DEAD-box helicase 23,9416.0,1201,635,1576,1392,58.627707366165,31.201511840508,50.1172057034697,46.7956569492727,-0.938110475028043,-0.155703428215974,0.0001834700358614,0.914338589028773,1.66997576731447e-05,0.463606958353318,-0.5469069516220085,0.0001834700358614
ENSG00000144659,SLC25A38,solute carrier family 25 member 38,54977.0,23,74,25,26,2.2889668893353,7.4128532523201,1.6207738265517,1.78193325033687,1.66173416176949,0.0795850429268723,0.0001837038617952,1.0,1.67344284538787e-05,0.999999999999999,0.8706596023481812,0.0001837038617952
ENSG00000135127,BICDL1,BICD family like cargo adaptor 1,92558.0,15,57,22,38,0.724625375726687,2.77165482728019,0.692334050898421,1.26418981001428,1.89844610501581,0.808347209130458,0.0001841432518894,0.530241149117355,1.67878740791199e-05,0.0880126988394008,1.353396657073134,0.0001841432518894
ENSG00000259865,,,,171,74,228,171,36.357816524503,15.8370909772681,31.5796463304006,25.0382633479394,-1.22583514598405,-0.391397220160917,0.0001854277942819,0.618455802430158,1.69320089079793e-05,0.123763273099637,-0.8086161830724835,0.0001854277942819
ENSG00000100197,CYP2D6,cytochrome P450 family 2 subfamily D member 6,1565.0,76,24,75,76,8.32677867650597,2.64677290023152,5.35297757603054,5.73433988264543,-1.67661658232302,0.0424303212960067,0.0001864203656415,1.0,1.70498148141731e-05,0.902370225110934,-0.8170931305135066,0.0001864203656415
ENSG00000107672,NSMCE4A,"NSE4 homolog A, SMC5-SMC6 complex component",54780.0,8,41,14,28,0.59818918964872,3.0858473490351,0.681941845531229,1.44182653495635,2.32091004118382,1.01683849899405,0.000186901051281,0.469392349006736,1.710739836824e-05,0.0663279233875574,1.668874270088935,0.000186901051281
ENSG00000166341,DCHS1,dachsous cadherin-related 1,8642.0,11,48,10,16,0.272020294130724,1.19479079114344,0.161093995193899,0.272480239674113,2.09427203852714,0.694533951846703,0.0001877169868811,0.856586723804079,1.72368024683147e-05,0.35667249670387,1.3944029951869215,0.0001877169868811
ENSG00000111142,METAP2,methionyl aminopeptidase 2,10988.0,11,48,35,30,0.648887421737351,2.85009880773094,1.34497882360117,1.21872111206946,2.09427203852714,-0.198235386172079,0.0001877169868811,0.996542017909654,1.72368024683147e-05,0.667032020281128,0.9480183261775305,0.0001877169868811
ENSG00000166289,PLEKHF1,pleckstrin homology and FYVE domain containing 1,79156.0,3,28,24,15,0.345852529198011,3.2491498483695,1.80240205797624,1.19087826681983,3.15150422457867,-0.650359310031086,0.0001887204957711,0.768253871195381,1.73427011490597e-05,0.240747622472752,1.250572457273792,0.0001887204957711
ENSG00000277654,LOC440311,NOP53 ribosome biogenesis factor pseudogene,440311.0,2,25,9,5,0.121971932488801,1.53465912579607,0.357555242509443,0.209993727528543,3.54535043910945,-0.809326297514602,0.0001895531864634,0.900489978071345,1.74330360965476e-05,0.439814204606746,1.3680120707974242,0.0001895531864634
ENSG00000156475,PPP2R2B,protein phosphatase 2 regulatory subunit Bbeta,5521.0,6,36,9,5,0.12036485114297,0.726930585274854,0.117614718571939,0.0690756286827192,2.54160120690703,-0.809326297514602,0.000191145022795,0.900489978071345,1.76490849643878e-05,0.439814204606746,0.8661374546962141,0.000191145022795
ENSG00000122884,P4HA1,prolyl 4-hydroxylase subunit alpha 1,5033.0,552,281,260,227,47.2801540982391,24.2263581911508,14.507209580769,13.3897377815173,-0.992616324841933,-0.172338853481478,0.0001914979209736,0.932843177738853,1.76956248210632e-05,0.493901515980693,-0.5824775891617054,0.0001914979209736
ENSG00000211829,TRDC,T cell receptor delta constant,,16,59,16,23,5.88717860812615,21.8514997391684,3.83511104558277,5.82802591800882,1.85572257989654,0.543392072279269,0.0001918145264308,0.87004413345428,1.77497433587838e-05,0.379829854561815,1.1995573260879044,0.0001918145264308
ENSG00000197283,SYNGAP1,synaptic Ras GTPase activating protein 1,8831.0,29,86,34,44,0.928206848327247,2.77068548919367,0.708918678233857,0.969852871931752,1.54538865294041,0.394083008439774,0.000193699285169,0.875374844324988,1.79837406577303e-05,0.387650357762289,0.969735830690092,0.000193699285169
ENSG00000114503,NCBP2,nuclear cap binding protein subunit 2,22916.0,37,103,91,90,1.91785411514968,5.37394327507876,3.0727410940445,3.21264518546504,1.45513484766687,0.0074399291437015,0.000193699285169,1.0,1.79689969503075e-05,1.0,0.7312873884052857,0.000193699285169
ENSG00000185864,NPIPB4,nuclear pore complex interacting protein family member B4,440345.0,86,29,33,37,2.93109239848812,0.994880833815958,0.732682349503462,0.868438745354628,-1.58295940416292,0.187778806881629,0.000193699285169,1.0,1.79837406577303e-05,0.758080537276232,-0.6975902986406455,0.000193699285169
ENSG00000167680,SEMA6B,semaphorin 6B,10501.0,29,87,17,39,1.79169031800481,5.41036057923375,0.68420241368256,1.65934222681789,1.5620431691888,1.21525577933338,0.000193699285169,0.194461398221531,1.79837406577303e-05,0.0119749221321377,1.38864947426109,0.000193699285169
ENSG00000167543,TP53I13,tumor protein p53 inducible protein 13,90313.0,36,101,38,49,2.08692108209286,5.89341342221682,1.43501966913491,1.95616739023263,1.46627497304217,0.389043712867157,0.0001941333369827,0.87004413345428,1.80381871923179e-05,0.370987249099452,0.9276593429546636,0.0001941333369827
ENSG00000071655,MBD3,methyl-CpG binding domain protein 3,53615.0,30,89,60,59,1.00489203704265,3.0007524216906,1.30924261260254,1.36099512936289,1.54608175289271,-0.0008540031295456,0.0001942650811157,1.0,1.80645855927523e-05,1.0,0.7726138748815822,0.0001942650811157
ENSG00000131876,SNRPA1,small nuclear ribonucleoprotein polypeptide A',6627.0,56,140,65,53,4.0435241462191,10.175179001844,3.05742703961014,2.63544703605077,1.3011888356157,-0.270478749858183,0.0001948108213902,0.914338589028773,1.8129530601616e-05,0.463101709229557,0.5153550428787586,0.0001948108213902
ENSG00000277972,CISD3,CDGSH iron sulfur domain 3,284106.0,12,50,23,19,1.01958834136886,4.27617655064666,1.27304038876785,1.11174100675406,2.0288267124347,-0.250741530983008,0.0002029160496615,1.0,1.89429718420337e-05,0.674635966273729,0.8890425907258461,0.0002029160496615
ENSG00000113070,HBEGF,heparin binding EGF like growth factor,1839.0,64,47,26,89,5.67059344194091,4.1916827343884,1.50069562653239,5.43056421151673,-0.463190429458925,1.79371852105579,0.367027715055196,0.0002043320001201,0.222894005916607,1.31039323790792e-06,0.6652640457984325,0.0002043320001201
ENSG00000104408,EIF3E,eukaryotic translation initiation factor 3 subunit E,3646.0,64,155,147,126,2.8234928212162,6.88304201552714,4.22468935329392,3.8281034737846,1.25565886224687,-0.198817925056514,0.0002051930741501,0.922955034825448,1.91704941743518e-05,0.47900279223299,0.528420468595178,0.0002051930741501
ENSG00000144635,DYNC1LI1,dynein cytoplasmic 1 light intermediate chain 1,51143.0,1330,710,2332,2121,57.6390707829789,30.9717458671374,65.8361775107894,63.3012677181888,-0.924253859214925,-0.113425042187832,0.0002083315411822,0.969579482810528,1.94788928244283e-05,0.589209593365235,-0.5188394507013785,0.0002083315411822
ENSG00000167815,PRDX2,peroxiredoxin 2,7001.0,19,65,41,50,2.47469897244241,8.52165881533489,3.47875116966578,4.48482179146504,1.74899189216807,0.308841686729252,0.0002140725224782,0.929597572628217,2.00624736851051e-05,0.487332747621243,1.028916789448661,0.0002140725224782
ENSG00000129187,DCTD,dCMP deaminase,1635.0,19,65,28,35,1.45226131273741,5.0008811397551,1.3941834730047,1.84232235045814,1.74899189216807,0.343943276385399,0.0002140725224782,0.936431729755881,2.00624736851051e-05,0.510321853601114,1.0464675842767346,0.0002140725224782
ENSG00000185596,WASH3P,"WASP family homolog 3, pseudogene",,244,114,215,210,27.4952025168971,12.9304594409226,15.782517807747,16.296442194865,-1.11582951809243,-0.0105493771794733,0.0002145583605647,1.0,2.01236416008486e-05,1.0,-0.5631894476359517,0.0002145583605647
ENSG00000264204,AGAP7P,"ArfGAP with GTPase domain, ankyrin repeat and PH domain 7, pseudogene",,298,143,1010,1037,38.2866465252045,18.4930741352379,84.5323942879422,91.7521458993402,-1.07746896618594,0.0614448449334758,0.0002152982824561,1.0,2.02087296169351e-05,0.779094141243968,-0.508012060626232,0.0002152982824561
ENSG00000246263,UBR5-DT,UBR5 divergent transcript,,1124,597,1120,957,95.5934170141318,51.1067206131302,62.0512348948223,56.0505684771415,-0.931534047097319,-0.203491564682326,0.0002175170537234,0.853999263852512,2.04328437727398e-05,0.344963427216732,-0.5675128058898224,0.0002175170537234
ENSG00000224950,,,,67,20,55,56,7.71061837684637,2.31678861597155,4.12332747081553,4.43822016798466,-1.7566248274426,0.0492759693567646,0.0002197017429534,1.0,2.06540772780902e-05,1.0,-0.8536744290429177,0.0002197017429534
ENSG00000125817,CENPB,centromere protein B,1059.0,85,196,127,124,7.79185404016696,18.0850603670837,7.58396526834101,7.82798486474842,1.18529901009147,-0.0110855855238992,0.0002236970551512,1.0,2.10785812790124e-05,1.0,0.5871067122837854,0.0002236970551512
ENSG00000138095,LRPPRC,leucine rich pentatricopeptide repeat containing,10128.0,21,69,41,38,0.554784980522458,1.83483281902518,0.705602301465916,0.691345923226797,1.69148953136132,-0.0859604876492842,0.0002242562167939,1.0,2.11639557461166e-05,0.849197613476924,0.802764521856018,0.0002242562167939
ENSG00000181036,FCRL6,Fc receptor like 6,343413.0,21,69,15,14,2.07821583290221,6.8732549530013,0.967015299129013,0.954126151167415,1.69148953136132,-0.0754926853948474,0.0002242562167939,1.0,2.11639557461166e-05,0.999999999999999,0.8079984229832363,0.0002242562167939
ENSG00000128872,TMOD2,tropomodulin 2,29767.0,668,346,1644,1222,15.2624915015327,7.95732470164905,24.4692984176122,19.227666811785,-0.967659204622787,-0.404538472465374,0.0002254888171834,0.439413616030791,2.12967138223138e-05,0.0565838696637814,-0.6860988385440805,0.0002254888171834
ENSG00000198042,MAK16,MAK16 homolog,84549.0,5,33,12,12,0.29995814919121,1.99272151269129,0.468967383291371,0.49576780020869,2.67372238028096,0.023150602219426,0.0002262668937233,1.0,2.14196687761747e-05,1.0,1.3484364912501932,0.0002262668937233
ENSG00000166147,FBN1,fibrillin 1,2200.0,5,33,5,4,0.0824945622985852,0.548038749457853,0.0537398010373122,0.045448726530933,2.67372238028096,-0.290405823270068,0.0002262668937233,1.0,2.14196687761747e-05,1.0,1.1916582785054461,0.0002262668937233
ENSG00000198786,ND5,NADH dehydrogenase subunit 5,4540.0,3029,5668,2997,3394,442.854238510284,834.129310954807,285.442743467174,341.727382074091,0.885131582833318,0.202851273337793,0.000226513678384,0.84166471876168,2.14595381066411e-05,0.329440402599401,0.5439914280855556,0.000226513678384
ENSG00000206190,ATP10A,ATPase phospholipid transporting 10A (putative),57194.0,7,38,7,13,0.220532912541293,1.20503865483843,0.143662739845234,0.282049370460028,2.40113209305954,0.904430689653388,0.0002272892940472,0.806196340527772,2.16324018383446e-05,0.286221039198822,1.6527813913564642,0.0002272892940472
ENSG00000254685,FPGT,fucose-1-phosphate guanylyltransferase,8790.0,54,14,107,91,3.42245072194893,0.893127554013531,4.41771762786627,3.97183542904034,-1.95677861545965,-0.210014331356357,0.0002299553713289,0.937365369730268,2.19364218823457e-05,0.512876847624144,-1.0833964734080035,0.0002299553713289
ENSG00000280202,,,,104,39,108,111,16.2357076523455,6.12836323997331,10.9832879679035,11.9334844448583,-1.43095191058208,0.062848358425501,0.0002299553713289,1.0,2.19302528547599e-05,0.852064398960587,-0.6840517760782895,0.0002299553713289
ENSG00000168300,PCMTD1,protein-L-isoaspartate (D-aspartate) O-methyltransferase domain containing 1,115294.0,1729,934,2943,2405,62.5497653427905,34.0110136963316,69.3572212647486,59.9172926255222,-0.907192177241445,-0.267846296923352,0.0002304764984583,0.721918824793819,2.20029305480587e-05,0.199235285635781,-0.5875192370823985,0.0002304764984583
ENSG00000040933,INPP4A,inositol polyphosphate-4-phosphatase type I A,3631.0,1605,865,1414,1206,32.2439883955343,17.4916925600252,18.5052032934277,16.6850470823552,-0.910542527589601,-0.206140715583087,0.000233706330141,0.845560856287376,2.23453363318032e-05,0.33355619590658,-0.5583416215863439,0.000233706330141
ENSG00000074695,LMAN1,"lectin, mannose binding 1",3998.0,30,88,52,41,1.3093395586442,3.86594539266106,1.47844478528232,1.2323137676357,1.52980308364821,-0.318631646924217,0.0002395394140507,0.880150185591843,2.29554240982946e-05,0.391840656156579,0.6055857183619965,0.0002395394140507
ENSG00000159753,CARMIL2,capping protein regulator and myosin 1 linker 2,146206.0,51,129,48,86,1.77078308068801,4.50844635531901,1.08569329730783,2.0563642648761,1.31786018107379,0.862989933328673,0.0002405851663967,0.180272823556994,2.30731729323834e-05,0.0107801266657011,1.0904250572012315,0.0002405851663967
ENSG00000169612,RAMAC,RNA guanine-7 methyltransferase activating subunit,83640.0,182,81,403,269,30.8089410866154,13.801694533907,44.4407276751716,31.3591348742867,-1.18552898953598,-0.559568150838806,0.0002411764309787,0.23682733385014,2.31650295897085e-05,0.0172161143198272,-0.872548570187393,0.0002411764309787
ENSG00000174840,PDE12,phosphodiesterase 12,201626.0,59,144,125,114,1.74583482682619,4.28899600542376,2.4095274915004,2.32307056342622,1.26666903416254,-0.109387953903862,0.0002513860032405,1.0,2.42555799657883e-05,0.727204158858632,0.578640540129339,0.0002513860032405
ENSG00000213398,LCAT,lecithin-cholesterol acyltransferase,3931.0,176,78,202,202,17.762458886232,7.92368184246453,13.2804416778466,14.0393886462145,-1.19156123465327,0.0233772831650237,0.0002518153271149,1.0,2.43335391116639e-05,0.931645682120547,-0.5840919757441232,0.0002518153271149
ENSG00000087206,UIMC1,ubiquitin interaction motif containing 1,51720.0,1835,996,2077,1809,101.978974945672,55.715485676428,75.1937599906426,69.2340200991247,-0.900317289637836,-0.175905708940402,0.0002518153271149,0.88448460063668,2.43337067303932e-05,0.403205822323331,-0.5381114992891189,0.0002518153271149
ENSG00000102225,CDK16,cyclin dependent kinase 16,5127.0,719,1372,644,735,29.1654668298762,56.0191044596697,17.0175345431004,20.5321198285785,0.913260467129723,0.214036388613597,0.0002546825756779,0.845560856287376,2.4722138959558e-05,0.333423990740091,0.56364842787166,0.0002546825756779
ENSG00000198860,TSEN15,tRNA splicing endonuclease subunit 15,116461.0,11,47,17,34,0.285785369326512,1.22909987014037,0.287717951345574,0.608320752791128,2.06397863538772,1.01798859826842,0.0002547310396843,0.386308795120376,2.4745407076173e-05,0.0438256274925605,1.54098361682807,0.0002547310396843
ENSG00000100138,SNU13,small nuclear ribonucleoprotein 13,4809.0,82,189,233,214,7.42182749025811,17.218718098047,13.7380045483209,13.3388130516005,1.18462780052052,-0.0992718287462953,0.0002586792575282,1.0,2.51855041581181e-05,0.713064042800149,0.5426779858871124,0.0002586792575282
ENSG00000167747,C19orf48P,multidrug resistance-related protein,84798.0,4,30,10,11,0.325458276862011,2.45696286577081,0.530036845980419,0.61635996782702,2.84998029809575,0.158999376519713,0.0002592926499861,1.0,2.5283017466949e-05,1.0,1.5044898373077313,0.0002592926499861
ENSG00000163082,SGPP2,sphingosine-1-phosphate phosphatase 2,130367.0,4,30,10,4,0.212661478920872,1.60543268933369,0.34633754174438,0.146451977103591,2.84998029809575,-1.27256297387622,0.0002592926499861,0.714131068269656,2.5283017466949e-05,0.194535922838651,0.7887086621097649,0.0002592926499861
ENSG00000118496,FBXO30,F-box protein 30,84085.0,301,146,388,342,8.81027889151129,4.30148115964596,7.39819233851233,6.89375232162909,-1.06198697022873,-0.158614124613024,0.0002595883680128,0.932996297218498,2.53307699146779e-05,0.503549330515238,-0.6103005474208769,0.0002595883680128
ENSG00000121057,AKAP1,A-kinase anchoring protein 1,8165.0,8,40,19,26,0.39688844549165,1.99747093406985,0.614048678646679,0.888297062246582,2.28539646810205,0.473230637470947,0.0002610013108179,0.890384334194309,2.54876662655668e-05,0.419496773106413,1.3793135527864986,0.0002610013108179
ENSG00000167613,LAIR1,leukocyte associated immunoglobulin like receptor 1,3903.0,117,255,118,153,3.84041573185283,8.42509035721386,2.52316189469019,3.45851941803371,1.10433042302357,0.397765340032363,0.0002616669742852,0.672418379574913,2.55717397257378e-05,0.153559196046995,0.7510478815279665,0.0002616669742852
ENSG00000167264,DUS2,dihydrouridine synthase 2,54920.0,153,65,222,241,9.70855681843078,4.15162970787812,9.17670882523877,10.531414290996,-1.25224017688551,0.141788566299115,0.0002630998871786,0.962755786870445,2.57501201341636e-05,0.574762819271439,-0.5552258052931975,0.0002630998871786
ENSG00000007944,MYLIP,myosin regulatory light chain interacting protein,29116.0,2605,1426,2485,1947,224.649906359892,123.78272760085,139.603285375095,115.630093026799,-0.888090355265278,-0.32858250622112,0.0002638582270428,0.602601126516423,2.58435692425015e-05,0.116775642315069,-0.608336430743199,0.0002638582270428
ENSG00000129691,ASH2L,"ASH2 like, histone lysine methyltransferase complex subunit",9070.0,249,118,445,413,11.6568009019356,5.56037455812024,13.5709663699938,13.3148565730549,-1.09538025608555,-0.0842472381085632,0.0002646181811372,1.0,2.59635469243511e-05,0.721676357644459,-0.5898137470970566,0.0002646181811372
ENSG00000158691,ZSCAN12,zinc finger and SCAN domain containing 12,9753.0,1,21,5,6,0.0482116537517155,1.01909185871972,0.157033664286829,0.199209336280398,4.21321769898162,0.280025651867243,0.0002646181811372,1.0,2.5995139788154e-05,1.0,2.2466216754244317,0.0002646181811372
ENSG00000105926,PALS2,"protein associated with LIN7 2, MAGUK p55 family member",51678.0,1,21,5,7,0.0282765543137663,0.597706240117925,0.0921016101244661,0.13631101006912,4.21321769898162,0.498239326872704,0.0002646181811372,1.0,2.5995139788154e-05,0.78090707038328,2.355728512927162,0.0002646181811372
ENSG00000184979,USP18,ubiquitin specific peptidase 18,11274.0,1,21,164,66,0.142585057785617,3.01394497506181,15.2331106116258,6.48073645396591,4.21321769898162,-1.28816655640541,0.0002646181811372,0.0012676042979017,2.5995139788154e-05,1.16395672304049e-05,1.4625255712881051,0.0002646181811372
ENSG00000070423,RNF126,ring finger protein 126,55658.0,142,301,194,209,10.8977610967341,23.2518462570093,9.69887584818585,11.045913397929,1.0643748596415,0.130756842852281,0.0002648265786122,0.975677428434982,2.60349114231102e-05,0.605932260738226,0.5975658512468904,0.0002648265786122
ENSG00000073756,PTGS2,prostaglandin-endoperoxide synthase 2,5743.0,16015,8885,28092,20977,805.839020590942,450.008576404487,920.819995662488,726.894089525506,-0.868810349030262,-0.39795716826407,0.000266404913965,0.421818999017953,2.62094908798124e-05,0.0522893249766462,-0.633383758647166,0.000266404913965
ENSG00000113595,TRIM23,tripartite motif containing 23,373.0,233,109,370,317,13.2632289871514,6.24542292589547,13.7203693401274,12.4267916848184,-1.1139457054017,-0.19957778203408,0.0002720884325656,0.88448460063668,2.68863296405346e-05,0.404824551142295,-0.65676174371789,0.0002720884325656
ENSG00000150990,DHX37,DEAH-box helicase 37,57647.0,12,49,17,32,0.479715776126169,1.97170003247593,0.442713135637667,0.880965989928706,1.99975426640422,0.93085333931104,0.0002720884325656,0.485829319319952,2.69074481119077e-05,0.0713755346164086,1.46530380285763,0.0002720884325656
ENSG00000108468,CBX1,chromobox 1,10951.0,740,390,1499,1284,64.4031036959924,34.1650210848709,84.9860103744368,76.9567131446152,-0.942667361995326,-0.199945402848859,0.0002720884325656,0.856408111571941,2.68914583325319e-05,0.34719416445669,-0.5713063824220925,0.0002720884325656
ENSG00000186104,CYP2R1,cytochrome P450 family 2 subfamily R member 1,120227.0,12,49,16,18,0.703958469527927,2.89336937892337,0.611443745088484,0.727184656461994,1.99975426640422,0.191902261030083,0.0002720884325656,1.0,2.69074481119077e-05,0.874444450581902,1.0958282637171515,0.0002720884325656
ENSG00000122644,ARL4A,ADP ribosylation factor like GTPase 4A,10124.0,12,49,42,40,0.88677167319055,3.64475763325466,2.02185770603945,2.03562120476204,1.99975426640422,-0.0468546851603488,0.0002720884325656,1.0,2.69074481119077e-05,0.926049402141807,0.9764497906219356,0.0002720884325656
ENSG00000112159,MDN1,midasin AAA ATPase 1,23195.0,70,166,80,91,0.9930712549854,2.37045910731081,0.739338104535609,0.889058160725534,1.22545283271585,0.208951917456403,0.000272438613103,0.932843177738853,2.69619324146548e-05,0.500814177008833,0.7172023750861265,0.000272438613103
ENSG00000174136,RGMB,repulsive guidance molecule BMP co-receptor b,285704.0,6,35,13,20,0.239280178261939,1.40496506690372,0.337729935520987,0.54927758686376,2.50110277254291,0.639879081475309,0.0002730799557006,0.845560856287376,2.71364391344059e-05,0.333362407032131,1.5704909270091094,0.0002730799557006
ENSG00000105011,ASF1B,anti-silencing function 1B histone chaperone,55723.0,359,178,1098,962,48.5737336130122,24.2420336089387,96.778772605845,89.6372490085187,-1.0304256591983,-0.167357140761378,0.0002730799557006,0.900489978071345,2.71647091919114e-05,0.438145604498981,-0.5988913999798391,0.0002730799557006
ENSG00000177294,FBXO39,F-box protein 39,162517.0,6,35,9,8,0.543246146341101,3.18974126433404,0.530833893869112,0.498817636300199,2.50110277254291,-0.144405145726951,0.0002730799557006,1.0,2.71364391344059e-05,1.0,1.1783488134079796,0.0002730799557006
ENSG00000278195,SSTR3,somatostatin receptor 3,6753.0,52,130,36,34,2.94547743062116,7.41203935445421,1.32838997088819,1.32628751682941,1.30104294308414,-0.0588601030207912,0.0002730799557006,1.0,2.71559688219179e-05,0.918241593934464,0.6210914200316744,0.0002730799557006
ENSG00000162194,LBHD1,LBH domain containing 1,79081.0,6,35,5,12,0.472795426589548,2.77608058876901,0.256662696387901,0.651192922582265,2.50110277254291,1.26534677735019,0.0002730799557006,0.675554666253939,2.71364391344059e-05,0.160155559464687,1.88322477494655,0.0002730799557006
ENSG00000198301,SDAD1,SDA1 domain containing 1,55153.0,6,35,31,36,0.455324613060458,2.67349840717313,1.5325064189596,1.88138980726575,2.50110277254291,0.238228059996185,0.0002730799557006,1.0,2.71364391344059e-05,0.672899657546786,1.3696654162695474,0.0002730799557006
ENSG00000163421,PROK2,prokineticin 2,60675.0,5437,5118,7809,3860,892.986084412389,846.111598336039,835.509731539375,436.595316082108,-0.106067641343841,-0.993122156563147,0.747194736602798,0.000274296892133,0.607960154071581,1.81905095351337e-06,-0.549594898953494,0.000274296892133
ENSG00000103264,FBXO31,F-box protein 31,79791.0,20,66,29,33,0.766781584271134,2.54699224313886,0.724286528869104,0.871288591278485,1.69744387385651,0.208959823787748,0.0002764151064875,1.0,2.75569061124403e-05,0.739741599665341,0.953201848822129,0.0002764151064875
ENSG00000048828,FAM120A,family with sequence similarity 120A,23196.0,4219,2329,5631,4928,154.252041767291,85.710275880127,134.115092933404,124.079062758717,-0.875994452303601,-0.168993133646676,0.0002792074925763,0.886459777657995,2.78556374680773e-05,0.413384063345978,-0.5224937929751385,0.0002792074925763
ENSG00000108091,CCDC6,coiled-coil domain containing 6,8030.0,21,68,18,37,0.766200769133619,2.49732008531692,0.427825361096549,0.929675577419298,1.67046653082302,1.05768174286912,0.0002807129918681,0.317857254946791,2.80672077571151e-05,0.0300669521149201,1.36407413684607,0.0002807129918681
ENSG00000243155,,,,68,21,50,39,7.43183438154538,2.31019379689144,3.55981842102361,2.93533806460195,-1.70799943788749,-0.334114363045822,0.0002807129918681,0.87004413345428,2.80672077571151e-05,0.378093087791746,-1.021056900466656,0.0002807129918681
ENSG00000152213,ARL11,ADP ribosylation factor like GTPase 11,115761.0,735,388,964,858,53.8193566787652,28.5972911672057,45.9831722380819,43.2658121362887,-0.94030306117315,-0.144643861542346,0.0002829570177522,0.933812842566555,2.83328190053672e-05,0.507329452072123,-0.542473461357748,0.0002829570177522
ENSG00000163938,GNL3,G protein nucleolar 3,26354.0,22,70,41,43,1.79997122360867,5.7647825444357,2.18523158712174,2.42280101003777,1.64548194573842,0.0918310776239214,0.0002837900555953,1.0,2.84782762392387e-05,0.927187965107316,0.8686565116811706,0.0002837900555953
ENSG00000188522,FAM83G,family with sequence similarity 83 member G,644815.0,3,27,8,11,0.101425358868942,0.918821335101428,0.176191931650051,0.256108735993463,3.0992758091671,0.476446028130677,0.0002837900555953,0.994297199514418,2.84736846914445e-05,0.662502499282927,1.7878609186488885,0.0002837900555953
ENSG00000189007,ADAT2,adenosine deaminase tRNA specific 2,134637.0,3,27,4,7,0.110430611657222,1.00040072000206,0.0959177418653464,0.17744863878527,3.0992758091671,0.811328073767168,0.0002837900555953,0.95460501357024,2.84736846914445e-05,0.559727541436877,1.955301941467134,0.0002837900555953
ENSG00000118058,KMT2A,lysine methyltransferase 2A,4297.0,258,515,183,188,2.18517675246474,4.39052144872399,1.00969146904869,1.09655677897753,0.978020054780657,0.0622388167949895,0.0002847014612325,1.0,2.85904834264982e-05,0.830286046748735,0.5201294357878232,0.0002847014612325
ENSG00000171843,MLLT3,MLLT3 super elongation complex subunit,4300.0,13,51,7,13,0.425185121698,1.67898529069316,0.149143207328219,0.292809031629429,1.9429847846984,0.904430689653388,0.0002864566238401,0.806196340527772,2.88502444357295e-05,0.286221039198822,1.423707737175894,0.0002864566238401
ENSG00000002016,RAD52,"RAD52 homolog, DNA repair protein",5893.0,51,13,44,53,3.0004607829557,0.769844727088215,1.68632464362733,2.14733625922058,-1.98043825106362,0.291125755695437,0.0002864566238401,0.933530890016474,2.88502444357295e-05,0.505491296684715,-0.8446562476840915,0.0002864566238401
ENSG00000278090,LUNAR1,leukemia-associated non-coding IGF1R activator RNA 1,,76,25,153,116,6.20849547942998,2.05567660883692,8.14207201629274,6.52585132756971,-1.61802387088449,-0.375661635456308,0.0002895235639619,0.701195305259501,2.9201327249916e-05,0.175322122551,-0.996842753170399,0.0002895235639619
ENSG00000136213,CHST12,carbohydrate sulfotransferase 12,55501.0,28,82,31,28,0.460278297731382,1.35680778823918,0.331966983655247,0.316976384546435,1.52718509733494,-0.122927942914572,0.0002900256090586,1.0,2.93209903601497e-05,0.819420660033036,0.702128577210184,0.0002900256090586
ENSG00000130024,PHF10,PHD finger protein 10,55274.0,28,82,37,38,1.24002759047792,3.65535177453405,1.06744565210553,1.15894632532904,1.52718509733494,0.0616603351902574,0.0002900256090586,1.0,2.93209903601497e-05,1.0,0.7944227162625986,0.0002900256090586
ENSG00000198677,SKIC3,SKI3 subunit of superkiller complex,9652.0,26,78,26,25,0.658886452219973,1.98963696541701,0.429221343345307,0.436298427579869,1.56157391482558,-0.0330298390532576,0.0002900256090586,1.0,2.92987775586818e-05,0.999999999999999,0.7642720378861613,0.0002900256090586
ENSG00000115137,DNAJC27,DnaJ heat shock protein family (Hsp40) member C27,51277.0,27,80,21,24,1.27185668721075,3.7932058278567,0.644413218007773,0.778559959360446,1.54384794372574,0.214839546461189,0.0002900256090586,1.0,2.93365067317732e-05,0.788186701966051,0.8793437450934645,0.0002900256090586
ENSG00000112679,DUSP22,dual specificity phosphatase 22,56940.0,754,399,1194,1066,35.1304907094126,18.7123259777756,36.2399782763212,34.2039674302263,-0.936797992539156,-0.140188111449418,0.0002907556948477,0.937365369730268,2.94527339920073e-05,0.514661458385418,-0.538493051994287,0.0002907556948477
ENSG00000166133,RPUSD2,RNA pseudouridine synthase domain containing 2,27079.0,2,24,2,13,0.212875080245622,2.57127234743263,0.138674163962414,0.952893996062022,3.48675772767092,2.64937522070368,0.0002908798858765,0.168006846575543,2.95077103294129e-05,0.0096112355751203,3.0680664741873,0.0002908798858765
ENSG00000135632,SMYD5,SMYD family member 5,10322.0,2,24,12,15,0.157504778457596,1.90246637121279,0.61562424631828,0.813507210806174,3.48675772767092,0.34212491448954,0.0002908798858765,1.0,2.95077103294129e-05,0.718866525298678,1.91444132108023,0.0002908798858765
ENSG00000179532,DNHD1,dynein heavy chain domain 1,144132.0,46,118,40,46,0.62083955977488,1.60304445587663,0.351683727242803,0.427548898157456,1.33788953394779,0.224371137648118,0.000294199348324,0.993103286099437,2.99087662813032e-05,0.652587985042896,0.781130335797954,0.000294199348324
ENSG00000287839,,,,444,227,492,336,93.427981406164,48.0797124078792,67.4419051224801,48.6899896427356,-0.98631090828986,-0.526642528424533,0.0003003913481945,0.275655069707507,3.05990491414954e-05,0.0224121927761743,-0.7564767183571965,0.0003003913481945
ENSG00000119138,KLF9,KLF transcription factor 9,687.0,64,152,55,67,3.27634287756586,7.83240196988319,1.83418354353958,2.36205814143874,1.22748506451556,0.307486881269533,0.0003003913481945,0.880851266876775,3.06039283468918e-05,0.394758911656936,0.7674859728925465,0.0003003913481945
ENSG00000093144,ECHDC1,ethylmalonyl-CoA decarboxylase 1,55862.0,350,174,831,737,16.3359871525699,8.17463924022351,25.2667331835038,23.6892458952431,-1.02657607494995,-0.149768176850447,0.0003022952858933,0.932843177738853,3.08199318586791e-05,0.496851104024321,-0.5881721259001985,0.0003022952858933
ENSG00000149269,PAK1,p21 (RAC1) activated kinase 1,5058.0,4768,2646,8720,7318,200.532313408406,112.015975586882,238.910553149179,211.956593806828,-0.868379625694983,-0.229483375739083,0.0003089518948313,0.787455869048294,3.1566138795621e-05,0.264874599400772,-0.548931500717033,0.0003089518948313
ENSG00000251136,RIPK2-DT,RIPK2 divergent transcript,101929709.0,42,110,53,42,0.772584888859771,2.03672133501013,0.635102058305437,0.53205020969487,1.36759259675351,-0.311384725210243,0.0003113174596763,0.883304914142995,3.18305200354071e-05,0.398491545322385,0.5281039357716335,0.0003113174596763
ENSG00000174780,SRP72,signal recognition particle 72,6731.0,103,226,174,177,4.44053260352558,9.80727348280254,4.88672408249196,5.25505800396961,1.11390353379612,0.0480195995245805,0.0003137622540369,1.0,3.21033526211816e-05,0.897783495154212,0.5809615666603503,0.0003137622540369
ENSG00000171130,ATP6V0E2,ATPase H+ transporting V0 subunit e2,155066.0,10,44,23,26,0.392420437513963,1.73798611564603,0.587963254655335,0.702637581454117,2.10497787614941,0.199250241398578,0.0003166608901622,1.0,3.2469164295165e-05,0.798396617457517,1.152114058773994,0.0003166608901622
ENSG00000213339,QTRT1,queuine tRNA-ribosyltransferase catalytic subunit 1,81890.0,10,44,7,25,0.772370371328503,3.42074176872488,0.352204075614744,1.32975619881048,2.10497787614941,1.84129006597803,0.0003166608901622,0.102432034174756,3.2469164295165e-05,0.0041813291129364,1.97313397106372,0.0003166608901622
ENSG00000143333,RGS16,regulator of G protein signaling 16,6004.0,37,7,4,10,4.07066128842609,0.775181307262575,0.286677735965489,0.757651787694344,-2.40007161822159,1.31834886579006,0.0003182596306278,0.714131068269656,3.27026730203508e-05,0.194535922838651,-0.540861376215765,0.0003182596306278
ENSG00000166261,ZNF202,zinc finger protein 202,7753.0,7,37,12,15,0.365699321940394,1.94567297945929,0.40839281495064,0.539664416713068,2.3627866132828,0.34212491448954,0.0003182596306278,1.0,3.27026730203508e-05,0.718866525298678,1.35245576388617,0.0003182596306278
ENSG00000138378,STAT4,signal transducer and activator of transcription 4,6775.0,40,106,43,42,2.30067770182958,6.13682396613602,1.61114630334404,1.66360988276715,1.38439222167818,-0.0105246269558792,0.0003189329883404,1.0,3.27951061469417e-05,1.0,0.6869337973611505,0.0003189329883404
ENSG00000139832,RAB20,"RAB20, member RAS oncogene family",55647.0,233,467,320,446,40.9602307274072,82.6352532509078,36.6460511323104,53.9942783760132,0.983873030096473,0.502196553625099,0.0003194270618915,0.315978614238176,3.28924674575687e-05,0.0294091086795296,0.743034791860786,0.0003194270618915
ENSG00000250616,YPEL3-DT,YPEL3 divergent transcript,101928595.0,439,225,895,706,70.4855838809285,36.363050413408,93.6115741580885,78.0632973555269,-0.982736958266248,-0.318777521105127,0.0003228554690999,0.653144678494889,3.32690302657966e-05,0.144175428593574,-0.6507572396856875,0.0003228554690999
ENSG00000198690,FAN1,FANCD2 and FANCI associated nuclease 1,22909.0,16,57,13,19,0.252097573322875,0.903993997430984,0.133432851294512,0.206162035152799,1.80607725883413,0.566346247499335,0.0003234225472142,0.88536701287707,3.33746047846834e-05,0.412429951851715,1.1862117531667327,0.0003234225472142
ENSG00000090975,PITPNM2,phosphatidylinositol transfer protein membrane associated 2,57605.0,16,57,7,13,0.462697150731451,1.65918077423912,0.131869880947339,0.258896753214537,1.80607725883413,0.904430689653388,0.0003234225472142,0.806196340527772,3.33746047846834e-05,0.286221039198822,1.355253974243759,0.0003234225472142
ENSG00000198648,STK39,serine/threonine kinase 39,27347.0,5,32,17,23,0.357907372825826,2.30564599577045,0.792720872702193,1.13379590947483,2.62949948647669,0.456592538650122,0.0003247067896213,0.916742215921126,3.3554454721108e-05,0.471159265148481,1.543046012563406,0.0003247067896213
ENSG00000103404,USP31,ubiquitin specific peptidase 31,57478.0,5,32,7,14,0.110228441942946,0.710093686473032,0.100529248511157,0.212548531802877,2.62949948647669,1.01037202078382,0.0003247067896213,0.739859120739486,3.3554454721108e-05,0.211789173493745,1.8199357536302552,0.0003247067896213
ENSG00000167113,COQ4,coenzyme Q4,51117.0,17,59,45,36,0.937097718521952,3.2736329197256,1.615917575386,1.36661086499474,1.76891348819754,-0.297610462703781,0.0003331528135873,0.911484349690302,3.44758049332528e-05,0.453710555265837,0.7356515127468795,0.0003331528135873
ENSG00000133422,MORC2,MORC family CW-type zinc finger 2,22880.0,57,138,75,93,2.24244329222506,5.4647174069452,1.92211163926965,2.51962536298518,1.25496996118795,0.333232024592839,0.0003371845589055,0.802473156664851,3.49913140855159e-05,0.279724836942142,0.7941009928903945,0.0003371845589055
ENSG00000154889,MPPE1,metallophosphoesterase 1,65258.0,4142,2304,5794,4533,162.012582425606,90.7116639280883,147.634505081174,122.104249418474,-0.864990784854433,-0.330693691073524,0.0003379740552551,0.586654187927828,3.51225042117673e-05,0.109553216240259,-0.5978422379639785,0.0003379740552551
ENSG00000120802,TMPO,thymopoietin,7112.0,47,119,84,108,1.4490146347244,3.6928688460492,1.68703825815232,2.29300540573655,1.31910708616162,0.385454477664344,0.0003411380822959,0.717044052347954,3.55010334877257e-05,0.197053863970568,0.8522807819129821,0.0003411380822959
ENSG00000106771,TMEM245,transmembrane protein 245,23731.0,34,94,46,48,0.947846287533727,2.63772100932786,0.835386705709389,0.921523984308776,1.44495645307924,0.0845673048669354,0.0003412384139858,1.0,3.55363426312346e-05,0.932331136578605,0.7647618789730877,0.0003412384139858
ENSG00000178567,EPM2AIP1,EPM2A interacting protein 1,9852.0,263,520,263,289,8.6135194495207,17.1423454374001,5.61114343237385,6.51822191714608,0.964277319244273,0.1593261690882,0.0003418938753807,0.93924033323644,3.5629517693815e-05,0.524734353009993,0.5618017441662365,0.0003418938753807
ENSG00000198700,IPO9,importin 9,55705.0,64,151,68,89,1.42431740519181,3.38256198122036,0.985840036918957,1.36402780514407,1.21797019226669,0.410999732592713,0.0003427717955101,0.711683165821761,3.57459874198374e-05,0.188286336460909,0.8144849624297015,0.0003427717955101
ENSG00000163534,FCRL1,Fc receptor like 1,115350.0,33,92,43,92,2.21328107166262,6.21087038284708,1.87871895524118,4.2492948465482,1.45688111220125,1.11841023716197,0.0003442210646095,0.0384963226399826,3.59432899040199e-05,0.0009875168028912,1.28764567468161,0.0003442210646095
ENSG00000183160,TMEM119,transmembrane protein 119,338773.0,115,248,108,188,9.56851422646131,20.7701845744927,5.85384412108425,10.7723616487557,1.08904144443556,0.822361906032986,0.0003442210646095,0.0729455046120261,3.59472952620223e-05,0.0025027383249293,0.9557016752342731,0.0003442210646095
ENSG00000106263,EIF3B,eukaryotic translation initiation factor 3 subunit B,8662.0,46,117,80,114,1.34850721686634,3.45241753399404,1.52776361227155,2.30147734362675,1.32562433760219,0.533651196421453,0.0003454754498917,0.486469701570282,3.61538220408475e-05,0.0724607831618246,0.9296377670118214,0.0003454754498917
ENSG00000101255,TRIB3,tribbles pseudokinase 3,57761.0,19,63,68,84,1.66123356763956,5.54446511253944,3.87308244207369,5.05781328054489,1.70399248034845,0.32770318580617,0.0003454754498917,0.811415249722691,3.61438208724986e-05,0.29857251457405,1.01584783307731,0.0003454754498917
ENSG00000183625,CCR3,C-C motif chemokine receptor 3,1232.0,577,573,2224,1091,42.842094327353,42.8244220395573,107.57228515749,55.7861049804334,-0.0288693784342674,-1.00403173346968,0.961216722563181,0.0003462779211711,0.900764162326187,2.34687703460992e-06,-0.5164505559519736,0.0003462779211711
ENSG00000166226,CCT2,chaperonin containing TCP1 subunit 2,10576.0,45,115,61,55,2.81833018474124,7.24968617383155,2.48874227426116,2.37218446246428,1.33239916556406,-0.125714498547867,0.0003513205022151,1.0,3.68167090938224e-05,0.712291567070548,0.6033423335080964,0.0003513205022151
ENSG00000139514,SLC7A1,solute carrier family 7 member 1,6541.0,21,67,23,25,0.723645133282936,2.32393064123151,0.516303321042945,0.593270520541096,1.64913264662597,0.142940573148966,0.0003544350027546,1.0,3.719475324054e-05,0.897141131355876,0.8960366098874679,0.0003544350027546
ENSG00000058600,POLR3E,RNA polymerase III subunit E,55718.0,29,83,28,25,0.809905975501225,2.33322545698514,0.509407539261468,0.480820552595398,1.49423950402428,-0.139447918967888,0.0003547998579638,1.0,3.72847540579956e-05,0.807484643590397,0.6773957925281959,0.0003547998579638
ENSG00000107679,PLEKHA1,pleckstrin homology domain containing A1,59338.0,29,83,25,20,0.32030217975505,0.922745630157635,0.179875757787068,0.152124197846075,1.49423950402428,-0.296873895478741,0.0003547998579638,0.969579482810528,3.72847540579956e-05,0.590815219707144,0.5986828042727694,0.0003547998579638
ENSG00000196873,ZNG1C,Zn regulated GTPase metalloprotein activator 1C,445571.0,271,132,189,173,5.82791972774563,2.85732874423078,2.64774896036054,2.56210416693612,-1.05588089634472,-0.10415043687021,0.0003562867153269,1.0,3.74669676589975e-05,0.706416838251958,-0.580015666607465,0.0003562867153269
ENSG00000154710,RABGEF1,RAB guanine nucleotide exchange factor 1,27342.0,28,81,24,26,1.34162507618719,3.90661095054519,0.7491264115083,0.857932051437285,1.5095103817409,0.138177285034186,0.000356554934558,1.0,3.75211576666546e-05,0.899603134798121,0.823843833387543,0.000356554934558
ENSG00000137806,NDUFAF1,NADH:ubiquinone oxidoreductase complex assembly factor 1,51103.0,77,26,163,166,11.4216539065829,3.88198298552994,15.7505820377097,16.9571463489073,-1.58054668554522,0.0496652843340907,0.000358969709235,1.0,3.78275906976997e-05,0.892281836794766,-0.7654407006055646,0.000358969709235
ENSG00000117632,STMN1,stathmin 1,3925.0,8,39,17,16,0.339264334708726,1.66477227761081,0.469643020629233,0.467277222287301,2.24898657791759,-0.0635891120559714,0.0003594220004908,1.0,3.79475370002015e-05,1.0,1.0926987329308093,0.0003594220004908
ENSG00000112234,FBXL4,F-box and leucine rich repeat protein 4,26235.0,228,108,302,265,7.44055832956076,3.54761467447883,6.42019698318179,5.95556490223595,-1.09594784952752,-0.165091456347743,0.0003594220004908,0.932843177738853,3.79538317090287e-05,0.492856880682712,-0.6305196529376315,0.0003594220004908
ENSG00000118246,FASTKD2,FAST kinase domains 2,22868.0,8,39,23,11,0.217172281885994,1.06566578729734,0.406736338987413,0.205642796930503,2.24898657791759,-1.03245091616113,0.0003594220004908,0.501172887327081,3.79475370002015e-05,0.079036447177948,0.6082678308782301,0.0003594220004908
ENSG00000102245,CD40LG,CD40 ligand,959.0,12,48,32,30,1.74962930566215,7.04446546258648,3.03938354740737,3.0122600519009,1.97008389776537,-0.0694375018526309,0.0003606616442531,1.0,3.81898680294327e-05,0.911848644732764,0.9503231979563695,0.0003606616442531
ENSG00000140718,FTO,FTO alpha-ketoglutarate dependent dioxygenase,79068.0,12,48,22,38,0.148700895663414,0.598708720965416,0.177592962024741,0.324281627677549,1.97008389776537,0.808347209130458,0.0003606616442531,0.530241149117355,3.81898680294327e-05,0.0880126988394008,1.389215553447914,0.0003606616442531
ENSG00000198846,TOX,thymocyte selection associated high mobility group box,9760.0,12,48,11,7,0.779950060939186,3.14028305827273,0.465745821286425,0.313321357541115,1.97008389776537,-0.619788274147924,0.0003606616442531,0.932843177738853,3.81898680294327e-05,0.4996747577089,0.6751478118087231,0.0003606616442531
ENSG00000012223,LTF,lactotransferrin,4057.0,29,25,29,93,1.92598848924658,1.67123570881377,1.25465528064315,4.25348638614746,-0.23188663699558,1.70023632586848,0.831867638737431,0.0003614726272336,0.717749224778354,2.51695177131268e-06,0.73417484443645,0.0003614726272336
ENSG00000166526,ZNF3,zinc finger protein 3,7551.0,91,202,162,239,4.4446896018209,9.93101008094797,5.15449106237064,8.03904306120109,1.13050823131076,0.584035011901624,0.0003774886612809,0.275655069707507,4.01367116170326e-05,0.0223859799294553,0.857271621606192,0.0003774886612809
ENSG00000161791,FMNL3,formin like 3,91010.0,97,213,99,90,1.91558215612901,4.2339981174613,1.27360564353867,1.22399027528228,1.11496340877353,-0.113960827447893,0.0003776577183304,1.0,4.0182208771498e-05,0.754644343636013,0.5005012906628186,0.0003776577183304
ENSG00000185697,MYBL1,MYB proto-oncogene like 1,4603.0,50,124,48,67,1.82983172652077,4.56777646672087,1.14433483332764,1.68858279899785,1.2893849830153,0.503403233767933,0.0003780598893788,0.675554666253939,4.02525505307181e-05,0.159787869744385,0.8963941083916165,0.0003780598893788
ENSG00000101220,ADISSP,adipose secreted signaling protein,54976.0,4,29,14,24,0.43879592110257,3.20215682039397,1.00046375102159,1.81309366933464,2.8012784484742,0.795505726176063,0.0003798628374893,0.706010076039808,4.04721956281424e-05,0.179718897221631,1.7983920873251313,0.0003798628374893
ENSG00000199477,SNORA31,"small nucleolar RNA, H/ACA box 31",677814.0,50,13,23,22,101.893475909876,26.6662369698326,30.5333840936782,30.874893157612,-1.95193918510175,-0.0405134580705729,0.000380284187318,1.0,4.05448014900357e-05,1.0,-0.9962263215861614,0.000380284187318
ENSG00000138413,IDH1,isocitrate dehydrogenase (NADP(+)) 1,3417.0,183,84,342,295,10.2692047951533,4.7446810113661,12.5020883269474,11.4002440988467,-1.14104130305694,-0.189814870973897,0.0003973915701654,0.896382407934999,4.25185101076281e-05,0.426724497881192,-0.6654280870154184,0.0003973915701654
ENSG00000183172,SMDT1,single-pass membrane protein with aspartate rich tail 1,91689.0,14,52,39,50,2.14264732704765,8.01065466453665,3.88828416233261,5.26985992134021,1.86499108705363,0.380764796376941,0.0003973915701654,0.87004413345428,4.25714624794692e-05,0.378093087791746,1.1228779417152854,0.0003973915701654
ENSG00000160683,CXCR5,C-X-C motif chemokine receptor 5,643.0,14,52,20,35,0.863946546265892,3.23001239792987,0.804006508507918,1.48741888345864,1.86499108705363,0.826786927314151,0.0003973915701654,0.54546791984775,4.25714624794692e-05,0.0930976438043603,1.3458890071838905,0.0003973915701654
ENSG00000168995,SIGLEC7,sialic acid binding Ig like lectin 7,27036.0,596,315,929,731,77.2854284238587,41.1153433455568,78.4761709547663,65.2792483595396,-0.938524427416888,-0.322366443014689,0.0003974271547252,0.637090041047033,4.26042373269785e-05,0.137814477239046,-0.6304454352157884,0.0003974271547252
ENSG00000122965,RBM19,RNA binding motif protein 19,9904.0,9,41,15,26,0.406462212119177,1.86381813120207,0.441305822667639,0.808644103715777,2.15343741251191,0.811735028048974,0.0003983433860641,0.672418379574913,4.2760516518915e-05,0.153581664576598,1.4825862202804418,0.0003983433860641
ENSG00000175087,PDIK1L,PDLIM1 interacting kinase 1 like,149420.0,9,41,9,14,0.522874415853309,2.39762218369109,0.34061841523268,0.560130637428766,2.15343741251191,0.653482442710602,0.0003983433860641,0.896382407934999,4.2760516518915e-05,0.430493652562629,1.4034599276112558,0.0003983433860641
ENSG00000248275,TRIM52-AS1,TRIM52 antisense RNA 1 (head to head),100507602.0,35,95,87,95,5.53240233162213,15.1151104542607,8.95850820015306,10.3413140186729,1.41853274876107,0.150097397949829,0.0004069607186194,0.981876444361395,4.37448666348677e-05,0.629692055354852,0.7843150733554495,0.0004069607186194
ENSG00000127952,STYXL1,serine/threonine/tyrosine interacting like 1,51657.0,155,69,254,243,20.2480625205522,9.07283210512055,21.6150489403407,21.8607198056518,-1.18496658050868,-0.0404600770416075,0.0004131742555681,1.0,4.45031008402367e-05,0.885511806735129,-0.6127133287751437,0.0004131742555681
ENSG00000179889,PDXDC1,pyridoxal dependent decarboxylase domain containing 1,23042.0,67,157,96,86,1.8862745487248,4.44909586000395,1.76064609106456,1.66738143900155,1.20817621689463,-0.135120049927684,0.0004131742555681,1.0,4.45031008402367e-05,0.707688642853283,0.5365280834834729,0.0004131742555681
ENSG00000049541,RFC2,replication factor C subunit 2,5982.0,199,93,404,349,23.8442715675123,11.2164633115985,31.5342916366778,28.7980326170975,-1.11525485384052,-0.187673989908874,0.0004196389958453,0.893303305384351,4.53217455066919e-05,0.423150523611593,-0.651464421874697,0.0004196389958453
ENSG00000108651,UTP6,UTP6 small subunit processome component,55813.0,450,234,807,630,18.6623930517462,9.76815818869884,21.8021380119502,17.9929252974926,-0.961878529477266,-0.333766455157457,0.0004220806163357,0.628161311574139,4.57753379865182e-05,0.127271071875773,-0.6478224923173616,0.0004220806163357
ENSG00000211787,TRAV8-3,T cell receptor alpha variable 8-3,28683.0,1,20,7,8,0.776900402831896,15.6400216831863,3.54269788668203,4.28017713728558,4.14325791025959,0.212484432346265,0.0004220806163357,1.0,4.57910939353155e-05,1.0,2.1778711713029275,0.0004220806163357
ENSG00000115718,PROC,"protein C, inactivator of coagulation factors Va and VIIIa",5624.0,20,1,34,86,2.12363156204951,0.10687870528991,2.35179154298262,6.28860093827841,-4.17872659999903,1.35893496544404,0.0004220806163357,0.0090770268052031,4.57910939353155e-05,0.0001342833727923,-1.4098958172774951,0.0004220806163357
ENSG00000141753,IGFBP4,insulin like growth factor binding protein 4,3487.0,1,20,0,3,0.120146502206656,2.4187063011186,0.0,0.24822115711129,4.14325791025959,4.65513157215884,0.0004220806163357,0.778637941053786,4.57910939353155e-05,0.253731343283582,4.3991947412092145,0.0004220806163357
ENSG00000285006,,,,20,1,6,7,6.47733587691141,0.325993116990618,1.26586794903099,1.5612443194836,-4.17872659999903,0.241128051815216,0.0004220806163357,1.0,4.57910939353155e-05,1.0,-1.9687992740919071,0.0004220806163357
ENSG00000231856,,,,87,32,119,130,9.33507665079541,3.45613439868223,8.31795044515825,9.60612861967749,-1.4581796049344,0.150790190980373,0.0004220806163357,0.977057615608325,4.57306042233091e-05,0.612144163231901,-0.6536947069770135,0.0004220806163357
ENSG00000139437,TCHP,trichoplein keratin filament binding,84260.0,108,43,266,316,3.16011575386493,1.26645481522289,5.07027603441857,6.36755532921009,-1.34490505266907,0.271772718120859,0.0004275291294946,0.778637941053786,4.64543020023716e-05,0.258177809142887,-0.5365661672741056,0.0004275291294946
ENSG00000175602,CCDC85B,coiled-coil domain containing 85B,11007.0,17,58,65,55,4.67673067000675,16.0606619340632,11.6487017739663,10.4198756762449,1.74430436346546,-0.217161936881562,0.0004306994761913,0.95460501357024,4.68615593902966e-05,0.561899429651033,0.763571213291949,0.0004306994761913
ENSG00000168672,LRATD2,LRAT domain containing 2,157638.0,30,84,19,18,1.38606402528258,3.90645954912092,0.571855588415289,0.572718156362463,1.4627869662657,-0.0542441053048668,0.0004307934865427,1.0,4.69345767658834e-05,1.0,0.7042714304804166,0.0004307934865427
ENSG00000074266,EED,embryonic ectoderm development,8726.0,30,84,57,73,1.16757618935953,3.29067710513579,1.44513880298513,1.95656033271724,1.4627869662657,0.379588623817261,0.0004307934865427,0.802082649057799,4.69345767658834e-05,0.277055712809815,0.9211877950414805,0.0004307934865427
ENSG00000277511,,,,10,43,53,31,3.08050043448461,13.3331184849163,10.6357440043197,6.5764175171869,2.07190667330155,-0.747999839926993,0.000431565895959,0.427057755607878,4.70791503159282e-05,0.0532188283114321,0.6619534166872785,0.000431565895959
ENSG00000129460,NGDN,neuroguidin,25983.0,58,138,116,105,3.30228587303014,7.90874855327078,4.30244566042167,4.11701435634296,1.22993305563358,-0.120207543421181,0.0004363933192771,1.0,4.77036859725802e-05,0.711046488593655,0.5548627561061994,0.0004363933192771
ENSG00000141576,RNF157,ring finger protein 157,114804.0,18,60,37,39,0.602630440108957,2.0219565502211,0.806958156311804,0.899186082218516,1.71122906673551,0.0990147297951996,0.0004367017839326,1.0,4.77692302640214e-05,0.922372485848716,0.9051218982653547,0.0004367017839326
ENSG00000113716,HMGXB3,HMG-box containing 3,22993.0,50,123,28,38,2.11498512985531,5.23702242901071,0.771553555394266,1.10694825452951,1.27771506687386,0.462185663833415,0.00043966352389,0.846623180004263,4.81893266237202e-05,0.336846202282803,0.8699503653536375,0.00043966352389
ENSG00000144749,LRIG1,leucine rich repeats and immunoglobulin like domains 1,26018.0,64,149,69,62,2.41113117056361,5.650269210047,1.69340440792584,1.60856628691147,1.1987500952049,-0.1306865615521,0.0004433228610492,1.0,4.87196381330946e-05,0.78620177896357,0.5340317668264,0.0004433228610492
ENSG00000124562,SNRPC,small nuclear ribonucleoprotein polypeptide C,6631.0,24,72,67,81,5.12341087572622,15.471144736728,9.31737292702018,11.9080149787435,1.56119612897527,0.296648338520733,0.0004478455054026,0.856586723804079,4.93145721223923e-05,0.350025892744651,0.9289222337480015,0.0004478455054026
ENSG00000138758,SEPTIN11,septin 11,55752.0,21,66,20,17,0.568446284324023,1.79827489527838,0.352671905693725,0.316902355993212,1.62747854602409,-0.209651059930865,0.0004478455054026,1.0,4.92515110203981e-05,0.763300372401604,0.7089137430466125,0.0004478455054026
ENSG00000253250,C8orf88,chromosome 8 open reading frame 88,100127983.0,23,2,13,25,5.85324674294963,0.512319634386793,2.15517767691251,4.38142532365029,-3.46215318815925,0.960028351631309,0.0004527542902037,0.564028795458772,4.99870827618896e-05,0.100087117562822,-1.2510624182639707,0.0004527542902037
ENSG00000169884,WNT10B,Wnt family member 10B,7480.0,2,23,6,14,0.203708602357306,2.35802941294175,0.398108413036273,0.982005269771308,3.42568426138611,1.22851869618427,0.0004527542902037,0.628161311574139,4.99870827618896e-05,0.133183558309878,2.32710147878519,0.0004527542902037
ENSG00000198589,LRBA,LPS responsive beige-like anchor protein,987.0,39,102,43,35,0.616578054380939,1.62317608815595,0.44285611226369,0.38106398917992,1.36537557105633,-0.27271000441838,0.0004557022752543,0.932843177738853,5.03789791255561e-05,0.501896069394969,0.5463327833189751,0.0004557022752543
ENSG00000145860,RNF145,ring finger protein 145,153830.0,1395,771,2426,1834,80.0970171489205,44.5593166531012,90.7410214231189,72.5183436442235,-0.874194847350352,-0.380171568899985,0.0004634450723804,0.481804215679428,5.1336285528225e-05,0.0698610812980669,-0.6271832081251685,0.0004634450723804
ENSG00000007350,TKTL1,transketolase like 1,8277.0,5,31,17,12,0.375670784693245,2.34445078294047,0.832064648290079,0.620904879671462,2.58387804689972,-0.474933437158636,0.0004718419411278,0.929678981697748,5.25415016793036e-05,0.488500141715409,1.054472304870542,0.0004718419411278
ENSG00000166575,TMEM135,transmembrane protein 135,65084.0,5,31,16,13,0.13120197967793,0.818792933899376,0.273502372505903,0.23492008282472,2.58387804689972,-0.273792040768355,0.0004718419411278,1.0,5.25415016793036e-05,0.729434832130327,1.1550430030656824,0.0004718419411278
ENSG00000150687,PRSS23,serine protease 23,11098.0,5,31,8,10,0.115747569628485,0.722346510018184,0.120643129710748,0.159422011951064,2.58387804689972,0.34054961990041,0.0004718419411278,1.0,5.25415016793036e-05,0.822369736464699,1.462213833400065,0.0004718419411278
ENSG00000102870,ZNF629,zinc finger protein 629,23361.0,5,31,13,18,0.217756894102973,1.35895667608879,0.368821298975163,0.539859593717304,2.58387804689972,0.488863277105108,0.0004718419411278,0.932996297218498,5.25415016793036e-05,0.504731259469492,1.536370662002414,0.0004718419411278
ENSG00000170946,DNAJC24,DnaJ heat shock protein family (Hsp40) member C24,120526.0,5,31,11,20,0.154420049758497,0.963690074685019,0.221307993420782,0.425373165019347,2.58387804689972,0.878371145259337,0.0004718419411278,0.706010076039808,5.25415016793036e-05,0.180026909784528,1.7311245960795285,0.0004718419411278
ENSG00000084207,GSTP1,glutathione S-transferase pi 1,2950.0,60,141,73,142,8.31783476815311,19.6752454879455,6.59253782560931,13.5566939653089,1.21212513929604,0.982085194618253,0.0004792705496151,0.0326638749303382,5.35433429937371e-05,0.0007688698150779,1.0971051669571465,0.0004792705496151
ENSG00000188554,NBR1,NBR1 autophagy cargo receptor,4077.0,3503,1974,5144,4520,110.413491956212,62.6283780826288,105.621832817549,98.1130670023946,-0.846267666897684,-0.163171888966917,0.0004819694452451,0.896382407934999,5.39151070143803e-05,0.43014447622647,-0.5047197779323005,0.0004819694452451
ENSG00000068654,POLR1A,RNA polymerase I subunit A,25885.0,12,47,21,16,0.23515618377011,0.92707532922711,0.268080474744857,0.215924314492845,1.93979049462594,-0.366420301608953,0.0004831616880665,0.949742814203502,5.41541084569517e-05,0.546629174830764,0.7866850965084935,0.0004831616880665
ENSG00000106066,CPVL,carboxypeptidase vitellogenic like,54504.0,12,47,9,34,0.952960566063585,3.75693386565387,0.465593517224527,1.85942647368439,1.93979049462594,1.92612128424609,0.0004831616880665,0.0277303092219487,5.41541084569517e-05,0.0006087086459125,1.932955889436015,0.0004831616880665
ENSG00000233913,RPL10P9,ribosomal protein L10 pseudogene 9,389342.0,8,38,26,12,3.28586713011692,15.7103411605215,6.95671305942921,3.39428000887066,2.21163395278456,-1.08423107813903,0.0005013896517332,0.4190521184354,5.64529231837875e-05,0.0511523319034612,0.563701437322765,0.0005013896517332
ENSG00000171604,CXXC5,CXXC finger protein 5,51523.0,8,38,14,41,0.558467535948725,2.67013703518745,0.636658750650104,1.97105258749637,2.21163395278456,1.56501751354467,0.0005013896517332,0.051712185097279,5.64529231837875e-05,0.0014923498978663,1.888325733164615,0.0005013896517332
ENSG00000181035,SLC25A42,solute carrier family 25 member 42,284439.0,8,38,10,20,0.45421866672212,2.17170382523283,0.369867117555132,0.782008360380617,2.21163395278456,1.01424159567381,0.0005013896517332,0.618137540501607,5.64529231837875e-05,0.123580196307781,1.612937774229185,0.0005013896517332
ENSG00000090097,PCBP4,poly(rC) binding protein 4,57060.0,13,49,9,13,0.921348177034188,3.49557413462225,0.415521662242114,0.634497901604701,1.88541419164131,0.547541111580171,0.0005049500603787,0.949742814203502,5.69273971291246e-05,0.545090689776041,1.2164776516107405,0.0005049500603787
ENSG00000137364,TPMT,thiopurine S-methyltransferase,7172.0,32,88,43,49,2.66254308910228,7.37006549417483,2.33069719635762,2.80769000419695,1.43706543728244,0.211261039487156,0.0005096527538793,0.996542017909654,5.7531855105608e-05,0.666646606778446,0.824163238384798,0.0005096527538793
ENSG00000179941,BBS10,Bardet-Biedl syndrome 10,79738.0,131,56,136,120,9.7267146566434,4.18528382934592,6.57816132258031,6.13596021782953,-1.24303684379212,-0.1570267790024,0.0005223320251738,0.969579482810528,5.90773431766403e-05,0.590882543637374,-0.70003181139726,0.0005223320251738
ENSG00000170837,GPR27,G protein-coupled receptor 27,2850.0,1092,602,2292,1479,109.498848146601,60.761069855561,149.717393354052,102.131919816497,-0.877839507432578,-0.608551621264332,0.0005223615631301,0.0984165208602809,5.91187514605058e-05,0.0038729719621448,-0.743195564348455,0.0005223615631301
ENSG00000085511,MAP3K4,mitogen-activated protein kinase kinase kinase 4,4216.0,16,55,38,29,0.563516165627603,1.94980461757616,0.871847897892387,0.703381276765108,1.75466249714396,-0.36517608124712,0.0005511917828129,0.883304914142995,6.25423120419569e-05,0.397923247617423,0.6947432079484199,0.0005511917828129
ENSG00000225178,,,,9,40,20,18,2.68503078411159,12.0118184548795,3.88693687052307,3.69815980696212,2.11792383943014,-0.127769342565339,0.0005514582711901,1.0,6.27333013647979e-05,0.882149552503752,0.9950772484324004,0.0005514582711901
ENSG00000102390,PBDC1,polysaccharide biosynthesis domain containing 1,51260.0,9,40,41,33,1.97539961581698,8.83719535040019,5.8622865609778,4.98807304534742,2.11792383943014,-0.288783158933589,0.0005514582711901,0.929597572628217,6.27333013647979e-05,0.487395832097683,0.9145703402482754,0.0005514582711901
ENSG00000234797,RPS3AP6,RPS3A pseudogene 6,145767.0,9,40,43,45,2.99912872489445,13.4169745760164,9.33451556377693,10.3269368194414,2.11792383943014,0.088727926067274,0.0005514582711901,1.0,6.27333013647979e-05,0.929349077005762,1.103325882748707,0.0005514582711901
ENSG00000136158,SPRY2,sprouty RTK signaling antagonist 2,10253.0,66,151,54,91,5.44192980583089,12.5322184327567,2.90050415212142,5.16721820522521,1.1736607403864,0.774900484714474,0.0005532835836512,0.251922080804886,6.29812678664403e-05,0.0190382741433222,0.974280612550437,0.0005532835836512
ENSG00000185163,DDX51,DEAD-box helicase 51,317781.0,25,73,19,29,1.04316836259914,3.06605024223937,0.516462426204641,0.833333432639335,1.52246461504136,0.630063414365882,0.0005579888288977,0.771675821795591,6.36043052669804e-05,0.242949389298572,1.076264014703621,0.0005579888288977
ENSG00000130487,KLHDC7B,kelch domain containing 7B,113730.0,17,57,76,75,0.87876909955444,2.9658058678643,2.55923507822304,2.66989098258729,1.71926816713513,0.0042758468988621,0.0005579888288977,1.0,6.36388658522793e-05,1.0,0.8617720070169961,0.0005579888288977
ENSG00000157036,EXOG,exo/endonuclease G,9941.0,6,33,22,20,0.285118963980997,1.57844990135332,0.681033172220079,0.65450242323515,2.41652702567702,-0.113435643826846,0.000560827676835,1.0,6.40443790701418e-05,0.888764432914095,1.151545690925087,0.000560827676835
ENSG00000067221,STOML1,stomatin like 1,9399.0,24,71,103,71,0.607970252130067,1.81038709586739,1.69972649610596,1.23861360526417,1.54105369216115,-0.512608449111286,0.0005617575315752,0.580974004568768,6.41915033894457e-05,0.107054826250685,0.5142226215249319,0.0005617575315752
ENSG00000170846,LOC93622,Morf4 family associated protein 1 like 1,93622.0,18,59,40,45,1.32498323772775,4.3715142573496,1.91808832510391,2.28116553805388,1.6870326875202,0.192748456067213,0.0005633369104803,1.0,6.44130310846578e-05,0.716732001809141,0.9398905717937065,0.0005633369104803
ENSG00000226950,DANCR,differentiation antagonizing non-protein coding RNA,57291.0,4,28,14,20,0.455194222277795,3.20727936063278,1.03785221594379,1.56737586320273,2.75087493241756,0.533953521933029,0.0005653764835999,0.896382407934999,6.47698463940483e-05,0.428548871932961,1.6424142271752946,0.0005653764835999
ENSG00000106692,FKTN,fukutin,2218.0,4,28,8,8,0.121149211096685,0.853612250091816,0.157841542975854,0.166861827348163,2.75087493241756,0.0230318838090144,0.0005653764835999,1.0,6.47698463940483e-05,1.0,1.3869534081132873,0.0005653764835999
ENSG00000178980,SELENOW,selenoprotein W,6415.0,37,97,57,64,1.86778818264673,4.9287823667564,1.87443975455789,2.22490915215607,1.36865603227626,0.190108018945636,0.0005654401997319,0.981135110992987,6.48183525855107e-05,0.617897605616036,0.779382025610948,0.0005654401997319
ENSG00000215252,GOLGA8B,golgin A8 family member B,440270.0,121,253,133,140,4.17935952037117,8.7960338375067,2.99258665030155,3.33011174273164,1.04452823537203,0.097303181682635,0.0005663840647254,1.0,6.49678266927445e-05,0.753178893172286,0.5709157085273325,0.0005663840647254
ENSG00000124422,USP22,ubiquitin specific peptidase 22,23326.0,1776,997,1963,1702,69.426488765153,39.2300992458655,49.9888644254912,45.8192741495514,-0.851724471963388,-0.182424903496829,0.0005670985907504,0.8753307298944,6.51737704134551e-05,0.386760691980013,-0.5170746877301085,0.0005670985907504
ENSG00000164051,CCDC51,coiled-coil domain containing 51,79714.0,21,65,17,20,2.30845800194158,7.19213860182206,1.21736927380532,1.51404606204812,1.6054944696045,0.256118531771137,0.0005670985907504,1.0,6.51608879529005e-05,0.763300372401604,0.9308065006878184,0.0005670985907504
ENSG00000115339,GALNT3,polypeptide N-acetylgalactosaminyltransferase 3,2591.0,460,243,1007,809,26.5558067527155,14.120495933034,37.8705724625372,32.163003559758,-0.939159667059577,-0.292419761106882,0.0005674474340869,0.705373321007866,6.52552143265681e-05,0.177891135940797,-0.6157897140832295,0.0005674474340869
ENSG00000198911,SREBF2,sterol regulatory element binding transcription factor 2,6721.0,115,241,142,182,4.03204728653425,8.50524498376078,3.24329798587532,4.39446058586252,1.04775571821539,0.381142058599712,0.000577208824907,0.675554666253939,6.65460108586873e-05,0.15880760347861,0.714448888407551,0.000577208824907
ENSG00000132300,PTCD3,pentatricopeptide repeat domain 3,55037.0,57,134,82,95,1.49171324013075,3.52985849447551,1.39796105484544,1.71214484790041,1.21257392189052,0.235361661898418,0.0005886454229132,0.903031083872557,6.79900718931147e-05,0.443690741158287,0.723967791894469,0.0005886454229132
ENSG00000215126,ZNG1F,Zn regulated GTPase metalloprotein activator 1F,644019.0,270,135,145,135,6.88244203682601,3.4638140969185,2.4077840443017,2.36983973004597,-1.01815895095485,-0.079630593151454,0.0005886454229132,1.0,6.79932222210714e-05,0.787401540311771,-0.5488947720531521,0.0005886454229132
ENSG00000204713,TRIM27,tripartite motif containing 27,5987.0,1021,565,2791,2212,33.8743169881473,18.868408125179,60.3219501277355,50.5401279467348,-0.872353803339974,-0.312023262463989,0.0005911376796941,0.631352620650222,6.83241772332699e-05,0.135316138852376,-0.5921885329019815,0.0005911376796941
ENSG00000138459,SLC35A5,solute carrier family 35 member A5,55032.0,302,153,452,311,16.5714078882424,8.45056805382018,16.157033692451,11.7522024022958,-0.999263611695766,-0.515843551126329,0.0005937145851793,0.301697546209383,6.87085527812836e-05,0.0272631509473572,-0.7575535814110474,0.0005937145851793
ENSG00000170379,TCAF2,TRPM8 channel associated factor 2,285966.0,50,121,77,68,2.06680478519017,5.03450565353369,2.07343731829369,1.93572997853367,1.25408816584795,-0.155662926002947,0.0005956233413693,1.0,6.89728530415259e-05,0.704790778598919,0.5492126199225015,0.0005956233413693
ENSG00000184232,OAF,out at first homolog,220323.0,4,8,0,20,0.363780346537146,0.732337438237764,0.0,1.25260934072638,0.959564599629869,7.3425875156764,0.561775804460046,0.0005987352131656,0.401742163618017,4.53785615575199e-06,4.1510760576531345,0.0005987352131656
ENSG00000144455,SUMF1,sulfatase modifying factor 1,285362.0,117,49,114,118,4.46370901091362,1.88169010875835,2.83325455988473,3.10026223448476,-1.27232518867607,0.0730660317041734,0.000610658617411,1.0,7.08347164643439e-05,0.823492251828376,-0.5996295784859483,0.000610658617411
ENSG00000101190,TCFL5,transcription factor like 5,10732.0,102,41,152,179,7.49574197262109,3.03277591057735,7.27660459134151,9.05886727748872,-1.3310478086392,0.259083418710092,0.0006220220488543,0.853999263852512,7.2301790403932e-05,0.344972884385255,-0.535982194964554,0.0006220220488543
ENSG00000226067,LINC00623,long intergenic non-protein coding RNA 623,,602,325,716,524,61.3398724977451,33.3327962122907,47.5258761110295,36.769190942247,-0.907902422130471,-0.426913589394849,0.0006248245044521,0.430608408823561,7.27186076089508e-05,0.0542261572982885,-0.66740800576266,0.0006248245044521
ENSG00000181754,AMIGO1,adhesion molecule with Ig like domain 1,57463.0,11,44,18,15,0.56684563528933,2.28226887117804,0.604248190414713,0.532316330899041,1.9690839941033,-0.237831422173856,0.0006255441146526,1.0,7.28479445572737e-05,0.747806525737786,0.865626285964722,0.0006255441146526
ENSG00000118260,CREB1,cAMP responsive element binding protein 1,1385.0,2642,1500,3613,2946,57.6926034223638,32.970124839061,51.3956090789708,44.3023206152858,-0.835454246344932,-0.27103767588207,0.000632538306821,0.714131068269656,7.37618854342811e-05,0.192277138401295,-0.553245961113501,0.000632538306821
ENSG00000174529,TMEM81,transmembrane protein 81,388730.0,84,31,94,95,16.7068582122499,6.20610620168776,12.1790688609723,13.0120437652371,-1.45324841130529,0.0386074370429039,0.000632538306821,1.0,7.38468421168443e-05,0.917042068054958,-0.707320487131193,0.000632538306821
ENSG00000246560,UBE2D3-AS1,UBE2D3 antisense RNA 1,,35,7,17,18,10.5009131458649,2.11397122071153,3.32260469974045,3.71910068922125,-2.320177011717,0.105102727400936,0.0006379635831716,1.0,7.45732099844958e-05,0.999999999999999,-1.107537142158032,0.0006379635831716
ENSG00000091262,ABCC6,ATP binding cassette subfamily C member 6,368.0,35,7,52,91,1.2250371657813,0.246616011083139,1.18564669661298,2.19345647950702,-2.320177011717,0.829219089635851,0.0006379635831716,0.199468725144281,7.45732099844958e-05,0.0124577100603883,-0.7454789610405745,0.0006379635831716
ENSG00000197483,ZNF628,zinc finger protein 628,89887.0,75,168,83,102,5.5718530012411,12.5628934686816,4.01686476591465,5.21849134846702,1.14335247893408,0.320341584063659,0.0006399584428323,0.809055408299653,7.48530316824016e-05,0.28914208732703,0.7318470314988695,0.0006399584428323
ENSG00000119321,FKBP15,FKBP prolyl isomerase family member 15,23307.0,1378,772,1688,1448,33.1364205763731,18.6859716263146,26.4423195990258,23.9790154389038,-0.854637515152081,-0.197845722225499,0.0006414399659051,0.856586723804079,7.51128477165573e-05,0.35019000505881,-0.5262416186887899,0.0006414399659051
ENSG00000159556,ISL2,ISL LIM homeobox 2,64843.0,193,92,150,147,23.5514261683904,11.3002938794316,11.9239979537926,12.3533187103129,-1.08669091040746,-0.0057497567173901,0.0006428722087668,1.0,7.53343908830412e-05,1.0,-0.546220333562425,0.0006428722087668
ENSG00000184432,COPB2,COPI coat complex subunit beta 2,9276.0,974,540,1707,1440,31.75815857159,17.7227913399503,36.2577298420234,32.3344335614263,-0.869649671235952,-0.221984782378436,0.0006495004616962,0.811415249722691,7.61584494147561e-05,0.294292685981008,-0.545817226807194,0.0006495004616962
ENSG00000033170,FUT8,fucosyltransferase 8,2530.0,3,25,2,3,0.11862225553687,0.995008842157932,0.0515164170302163,0.0816906942433424,2.98877972318135,0.578629383354757,0.0006532789661099,1.0,7.67957517083435e-05,1.0,1.7837045532680535,0.0006532789661099
ENSG00000174177,CTU2,cytosolic thiouridylase subunit 2,348180.0,3,25,10,18,0.225658464536352,1.89283340217437,0.490005670219263,0.932415079097775,2.98877972318135,0.86322579130361,0.0006532789661099,0.743518561420977,7.67957517083435e-05,0.214445823461829,1.92600275724248,0.0006532789661099
ENSG00000235437,LINC01278,long intergenic non-protein coding RNA 1278,92249.0,3,25,11,19,0.0561833106247017,0.471268149473925,0.134199064581045,0.245045133540164,2.98877972318135,0.804838311283363,0.0006532789661099,0.762009469384749,7.67957517083435e-05,0.232678886220821,1.8968090172323566,0.0006532789661099
ENSG00000160219,GAB3,GRB2 associated binding protein 3,139716.0,1106,616,1293,1105,55.5775567766385,31.1578186142201,42.3266191553933,38.2395709933349,-0.863055947554384,-0.203262883355571,0.0006585854466425,0.850571770712949,7.75116962780679e-05,0.342205847053405,-0.5331594154549775,0.0006585854466425
ENSG00000059122,FLYWCH1,FLYWCH-type zinc finger 1,84256.0,105,154,42,117,3.3040644878722,4.87777704401261,0.860952592487401,2.53542919655367,0.533174459725205,1.4986450187473,0.135479868909168,0.0006712783386237,0.0582818708487854,5.18550531220761e-06,1.0159097392362524,0.0006712783386237
ENSG00000287937,LOC124907871,uncharacterized LOC124907871,124907871.0,27,76,3,3,2.79192896521205,7.9103591323469,0.202084305680591,0.213632963087585,1.46996658716522,0.022456099493914,0.0006746863950516,1.0,7.97016940955174e-05,1.0,0.7462113433295671,0.0006746863950516
ENSG00000234975,FTH1P2,ferritin heavy chain 1 pseudogene 2,2497.0,57,133,113,147,36.6519736161252,86.0827552666925,47.3338341426902,65.0947934953624,1.20177734219049,0.402493511940951,0.0006784147212033,0.670652697744446,8.01915666660766e-05,0.151754600385986,0.8021354270657205,0.0006784147212033
ENSG00000227939,RPL3P2,ribosomal protein L3 pseudogene 2,116935.0,1,19,10,4,0.220218651176789,4.21162512407996,1.4345801916145,0.606625271743301,4.06973193389221,-1.27256297387622,0.0006823367619216,0.714131068269656,8.08043461683904e-05,0.194535922838651,1.3985844800079947,0.0006823367619216
ENSG00000159199,ATP5MC1,ATP synthase membrane subunit c locus 1,516.0,1,19,9,14,0.101309000904656,1.93750861348688,0.593965573025247,0.97674788018171,4.06973193389221,0.653482442710602,0.0006823367619216,0.896382407934999,8.08043461683904e-05,0.430493652562629,2.361607188301406,0.0006823367619216
ENSG00000254788,CKLF-CMTM1,CKLF-CMTM1 readthrough,100529251.0,19,1,18,5,3.56230552721009,0.188720714577725,2.1984713000156,0.645585812019809,-4.10519450526788,-1.79933128077761,0.0006823367619216,0.226702658072019,8.08043461683904e-05,0.0153481102863217,-2.952262893022745,0.0006823367619216
ENSG00000007264,MATK,megakaryocyte-associated tyrosine kinase,4145.0,26,74,21,26,1.66457200858086,4.76873256589563,0.875828887886833,1.14632825335832,1.485750643108,0.329746280623768,0.0006835614569859,0.972530309644246,8.10490081996925e-05,0.600301102075992,0.907748461865884,0.0006835614569859
ENSG00000125304,TM9SF2,transmembrane 9 superfamily member 2,9375.0,2444,1391,3890,3166,116.32624924932,66.6416378459164,120.613760066343,103.775263170956,-0.831904157673835,-0.273707387301774,0.0006873738010768,0.711683165821761,8.15949858501061e-05,0.187422012622278,-0.5528057724878045,0.0006873738010768
ENSG00000106443,PHF14,PHD finger protein 14,9678.0,5,30,18,13,0.0942719512368076,0.569345319973651,0.221083193147964,0.168796039868933,2.53676670678688,-0.442463871682836,0.000690016552032,0.932996297218498,8.22229622660893e-05,0.504731259469492,1.047151417552022,0.000690016552032
ENSG00000184967,NOC4L,nucleolar complex associated 4 homolog,79050.0,14,50,52,48,1.83610025897004,6.6005537054041,4.44265338943746,4.33526852618134,1.80854684135531,-0.0918556141966147,0.000690016552032,1.0,8.23110766839868e-05,0.806820722680751,0.8583456135793477,0.000690016552032
ENSG00000139266,MARCHF9,membrane associated ring-CH-type finger 9,92979.0,24,70,33,45,1.58795027392014,4.66192954018052,1.42236261305954,2.05042826459938,1.52062604653426,0.469321694493257,0.0006976780873044,0.810684017831201,8.34854554258819e-05,0.290669389865144,0.9949738705137585,0.0006976780873044
ENSG00000170558,CDH2,cadherin 2,1000.0,70,24,127,157,4.0018585704785,1.38107399066893,4.72974959549105,6.18115675978793,-1.55817380160285,0.329035915061001,0.0006976780873044,0.765705796335646,8.34854554258819e-05,0.236755968332831,-0.6145689432709245,0.0006976780873044
ENSG00000106591,MRPL32,mitochondrial ribosomal protein L32,64983.0,24,70,52,56,1.89343445407273,5.55877482992341,2.67247166368781,3.042520198541,1.52062604653426,0.130005715128626,0.0006976780873044,1.0,8.34854554258819e-05,0.816357258643734,0.825315880831443,0.0006976780873044
ENSG00000234851,RPL23AP42,ribosomal protein L23a pseudogene 42,647099.0,8,37,19,13,4.49975435016011,20.9479993181275,6.96182578338273,5.03556933375451,2.17328847300782,-0.519938407103304,0.0007003117621945,0.88536701287707,8.39026772371287e-05,0.412429951851715,0.826675032952258,0.0007003117621945
ENSG00000169991,IFFO2,intermediate filament family orphan 2,126917.0,35,92,51,50,1.50061600708831,3.97037352520569,1.42443435015576,1.47631130018448,1.37230131742951,-0.0051646192838198,0.0007006130877403,1.0,8.42961818874328e-05,1.0,0.6835683490728451,0.0007006130877403
ENSG00000070501,POLB,DNA polymerase beta,5423.0,697,382,936,622,44.971104979025,24.8088225096835,39.341178090586,27.6374248408593,-0.88620742293069,-0.566108865301595,0.0007006130877403,0.167624354333942,8.42784330028274e-05,0.0094916282843224,-0.7261581441161424,0.0007006130877403
ENSG00000164163,ABCE1,ATP binding cassette subfamily E member 1,6059.0,15,52,27,18,0.635408628155604,2.21721190027389,0.7450687432656,0.525098482344478,1.76630130052615,-0.558384950983959,0.0007006130877403,0.802473156664851,8.41695335526136e-05,0.28106881043614,0.6039581747710956,0.0007006130877403
ENSG00000196810,CTBP1-DT,CTBP1 divergent transcript,,35,92,32,35,1.18571691915584,3.13720434939207,0.706209706603476,0.816558729755489,1.37230131742951,0.152106390473237,0.0007006130877403,1.0,8.42961818874328e-05,0.832868438162591,0.7622038539513735,0.0007006130877403
ENSG00000225864,,,,2,22,8,3,0.534657996701668,5.91985079047746,1.39317858366276,0.55229833645852,3.36191065219292,-1.35576769623278,0.0007034070730895,0.767788479238095,8.47348704137157e-05,0.239199515285152,1.00307147798007,0.0007034070730895
ENSG00000204209,DAXX,death domain associated protein,1616.0,870,482,1321,1139,74.7350980895391,41.6768035650431,73.9228845994383,67.3806955230457,-0.870651108089061,-0.190451549071897,0.0007089800510282,0.87004413345428,8.5457878181075e-05,0.373116757033849,-0.530551328580479,0.0007089800510282
ENSG00000196950,SLC39A10,solute carrier family 39 member 10,57181.0,21,64,17,23,0.804305881838833,2.46731121305376,0.424152081808706,0.606647196901309,1.58317020487651,0.456592538650122,0.00071412847875,0.916742215921126,8.61304935382111e-05,0.471159265148481,1.019881371763316,0.00071412847875
ENSG00000121486,TRMT1L,tRNA methyltransferase 1 like,81627.0,240,119,429,357,12.9388540837937,6.45763573343524,15.0665076790752,13.2543733252375,-1.03013408663913,-0.24158457252678,0.0007149771635498,0.811415249722691,8.63353836984601e-05,0.296341394721405,-0.635859329582955,0.0007149771635498
ENSG00000165118,QNG1,Q-nucleotide N-glycosylase 1,84267.0,56,17,72,72,5.38696081789321,1.64606401048349,4.51189534774443,4.76973988174635,-1.73128929247153,0.0233512095837297,0.0007149771635498,1.0,8.63370616529763e-05,0.949415976650762,-0.8539690414439002,0.0007149771635498
ENSG00000140262,TCF12,transcription factor 12,6938.0,34,90,48,48,0.953565876607348,2.54071705196372,0.876968013811008,0.927084736701916,1.38230640284692,0.0233309925299243,0.0007154994890044,1.0,8.64522775666388e-05,1.0,0.7028186976884222,0.0007154994890044
ENSG00000004487,KDM1A,lysine demethylase 1A,23028.0,20,62,27,36,0.97398175502087,3.03916671347356,0.856555132423357,1.20734040756705,1.60742314978086,0.436671833358025,0.0007164524141752,0.87004413345428,8.66196294357048e-05,0.379696659656846,1.0220474915694424,0.0007164524141752
ENSG00000112249,ASCC3,activating signal cointegrator 1 complex subunit 3,10973.0,19,60,24,19,0.429080019601727,1.36388561775633,0.353074753152279,0.29549130159911,1.63374691716206,-0.3118144873474,0.000717912275113,0.965239017950147,8.68484460492416e-05,0.580767216973964,0.66096621490733,0.000717912275113
ENSG00000105939,ZC3HAV1,"zinc finger CCCH-type containing, antiviral 1",56829.0,7415,4275,8748,5430,238.369654418941,138.330497568298,183.197404951354,120.211509415,-0.813343449874947,-0.664597113378163,0.0007271303077732,0.0476095372072646,8.81755452656059e-05,0.0013026129693264,-0.738970281626555,0.0007271303077732
ENSG00000111913,RIPOR2,RHO family interacting cell polarization regulator 2,9750.0,30552,17687,38415,28668,857.862070757409,499.889489438716,702.666728852442,554.346903769883,-0.807412536632148,-0.398835238008851,0.0007328117063464,0.419260891084677,8.90247131962932e-05,0.0516361249040303,-0.6031238873204995,0.0007328117063464
ENSG00000100934,SEC23A,"SEC23 homolog A, COPII coat complex component",10484.0,267,135,389,336,8.1679504591958,4.15697689483533,7.7521499830169,7.0786024203469,-1.00204673780141,-0.187852179064677,0.0007354522126526,0.896382407934999,8.94526849524268e-05,0.427186303185114,-0.5949494584330435,0.0007354522126526
ENSG00000164022,AIMP1,aminoacyl tRNA synthetase complex interacting multifunctional protein 1,9255.0,32,85,52,68,0.985645529089833,2.63531001329586,1.04338563500333,1.44240128269065,1.38709744888108,0.409551088424875,0.0007448443526438,0.778637941053786,9.0866451415664e-05,0.250663958953461,0.8983242686529775,0.0007448443526438
ENSG00000136485,DCAF7,DDB1 and CUL4 associated factor 7,10238.0,681,374,970,826,27.4517024415742,15.1752474539218,25.4720932957529,22.9302414324156,-0.883233810691171,-0.208422086618987,0.0007453234370938,0.847579921487032,9.09996015542273e-05,0.338829524022999,-0.545827948655079,0.0007453234370938
ENSG00000229132,EIF4A1P10,eukaryotic translation initiation factor 4A1 pseudogene 10,100421533.0,9,39,38,27,1.96077905944991,8.55249376499564,5.39312490785077,4.05094478854732,2.08151394924567,-0.467814694662264,0.000751850379225,0.802473156664851,9.19403101836188e-05,0.281075803642738,0.806849627291703,0.000751850379225
ENSG00000164466,SFXN1,sideroflexin 1,94081.0,31,83,40,35,1.10876389338949,2.98811619886068,0.931983243154986,0.862088465868493,1.39842111879015,-0.168689474418441,0.0007609777125716,1.0,9.31119063844715e-05,0.694173566655949,0.6148658221858545,0.0007609777125716
ENSG00000136536,MARCHF7,membrane associated ring-CH-type finger 7,64844.0,3249,1865,6208,5281,136.885328944193,79.0911767632598,170.384322788486,153.225049152031,-0.819617406148901,-0.209921080421129,0.0007620959228874,0.823896707598759,9.33110529393113e-05,0.309112676779618,-0.514769243285015,0.0007620959228874
ENSG00000241666,,,,0,6,9,46,0.0,0.634155457070929,0.61562424631828,3.32634059529636,5.60551308261821,2.36085229532466,0.0887944411937306,0.0007624233720216,0.0336166099694965,6.2229571247942e-06,3.983182688971435,0.0007624233720216
ENSG00000155827,RNF20,ring finger protein 20,56254.0,547,297,1005,856,30.8851026084879,16.8795234016204,36.9656643300257,33.2844891747952,-0.899633840326775,-0.208092982792465,0.0007734108022222,0.846623180004263,9.49150117287795e-05,0.336649467930726,-0.5538634115596199,0.0007734108022222
ENSG00000158555,GDPD5,glycerophosphodiester phosphodiesterase domain containing 5,81544.0,30,81,36,69,0.802391834525018,2.18068167042548,0.627246834310357,1.27092740867229,1.41039945723729,0.959540118467582,0.0007766734690841,0.162066805621964,9.53720154064171e-05,0.0088344243262811,1.184969787852436,0.0007766734690841
ENSG00000151612,ZNF827,zinc finger protein 827,152485.0,6,32,15,10,0.0831218022378319,0.446226838380297,0.135371016878542,0.0954047746048203,2.37230413187275,-0.555862537741005,0.000799351750016,0.90933239592097,9.82733130940854e-05,0.451617860239135,0.9082207970658724,0.000799351750016
ENSG00000259070,LINC00639,long intergenic non-protein coding RNA 639,283547.0,41,10,88,93,1.14915832966491,0.282122693290653,1.60675409865719,1.79508645729393,-2.04078832734631,0.102976628715887,0.0008007960720917,1.0,9.86843140873861e-05,0.746932139423738,-0.9689058493152115,0.0008007960720917
ENSG00000105364,MRPL4,mitochondrial ribosomal protein L4,51073.0,10,41,12,20,0.649321170013913,2.67969538177239,0.507588226621249,0.894326227827441,2.00339922316063,0.754202571149199,0.0008007960720917,0.778637941053786,9.86843140873861e-05,0.250096585496462,1.3788008971549144,0.0008007960720917
ENSG00000120963,ZNF706,zinc finger protein 706,51123.0,70,157,85,76,2.50840154410894,5.66292331159707,1.98421476387855,1.87550843179178,1.14509678383833,-0.137857199953039,0.0008015105402604,1.0,9.88307705961697e-05,0.725221437002433,0.5036197919426455,0.0008015105402604
ENSG00000131355,ADGRE3,adhesion G protein-coupled receptor E3,84658.0,3474,2000,4962,3759,324.406990415355,187.988981105623,301.847707214725,241.734771675109,-0.815398044833425,-0.377170123622504,0.0008042230776644,0.476299258697717,9.92238500572799e-05,0.0685695590140772,-0.5962840842279645,0.0008042230776644
ENSG00000272316,,,,0,15,9,3,0.0,0.7473721123832,0.290212999525602,0.102266003630492,6.90955209764175,-1.52320472576875,0.0008059798523813,0.674895869987875,9.96168072903945e-05,0.157928191118719,2.6931736859365003,0.0008059798523813
ENSG00000170677,SOCS6,suppressor of cytokine signaling 6,9306.0,0,15,6,4,0.0,0.685037771103765,0.177338582344125,0.124982052047815,6.90955209764175,-0.547517098327555,0.0008059798523813,1.0,9.96168072903945e-05,0.759851386238297,3.1810174996570977,0.0008059798523813
ENSG00000256039,LINC02446,long intergenic non-protein coding RNA 2446,101060038.0,0,15,3,6,0.0,3.03025420111734,0.39222726602551,0.829284320349082,6.90955209764175,0.993538948598751,0.0008059798523813,0.937365369730268,9.96168072903945e-05,0.517393651190423,3.9515455231202505,0.0008059798523813
ENSG00000138835,RGS3,regulator of G protein signaling 3,5998.0,1054,592,1314,1157,20.2442457321412,11.4452347467127,16.4409567262603,15.3038520192601,-0.850908651517644,-0.160168416793893,0.0008072484670689,0.911774324152189,9.98324332178953e-05,0.454226007863603,-0.5055385341557685,0.0008072484670689
ENSG00000071564,TCF3,transcription factor 3,6929.0,28,77,32,50,1.21803695340541,3.37159318009377,0.90682428664026,1.49788629291296,1.43656314563683,0.665150952299789,0.0008072557476892,0.591680287478342,9.98921629191366e-05,0.112799565081136,1.0508570489683096,0.0008072557476892
ENSG00000204628,RACK1,receptor for activated C kinase 1,10399.0,679,1236,1197,1466,31.3384568591105,57.4206775169217,35.9892432875114,46.59595452944,0.845238804283889,0.315823839929183,0.000810873671704,0.637090041047033,0.0001004580412401,0.137681288581986,0.580531322106536,0.000810873671704
ENSG00000185813,PCYT2,"phosphate cytidylyltransferase 2, ethanolamine",5833.0,27,75,35,44,1.03710627937846,2.89976478575822,0.875786558908635,1.1639078180338,1.45088955585575,0.352415048778231,0.0008228718091751,0.905771784492806,0.0001021243762589,0.446417036767588,0.9016523023169905,0.0008228718091751
ENSG00000172009,THOP1,thimet oligopeptidase 1,7064.0,4,27,7,19,0.142796408767377,0.9702040131862,0.162789378703486,0.467107998795198,2.69864651700599,1.44760796184605,0.0008336560151911,0.370364564771489,0.0001036078236025,0.0397031245284113,2.07312723942602,0.0008336560151911
ENSG00000130204,TOMM40,translocase of outer mitochondrial membrane 40,10452.0,4,27,10,17,0.293543531707121,1.99442769580465,0.478060933659902,0.85914774462758,2.69864651700599,0.781344073938084,0.0008336560151911,0.802389476259817,0.0001036078236025,0.278164024090362,1.739995295472037,0.0008336560151911
ENSG00000132382,MYBBP1A,MYB binding protein 1a,10514.0,11,43,22,31,0.469797422379888,1.84853811011253,0.612084464795573,0.911771572590801,1.93601279125544,0.515675084428193,0.0008360863858901,0.840847896853439,0.0001041909138516,0.328630467193193,1.2258439378418164,0.0008360863858901
ENSG00000249859,PVT1,Pvt1 oncogene,5820.0,11,43,8,15,0.116766975638997,0.459449529071122,0.0553207507476779,0.109654135398965,1.93601279125544,0.919610590625116,0.0008360863858901,0.76465406589936,0.0001041909138516,0.235318226797452,1.427811690940278,0.0008360863858901
ENSG00000157978,LDLRAP1,low density lipoprotein receptor adaptor protein 1,26119.0,64,144,91,103,3.14157390983941,7.11494927488584,2.90990915909976,3.48185708710583,1.14954883907936,0.20183683393517,0.0008421166964871,0.933530890016474,0.0001050037653177,0.506412592499464,0.675692836507265,0.0008421166964871
ENSG00000148634,HERC4,HECT and RLD domain containing E3 ubiquitin protein ligase 4,26091.0,812,452,1148,1008,13.5746517537029,7.60594378138722,12.5021667580492,11.6048520780345,-0.863815527601166,-0.16421616247599,0.0008460789220871,0.905695321012287,0.0001055594749025,0.44578532270201,-0.514015845038578,0.0008460789220871
ENSG00000237094,,,,597,327,379,234,25.4930775801594,14.0552216136932,10.5428463704729,6.88129542417323,-0.887024855676988,-0.672012949846767,0.0008476620672659,0.111552415276477,0.0001058805409775,0.0049020628488351,-0.7795189027618774,0.0008476620672659
ENSG00000094880,CDC23,cell division cycle 23,8697.0,25,71,49,36,1.43480847793369,4.101609239294,1.8319800380221,1.42286217876186,1.48245709564917,-0.420138300140425,0.0008511637307191,0.800955396185182,0.0001064419881878,0.275390435738354,0.5311593977543725,0.0008511637307191
ENSG00000153989,NUS1,NUS1 dehydrodolichyl diphosphate synthase subunit,116150.0,25,71,74,83,1.38095828485027,3.94767061062993,2.6628273106319,3.15736690775109,1.48245709564917,0.188676674666339,0.0008511637307191,0.954034099929677,0.0001064419881878,0.55067120101684,0.8355668851577546,0.0008511637307191
ENSG00000197782,ZNF780A,zinc finger protein 780A,284323.0,149,69,102,78,4.95152189757725,2.30804108243659,2.2081233942831,1.78506258620048,-1.12805720267712,-0.363121167969563,0.0008627823897719,0.778637941053786,0.0001080207073041,0.255938651853511,-0.7455891853233415,0.0008627823897719
ENSG00000130844,ZNF331,zinc finger protein 331,55422.0,24,69,15,28,0.723751041181131,2.09444547628736,0.294672732586041,0.581490200722862,1.4999049990613,0.918161066704386,0.0008659499206147,0.549541499050864,0.0001084803901426,0.0951860473502159,1.209033032882843,0.0008659499206147
ENSG00000122188,LAX1,lymphocyte transmembrane adaptor 1,54900.0,13,47,10,15,1.03237394656888,3.75693386565387,0.517326130249474,0.820335208978408,1.82545041986304,0.602163939014152,0.0008888787237576,0.90933239592097,0.0001118709776949,0.451617860239135,1.213807179438596,0.0008888787237576
ENSG00000155657,TTN,titin,7273.0,13,47,17,28,0.0289470102016692,0.105341677109848,0.0246592585888819,0.042936318361269,1.82545041986304,0.739003508832162,0.0008888787237576,0.704002294224312,0.0001118709776949,0.177052318712148,1.282226964347601,0.0008888787237576
ENSG00000128944,KNSTRN,kinetochore localized astrin (SPAG5) binding protein,90417.0,34,7,59,65,2.46507478665381,0.51084745152936,2.78659546415497,3.2454203013114,-2.2785068500713,0.162787763095558,0.0008919444795975,1.0,0.000112451825514,0.674187059914243,-1.057859543487871,0.0008919444795975
ENSG00000137824,RMDN3,regulator of microtubule dynamics 3,55177.0,14,49,17,18,0.725248831270918,2.55503639327688,0.573691816556671,0.642152113528033,1.77947439532483,0.105102727400936,0.0009058143640464,1.0,0.0001142664818659,0.999999999999999,0.942288561362883,0.0009058143640464
ENSG00000270574,,,,136,61,155,170,17.01914647224,7.68370550382516,12.6357579324231,14.6505590841075,-1.17390914560758,0.156537682616737,0.0009125081082233,0.967297453799717,0.0001152438822001,0.584191873717685,-0.5086857314954215,0.0009125081082233
ENSG00000196329,GIMAP5,"GTPase, IMAP family member 5",55340.0,16,53,40,30,0.70283014389833,2.34340998076791,1.1446194465344,0.907523879009109,1.70134748672718,-0.390233366744309,0.0009232084208382,0.856586723804079,0.0001167298214658,0.35469822617899,0.6555570599914355,0.0009232084208382
ENSG00000236008,LINC01814,long intergenic non-protein coding RNA 1814,101929567.0,55,17,21,21,1.07756005436416,0.335250723626056,0.268020998230714,0.283337787310513,-1.70535212270958,0.0232533393046869,0.0009243208941926,1.0,0.0001170052028285,1.0,-0.8410493917024465,0.0009243208941926
ENSG00000182307,C8orf33,chromosome 8 open reading frame 33,65265.0,17,55,26,29,1.03461788082162,3.36926954592417,1.03080172830963,1.21544543161662,1.66785340544497,0.180112606091289,0.0009243208941926,1.0,0.0001170052028285,0.811669760034083,0.9239830057681295,0.0009243208941926
ENSG00000137801,THBS1,thrombospondin 1,7057.0,85,87,18,66,2.45888383665457,2.53326339416405,0.339205060812627,1.31482947493652,0.0146917298652225,1.89050380481729,1.0,0.0009246132981362,1.0,7.81629081648507e-06,0.9525977673412562,0.0009246132981362
ENSG00000127946,HIP1,huntingtin interacting protein 1,3092.0,5283,3072,1286,911,156.291279330304,91.47814625497,24.7836824352736,18.5600405901019,-0.800993494894595,-0.473920958563404,0.0009369686774087,0.30088427699734,0.0001186745052715,0.0271359691697101,-0.6374572267289995,0.0009369686774087
ENSG00000103226,NOMO3,NODAL modulator 3,408050.0,105,44,151,152,3.37665925265793,1.42427097192599,3.16333813483065,3.36626215980496,-1.27123920678514,0.0328873884544175,0.0009390904214521,1.0,0.0001190801146572,0.942321670818047,-0.6191759091653612,0.0009390904214521
ENSG00000120837,NFYB,nuclear transcription factor Y subunit beta,4801.0,92,37,218,176,4.97508051390942,2.01398401282671,7.67961611699672,6.55437617552897,-1.32999666624769,-0.285178678818958,0.0009602707993176,0.787455869048294,0.0001221157662738,0.265467686435297,-0.807587672533324,0.0009602707993176
ENSG00000133055,MYBPH,myosin binding protein H,4608.0,78,29,31,41,11.3663349364812,4.25369016570486,2.94278322804618,4.11449096234803,-1.44231021104147,0.425251071636049,0.0009742068665858,0.864847963086615,0.0001239589847732,0.3632676554919,-0.5085295697027106,0.0009742068665858
ENSG00000138614,INTS14,integrator complex subunit 14,81556.0,8,36,25,23,0.503416698082046,2.28024829195718,1.02482183522105,0.99671702160721,2.13389591263519,-0.096399888599756,0.0009778220591923,1.0,0.0001245615041151,0.897141131355876,1.018748012017717,0.0009778220591923
ENSG00000268001,CARD8-AS1,CARD8 antisense RNA 1,100505812.0,729,407,1163,865,98.0847609139554,55.1201546303802,101.935264891099,80.1487080560844,-0.859529321934502,-0.403636843345972,0.0009803823527851,0.44978516066111,0.0001249590974363,0.0604874313428029,-0.631583082640237,0.0009803823527851
ENSG00000137337,MDC1,mediator of DNA damage checkpoint 1,9656.0,48,114,68,75,1.66836864255477,3.9883902054066,1.53967984774118,1.79522320726317,1.22695172376821,0.164459589950353,0.0009844952705273,0.975677428434982,0.0001256985653668,0.609882169744448,0.6957056568592814,0.0009844952705273
ENSG00000111058,ACSS3,acyl-CoA synthetase short chain family member 3,79611.0,187,91,142,112,2.68294654683897,1.31417685581087,1.32717896459647,1.10661065006235,-1.05690376269514,-0.318683939983841,0.0009844952705273,0.782297453560084,0.0001256540429341,0.260651796944811,-0.6877938513394906,0.0009844952705273
ENSG00000275835,TUBGCP5,tubulin gamma complex associated protein 5,114791.0,3,24,10,11,0.124650111683976,1.00374794114803,0.270671262627391,0.314753459103635,2.93018701174282,0.158999376519713,0.0009871159382357,1.0,0.0001261051041923,1.0,1.5445931941312665,0.0009871159382357
ENSG00000118961,LDAH,lipid droplet associated hydrolase,60526.0,5,29,8,10,0.298807847243037,1.74446395697077,0.311445968059959,0.411555493969768,2.48806485716534,0.34054961990041,0.0010029731121268,1.0,0.000128569428963,0.822369736464699,1.414307238532875,0.0010029731121268
ENSG00000232160,RAP2C-AS1,RAP2C antisense RNA 1,101928578.0,5,29,8,11,0.226082127808224,1.31988542776096,0.235644303876053,0.342527403182246,2.48806485716534,0.476446028130677,0.0010029731121268,0.994297199514418,0.000128569428963,0.662502499282927,1.4822554426480086,0.0010029731121268
ENSG00000106635,BCL7B,BAF chromatin remodeling complex subunit BCL7B,9275.0,239,454,405,473,19.6026643747358,37.4813361743157,21.6392875559585,26.7168193113082,0.906492534353789,0.247239329908384,0.0010052493525513,0.802473156664851,0.0001291542492747,0.282463438619708,0.5768659321310865,0.0010052493525513
ENSG00000189221,MAOA,monoamine oxidase A,4128.0,0,0,5,35,0.0,0.0,0.156096234670066,1.1551174505586,0.0,2.79993921178925,1.0,0.0010058299722053,1.0,8.72276393327801e-06,1.399969605894625,0.0010058299722053
ENSG00000164008,C1orf50,chromosome 1 open reading frame 50,79078.0,27,74,43,42,1.35318237019926,3.73307138813396,1.40388571191878,1.44960028755685,1.43155688113132,-0.0105246269558792,0.0010141419504862,1.0,0.000130740206268,1.0,0.7105161270877204,0.0010141419504862
ENSG00000127951,FGL2,fibrinogen like 2,10875.0,14876,10787,40048,20897,855.622037310422,624.508680402918,1500.53923619354,827.725136194886,-0.482527654978297,-0.915038584824778,0.0570216653012917,0.0010353703148401,0.0189293091652379,9.20530377572531e-06,-0.6987831199015375,0.0010353703148401
ENSG00000116106,EPHA4,EPH receptor A4,2043.0,34,88,28,39,1.19239916209068,3.10647187363684,0.639692867015394,0.941919442493397,1.34993069739194,0.499540058438358,0.0010381050374401,0.810295331515593,0.0001342833727923,0.290234772948487,0.924735377915149,0.0010381050374401
ENSG00000085721,RRN3,"RRN3 homolog, RNA polymerase I transcription factor",54700.0,46,110,73,69,2.9322569102072,7.05795492464288,3.03136183463412,3.02900288327696,1.23671794786513,-0.0578065371740657,0.0010390087657431,1.0,0.000134475992418,0.948913301409529,0.5894557053455322,0.0010390087657431
ENSG00000196911,KPNA5,karyopherin subunit alpha 5,3841.0,9,38,26,25,0.208820050472157,0.887473292042072,0.392983002568912,0.399462582056398,2.04416132411264,-0.0330298390532576,0.001039279538384,1.0,0.0001345867759589,0.999999999999999,1.0055657425296913,0.001039279538384
ENSG00000107175,CREB3,cAMP responsive element binding protein 3,10488.0,127,256,215,227,20.5781197219822,41.752640148484,22.6940057284485,25.3299443169622,0.991774689987639,0.101689838583093,0.0010420740347518,1.0,0.0001350246052899,0.690788345409318,0.546732264285366,0.0010420740347518
ENSG00000204516,MICB,MHC class I polypeptide-related sequence B,4277.0,485,265,946,690,45.9212555834,25.2557283667106,58.3490626198922,44.9911936486743,-0.890516418544537,-0.431785020505347,0.0010562719643939,0.407862286130142,0.0001370182259598,0.0481516472475462,-0.661150719524942,0.0010562719643939
ENSG00000167699,GLOD4,glyoxalase domain containing 4,51031.0,25,70,50,49,1.18205888526538,3.33149489182274,1.54006779449602,1.59551757511389,1.46202945002228,-0.005740101193244,0.0010594564440859,1.0,0.0001375085211279,1.0,0.7281446744145179,0.0010594564440859
ENSG00000121289,CEP89,centrosomal protein 89,84902.0,68,24,84,81,1.95112818594888,0.693154648842176,1.57009853268741,1.60054658167666,-1.51642876771346,-0.0290316769472866,0.001081351238291,1.0,0.0001408231061671,1.0,-0.7727302223303734,0.001081351238291
ENSG00000058804,NDC1,NDC1 transmembrane nucleoporin,55706.0,1,18,11,13,0.0561277621537451,1.0169327657987,0.402199145670227,0.502490075465757,3.99225657781232,0.261661039090698,0.0010917922201558,1.0,0.0001428193437676,0.847719367870117,2.126958808451509,0.0010917922201558
ENSG00000230207,RPL4P5,ribosomal protein L4 pseudogene 5,158345.0,1,18,4,12,0.207619935239558,3.76169487035256,0.541003125552428,1.7157606627912,3.99225657781232,1.57843552424466,0.0010917922201558,0.530241149117355,0.0001428193437676,0.0884894498964249,2.78534605102849,0.0010917922201558
ENSG00000108691,CCL2,C-C motif chemokine ligand 2,6347.0,1,18,5,2,0.133395285682617,2.41687948367063,0.434491432656658,0.183728651034036,3.99225657781232,-1.24767078679902,0.0010917922201558,0.913225093548511,0.0001428193437676,0.46116766880484,1.37229289550665,0.0010917922201558
ENSG00000134531,EMP1,epithelial membrane protein 1,2012.0,1,18,0,0,0.0338214014254662,0.61278215939868,0.0,0.0,3.99225657781232,0.0,0.0010917922201558,1.0,0.0001428193437676,1.0,1.99612828890616,0.0010917922201558
ENSG00000211677,IGLC2,immunoglobulin lambda constant 2,3538.0,10,40,30,55,5.73426487804495,23.0876510561321,11.2064933150146,21.7193512472378,1.96788565007886,0.895062208675735,0.0010917922201558,0.307091747704352,0.0001426244407483,0.0280175573626653,1.4314739293772976,0.0010917922201558
ENSG00000180530,NRIP1,nuclear receptor interacting protein 1,8204.0,76,165,101,140,2.36955994348493,5.17821478171399,2.05138045218003,3.00599706564102,1.09829945688959,0.493941529314783,0.0010961701516328,0.50932782969203,0.0001434719131564,0.0818305333416399,0.7961204931021866,0.0010961701516328
ENSG00000092964,DPYSL2,dihydropyrimidinase like 2,1808.0,2,21,15,40,0.0726214466462929,0.767531491730378,0.354810849200708,1.0002332811228,3.2951870574969,1.43082490866379,0.001096697751556,0.0921261620396485,0.0001437008130956,0.0034978669598205,2.363005983080345,0.001096697751556
ENSG00000277151,,,,21,2,12,15,1.04870570870485,0.100532467369774,0.390378881171479,0.515860180424499,-3.33164634322385,0.34212491448954,0.001096697751556,1.0,0.0001437008130956,0.718866525298678,-1.4947607143671549,0.001096697751556
ENSG00000145287,PLAC8,placenta associated 8,51316.0,23,66,83,65,1.58142482725423,4.56779558787685,3.71765890351716,3.07780061795792,1.49697170108869,-0.328719254988495,0.0010981075086535,0.856586723804079,0.0001440455848692,0.350025892744651,0.5841262230500975,0.0010981075086535
ENSG00000076043,REXO2,RNA exonuclease 2,25996.0,23,66,31,31,1.64726408743189,4.75796604490119,1.44633141621735,1.52898595965957,1.49697170108869,0.0232978082794424,0.0010981075086535,1.0,0.0001440455848692,1.0,0.7601347546840662,0.0010981075086535
ENSG00000114480,GBE1,"1,4-alpha-glucan branching enzyme 1",2632.0,219,110,243,192,12.4743378161865,6.30678578086773,9.01675753245486,7.53149208590522,-1.01143548101139,-0.316274863753966,0.0011140970994226,0.744796175510418,0.0001465489917255,0.215476875933609,-0.663855172382678,0.0011140970994226
ENSG00000110395,CBL,Cbl proto-oncogene,867.0,3612,2111,2812,2334,81.5078373905302,47.9492557438812,41.3368783396971,36.2709465769034,-0.793674406522866,-0.245388297255491,0.0011295954675509,0.768253871195381,0.000148829070104,0.23996137749734,-0.5195313518891785,0.0011295954675509
ENSG00000105281,SLC1A5,solute carrier family 1 member 5,6510.0,11,42,17,28,0.874595861651394,3.36129037434864,0.88051018903686,1.53313067627561,1.90216566890649,0.739003508832162,0.0011295954675509,0.704002294224312,0.0001488346163337,0.177052318712148,1.320584588869326,0.0011295954675509
ENSG00000178921,PFAS,phosphoribosylformylglycinamidine synthase,5198.0,6,31,13,25,0.245640275721536,1.27747387739887,0.346706840004005,0.704846818408275,2.32668269229578,0.960028351631309,0.0011401539736561,0.564028795458772,0.0001506412442966,0.100087117562822,1.6433555219635445,0.0011401539736561
ENSG00000114544,SLC41A3,solute carrier family 41 member 3,54946.0,6,31,10,14,0.241131405369245,1.25402510021967,0.261802179992756,0.387469008900966,2.32668269229578,0.503472820635603,0.0011401539736561,0.95460501357024,0.0001506412442966,0.564053159162477,1.4150777564656916,0.0011401539736561
ENSG00000261556,SMG1P7,SMG1 pseudogene 7,,6,31,7,10,0.352525665157254,1.83334075419119,0.267921929332129,0.404618652643154,2.32668269229578,0.530002168437661,0.0011401539736561,0.986959072614357,0.0001506412442966,0.643094748267033,1.4283424303667207,0.0011401539736561
ENSG00000281026,N4BP2L2-IT2,N4BPL2 intronic transcript 2,116828.0,289,151,422,384,15.6570056848017,8.23435947330208,14.8934066984901,14.3267769699571,-0.95477863221207,-0.112709932671428,0.0011419448705867,0.981876444361395,0.0001509610840434,0.626687121710174,-0.533744282441749,0.0011419448705867
ENSG00000228382,ITPKB-IT1,ITPKB intronic transcript 1,100506443.0,79,30,132,85,24.0562298297568,9.19525412752847,26.1845512767375,17.8248468856642,-1.41195786177618,-0.610885163542349,0.0011509347640319,0.359927165147161,0.0001524011416882,0.0376661863541264,-1.0114215126592645,0.0011509347640319
ENSG00000185009,AP3M1,adaptor related protein complex 3 subunit mu 1,26985.0,346,184,680,626,15.5046297240399,8.29937009886535,19.8502026378269,19.3181726316772,-0.929437301197967,-0.0959619522692404,0.0011509347640319,0.996250880948999,0.0001522811181118,0.664893278511218,-0.5126996267336037,0.0011509347640319
ENSG00000233355,CHRM3-AS2,CHRM3 antisense RNA 2,100506915.0,30,79,22,38,0.846129151599095,2.24276878592225,0.404211640064616,0.73808335123159,1.37438684552599,0.808347209130458,0.0011509347640319,0.530241149117355,0.0001524011416882,0.0880126988394008,1.091367027328224,0.0011509347640319
ENSG00000138821,SLC39A8,solute carrier family 39 member 8,64116.0,12,44,21,20,0.490598217343846,1.81067041153184,0.55928702748082,0.563094291595055,1.84489585334152,-0.0467126577818451,0.0011572615029961,1.0,0.0001534075698841,1.0,0.8990915977798375,0.0011572615029961
ENSG00000281103,TRG-AS1,T cell receptor gamma locus antisense RNA 1,100506776.0,13,46,46,37,0.464401225155582,1.65405461247613,1.07048002485927,0.910244655830842,1.79450725434036,-0.289837211088999,0.0011797358016488,0.913225093548511,0.0001565422532009,0.460803763538842,0.7523350216256804,0.0011797358016488
ENSG00000120685,PROSER1,proline and serine rich 1,80209.0,69,152,101,130,2.49415876357371,5.53045165699898,2.37830259273757,3.23612110274031,1.11916308171248,0.387124518019778,0.0011797358016488,0.706010076039808,0.0001565587301269,0.178254611051974,0.753143799866129,0.0011797358016488
ENSG00000224032,EPB41L4A-AS1,EPB41L4A antisense RNA 1,,18,56,22,34,1.22178187870412,3.82605500976332,0.97277989626619,1.5893022588294,1.6119090133841,0.648434422670432,0.0011814143010775,0.714131068269656,0.0001569536708106,0.193121729605831,1.1301717180272661,0.0011814143010775
ENSG00000186815,TPCN1,two pore segment channel 1,53373.0,29,77,28,50,0.88024382259448,2.3525438206658,0.553648019871023,1.04515668238312,1.38615675473699,0.856987838211952,0.0011824969721582,0.384277820253182,0.0001572407123251,0.04239442165874,1.121572296474471,0.0011824969721582
ENSG00000241764,CBLL1-AS1,CBLL1 antisense RNA 1,101927974.0,54,17,108,90,3.617153986788,1.14620993296373,4.71267754273888,4.15166360124193,-1.67894009723741,-0.239338866653157,0.0011886378587575,0.90933239592097,0.0001583828536208,0.45013286580687,-0.9591394819452835,0.0011886378587575
ENSG00000067057,PFKP,"phosphofructokinase, platelet",5214.0,17,54,17,22,0.810891543971283,2.59268418503954,0.528242698932448,0.722674848845797,1.64144216924375,0.392813770707599,0.0011886378587575,0.95460501357024,0.0001583828536208,0.558745667104545,1.0171279699756746,0.0011886378587575
ENSG00000135631,RAB11FIP5,RAB11 family interacting protein 5,26056.0,14,48,25,32,0.525491998175046,1.81351569077921,0.611292140306123,0.82716939859132,1.74980402668598,0.377860912061163,0.0011886378587575,0.926175241741688,0.0001584330741632,0.483808783909373,1.0638324693735715,0.0011886378587575
ENSG00000102760,RGCC,regulator of cell cycle,28984.0,16,52,18,14,4.11530931830177,13.462566237197,3.01596111351654,2.47980165696619,1.67393245434446,-0.336522540552406,0.0011931325250671,0.981876444361395,0.0001591960170775,0.623404369263777,0.668704956896027,0.0011931325250671
ENSG00000087448,KLHL42,kelch like family member 42,57542.0,15,50,28,39,0.523287537593515,1.75574380891708,0.636323402348471,0.936958054858457,1.70985705482783,0.499540058438358,0.0011931325250671,0.810295331515593,0.000159262274617,0.290234772948487,1.104698556633094,0.0011931325250671
ENSG00000197780,TAF13,TATA-box binding protein associated factor 13,6884.0,89,187,194,220,16.8295148647718,35.5930500596623,23.8975870292202,28.6490800177698,1.05128026870007,0.204714655988593,0.0011980216360404,0.888496416711123,0.0001600330606953,0.416169870676561,0.6279974623443315,0.0011980216360404
ENSG00000075303,SLC25A40,solute carrier family 25 member 40,55972.0,148,70,247,240,7.71215765738004,3.67159045611385,8.38459073006539,8.61255155673318,-1.09762911798977,-0.0180756072140816,0.0012105521846105,1.0,0.0001618833449031,0.961050130758528,-0.5578523626019257,0.0012105521846105
ENSG00000167562,ZNF701,zinc finger protein 701,55762.0,399,216,784,693,14.6791128883356,7.99876015203976,18.7894344796778,17.5576569199307,-0.903805760355554,-0.154580326930109,0.0012278064154704,0.926175241741688,0.0001645486079325,0.483647988805909,-0.5291930436428315,0.0012278064154704
ENSG00000239306,RBM14,RNA binding motif protein 14,10432.0,237,121,264,222,15.9478688990768,8.19561766154366,11.5725474273618,10.2875911114679,-0.987975896047781,-0.226469453664196,0.0012285024677612,0.865458599926178,0.0001647314196677,0.364927046616329,-0.6072226748559885,0.0012285024677612
ENSG00000227097,RPS28P7,ribosomal protein S28 pseudogene 7,,4,26,15,21,5.04615309267956,33.0153410102689,12.327142646516,18.2442550476798,2.64445607815357,0.505242086729893,0.0012324744948012,0.903031083872557,0.0001656233033386,0.443644728641456,1.5748490824417316,0.0012324744948012
ENSG00000110944,IL23A,interleukin 23 subunit alpha,51561.0,4,26,13,6,0.899568887489564,5.88558710709377,1.90453307441929,0.929248983752791,2.64445607815357,-1.07649401293741,0.0012324744948012,0.711683165821761,0.0001656233033386,0.186746676621008,0.78398103260808,0.0012324744948012
ENSG00000136630,HLX,H2.0 like homeobox,3142.0,825,497,1297,659,38.8277679564191,23.5443591650502,39.7648349929718,21.3589697573654,-0.749839714918889,-0.953305113818043,0.004199349236279,0.0012366772485735,0.0007271282455472,1.11753373286054e-05,-0.851572414368466,0.0012366772485735
ENSG00000156502,SUPV3L1,Suv3 like RNA helicase,6832.0,27,73,44,46,1.67085307378493,4.54715089651431,1.77377245275727,1.96037311888173,1.4119616182798,0.0872795543044053,0.0012423255109128,1.0,0.0001672187158326,0.930375837824363,0.7496205862921027,0.0012423255109128
ENSG00000144283,PKP4,plakophilin 4,8502.0,348,186,850,593,9.67907790060425,5.20726517206179,15.4008396318678,11.3583656097366,-0.922163339771087,-0.495951240087015,0.0012521264045764,0.286306889417005,0.0001686291791034,0.0240988527384231,-0.709057289929051,0.0012521264045764
ENSG00000237264,FTH1P11,ferritin heavy chain 1 pseudogene 11,,7,33,19,25,3.36562842388337,15.9707045372863,5.95103438107671,8.27779267136107,2.19831987168016,0.416920969221335,0.001256271139258,0.932843177738853,0.0001693704713327,0.49563830492896,1.3076204204507476,0.001256271139258
ENSG00000131844,MCCC2,methylcrotonyl-CoA carboxylase subunit 2,64087.0,7,33,13,12,0.307233476070202,1.45789565938448,0.3716931679367,0.362708847866397,2.19831987168016,-0.0911728874544644,0.001256271139258,1.0,0.0001693704713327,1.0,1.053573492112848,0.001256271139258
ENSG00000065060,BLTP3A,bridge-like lipid transfer protein family member 3A,54887.0,26,71,42,46,0.695195697568389,1.91088294797952,0.73156639848117,0.847028393412667,1.42614786086428,0.154197573395073,0.0012767766969727,1.0,0.0001723211224889,0.790221105570955,0.7901727171296764,0.0012767766969727
ENSG00000104325,DECR1,"2,4-dienoyl-CoA reductase 1",1666.0,1017,583,1218,990,53.372965332982,30.7971793847314,41.6407362140237,35.780135691765,-0.821456207294906,-0.275590535923333,0.001286117542782,0.721597559674062,0.0001736755434175,0.198936275196544,-0.5485233716091195,0.001286117542782
ENSG00000204590,GNL1,G protein nucleolar 1 (putative),2794.0,280,519,250,294,8.57951080989931,16.0071443295664,4.99016877895051,6.20380636597023,0.87117821986026,0.257161086910128,0.0012872368044627,0.811415249722691,0.0001739204952247,0.296063737451593,0.564169653385194,0.0012872368044627
ENSG00000101574,METTL4,"methyltransferase 4, N6-adenosine",64863.0,363,195,418,363,16.8006748014921,9.08440986917776,12.6028020208616,11.569994029189,-0.914897823941741,-0.180083820728123,0.0012892321545137,0.900489978071345,0.000174284043625,0.438260837415568,-0.547490822334932,0.0012892321545137
ENSG00000012048,BRCA1,BRCA1 DNA repair associated,672.0,244,126,420,307,6.94618752602892,3.61051564388449,7.7889102473151,6.01868289236804,-0.971591090580233,-0.428609175885514,0.0012976694914428,0.471824146336565,0.0001756137768262,0.0670175653832503,-0.7001001332328735,0.0012976694914428
ENSG00000109046,WSB1,WD repeat and SOCS box containing 1,26118.0,3655,2150,3930,3059,112.566112714665,66.6500924030923,78.8467087202177,64.8793027096634,-0.784338814864654,-0.338065241319319,0.0013061388723478,0.570528489748979,0.0001769503107196,0.103569921874705,-0.5612020280919865,0.0013061388723478
ENSG00000204394,VARS1,valyl-tRNA synthetase 1,7407.0,25,69,24,56,1.1263734581874,3.12920127707219,0.704408151229488,1.73754809977903,1.44130840254932,1.24141970029306,0.0013085406112205,0.0810351397806525,0.0001774664099607,0.0029191901070724,1.34136405142119,0.0013085406112205
ENSG00000198081,ZBTB14,zinc finger and BTB domain containing 14,7541.0,48,112,93,100,3.06860661041324,7.20709107292772,3.87305495312835,4.40257119876443,1.20144503273225,0.127923265971476,0.0013292282548219,1.0,0.0001804658387066,0.681588852940776,0.6646841493518629,0.0013292282548219
ENSG00000175591,P2RY2,purinergic receptor P2Y2,5029.0,43,103,40,42,3.98171639521989,9.60021813314489,2.41286259421495,2.67828980077788,1.23899700407374,0.0934959030440599,0.0013316219445875,1.0,0.0001808878665435,0.926049402141807,0.6662464535588999,0.0013316219445875
ENSG00000189190,ZNF600,zinc finger protein 600,162966.0,24,67,44,42,0.913003000685847,2.56553399910796,1.09039630532078,1.10031406088821,1.45754811432595,-0.0435956802996531,0.0013429463990216,1.0,0.0001826219195871,0.928287126792764,0.7069762170131485,0.0013429463990216
ENSG00000196453,ZNF777,zinc finger protein 777,27153.0,8,35,16,27,0.668153940392627,2.94236536552377,0.870517009085622,1.55294730859822,2.09339747827107,0.773571167285687,0.0013559544769778,0.68313861253985,0.0001846872844681,0.165414109847926,1.4334843227783785,0.0013559544769778
ENSG00000118418,HMGN3,high mobility group nucleosomal binding domain 3,9324.0,8,35,16,23,2.09012258276668,9.20432242548461,2.72315577201143,4.13824325539088,2.09339747827107,0.543392072279269,0.0013559544769778,0.87004413345428,0.0001846872844681,0.379829854561815,1.3183947752751695,0.0013559544769778
ENSG00000173614,NMNAT1,nicotinamide nucleotide adenylyltransferase 1,64802.0,140,65,192,192,8.04538508268866,3.75988156841457,7.18771354313126,7.59847498732,-1.12424399241156,0.0233765302269121,0.001364317684115,1.0,0.0001859258176136,0.928705845827019,-0.550433731092324,0.001364317684115
ENSG00000227403,LINC01806,long intergenic non-protein coding RNA 1806,100996579.0,0,14,2,1,0.0,1.49930649629581,0.138618471527088,0.0732701005930915,6.81087333383458,-0.896134003143078,0.0013685405920126,1.0,0.0001869999715802,0.999999999999998,2.9573696653457513,0.0013685405920126
ENSG00000251467,,,,14,0,3,5,5.12990667098129,0.0,0.716099572826658,1.26170505170676,-6.82954608969662,0.736334527748061,0.0013685405920126,1.0,0.0001869999715802,0.731885361772456,-3.0466057809742795,0.0013685405920126
ENSG00000259158,ADAM20P1,ADAM metallopeptidase domain 20 pseudogene 1,,14,0,5,11,0.99355009995164,0.0,0.231154563422481,0.537601943542667,-6.82954608969662,1.14115652712587,0.0013685405920126,0.757841540271721,0.0001869999715802,0.227947825272503,-2.844194781285375,0.0013685405920126
ENSG00000205918,PDPK2P,"3-phosphoinositide dependent protein kinase 2, pseudogene",653650.0,14,0,1,0,0.83798520630806,0.0,0.0389923174539594,0.0,-6.82954608969662,-3.15957546365816,0.0013685405920126,1.0,0.0001869999715802,0.999999999999998,-4.99456077667739,0.0013685405920126
ENSG00000154144,TBRG1,transforming growth factor beta regulator 1,84897.0,688,389,1121,980,25.4740810213257,14.4977864168621,27.0387388811213,24.9886372421051,-0.841271724499002,-0.170520527395032,0.0013716704815319,0.896382407934999,0.0001875276070072,0.428996341473695,-0.505896125947017,0.0013716704815319
ENSG00000164830,OXR1,oxidation resistance 1,55074.0,276,145,493,429,10.3289671299515,5.46207707391683,12.0189205461582,11.0563432906549,-0.946852543465677,-0.177170065446334,0.0013754960522466,0.903951037929945,0.0001883513396131,0.444663278387052,-0.5620113044560056,0.0013754960522466
ENSG00000182670,TTC3,tetratricopeptide repeat domain 3,7267.0,121,242,121,172,2.01823884160718,4.06297887470848,1.3147503395579,1.97570475867338,0.980430492644989,0.530331174402417,0.001385955614131,0.421582765733138,0.0001898846053466,0.0521046999094367,0.755380833523703,0.001385955614131
ENSG00000275888,,,,36,90,10,19,15.1625267808654,38.1551880331468,2.74372014389864,5.51098324174747,1.3001359509633,0.940708761697837,0.00140418367421,0.6796061243086,0.0001927173424064,0.163583049275896,1.1204223563305684,0.00140418367421
ENSG00000132773,TOE1,"target of EGR1, exonuclease",114034.0,22,63,23,44,2.47171620951861,7.12456712934458,1.68335026809931,3.40435632781133,1.49376642468902,0.955438311126696,0.00140418367421,0.33254128612458,0.0001927912871455,0.0330679836514354,1.224602367907858,0.00140418367421
ENSG00000156299,TIAM1,TIAM Rac1 associated GEF 1,7074.0,22,63,19,26,0.632411764544801,1.82288729285965,0.355796434892933,0.514703375911105,1.49376642468902,0.473230637470947,0.00140418367421,0.890384334194309,0.0001927912871455,0.419496773106413,0.9834985310799835,0.00140418367421
ENSG00000138777,PPA2,inorganic pyrophosphatase 2,27068.0,22,63,76,54,1.25610060819933,3.62063131271434,2.82674133101144,2.12325382020411,1.49376642468902,-0.468729669609612,0.00140418367421,0.689549068335382,0.0001927912871455,0.169146054803738,0.5125183775397041,0.00140418367421
ENSG00000115084,SLC35F5,solute carrier family 35 member F5,80255.0,492,273,656,516,9.72847696551074,5.43355925717591,8.44995358005697,7.0264484285735,-0.86829620366661,-0.322863490763078,0.0014115946892183,0.65858787605266,0.0001940145448087,0.14621803025994,-0.595579847214844,0.0014115946892183
ENSG00000267554,,,,9,37,10,5,4.25769167194837,17.6187637122108,3.08178566162901,1.62895134354284,2.0058158443359,-0.959335919589601,0.0014284795569,0.830546712155719,0.000196751666123,0.319467384113055,0.5232399623731495,0.0014284795569
ENSG00000125731,SH2D3A,SH2 domain containing 3A,10045.0,21,61,35,45,0.995060594648401,2.90939090531173,1.08036127647878,1.46841616373742,1.51404674540257,0.384746436639443,0.0014345569544971,0.880851266876775,0.0001976932809323,0.395362407279847,0.9493965910210065,0.0014345569544971
ENSG00000253616,,,,383,208,390,310,115.170855063626,62.9577444917727,76.3975015323241,64.196584163232,-0.899195640434241,-0.307703334509909,0.0014634786775731,0.714131068269656,0.0002022121828216,0.192974108489491,-0.603449487472075,0.0014634786775731
ENSG00000274717,,,,59,20,22,29,9.79352080487151,3.3416337054928,2.37892226511713,3.31505887457841,-1.57354054933174,0.419856071473701,0.0014639060273107,0.911484349690302,0.0002023779138469,0.453800768170974,-0.5768422389290195,0.0014639060273107
ENSG00000267009,,,,95,40,112,118,13.5092262746856,5.72544003646432,10.3751796402239,11.5556741579507,-1.26412090864588,0.0985726782744721,0.0014672267650858,1.0,0.0002029439148908,0.753230623483283,-0.582774115185704,0.0014672267650858
ENSG00000140749,IGSF6,immunoglobulin superfamily member 6,10261.0,5022,2977,11250,6585,383.74487846854,228.974293219474,560.001432600599,346.519813928386,-0.773216985072896,-0.74926690292268,0.0014689257424021,0.0161016328307151,0.000203285963039,0.0002874872499289,-0.761241943997788,0.0014689257424021
ENSG00000022267,FHL1,four and a half LIM domains 1,2273.0,10,39,26,28,0.451932851186756,1.77410993146276,0.765452051063091,0.87144172865069,1.9314757598944,0.129705867851767,0.0014858713197716,1.0,0.000205847644577,0.904122786926442,1.0305908138730835,0.0014858713197716
ENSG00000163214,DHX57,DExH-box helicase 57,90957.0,3,23,5,18,0.0995327629426462,0.768094490051533,0.108065120257498,0.411266863942688,2.86911354545802,1.84538294190976,0.0014886759372642,0.226702658072019,0.0002069956047442,0.0153481102863217,2.35724824368389,0.0014886759372642
ENSG00000120278,PLEKHG1,pleckstrin homology and RhoGEF domain containing G1,57480.0,3,23,6,10,0.0772070246839936,0.595806732374343,0.100590633602812,0.177231931685252,2.86911354545802,0.748148843838111,0.0014886759372642,0.916742215921126,0.0002069956047442,0.471999982180641,1.8086311946480655,0.0014886759372642
ENSG00000271109,LINC03049,long intergenic non-protein coding RNA 3049,,3,23,11,8,0.637344917479575,4.91839174263151,1.52235763236846,1.17044138236919,2.86911354545802,-0.430285218216424,0.0014886759372642,0.994297199514418,0.0002069956047442,0.662502499282927,1.219414163620798,0.0014886759372642
ENSG00000157985,AGAP1,"ArfGAP with GTPase domain, ankyrin repeat and PH domain 1",116987.0,3,23,5,6,0.0569482023571962,0.439469368233125,0.0618300362035055,0.0784361781929484,2.86911354545802,0.280025651867243,0.0014886759372642,1.0,0.0002069956047442,1.0,1.5745695986626316,0.0014886759372642
ENSG00000178803,ADORA2A-AS1,ADORA2A antisense RNA 1,646023.0,3,23,13,24,0.197164255047638,1.5215168700227,0.556571560820124,1.08623696637141,2.86911354545802,0.901431285718343,0.0014886759372642,0.628161311574139,0.0002069956047442,0.129425141647646,1.8852724155881815,0.0014886759372642
ENSG00000111790,FGFR1OP2,FGFR1 oncogene partner 2,26127.0,793,453,1327,1123,35.7042774695754,20.5299207126685,38.9214235361956,34.8203576113943,-0.826474560364464,-0.21739641303688,0.0014921351658641,0.823896707598759,0.0002076940800758,0.309086060287072,-0.521935486700672,0.0014921351658641
ENSG00000090612,ZNF268,zinc finger protein 268,10795.0,17,53,41,44,0.319524060675169,1.0027034830799,0.502006376665499,0.569526230647684,1.61453839502819,0.124903667527142,0.0015327152700317,1.0,0.0002141244113577,0.856069233351672,0.869721031277666,0.0015327152700317
ENSG00000183813,CCR4,C-C motif chemokine receptor 4,1233.0,17,53,21,20,1.48882368106331,4.67210102281364,1.19807601258701,1.20623173868957,1.61453839502819,-0.0467126577818451,0.0015327152700317,1.0,0.0002141244113577,1.0,0.7839128686231724,0.0015327152700317
ENSG00000187097,ENTPD5,ectonucleoside triphosphate diphosphohydrolase 5 (inactive),957.0,12,43,14,10,0.306298915925245,1.10477713623933,0.23278928208085,0.175780470639559,1.81182465049366,-0.457185105451337,0.0015457113379608,0.95460501357024,0.0002165032204897,0.564053159162477,0.6773197725211615,0.0015457113379608
ENSG00000276570,,,,43,12,42,35,3.72155851248745,1.04539315138187,2.36797121076492,2.08607947294607,-1.84925477448296,-0.238863038671486,0.0015457113379608,0.95460501357024,0.0002165032204897,0.56177295238772,-1.044058906577223,0.0015457113379608
ENSG00000151623,NR3C2,nuclear receptor subfamily 3 group C member 2,4306.0,16,51,26,17,0.641557226858003,2.05838971615175,0.679140294132259,0.469429901332763,1.64598635567274,-0.586076630944985,0.0015464439851985,0.787936462434936,0.0002168322560768,0.268100520558863,0.5299548623638776,0.0015464439851985
ENSG00000185710,SMG1P4,SMG1 pseudogene 4,100507526.0,0,1,22,1,0.0,0.0423946533701631,0.603618431657701,0.0290051749565657,3.1615822590877,-4.27565497384224,1.0,0.0015487084599725,0.999999999999998,1.47850756636351e-05,-0.5570363573772701,0.0015487084599725
ENSG00000135775,COG2,component of oligomeric golgi complex 2,22796.0,15,49,18,21,0.363040888039937,1.1937197254904,0.283796815907367,0.3500176831731,1.68078460879734,0.244212231572335,0.00155772168581,1.0,0.0002186541387936,0.770191627382317,0.9624984201848374,0.00155772168581
ENSG00000102738,MRPS31,mitochondrial ribosomal protein S31,10240.0,45,13,54,51,5.5500636319625,1.61387840133996,4.33860327782408,4.33173653366699,-1.80033318268786,-0.0589300391364921,0.00155772168581,1.0,0.0002187530745194,0.874632389047412,-0.929631610912176,0.00155772168581
ENSG00000136718,IMP4,IMP U3 small nucleolar ribonucleoprotein 4,92856.0,43,102,53,71,2.95045081759236,7.0446935273839,2.36900798853015,3.35493941565725,1.22493907488659,0.444309486594812,0.0015594390062497,0.73304548245601,0.000219107885443,0.206152347820853,0.834624280740701,0.0015594390062497
ENSG00000137078,SIT1,signaling threshold regulating transmembrane adaptor 1,27240.0,14,47,29,23,2.7949679902935,9.44471090868222,3.77152970194839,3.16215422830923,1.71951062354655,-0.309526351006267,0.001560541917727,0.944243354283112,0.0002193765747919,0.537424617180521,0.7049921362701415,0.001560541917727
ENSG00000102898,NUTF2,nuclear transport factor 2,10204.0,38,93,83,119,2.71789293193729,6.69535647460699,3.86720835724936,5.8614102340008,1.26963523637653,0.542483762746872,0.0015613252588424,0.468619493684623,0.000219600477304,0.0653780007410522,0.9060594995617011,0.0015613252588424
ENSG00000113532,ST8SIA4,"ST8 alpha-N-acetyl-neuraminide alpha-2,8-sialyltransferase 4",7903.0,4795,2850,8328,5655,162.609570426065,97.284658684105,183.979290251229,132.067668067882,-0.769382045957424,-0.535041494159352,0.0015655509213718,0.168006846575543,0.000220308907533,0.0095386955531465,-0.652211770058388,0.0015655509213718
ENSG00000176845,METRNL,"meteorin like, glial cell differentiation regulator",284207.0,513,914,477,534,50.1311391252645,89.9038752874473,30.3654218345386,35.9366735354519,0.814245248246248,0.186196078270521,0.0015661465811803,0.886627817955202,0.0002205083320789,0.413558311027858,0.5002206632583845,0.0015661465811803
ENSG00000223496,EXOSC6,exosome component 6,118460.0,26,70,44,55,1.33410787749518,3.61541078421127,1.47075728651053,1.94350964094981,1.40572021523739,0.344442568672058,0.001569084353871,0.88536701287707,0.0002211491867356,0.411369434838622,0.875081391954724,0.001569084353871
ENSG00000169635,HIC2,HIC ZBTB transcriptional repressor 2,23119.0,56,125,46,64,2.0457377402755,4.59635910263247,1.09468834312691,1.61008318126242,1.13784553897563,0.498675264784533,0.0015751597141821,0.714131068269656,0.0002222350391092,0.192401519089674,0.8182604018800814,0.0015751597141821
ENSG00000115368,WDR75,WD repeat domain 75,84128.0,25,68,26,34,1.3141023678853,3.59782562291392,0.890293635581714,1.23076323734348,1.42028540201102,0.40869095728802,0.0016174801756273,0.896382407934999,0.000228795293754,0.428430332760113,0.91448817964952,0.0016174801756273
ENSG00000106628,POLD2,"DNA polymerase delta 2, accessory subunit",5425.0,6,30,23,20,0.430186258239258,2.16505306926922,1.07424626040004,0.987510422066565,2.27957135218294,-0.177208697007035,0.0016270994853854,1.0,0.0002306302652,0.782585027968459,1.0511813275879525,0.0016270994853854
ENSG00000135437,RDH5,retinol dehydrogenase 5,5959.0,30,6,27,19,2.66432823364744,0.536364136168271,1.56207171316898,1.16205446163566,-2.31678765660291,-0.480901980589731,0.0016270994853854,0.856586723804079,0.0002306302652,0.352260334095137,-1.3988448185963205,0.0016270994853854
ENSG00000261804,,,,187,94,221,165,35.538456231981,17.9815371245643,27.3602434349502,21.5947064768089,-1.01017312417972,-0.397927297505962,0.0016510163788168,0.610817057895539,0.0002343812786718,0.120549652709954,-0.704050210842841,0.0016510163788168
ENSG00000171132,PRKCE,protein kinase C epsilon,5581.0,54,121,81,92,1.43373862675351,3.23372887687887,1.40098013240621,1.68217224332185,1.1433216415465,0.206803999901972,0.0016886472988144,0.932996297218498,0.0002404618001664,0.504450428516008,0.675062820724236,0.0016886472988144
ENSG00000167874,TMEM88,transmembrane protein 88,92162.0,185,93,296,277,56.0763866277462,28.3748288122932,58.4481454544193,57.822181329603,-1.01007978042479,-0.0722878917542346,0.0016994003899531,1.0,0.0002421168752629,0.766357105081736,-0.5411838360895124,0.0016994003899531
ENSG00000228649,SNHG26,small nucleolar RNA host gene 26,109729180.0,2,20,4,3,0.0888705257851985,0.894539985569694,0.115786646797199,0.0918026922895662,3.22522726877487,-0.37796845034313,0.001706394196788,1.0,0.0002437506354069,1.0,1.4236294092158701,0.001706394196788
ENSG00000149084,HSD17B12,hydroxysteroid 17-beta dehydrogenase 12,51144.0,209,107,249,221,7.17585728478829,3.69788407953873,5.56926118011339,5.22547999680824,-0.983893188727324,-0.14862839294089,0.001706394196788,0.95460501357024,0.0002438594242749,0.562497476581081,-0.566260790834107,0.001706394196788
ENSG00000116791,CRYZ,crystallin zeta,1429.0,2,20,19,9,0.129705281451984,1.30556851749486,0.80269766070337,0.401954211576789,3.22522726877487,-1.04440819759417,0.001706394196788,0.585496275091361,0.0002437506354069,0.109021164240076,1.09040953559035,0.001706394196788
ENSG00000280205,,,,20,2,4,3,1.40729369118553,0.141653317236826,0.183351922497981,0.145372550180715,-3.26168101539143,-0.37796845034313,0.001706394196788,1.0,0.0002437506354069,1.0,-1.81982473286728,0.001706394196788
ENSG00000232912,RERE-AS1,RERE antisense RNA 1,,152,74,183,124,34.1836177246034,16.7512863817284,26.8099655860561,19.2044789975577,-1.05604100806158,-0.537663054240644,0.0017273119677612,0.386308795120376,0.000247226403198,0.0438247525825878,-0.796852031151112,0.0017273119677612
ENSG00000258890,CEP95,centrosomal protein 95,90799.0,135,263,114,124,4.60231759675284,9.02486208089817,2.53173589806197,2.91119241527769,0.942627424389707,0.144546018380026,0.0017507043770125,0.982180300256575,0.0002507020915923,0.630307515235345,0.5435867213848665,0.0017507043770125
ENSG00000177455,CD19,CD19 molecule,930.0,4,23,2,25,0.390741943017222,2.26151714714657,0.127271384256065,1.68180817179939,2.46848425329691,3.58623459702832,0.0039296018396225,0.001758942068506,0.0006721159829175,1.74330360965476e-05,3.027359425162615,0.001758942068506
ENSG00000178719,GRINA,glutamate ionotropic receptor NMDA type subunit associated protein 1,2907.0,1777,3066,2272,2883,186.147978409967,323.284628507341,155.042211664841,207.980179131913,0.768032924468899,0.366981779491837,0.001759013288879,0.501140563842869,0.0002524953954369,0.0788237366637631,0.5675073519803681,0.001759013288879
ENSG00000253882,LOC154761,"family with sequence similarity 115, member C pseudogene",154761.0,1,17,3,2,0.0730822172043246,1.25055456134387,0.142824825145841,0.100657958883751,3.91038336402924,-0.53415749006751,0.001759013288879,1.0,0.0002527892585388,1.0,1.688112936980865,0.001759013288879
ENSG00000198948,MFAP3L,microfibril associated protein 3 like,9848.0,62,22,48,64,1.8791017408388,0.671155718266007,0.947699331707903,1.33581091757408,-1.50826379582012,0.437438952447522,0.001759013288879,0.778637941053786,0.0002523261353421,0.256223715693876,-0.535412421686299,0.001759013288879
ENSG00000148019,CEP78,centrosomal protein 78,84131.0,22,62,29,34,0.406012317801803,1.15172879981165,0.348646458689342,0.432117500258525,1.47072918885258,0.251869708612027,0.001759013288879,0.994297199514418,0.0002523261353421,0.660913945435988,0.8612994487323035,0.001759013288879
ENSG00000231999,LRRC8C-DT,LRRC8C divergent transcript,400761.0,1,17,12,6,0.022123009383355,0.378560357818082,0.172940289320643,0.0914117163140533,3.91038336402924,-0.962170523263523,0.001759013288879,0.778637941053786,0.0002527892585388,0.258407483872789,1.4741064203828584,0.001759013288879
ENSG00000149970,CNKSR2,connector enhancer of kinase suppressor of Ras 2,22866.0,1,17,1,2,0.00831391926457482,0.142264562525389,0.005415973546249,0.0114509681767957,3.91038336402924,0.938942518939261,0.001759013288879,1.0,0.0002527892585388,0.999999999999998,2.4246629414842507,0.001759013288879
ENSG00000277075,H2AC8,H2A clustered histone 8,3012.0,7,32,1,6,3.64334236062817,16.7646283503859,0.339056968666453,2.15059980915675,2.15409697787589,2.46663895760552,0.0017672690063259,0.628161311574139,0.0002547484400606,0.131529066191331,2.3103679677407047,0.0017672690063259
ENSG00000124299,PEPD,peptidase D,5184.0,7,32,11,22,0.414219625097104,1.90600755647675,0.424029476784335,0.896523589566575,2.15409697787589,1.0150663841958,0.0017672690063259,0.573200774346734,0.0002547484400606,0.104848705991131,1.584581681035845,0.0017672690063259
ENSG00000243410,PSMD6-AS1,PSMD6 antisense RNA 1,,32,7,12,15,19.223440353065,4.23273602695755,4.69605434152992,6.20552892778224,-2.1913721101808,0.34212491448954,0.0017672690063259,1.0,0.0002547484400606,0.718866525298678,-0.92462359784563,0.0017672690063259
ENSG00000151929,BAG3,BAG cochaperone 3,9531.0,7,32,12,9,0.675086007120399,3.10636906820037,0.753898785808043,0.597736787146408,2.15409697787589,-0.386977325510307,0.0017672690063259,1.0,0.0002547484400606,0.679314329953765,0.8835598261827915,0.0017672690063259
ENSG00000204272,NBDY,negative regulator of P-body association,550643.0,7,32,8,6,0.740008484261667,3.40510607755244,0.550933749564963,0.436813768100873,2.15409697787589,-0.384684847127947,0.0017672690063259,1.0,0.0002547484400606,0.797511698851884,0.8847060653739716,0.0017672690063259
ENSG00000142207,URB1,URB1 ribosome biogenesis homolog,9875.0,7,32,6,5,0.162004128728902,0.745452592849342,0.0904586339047215,0.0796901155223194,2.15409697787589,-0.234290044040935,0.0017672690063259,1.0,0.0002547484400606,1.0,0.9599034669174775,0.0017672690063259
ENSG00000259144,RANBP20P,RAN binding protein 20 pseudogene,,34,84,39,54,4.281075698875,10.6462162807316,3.19896382366814,4.68246089626763,1.28291458000943,0.491531740155312,0.0017907659523743,0.760462064740547,0.0002583964863504,0.229989620221052,0.887223160082371,0.0017907659523743
ENSG00000177000,MTHFR,methylenetetrahydrofolate reductase,4524.0,286,521,253,306,6.32559598318447,11.5988557866779,3.64524455284353,4.66082989196028,0.846150809350847,0.297652063611818,0.0017935182511547,0.757841540271721,0.0002589243299473,0.223757613655707,0.5719014364813325,0.0017935182511547
ENSG00000167077,MEI1,meiotic double-stranded break formation protein 1,150365.0,21,60,19,22,0.790477946103895,2.27333648506671,0.465902236995349,0.570294985860977,1.49024949459848,0.233466938001796,0.0018004030430704,1.0,0.0002601806758787,0.776601902769142,0.861858216300138,0.0018004030430704
ENSG00000008300,CELSR3,cadherin EGF LAG seven-pass G-type receptor 3,1951.0,4,25,4,15,0.076512068553264,0.481340017506003,0.0498425984263464,0.197591209902669,2.58815043102025,1.89740983651477,0.0018230571010785,0.290968814933383,0.0002645173216912,0.0250425718143365,2.2427801337675097,0.0018230571010785
ENSG00000075914,EXOSC7,exosome component 7,23016.0,4,25,7,9,0.239262169668708,1.50520642186908,0.272761341015708,0.3707344669883,2.58815043102025,0.37996089916252,0.0018230571010785,1.0,0.0002645173216912,0.811050160847253,1.484055665091385,0.0018230571010785
ENSG00000220472,RPS3P4,ribosomal protein S3 pseudogene 4,100270862.0,4,25,15,15,1.45163308145576,9.13227293487417,3.54616432297037,3.74881953034516,2.58815043102025,0.0231984329837018,0.0018230571010785,1.0,0.0002645173216912,1.0,1.3056744320019757,0.0018230571010785
ENSG00000089692,LAG3,lymphocyte activating 3,3902.0,4,25,7,10,0.346757902311095,2.18146572069965,0.395307584868643,0.596997874596852,2.58815043102025,0.530002168437661,0.0018230571010785,0.986959072614357,0.0002645173216912,0.643094748267033,1.5590762997289556,0.0018230571010785
ENSG00000167535,CACNB3,calcium voltage-gated channel auxiliary subunit beta 3,784.0,4,25,10,11,0.148146532848135,0.931994861241177,0.241269393333181,0.280563128092378,2.58815043102025,0.158999376519713,0.0018230571010785,1.0,0.0002645173216912,1.0,1.3735749037699814,0.0018230571010785
ENSG00000165795,NDRG2,NDRG family member 2,57447.0,4,25,7,9,0.140356576087776,0.882987979133529,0.160007944285904,0.217481185998832,2.58815043102025,0.37996089916252,0.0018230571010785,1.0,0.0002645173216912,0.811050160847253,1.484055665091385,0.0018230571010785
ENSG00000100216,TOMM22,translocase of outer mitochondrial membrane 22,56993.0,43,101,106,97,5.22075646504312,12.3432169292076,8.38381287233263,8.11041585529303,1.21074281318236,-0.104487034203044,0.0018269554260101,1.0,0.0002652160915764,0.767023802898355,0.5531278894896581,0.0018269554260101
ENSG00000203485,INF2,inverted formin 2,64423.0,33,82,16,45,0.921422874480115,2.3046284059088,0.291028662818254,0.865294558542992,1.29111141970109,1.50789646139523,0.0018528162214196,0.0483563091888367,0.000269375336083,0.001339119479067,1.39950394054816,0.0018528162214196
ENSG00000131470,PSMC3IP,PSMC3 interacting protein,29893.0,82,33,62,70,8.44294172716109,3.42007703072085,4.15855414581264,4.96345842727394,-1.32869060277576,0.198102287840748,0.0018528162214196,0.949742814203502,0.000269375336083,0.543607537326734,-0.565294157467506,0.0018528162214196
ENSG00000123124,WWP1,WW domain containing E3 ubiquitin protein ligase 1,11059.0,77,162,84,82,3.12533688940663,6.61855429617416,2.22103872411565,2.29206207125746,1.05301914004721,-0.011356565187782,0.0018548972559262,1.0,0.000269813068272,1.0,0.520831287429714,0.0018548972559262
ENSG00000160185,UBASH3A,ubiquitin associated and SH3 domain containing A,53347.0,8,34,28,15,0.540935247301024,2.31406854766286,1.23334352155035,0.698478370891263,2.05172928126831,-0.871674845783548,0.0018751064415111,0.549541499050864,0.0002734359415146,0.0951860473502159,0.5900272177423809,0.0018751064415111
ENSG00000155592,ZKSCAN2,zinc finger with KRAB and SCAN domains 2,342357.0,8,34,8,6,0.268820941010326,1.1499899251323,0.175119225825697,0.138845167790562,2.05172928126831,-0.384684847127947,0.0018751064415111,1.0,0.0002734359415146,0.797511698851884,0.8335222170701815,0.0018751064415111
ENSG00000180917,CMTR2,cap methyltransferase 2,55783.0,8,34,29,35,0.279528396059801,1.19579537981312,0.660092312646467,0.842190618133465,2.05172928126831,0.293540107624037,0.0018751064415111,0.969139994873095,0.0002734359415146,0.587049383281239,1.1726346944461734,0.0018751064415111
ENSG00000073578,SDHA,succinate dehydrogenase complex flavoprotein subunit A,6389.0,19,56,22,36,0.574276977746475,1.70371850577367,0.433172839147398,0.749336202756957,1.53442686381065,0.730605336144936,0.0018857382256395,0.628161311574139,0.0002753985865166,0.131699960220995,1.132516099977793,0.0018857382256395
ENSG00000172819,RARG,retinoic acid receptor gamma,5916.0,19,56,31,26,0.98177056952367,2.91263754692924,1.04349130263077,0.925201153188365,1.53442686381065,-0.229353981569984,0.0018857382256395,0.986959072614357,0.0002753985865166,0.640866074651609,0.6525364411203329,0.0018857382256395
ENSG00000145241,CENPC,centromere protein C,1060.0,42,99,98,87,1.30964778358738,3.10729456216269,1.99068264018597,1.86823233185987,1.21577263002356,-0.148173927759641,0.0018934125287191,1.0,0.0002767953310458,0.671998584959458,0.5337993511319595,0.0018934125287191
ENSG00000286410,,,,80,32,15,16,12.6605991572605,5.09748854859404,1.5464157441866,1.74377587074598,-1.33734412499962,0.115568445816253,0.0019168074237333,1.0,0.0002809138412132,1.0,-0.6108878395916836,0.0019168074237333
ENSG00000169239,CA5B,carbonic anhydrase 5B,11238.0,32,80,67,61,0.994782585742978,2.50328439050294,1.35682466585685,1.30591358590527,1.29976787063159,-0.111741571048186,0.0019168074237333,1.0,0.0002809138412132,0.836220138319341,0.594013149791702,0.0019168074237333
ENSG00000108946,PRKAR1A,protein kinase cAMP-dependent type I regulatory subunit alpha,5573.0,6777,4074,12814,10301,263.214107055738,159.270267431605,324.210538368918,275.522755088916,-0.75302214816512,-0.291541571276064,0.0019229572866589,0.67439856671684,0.0002823066092189,0.155845930262287,-0.522281859720592,0.0019229572866589
ENSG00000165113,GKAP1,G kinase anchoring protein 1,80318.0,54,18,61,59,4.20512757723296,1.41091200898585,3.09446790715012,3.1640536384865,-1.59706688345434,-0.0246511765234624,0.0019229572866589,1.0,0.0002825158059979,0.942564407759385,-0.8108590299889012,0.0019229572866589
ENSG00000126860,EVI2A,ecotropic viral integration site 2A,2123.0,1599,946,3928,3028,204.544633871423,121.807147143706,327.327005512897,266.748451397269,-0.776017502112907,-0.352025184983831,0.0019229572866589,0.534833089094762,0.0002824766489035,0.0901132562299293,-0.564021343548369,0.0019229572866589
ENSG00000205045,SLFN12L,schlafen family member 12 like,100506736.0,18,54,14,21,1.21710430642731,3.67528534040571,0.616671760775177,0.977869719247768,1.55956136856641,0.603919519019561,0.0019229572866589,0.856586723804079,0.0002825158059979,0.349714953566376,1.0817404437929854,0.0019229572866589
ENSG00000072506,HSD17B10,hydroxysteroid 17-beta dehydrogenase 10,3028.0,26,69,47,74,6.17757755292161,16.501976241421,7.27467252144175,12.1082948298503,1.38499916776443,0.67680858480801,0.0019268467711255,0.425556481997717,0.0002835084995556,0.0529387053468958,1.03090387628622,0.0019268467711255
ENSG00000127995,CASD1,CAS1 domain containing 1,64921.0,9,36,21,13,0.453290368116177,1.82506564812542,0.68900759279006,0.450903641862809,1.96642328396328,-0.663422763950484,0.0019499825082382,0.787455869048294,0.0002871968116272,0.26673188160155,0.6515002600063979,0.0019499825082382
ENSG00000259917,HNRNPLP2,heterogeneous nuclear ribonucleoprotein L pseudogene 2,,41,97,40,42,6.91837231337117,16.4753183826354,4.3969426000312,4.88062873886975,1.22102829445427,0.0934959030440599,0.0019570443358574,1.0,0.0002890492355572,0.926049402141807,0.657262098749165,0.0019570443358574
ENSG00000151725,CENPU,centromere protein U,79682.0,17,52,8,9,1.29304956509231,3.98117807186705,0.396393906520183,0.471427779009814,1.58712336264547,0.190508350625269,0.0019570443358574,1.0,0.0002890926154192,1.0,0.8888158566353694,0.0019570443358574
ENSG00000256537,SMIM10L1,small integral membrane protein 10 like 1,100129361.0,17,52,21,20,0.93379465793417,2.87506598057494,0.7514368521824,0.756552147944424,1.58712336264547,-0.0467126577818451,0.0019570443358574,1.0,0.0002890926154192,1.0,0.7702053524318124,0.0019570443358574
ENSG00000183281,PLGLB1,plasminogen like B1,5343.0,52,17,75,80,4.27826023075006,1.40784480896632,4.01972042821175,4.53273417333659,-1.62461962124592,0.116313408754223,0.0019570443358574,1.0,0.0002890926154192,0.717919476775022,-0.7541531062458485,0.0019570443358574
ENSG00000203812,,,,17,52,25,23,8.20344560148725,25.2576379313533,7.85883410980075,7.64331267935583,1.58712336264547,-0.096399888599756,0.0019570443358574,1.0,0.0002890926154192,0.897141131355876,0.745361737022857,0.0019570443358574
ENSG00000175894,TSPEAR,thrombospondin type laminin G domain and EAR repeats,54084.0,50,16,23,18,2.96865797137692,0.956207511244556,0.889587613666106,0.735985187938674,-1.65497413673054,-0.328224501377236,0.0019925955960637,0.958965625917634,0.000294925058709,0.570099459950701,-0.991599319053888,0.0019925955960637
ENSG00000080200,CRYBG3,crystallin beta-gamma domain containing 3,131544.0,10,38,7,17,0.241299788109734,0.922959290330301,0.110033698821256,0.282495979424862,1.89412313476137,1.2882432740863,0.0020012487672122,0.50344036987645,0.000296643345905,0.0798343057786913,1.591183204423835,0.0020012487672122
ENSG00000223803,RPS20P14,ribosomal protein S20 pseudogene 14,,10,38,28,39,7.35897326015768,28.1476945792677,13.4228886595397,19.7646096349864,1.89412313476137,0.499540058438358,0.0020012487672122,0.810295331515593,0.000296643345905,0.290234772948487,1.1968315965998642,0.0020012487672122
ENSG00000059145,UNKL,unk like zinc finger,64718.0,615,352,665,569,21.7410819295291,12.5253741838552,15.3143445475133,13.8523900748997,-0.823626169257588,-0.201492961959066,0.0020173572231867,0.866815718167698,0.0002994942573181,0.366289099326145,-0.512559565608327,0.0020173572231867
ENSG00000145723,GIN1,gypsy retrotransposon integrase 1,54826.0,48,15,50,44,3.05020527549832,0.959447240459315,2.06980087612406,1.92551504461,-1.68858856024261,-0.160604602474338,0.0020173572231867,1.0,0.0002997661695144,0.671056844250145,-0.924596581358474,0.0020173572231867
ENSG00000011295,TTC19,tetratricopeptide repeat domain 19,54902.0,11,40,21,34,0.481359995213486,1.76189210240057,0.598642209791165,1.02461954347723,1.83199176803275,0.715157408715434,0.0020321376127278,0.669708938116784,0.0003024067195153,0.150803847151363,1.273574588374092,0.0020321376127278
ENSG00000186532,SMYD4,SET and MYND domain containing 4,114826.0,11,40,31,24,0.428678053989768,1.56906366400898,0.786993219857011,0.644104326484723,1.83199176803275,-0.344260715732563,0.0020321376127278,0.917824652765612,0.0003024067195153,0.474229470055982,0.7438655261500935,0.0020321376127278
ENSG00000185379,RAD51D,RAD51 paralog D,5892.0,11,40,45,40,0.257798426311256,0.943603572888626,0.687022281254875,0.645585812019809,1.83199176803275,-0.146102623655137,0.0020321376127278,1.0,0.0003024067195153,0.716732001809141,0.8429445721888065,0.0020321376127278
ENSG00000164134,NAA15,"N-alpha-acetyltransferase 15, NatA auxiliary subunit",80155.0,14,46,18,27,0.383787512740012,1.26929522000445,0.321444530931503,0.509721529684762,1.68856745802388,0.604899336371206,0.0020352799277919,0.802473156664851,0.0003033193012924,0.28106881043614,1.146733397197543,0.0020352799277919
ENSG00000170779,CDCA4,cell division cycle associated 4,55038.0,14,46,35,27,1.51508273003246,5.01081250250122,2.46744276829774,2.01223401261174,1.68856745802388,-0.349578857470096,0.0020352799277919,0.900489978071345,0.0003033193012924,0.437752301409853,0.669494300276892,0.0020352799277919
ENSG00000100442,FKBP3,FKBP prolyl isomerase 3,2287.0,12,42,43,33,1.40480620786042,4.94910275180277,3.2792487287683,2.66045256992237,1.77797752814471,-0.357290288254669,0.0020461445280751,0.87004413345428,0.0003050875750212,0.379735673376923,0.7103436199450206,0.0020461445280751
ENSG00000062524,LTK,leukocyte receptor tyrosine kinase,4058.0,24,65,51,94,1.82129845224183,4.96506847046438,2.52122023764321,4.91251783008279,1.41390993730448,0.903896643245178,0.0020509623729059,0.129857119135472,0.0003061048637014,0.0062647874120159,1.158903290274829,0.0020509623729059
ENSG00000141378,PTRH2,peptidyl-tRNA hydrolase 2,51651.0,107,48,100,84,5.98033016838131,2.70037842732482,3.64092820783174,3.23315912237363,-1.17324077533073,-0.227835968445179,0.0020681590515911,0.930189387407865,0.0003090176701444,0.489498438017213,-0.7005383718879544,0.0020681590515911
ENSG00000184602,SNN,stannin,8303.0,2960,5046,6050,7380,240.248832905148,412.248259037301,319.886330318599,412.507972585407,0.750679001864799,0.310071611397583,0.0020681590515911,0.628161311574139,0.0003091236127979,0.132530594698236,0.5303753066311909,0.0020681590515911
ENSG00000054282,SDCCAG8,SHH signaling and ciliogenesis regulator SDCCAG8,10806.0,140,67,73,55,6.97034866213019,3.35771072538768,2.3676639324825,1.88579971362975,-1.08060581539009,-0.384312733216217,0.0020772856569203,0.787455869048294,0.0003107905154975,0.266666203673572,-0.7324592743031535,0.0020772856569203
ENSG00000278757,LOC124904706,U6 spliceosomal RNA,124904706.0,27,5,4,7,68.7780962391661,12.8203062354964,6.63769219427787,12.2797870513229,-2.42256556523626,0.811328073767168,0.0020890085901353,0.95460501357024,0.0003133329005284,0.559727541436877,-0.8056187457345461,0.0020890085901353
ENSG00000235706,DICER1-AS1,DICER1 antisense RNA 1,400242.0,63,23,63,80,3.1706214578339,1.16512813508007,2.06545209236838,2.77268313794526,-1.46752802295205,0.367391312504099,0.0021131836052601,0.778637941053786,0.0003178553389634,0.250147824105687,-0.5500683552239755,0.0021131836052601
ENSG00000117450,PRDX1,peroxiredoxin 1,5052.0,23,63,38,40,4.05134964056553,11.1700327732676,4.36039886166658,4.8521954914042,1.42998821284947,0.0970810224727588,0.0021131836052601,1.0,0.0003178553389634,0.923644361254139,0.7635346176611144,0.0021131836052601
ENSG00000147853,AK3,adenylate kinase 3,50808.0,29,74,70,60,1.74807009865862,4.48987835214473,2.74871440127093,2.4906832829597,1.32891898800671,-0.198617290923648,0.0021174189117911,0.966853056043707,0.000319109627575,0.583320152096351,0.5651508485415311,0.0021174189117911
ENSG00000154518,ATP5MC3,ATP synthase membrane subunit c locus 3,518.0,29,74,57,75,1.13315163474994,2.91047424154515,1.45089378051914,2.01816980615927,1.32891898800671,0.418517522311476,0.0021174189117911,0.757841540271721,0.000319109627575,0.22608430070526,0.873718255159093,0.0021174189117911
ENSG00000145685,LHFPL2,LHFPL tetraspan subfamily member 2,10184.0,257,222,446,218,8.53519125021674,7.42121675730579,9.64907592890136,4.9858939455863,-0.229927706867241,-1.00891109533688,0.517938799088641,0.0021314692222751,0.359826509240985,2.22125126647246e-05,-0.6194194011020605,0.0021314692222751
ENSG00000124222,STX16,syntaxin 16,8675.0,2996,1799,3184,2624,155.659819562182,94.0822912506938,107.76519133381,93.886890066899,-0.754640816196228,-0.255669796242223,0.0021398020249173,0.752775744649346,0.0003227947960631,0.219710454548945,-0.5051553062192256,0.0021398020249173
ENSG00000183347,GBP6,guanylate binding protein family member 6,163351.0,33,81,98,84,2.9268363686198,7.23121926533792,5.66214921694677,5.13062411786107,1.27343670410705,-0.198726677417942,0.0022179095399008,0.95460501357024,0.0003355473112399,0.555587434672119,0.537355013344554,0.0022179095399008
ENSG00000232187,FTH1P7,ferritin heavy chain 1 pseudogene 7,,269,487,508,584,129.101987411897,235.261909498342,158.823620474678,193.018930214583,0.837182929748333,0.224480053933483,0.0022312092386849,0.830546712155719,0.000337884623086,0.317661040680405,0.5308314918409079,0.0022312092386849
ENSG00000028528,SNX1,sorting nexin 1,6642.0,1463,870,1881,1558,39.5936667347007,23.6996896146229,33.1620159825675,29.0372350232762,-0.768595770942262,-0.248394707292467,0.0022341515354701,0.767788479238095,0.0003384930070137,0.239093986181514,-0.5084952391173645,0.0022341515354701
ENSG00000283529,,,,22,3,11,21,1.47514725943935,0.202477122018471,0.480480882703991,0.969702242473489,-2.84215888079215,0.948337142345869,0.0022379117519908,0.637090041047033,0.0003395519798604,0.137985104357366,-0.9469108692231405,0.0022379117519908
ENSG00000211734,TRBV5-1,T cell receptor beta variable 5-1,28614.0,3,22,10,8,1.21897103082367,8.99781002049565,2.64693247011081,2.2385589015558,2.80533993626482,-0.29441476780195,0.0022379117519908,1.0,0.0003395519798604,0.822369736464699,1.2554625842314349,0.0022379117519908
ENSG00000122140,MRPS2,mitochondrial ribosomal protein S2,51116.0,3,22,12,19,0.322552399390028,2.38091401516362,0.840486998626093,1.40682161487791,2.80533993626482,0.680669737173225,0.0022379117519908,0.829421310872565,0.0003395519798604,0.316044515578284,1.7430048367190225,0.0022379117519908
ENSG00000261349,,,,59,21,49,34,34.0532880273963,12.2002391365247,18.4235726699564,13.5142629982813,-1.50358076060971,-0.502309213614929,0.0022517737151596,0.714544118294084,0.0003419834151284,0.19582400845611,-1.0029449871123195,0.0022517737151596
ENSG00000157856,DRC1,dynein regulatory complex subunit 1,92749.0,29,6,53,64,2.52390541511321,0.525615708998014,3.00484226140437,3.83584863026119,-2.26808312299913,0.294837416074814,0.0023060373760603,0.892803854029515,0.0003525773513317,0.422218514657399,-0.986622853462158,0.0023060373760603
ENSG00000145911,N4BP3,NEDD4 binding protein 3,23138.0,0,13,4,4,0.0,0.579216508952086,0.115341685581437,0.121933199984493,6.70494623989103,0.0226829236243962,0.0023060373760603,1.0,0.0003524866720936,1.0,3.363814581757713,0.0023060373760603
ENSG00000152463,OLAH,oleoyl-ACP hydrolase,55301.0,13,0,5,29,1.45685257434594,0.0,0.365016914236938,2.23808543309101,-6.72360629338013,2.52969046158051,0.0023060373760603,0.0087338104169859,0.0003524866720936,0.000128569428963,-2.09695791589981,0.0023060373760603
ENSG00000281571,,,,6,29,4,4,1.46097263253131,7.1077286040914,0.634485283276561,0.670744670870581,2.2308695025614,0.0226829236243962,0.0023060373760603,1.0,0.0003525773513317,1.0,1.126776213092898,0.0023060373760603
ENSG00000235172,LINC01366,long intergenic non-protein coding RNA 1366,257358.0,6,29,13,19,0.528788497735881,2.57259105830055,0.746353945996646,1.15316316003299,2.2308695025614,0.566346247499335,0.0023060373760603,0.88536701287707,0.0003525773513317,0.412429951851715,1.3986078750303674,0.0023060373760603
ENSG00000186654,PRR5,proline rich 5,55615.0,6,29,32,37,0.303289109748914,1.47552160298635,1.05372255402389,1.28799358283563,2.2308695025614,0.232001433347263,0.0023060373760603,1.0,0.0003525773513317,0.678533305698609,1.2314354679543313,0.0023060373760603
ENSG00000124507,PACSIN1,protein kinase C and casein kinase substrate in neurons 1,29993.0,0,13,6,2,0.0,0.721459064740527,0.215500516609229,0.0759386266292603,6.70494623989103,-1.50478206185651,0.0023060373760603,0.811415249722691,0.0003524866720936,0.29873705302427,2.6000820890172602,0.0023060373760603
ENSG00000027869,SH2D2A,SH2 domain containing 2A,9047.0,6,29,23,17,0.632777955491266,3.07850665654914,1.58015124688621,1.23468286548788,2.2308695025614,-0.410106218742761,0.0023060373760603,0.916742215921126,0.0003525773513317,0.471159265148481,0.9103816419093194,0.0023060373760603
ENSG00000271795,,,,29,6,41,57,2.31617970563902,0.482355808920698,2.13318657796208,3.13512974892297,-2.26808312299913,0.497437189368064,0.0023060373760603,0.743518561420977,0.0003525773513317,0.214035012968713,-0.8853229668155329,0.0023060373760603
ENSG00000237499,WAKMAR2,wound and keratinocyte migration associated lncRNA 2,100130476.0,20,57,14,29,1.27673752947314,3.66259158380833,0.582197580413769,1.27489975031979,1.48637312215319,1.06724523723358,0.0023121779182544,0.418366234910825,0.0003541902043558,0.0508682141218475,1.276809179693385,0.0023121779182544
ENSG00000124275,MTRR,5-methyltetrahydrofolate-homocysteine methyltransferase reductase,4552.0,20,57,28,42,0.815398699186447,2.33914359384496,0.743650341248736,1.17922239458687,1.48637312215319,0.6061286538479,0.0023121779182544,0.706837927329339,0.0003541902043558,0.180392539098335,1.046250888000545,0.0023121779182544
ENSG00000132801,ZSWIM3,zinc finger SWIM-type containing 3,140831.0,57,20,61,78,5.4397021361108,1.92119862895047,3.79228379687489,5.12626762867083,-1.52389383381192,0.377370843253581,0.0023121779182544,0.768253871195381,0.0003541902043558,0.240640008362569,-0.5732614952791695,0.0023121779182544
ENSG00000125520,SLC2A4RG,SLC2A4 regulator,56731.0,113,221,111,127,10.4162502513297,20.5053527151461,6.6654069842331,8.06200553603109,0.948120609460932,0.217431447988007,0.0023121779182544,0.913225093548511,0.000354132105176,0.456781535325929,0.5827760287244695,0.0023121779182544
ENSG00000172216,CEBPB,CCAAT enhancer binding protein beta,1051.0,7436,12557,12833,15280,1071.21680579183,1820.81532153446,1204.30620019487,1515.89025083495,0.737044042265733,0.275175360346547,0.0023289773708867,0.706010076039808,0.0003569333487082,0.180000669027668,0.50610970130614,0.0023289773708867
ENSG00000170448,NFXL1,"nuclear transcription factor, X-box binding like 1",152518.0,3951,2389,1125,801,232.912977443656,141.757098622452,43.202602733117,32.5181314935281,-0.744619834444508,-0.466597397384491,0.0023537179178945,0.322135476559874,0.0003608965529259,0.0309605229372505,-0.6056086159144995,0.0023537179178945
ENSG00000233030,LOC124904411,uncharacterized LOC124904411,124904411.0,99,44,46,46,7.4025912219029,3.31164105750108,2.24066606388832,2.368715021714,-1.18645359426761,0.0233283581035347,0.0024017230329752,1.0,0.0003700074691524,1.0,-0.5815626180820377,0.0024017230329752
ENSG00000145687,SSBP2,single stranded DNA binding protein 2,23635.0,298,163,636,564,6.99637230901911,3.85199984587266,9.72712496672978,9.11889387353014,-0.888767766348561,-0.149908553531751,0.0024316506646136,0.933530890016474,0.0003751497199378,0.505987814643408,-0.519338159940156,0.0024316506646136
ENSG00000137501,SYTL2,synaptotagmin like 2,54843.0,18,53,38,45,0.423575650433663,1.25538333576224,0.582522640606372,0.729251622975298,1.53265759435085,0.266510599447275,0.0024459842087333,0.965239017950147,0.0003782523313607,0.580342937995384,0.8995840968990625,0.0024459842087333
ENSG00000065150,IPO5,importin 5,3843.0,18,53,49,51,0.493441087808587,1.46244884043991,0.875043445313535,0.962807333848996,1.53265759435085,0.0809049242085405,0.0024459842087333,1.0,0.0003782523313607,0.935042730724857,0.8067812592796952,0.0024459842087333
ENSG00000006025,OSBPL7,oxysterol binding protein like 7,114881.0,25,66,27,38,1.00777174895647,2.67798484480972,0.709017029881781,1.05490214822251,1.37729741721209,0.514413706343547,0.0024496372631959,0.802473156664851,0.0003789957666349,0.281075803642738,0.9458555617778185,0.0024496372631959
ENSG00000162623,TYW3,tRNA-yW synthesizing protein 3 homolog,127253.0,7,31,9,14,0.401746373821433,1.79084347067766,0.33648612943263,0.553335291740722,2.10847553829892,0.653482442710602,0.0024714870453644,0.896382407934999,0.0003825563681937,0.430493652562629,1.380978990504761,0.0024714870453644
ENSG00000196470,SIAH1,siah E3 ubiquitin protein ligase 1,6477.0,281,153,395,345,11.1308871859682,6.10038016803885,10.192748031584,9.41128587238267,-0.895329508584669,-0.171806334311626,0.0024719543455544,0.916614071676876,0.0003828088459629,0.46618930230527,-0.5335679214481475,0.0024719543455544
ENSG00000228784,LINC00954,long intergenic non-protein coding RNA 954,400946.0,111,51,80,67,4.53034311317056,2.09517498915646,2.12700658821414,1.8831691391073,-1.13888842399485,-0.232050545138054,0.0024729255211473,0.941636472443587,0.0003833196752281,0.531600782867792,-0.685469484566452,0.0024729255211473
ENSG00000110911,SLC11A2,solute carrier family 11 member 2,4891.0,47,106,30,34,1.25924178359494,2.85863786286636,0.523604359985511,0.62733077631585,1.15239663657627,0.203168183229513,0.0024918086897119,1.0,0.0003866098746827,0.744627115878036,0.6777824099028914,0.0024918086897119
ENSG00000173402,DAG1,dystroglycan 1,1605.0,65,137,98,115,2.48736059927329,5.27701063825951,2.44299288040156,3.03060715077737,1.05539544025304,0.253872653619613,0.0025095151720872,0.879678364522016,0.000390454371987,0.390925423907248,0.6546340469363265,0.0025095151720872
ENSG00000143363,PRUNE1,prune exopolyphosphatase 1,58497.0,433,246,757,658,36.3471721100564,20.7854698814284,41.3951387096885,38.0377687622728,-0.834224213181589,-0.178782283467378,0.0025347663229463,0.888346203975497,0.0003945679103493,0.415591132643886,-0.5065032483244836,0.0025347663229463
ENSG00000185104,FAF1,Fas associated factor 1,11124.0,24,64,31,26,0.842251012952211,2.2607486634909,0.708700478021984,0.628362208556994,1.39158567257649,-0.229353981569984,0.0025389870731834,0.986959072614357,0.0003955949834183,0.640866074651609,0.581115845503253,0.0025389870731834
ENSG00000150977,RILPL2,Rab interacting lysosomal protein like 2,196383.0,1737,2946,2504,3072,74.9342641107605,127.924986342822,70.3696975437659,91.2658386361705,0.743278674993664,0.318321027576833,0.0025599564986866,0.626805713096017,0.0003994218673435,0.126758916618674,0.5307998512852485,0.0025599564986866
ENSG00000105220,GPI,glucose-6-phosphate isomerase,2821.0,137,261,127,168,3.39835731452226,6.5167489224029,2.05221532074022,2.86988281648896,0.910422588014826,0.426658046851344,0.0025698188692593,0.608105809024918,0.0004011479389268,0.119377663921959,0.6685403174330851,0.0025698188692593
ENSG00000179409,GEMIN4,gem nuclear organelle associated protein 4,50628.0,8,33,27,32,0.368780981194608,1.53120901340608,0.810798663717255,1.01586247002915,2.00882173140518,0.267365660926145,0.00258549274898,0.989627773551533,0.0004041598853346,0.647852083501925,1.1380936961656625,0.00258549274898
ENSG00000196781,TLE1,"TLE family member 1, transcriptional corepressor",7088.0,8,33,19,24,0.411690811757073,1.70937416473286,0.636950261067068,0.850548020870853,2.00882173140518,0.358323903308368,0.00258549274898,0.965239017950147,0.0004041598853346,0.580767216973964,1.183572817356774,0.00258549274898
ENSG00000180385,EMC3-AS1,EMC3 antisense RNA 1,,8,33,14,11,0.570647361046153,2.36937485192373,0.650543876875914,0.540352195811733,2.00882173140518,-0.32128869722107,0.00258549274898,1.0,0.0004041598853346,0.707152630519456,0.8437665170920551,0.00258549274898
ENSG00000113569,NUP155,nucleoporin 155,9631.0,38,90,72,65,1.09926571521028,2.62061730430763,1.35682024325051,1.29490781622536,1.2223944911383,-0.123938915516715,0.0025872842998977,1.0,0.0004046284876534,0.792649171784237,0.5492277878107925,0.0025872842998977
ENSG00000261799,,,,95,42,100,71,7.93933392736255,3.53306609694943,5.44416394483358,4.08625270783995,-1.19394700777214,-0.470016997146837,0.0025984461761513,0.651596837539743,0.0004065634703539,0.143643815300811,-0.8319820024594884,0.0025984461761513
ENSG00000125629,INSIG2,insulin induced gene 2,51141.0,199,104,303,270,13.3467555533594,7.02098391104452,13.2384149636762,12.4707566148697,-0.954180119529057,-0.142904161183788,0.0026276963526483,0.95460501357024,0.000411906052656,0.552184375022436,-0.5485421403564225,0.0026276963526483
ENSG00000111962,UST,uronyl 2-sulfotransferase,10090.0,2,19,7,9,0.108999398216695,1.04229274311216,0.248520876230934,0.33778707144439,3.15170129240748,0.37996089916252,0.0026300833500111,1.0,0.0004134302423826,0.811050160847253,1.765831095785,0.0026300833500111
ENSG00000223612,,,,2,19,1,5,1.02089802453055,9.76220621246279,0.332524079096772,1.75763536104815,3.15170129240748,2.20943453675483,0.0026300833500111,0.757841540271721,0.0004134302423826,0.225711524080905,2.6805679145811547,0.0026300833500111
ENSG00000149294,NCAM1,neural cell adhesion molecule 1,4684.0,2,19,0,9,0.0415989695164759,0.397784802093757,0.0,0.128914418959816,3.15170129240748,6.2014076190169,0.0026300833500111,0.108578470589614,0.0004134302423826,0.0046426550103179,4.67655445571219,0.0026300833500111
ENSG00000204352,FAM120A2P,"family with sequence similarity 120A2, pseudogene",,19,2,2,3,4.36181777291842,0.462153153723268,0.299098781717893,0.474287392920619,-3.18814892066028,0.578629383354757,0.0026300833500111,1.0,0.0004134302423826,1.0,-1.3047597686527614,0.0026300833500111
ENSG00000260859,,,,19,2,9,13,19.3597604228764,2.05124899767943,5.97392297485008,9.1221275238399,-3.18814892066028,0.547541111580171,0.0026300833500111,0.949742814203502,0.0004134302423826,0.545090689776041,-1.3203039045400544,0.0026300833500111
ENSG00000233175,FMNL1-AS1,FMNL1 antisense RNA 1,,2,19,6,7,0.231071118504733,2.20958788672839,0.451583071219951,0.556955016719401,3.15170129240748,0.241128051815216,0.0026300833500111,1.0,0.0004134302423826,1.0,1.696414672111348,0.0026300833500111
ENSG00000158715,SLC45A3,solute carrier family 45 member 3,85414.0,32,10,3,27,2.25947153403562,0.71072060154138,0.137990402759508,1.31288615748229,-1.68446108148353,3.14056514489688,0.0115532045173617,0.0026352837474321,0.002545853831586,2.84736846914445e-05,0.728052031706675,0.0026352837474321
ENSG00000274276,LOC102724560,cystathionine beta-synthase like,102724560.0,10,2,0,17,0.661645947466725,0.133197986862301,0.0,0.774606233293098,-2.27055635211404,7.10968999394068,0.109027227863524,0.0026352837474321,0.0443061456821535,2.86151638512891e-05,2.41956682091332,0.0026352837474321
ENSG00000211897,IGHG3,immunoglobulin heavy constant gamma 3 (G3m marker),3502.0,5,12,2,24,0.457710845483201,1.1057181881064,0.119267447858483,1.51299972752009,1.22384823382747,3.52763753111535,0.287422030603123,0.0026638473759223,0.160155559464687,2.95077103294129e-05,2.37574288247141,0.0026638473759223
ENSG00000117016,RIMS3,regulating synaptic membrane exocytosis 3,9783.0,15,19,2,24,0.547437052002363,0.697972864618844,0.0475492483954331,0.603198954600241,0.319824545695675,3.52763753111535,0.767455200229671,0.0026638473759223,0.635239481431905,2.95077103294129e-05,1.9237310384055124,0.0026638473759223
ENSG00000198707,CEP290,centrosomal protein 290,80184.0,4,24,7,6,0.101483638140462,0.612899528132524,0.115692394115933,0.104831957753379,2.52955771958172,-0.195232298590696,0.002671966704402,1.0,0.0004219612190962,1.0,1.167162710495512,0.002671966704402
ENSG00000103550,KNOP1,lysine rich nucleolar protein 1,400506.0,4,24,10,9,0.136593471186222,0.824941592260868,0.222454236982759,0.211650290576332,2.52955771958172,-0.126938300985695,0.002671966704402,1.0,0.0004219612190962,1.0,1.2013097092980125,0.002671966704402
ENSG00000143443,C1orf56,chromosome 1 open reading frame 56,54964.0,24,4,20,28,2.74058314516217,0.459762706376424,1.48775859526918,2.20189285058204,-2.56656817106228,0.506131438865887,0.002671966704402,0.865297405333466,0.0004219612190962,0.364481781287526,-1.0302183660981965,0.002671966704402
ENSG00000135605,TEC,tec protein tyrosine kinase,7006.0,69,145,44,44,4.5653570375204,9.65685404751679,1.89648348407939,2.00486319205272,1.05120225919653,0.0233254848622886,0.002671966704402,1.0,0.0004217383848486,1.0,0.5372638720294093,0.002671966704402
ENSG00000119401,TRIM32,tripartite motif containing 32,22954.0,4,24,8,3,0.280341838482198,1.69309441078302,0.365248671007883,0.144795674981586,2.52955771958172,-1.35576769623278,0.002671966704402,0.767788479238095,0.0004219612190962,0.239199515285152,0.58689501167447,0.002671966704402
ENSG00000006634,DBF4,DBF4 zinc finger,10926.0,13,43,19,18,0.749510225408878,2.49542587530533,0.713606081387,0.714682461062538,1.69748457573076,-0.0542441053048668,0.002690019496668,1.0,0.0004252042186469,1.0,0.8216202352129466,0.002690019496668
ENSG00000259781,HMGB1P6,high mobility group box 1 pseudogene 6,,119,56,254,204,48.8016121463089,23.1162425744679,67.8565313483143,57.613436992673,-1.10456938056288,-0.292706590231623,0.0026919642426775,0.775904089417094,0.0004257077981788,0.24613484385725,-0.6986379853972515,0.0026919642426775
ENSG00000227591,HSD11B1-AS1,HSD11B1 antisense RNA 1,101930114.0,10,37,15,23,5.55394208313788,20.6845024713586,5.42704393242844,8.79702025359822,1.85577765498463,0.635750096522345,0.0026973859359842,0.811415249722691,0.0004267617597304,0.29780699974006,1.2457638757534877,0.0026973859359842
ENSG00000138031,ADCY3,adenylate cyclase 3,109.0,12,41,16,20,0.52477326648863,1.80474697220722,0.455807189306635,0.602319413921419,1.74331720035274,0.342918065400284,0.002710321702606,0.988958611325617,0.0004292034003616,0.646180806147096,1.043117632876512,0.002710321702606
ENSG00000100413,POLR3H,RNA polymerase III subunit H,171568.0,11,39,35,33,0.441605305504234,1.57597096806102,0.915335641277899,0.912350987382078,1.79558187784829,-0.0612717776824999,0.0027103795248799,1.0,0.0004300026399696,0.916747199534174,0.8671550500828951,0.0027103795248799
ENSG00000163959,SLC51A,solute carrier family 51 subunit alpha,200931.0,11,39,9,11,0.553705759267042,1.9760274402878,0.295120648577051,0.381316369987607,1.79558187784829,0.309008998594712,0.0027103795248799,1.0,0.0004300026399696,0.832021791880543,1.0522954382215008,0.0027103795248799
ENSG00000198521,ZNF43,zinc finger protein 43,7594.0,22,60,54,88,0.673870600305803,1.84989503779622,1.07750258304615,1.85627753982636,1.42352086150262,0.726604381510167,0.0027129039394831,0.313574426793465,0.0004306008439144,0.0289472759533478,1.0750626215063934,0.0027129039394831
ENSG00000157551,KCNJ15,potassium inwardly rectifying channel subfamily J member 15,3772.0,16239,9958,15350,12318,415.981938095264,256.761156203435,256.149966615384,217.301038171843,-0.724367152622463,-0.294076195497076,0.0027796041519252,0.67104987237652,0.0004419979783924,0.151966894749849,-0.5092216740597695,0.0027796041519252
ENSG00000154642,C21orf91,chromosome 21 open reading frame 91,54149.0,376,325,958,498,15.9940690509786,13.9154255221509,26.5465056478923,14.5883734966996,-0.229050429890065,-0.920318779439609,0.494154086011314,0.0027796402325449,0.336638419766344,3.09929278224291e-05,-0.5746846046648371,0.0027796402325449
ENSG00000111181,SLC6A12,solute carrier family 6 member 12,6539.0,69,27,97,103,3.46206242011964,1.3636143905028,3.17050373370621,3.55901187483147,-1.36836347089767,0.109842040940062,0.0027832006882439,1.0,0.0004428711878733,0.726675920031803,-0.629260714978804,0.0027832006882439
ENSG00000163738,MTHFD2L,methylenetetrahydrofolate dehydrogenase (NADP+ dependent) 2 like,441024.0,1,16,11,13,0.0269806535661143,0.434524688376944,0.193337403764484,0.241547322150766,3.82358280023466,0.261661039090698,0.0027890732270291,1.0,0.0004479753237408,0.847719367870117,2.042621919662679,0.0027890732270291
ENSG00000211786,TRAV8-2,T cell receptor alpha variable 8-2,28684.0,1,16,4,8,0.468061903472927,7.53815886073005,1.21964662227014,2.57869329295827,3.82358280023466,1.00083112969867,0.0027890732270291,0.883304914142995,0.0004479753237408,0.401742163618017,2.412206964966665,0.0027890732270291
ENSG00000282826,FRG1CP,"FSHD region gene 1 family member C, pseudogene",100289097.0,1,16,6,3,0.097041405628453,1.56285637918433,0.379296696815878,0.200486319205272,3.82358280023466,-0.948168472295082,0.0027890732270291,0.937365369730268,0.0004479753237408,0.517393651190423,1.437707163969789,0.0027890732270291
ENSG00000224533,TMLHE-AS1,TMLHE antisense RNA 1,100507404.0,16,1,11,7,2.29743555439069,0.14453244970099,1.02893223174172,0.692193958448556,-3.85902246331809,-0.619788274147924,0.0027890732270291,0.932843177738853,0.0004479753237408,0.4996747577089,-2.239405368733007,0.0027890732270291
ENSG00000144736,SHQ1,"SHQ1, H/ACA ribonucleoprotein assembly factor",55164.0,1,16,12,11,0.0454179731468673,0.731458583091584,0.355041996333738,0.344054183995333,3.82358280023466,-0.101039648004899,0.0027890732270291,1.0,0.0004479753237408,1.0,1.8612715761148804,0.0027890732270291
ENSG00000132718,SYT11,synaptotagmin 11,23208.0,112,217,147,156,5.7258549179768,11.1666797036929,4.8956502444095,5.49228828143197,0.934594313457856,0.109031604772058,0.0027890732270291,1.0,0.0004466853078627,0.717484533612004,0.5218129591149571,0.0027890732270291
ENSG00000144824,PHLDB2,pleckstrin homology like domain family B member 2,90102.0,1,16,11,3,0.0215227099980239,0.346624251781072,0.154226985747296,0.0444656472037041,3.82358280023466,-1.80908479825822,0.0027890732270291,0.468619493684623,0.0004479753237408,0.0660006694121014,1.00724900098822,0.0027890732270291
ENSG00000173258,ZNF483,zinc finger protein 483,158399.0,1,16,4,1,0.0158418368334436,0.255133523600623,0.0412796739941935,0.0109096783159001,3.82358280023466,-1.85273183684096,0.0027890732270291,0.87004413345428,0.0004479753237408,0.381172952969145,0.98542548169685,0.0027890732270291
ENSG00000130935,NOL11,nucleolar protein 11,25926.0,36,86,64,80,2.06657190577776,4.9692229239558,2.39330873483822,3.1626010916888,1.23464128119675,0.344716235694428,0.0027890732270291,0.802473156664851,0.0004461083116062,0.279927525195538,0.789678758445589,0.0027890732270291
ENSG00000262380,,,,16,1,8,9,8.42697534363981,0.530143876139812,2.74481108630178,3.26437963079758,-3.85902246331809,0.190508350625269,0.0027890732270291,1.0,0.0004479753237408,1.0,-1.8342570563464105,0.0027890732270291
ENSG00000058056,USP13,ubiquitin specific peptidase 13,8975.0,1,16,6,8,0.0324859641159628,0.523187972430805,0.126974859878277,0.178974911565222,3.82358280023466,0.430631107746716,0.0027890732270291,1.0,0.0004479753237408,0.797511698851884,2.1271069539906877,0.0027890732270291
ENSG00000108384,RAD51C,RAD51 paralog C,5889.0,1,16,6,4,0.0436590371400258,0.703130836383192,0.170646008949794,0.120265359576004,3.82358280023466,-0.547517098327555,0.0027890732270291,1.0,0.0004479753237408,0.759851386238297,1.6380328509535524,0.0027890732270291
ENSG00000174171,LOC105370792,uncharacterized LOC105370792,105370792.0,1,16,5,12,0.0392362318373336,0.631901349996032,0.127799168432483,0.324246238999048,3.82358280023466,1.26534677735019,0.0027890732270291,0.675554666253939,0.0004479753237408,0.160155559464687,2.5444647887924248,0.0027890732270291
ENSG00000100473,COCH,cochlin,1690.0,16,1,17,23,1.0515426935874,0.0661529073922912,0.727824348764777,1.0409770927726,-3.85902246331809,0.456592538650122,0.0027890732270291,0.916742215921126,0.0004479753237408,0.471159265148481,-1.701214962333984,0.0027890732270291
ENSG00000128191,DGCR8,DGCR8 microprocessor complex subunit,54487.0,55,119,76,101,1.99190253658404,4.33804811949429,1.79303893040233,2.51902906331601,1.09288932777402,0.433055562056909,0.0027890732270291,0.672418379574913,0.0004456352184495,0.153976921751326,0.7629724449154645,0.0027890732270291
ENSG00000066933,MYO9A,myosin IXA,4649.0,36,86,29,26,0.469351837852577,1.12859073789646,0.246300192642004,0.233440271279367,1.23464128119675,-0.133541419479638,0.0027890732270291,1.0,0.0004461083116062,0.811669760034083,0.550549930858556,0.0027890732270291
ENSG00000158292,GPR153,G protein-coupled receptor 153,387509.0,1,16,1,5,0.0631069645940154,1.01634061819276,0.0411100517034837,0.217296987228201,3.82358280023466,2.20943453675483,0.0027890732270291,0.757841540271721,0.0004479753237408,0.225711524080905,3.016508668494745,0.0027890732270291
ENSG00000077254,USP33,ubiquitin specific peptidase 33,23032.0,926,550,1213,933,35.4609327263106,21.2003907681525,30.260123796348,24.6052182126124,-0.7702835247749,-0.355196975430793,0.0028225223634207,0.559645724821251,0.0004537592430918,0.0980497831555101,-0.5627402501028465,0.0028225223634207
ENSG00000083812,ZNF324,zinc finger protein 324,25799.0,102,200,153,168,4.77085978306833,9.41604412776574,4.6618537339049,5.41143158193892,0.951743262975434,0.158197929477475,0.0028483380529068,0.965239017950147,0.0004585321934755,0.580410744213976,0.5549705962264545,0.0028483380529068
ENSG00000145555,MYO10,myosin X,4651.0,26,67,15,20,0.492633312223401,1.27781281431754,0.185145183505104,0.260967744924614,1.34264228302908,0.435276089643361,0.0028752205829844,0.941636472443587,0.0004643265421872,0.533660763088406,0.8889591863362205,0.0028752205829844
ENSG00000124406,ATP8A1,ATPase phospholipid transporting 8A1,10396.0,682,401,881,676,16.1333611468338,9.5483177291748,13.5764780250137,11.0126943586316,-0.784819067078357,-0.358668780362844,0.0029904644462856,0.566354702405706,0.0004846810179667,0.101510292559291,-0.5717439237206006,0.0029904644462856
ENSG00000236213,,,,5,26,3,3,0.759962815162584,3.97775192894806,0.29703958184376,0.314014716827535,2.33124248684471,0.022456099493914,0.0030061760842451,1.0,0.0004881037979666,1.0,1.176849293169312,0.0030061760842451
ENSG00000254682,,,,5,26,5,6,1.94796351004174,10.1959141355242,1.26897056655312,1.60978721008939,2.33124248684471,0.280025651867243,0.0030061760842451,1.0,0.0004881037979666,1.0,1.3056340693559765,0.0030061760842451
ENSG00000188690,UROS,uroporphyrinogen III synthase,7390.0,5,26,7,15,0.139359830281787,0.729428891336819,0.127097315029834,0.287915650410518,2.33124248684471,1.10906313916237,0.0030061760842451,0.672418379574913,0.0004881037979666,0.154702290068357,1.72015281300354,0.0030061760842451
ENSG00000173208,ABCD2,ATP binding cassette subfamily D member 2,225.0,5,26,11,13,0.210590649734242,1.10226098762424,0.301809215828851,0.377067274435353,2.33124248684471,0.261661039090698,0.0030061760842451,1.0,0.0004881037979666,0.847719367870117,1.296451762967704,0.0030061760842451
ENSG00000237943,PRKCQ-AS1,PRKCQ antisense RNA 1,439949.0,34,81,44,40,1.54394639534333,3.70237434788556,1.30159750947101,1.25089167279258,1.23052707098102,-0.113772704251016,0.0030320720832755,1.0,0.0004931923108782,0.783941725259068,0.5583771833650021,0.0030320720832755
ENSG00000014257,ACP3,acid phosphatase 3,55.0,631,449,556,282,39.0575786396593,27.97462710153,22.4192706449722,12.0207474846862,-0.509643729264948,-0.955690741752946,0.0669803243514015,0.0030604978273254,0.0231311347341986,3.45705555484223e-05,-0.732667235508947,0.0030604978273254
ENSG00000131188,PRR7,"proline rich 7, synaptic",80758.0,93,184,67,79,14.0546734027427,27.9896611662818,6.59604095974446,8.2218833358055,0.96462466382685,0.260634904437483,0.0031226327522927,0.886627817955202,0.0005081503378421,0.4136145047424,0.6126297841321665,0.0031226327522927
ENSG00000204315,FKBPL,FKBP prolyl isomerase like,63943.0,212,113,252,218,41.8507331755018,22.4536868672957,32.4069741109602,29.6367183337868,-0.925820382965248,-0.185604799413118,0.0031326558761554,0.915475830302803,0.0005104662978489,0.465143382077769,-0.555712591189183,0.0031326558761554
ENSG00000114737,CISH,cytokine inducible SH2 containing protein,1154.0,288,270,758,392,14.9252415417283,14.0842800897003,25.5899134907723,13.9901173292067,-0.111898707459095,-0.927736023839497,0.776203888445398,0.0031490045073534,0.648258370312747,3.57997888898954e-05,-0.519817365649296,0.0031490045073534
ENSG00000103342,GSPT1,G1 to S phase transition 1,2935.0,80,162,154,164,2.63146796489373,5.36370795767678,3.29989068113839,3.71499606136018,0.997964700960836,0.114067472430936,0.0031946778035974,1.0,0.000521271214273,0.701831584843444,0.556016086695886,0.0031946778035974
ENSG00000172795,DCP2,decapping mRNA 2,167227.0,3956,2429,4360,3431,93.7755490174138,57.9565941300316,67.3271999949301,56.0093406125531,-0.722489971872229,-0.322296822512435,0.0032716907733244,0.609450789649984,0.0005350885570075,0.120095826790086,-0.522393397192332,0.0032716907733244
ENSG00000143164,DCAF6,DDB1 and CUL4 associated factor 6,55827.0,247,135,456,359,10.376782465798,5.70875672522581,12.4796191968535,10.3864376183271,-0.889772344138218,-0.321558685095806,0.0032770313750988,0.68313861253985,0.000536537893702,0.165432853044011,-0.605665514617012,0.0032770313750988
ENSG00000224789,,,,6,28,7,8,2.76441430294619,12.9852980027011,2.10097387714534,2.53833113706849,2.18046598650476,0.212484432346265,0.0032815944182484,1.0,0.0005380839120433,1.0,1.1964752094255124,0.0032815944182484
ENSG00000204390,HSPA1L,heat shock protein family A (Hsp70) member 1 like,3305.0,153,78,226,199,14.6753166969401,7.53065345274055,14.1213176443073,13.144847047387,-0.989670368067541,-0.1600681992333,0.0032935889187231,0.949742814203502,0.0005405306985107,0.546394882892612,-0.5748692836504206,0.0032935889187231
ENSG00000146872,TLK2,tousled like kinase 2,11011.0,610,358,860,720,18.8722472022729,11.1485610594419,17.3325700647032,15.3402588278985,-0.787475869587473,-0.232910966765188,0.0032991985273453,0.806721456397718,0.0005416917564574,0.287619881993803,-0.5101934181763305,0.0032991985273453
ENSG00000107281,NPDC1,"neural proliferation, differentiation and control 1",56654.0,16,48,15,26,1.55837080803339,4.7058065240881,0.951727924914841,1.74393614426351,1.5587453939768,0.811735028048974,0.0033048555364666,0.672418379574913,0.000543102261677,0.153581664576598,1.185240211012887,0.0033048555364666
ENSG00000159884,CCDC107,coiled-coil domain containing 107,203260.0,16,48,28,29,2.90525606432545,8.77299091536644,3.31202187624009,3.62634267568687,1.5587453939768,0.0736945261766584,0.0033048555364666,1.0,0.000543102261677,0.999999999999999,0.8162199600767291,0.0033048555364666
ENSG00000198931,APRT,adenine phosphoribosyltransferase,353.0,64,133,84,98,9.4404645831867,19.7472690255442,8.07167024070315,9.95510576098341,1.03501043158748,0.245445620974875,0.003328849484668,0.891539482982246,0.0005477730750896,0.421340442146907,0.6402280262811775,0.003328849484668
ENSG00000287561,,,,3,21,0,6,1.1115651917441,7.83204162750327,0.0,1.53098643756754,2.7386163415688,5.62621442126368,0.0033667448040845,0.334751177069253,0.0005564624118688,0.0336166099694965,4.18241538141624,0.0033667448040845
ENSG00000066697,MSANTD3,Myb/SANT DNA binding domain containing 3,91283.0,3,21,9,5,0.244318817121743,1.72146011794185,0.47747309359392,0.280421995814322,2.7386163415688,-0.809326297514602,0.0033667448040845,0.900489978071345,0.0005564624118688,0.439814204606746,0.9646450220270989,0.0033667448040845
ENSG00000170584,NUDCD2,NudC domain containing 2,134492.0,3,21,18,14,0.0902223989212204,0.635703231202729,0.352643880908394,0.289952969312654,2.7386163415688,-0.336522540552406,0.0033667448040845,0.981876444361395,0.0005564624118688,0.623404369263777,1.201046900508197,0.0033667448040845
ENSG00000141469,SLC14A1,solute carrier family 14 member 1 (Kidd blood group),6563.0,3,21,4,2,0.110661252032446,0.779714531281654,0.0961180713178638,0.0508054999935388,2.7386163415688,-0.934582039904554,0.0033667448040845,1.0,0.0005564624118688,0.692095810745622,0.9020171508321229,0.0033667448040845
ENSG00000109956,B3GAT1,"beta-1,3-glucuronyltransferase 1",27087.0,3,21,6,7,0.0676456815130675,0.476628629131402,0.0881334566607666,0.108698429937662,2.7386163415688,0.241128051815216,0.0033667448040845,1.0,0.0005564624118688,1.0,1.4898721966920079,0.0033667448040845
ENSG00000138709,LARP1B,La ribonucleoprotein 1B,55132.0,3,21,16,17,0.0838364042296445,0.590707780977304,0.291274256626539,0.32716491119257,2.7386163415688,0.110020543664557,0.0033667448040845,1.0,0.0005564624118688,1.0,1.4243184426166784,0.0033667448040845
ENSG00000177917,ARL6IP6,ADP ribosylation factor like GTPase 6 interacting protein 6,151188.0,216,116,457,321,17.086705306356,9.23643920125583,23.5500324432397,17.4870285766056,-0.915011254276306,-0.486069738196915,0.0034015888116967,0.356130744554121,0.0005629651793735,0.0369315004737294,-0.7005404962366105,0.0034015888116967
ENSG00000110330,BIRC2,baculoviral IAP repeat containing 2,329.0,1126,678,1810,1447,65.8215666535198,39.8934436574282,68.9253739326382,58.2511850264622,-0.750580530656746,-0.299509851813682,0.0034128891563837,0.674895869987875,0.0005650841104287,0.156331433427893,-0.525045191235214,0.0034128891563837
ENSG00000108963,DPH1,diphthamide biosynthesis 1,1801.0,7,30,7,15,0.322122852450884,1.38959025376928,0.209841927976128,0.475358391028655,2.06136419818609,1.10906313916237,0.0034527198544853,0.672418379574913,0.0005734403547859,0.154702290068357,1.58521366867423,0.0034527198544853
ENSG00000106211,HSPB1,heat shock protein family B (small) member 1,3315.0,7,30,26,15,1.23220017379384,5.31552896408623,2.98144845404109,1.81836429046642,2.06136419818609,-0.765256765868917,0.0034527198544853,0.672418379574913,0.0005734403547859,0.153581664576598,0.6480537161585864,0.0034527198544853
ENSG00000141854,MISP3,MISP family member 3,113230.0,30,7,27,28,3.376249414176,0.792963716180238,1.97946470704463,2.17008981025928,-2.09863446381503,0.0755158304472674,0.0034527198544853,1.0,0.0005734403547859,0.999999999999999,-1.0115593166838814,0.0034527198544853
ENSG00000235505,CASP4LP,"caspase 4 like, pseudogene",,7,30,3,8,0.430569134330099,1.85741144438119,0.12020896010069,0.338876341726116,2.06136419818609,1.40125567953571,0.0034527198544853,0.767788479238095,0.0005734403547859,0.239199515285152,1.7313099388609001,0.0034527198544853
ENSG00000171861,MRM3,mitochondrial rRNA methyltransferase 3,55178.0,7,30,4,13,0.934237411365107,4.03016175866487,0.347768256022619,1.19483786206467,2.06136419818609,1.69277738700579,0.0034527198544853,0.442562606409167,0.0005734403547859,0.058628570909649,1.87707079259594,0.0034527198544853
ENSG00000146021,KLHL3,kelch like family member 3,26249.0,7,30,12,8,0.15645501236478,0.674923740061568,0.17472032098327,0.123136792695046,2.06136419818609,-0.554453792326562,0.0034527198544853,0.938458125907049,0.0005734403547859,0.523804896248512,0.753455202929764,0.0034527198544853
ENSG00000104936,DMPK,DM1 protein kinase,1760.0,14,44,37,47,0.638698557451261,2.02051735263067,1.09961423986487,1.4766316294833,1.62461598226213,0.367422939614023,0.0034727538347957,0.88536701287707,0.0005770207508624,0.410207600437325,0.9960194609380765,0.0034727538347957
ENSG00000189060,H1-0,H1.0 linker histone,3005.0,104,201,109,140,11.7542644564976,22.8665257292506,8.02526436799636,10.8967393629487,0.930953613252775,0.384100637945303,0.0035314324772382,0.701195305259501,0.0005872853019281,0.1754051779258,0.657527125599039,0.0035314324772382
ENSG00000270210,,,,42,13,26,26,14.3571194443334,4.47304620139127,5.78978054623463,6.12065330631838,-1.70108107868655,0.0232798291963546,0.0035480675014591,1.0,0.0005912831819691,1.0,-0.8389006247450977,0.0035480675014591
ENSG00000116667,C1orf21,chromosome 1 open reading frame 21,81563.0,13,42,4,8,0.311928220791033,1.01438452380488,0.0625233210945474,0.132192772739279,1.66363745338181,1.00083112969867,0.0035480675014591,0.883304914142995,0.0005912831819691,0.401742163618017,1.33223429154024,0.0035480675014591
ENSG00000183617,MRPL54,mitochondrial ribosomal protein L54,116541.0,26,66,61,58,6.9928923568605,17.8677323858777,10.6876952488576,10.7428100788368,1.3209881824272,-0.0492610692763787,0.0035540739895386,1.0,0.0005931226815364,0.884767585378892,0.6358635565754107,0.0035540739895386
ENSG00000167525,PROCA1,protein interacting with cyclin A1,147011.0,66,26,36,35,3.62081600044205,1.43574686522188,1.28657690905862,1.32232123973658,-1.3585413788273,-0.0171897040087814,0.0035540739895386,1.0,0.0005931226815364,1.0,-0.6878655414180407,0.0035540739895386
ENSG00000136997,MYC,"MYC proto-oncogene, bHLH transcription factor",4609.0,42,95,111,129,2.42730531617767,5.52637982577246,4.17896589718279,5.13418172153293,1.15634871730658,0.239952201120752,0.0035650736982497,0.884635887259932,0.0005952181783042,0.408520899613004,0.698150459213666,0.0035650736982497
ENSG00000139116,KIF21A,kinesin family member 21A,55605.0,8,32,13,12,0.20948742699668,0.843451203948445,0.221759411057222,0.216399190048589,1.96459883760091,-0.0911728874544644,0.0035650910858624,1.0,0.0005962603149726,1.0,0.9367129750732228,0.0035650910858624
ENSG00000205060,SLC35B4,solute carrier family 35 member B4,84912.0,8,32,12,11,0.303289109748914,1.22112132660939,0.296359468319218,0.287187758334971,1.96459883760091,-0.101039648004899,0.0035650910858624,1.0,0.0005962603149726,1.0,0.9317795947980055,0.0035650910858624
ENSG00000144218,AFF3,ALF transcription elongation factor 3,3899.0,8,32,1,6,0.135337439267268,0.544903948297983,0.0110204340390309,0.0699013603359379,1.96459883760091,2.46663895760552,0.0035650910858624,0.628161311574139,0.0005962603149726,0.131529066191331,2.215618897603215,0.0035650910858624
ENSG00000184675,AMER1,APC membrane recruitment protein 1,139285.0,8,32,4,4,0.252097573322875,1.01501080413303,0.0821125238735456,0.0868050674327574,1.96459883760091,0.0226829236243962,0.0035650910858624,1.0,0.0005962603149726,1.0,0.9936408806126531,0.0035650910858624
ENSG00000148339,SLC25A25,solute carrier family 25 member 25,114789.0,62,129,77,81,3.32763944827228,6.96909353547083,2.6921920123469,2.99389112411277,1.0367110945031,0.0963027612455287,0.0035911403292086,1.0,0.0006008787491519,0.766548076879129,0.5665069278743143,0.0035911403292086
ENSG00000130595,TNNT3,"troponin T3, fast skeletal type",7140.0,65,134,53,65,6.33787170731284,13.1515485975619,3.36648503633231,4.36465431762675,1.02348218266547,0.317162312824329,0.0036188270826206,0.872828925751373,0.0006057750917344,0.383942192385488,0.6703222477448996,0.0036188270826206
ENSG00000085998,POMGNT1,"protein O-linked mannose N-acetylglucosaminyltransferase 1 (beta 1,2-)",55624.0,9,34,20,25,0.385249206057698,1.4649411164555,0.55769913411286,0.736962960400703,1.88425665259639,0.343395731960863,0.0036347693817284,0.969579482810528,0.0006087086459125,0.590815219707144,1.1138261922786266,0.0036347693817284
ENSG00000151135,TMEM263,transmembrane protein 263,90488.0,11,38,22,24,0.611189893251351,2.12524539608565,0.796300321964543,0.918334985621466,1.75822925271526,0.148116560416187,0.0036379467354598,1.0,0.0006103012232202,0.894525623019829,0.9531729065657235,0.0036379467354598
ENSG00000072071,ADGRL1,adhesion G protein-coupled receptor L1,22859.0,11,38,13,21,0.343366726879044,1.19396371492122,0.264350178115461,0.451430842466449,1.75822925271526,0.709845078561841,0.0036379467354598,0.787455869048294,0.0006103012232202,0.26673188160155,1.2340371656385505,0.0036379467354598
ENSG00000226660,TRBV2,T cell receptor beta variable 2,28620.0,10,36,6,7,6.29270872602557,22.8024829195718,2.45957240453052,3.0334865875002,1.816385094612,0.241128051815216,0.0036496668754079,1.0,0.0006127993354423,1.0,1.028756573213608,0.0036496668754079
ENSG00000134460,IL2RA,interleukin 2 receptor subunit alpha,3559.0,20,55,22,32,1.33731972420836,3.70177444053708,0.958293774640823,1.47353902454759,1.43495836046302,0.561299163713057,0.0036679591483394,0.802082649057799,0.0006164053196378,0.276933120181239,0.9981287620880386,0.0036679591483394
ENSG00000129534,MIS18BP1,MIS18 binding protein 1,55320.0,334,189,715,486,14.1574871168218,8.06387005967737,19.7431516626601,14.1867327250758,-0.83987757478123,-0.533481412302783,0.0036908588829207,0.232558032005738,0.0006210605713936,0.0166353509436119,-0.6866794935420065,0.0036908588829207
ENSG00000240288,GHRLOS,ghrelin opposite strand/antisense RNA,100126793.0,71,29,37,40,5.9411041228563,2.4425801393719,2.01688562567761,2.3050227476538,-1.30688119048451,0.135426301253379,0.0038017193394091,1.0,0.0006413773699702,0.846735420778234,-0.5857274446155655,0.0038017193394091
ENSG00000164047,CAMP,cathelicidin antimicrobial peptide,820.0,145,74,452,404,51.5622019033867,26.487268936478,104.706253244501,98.9352891176193,-0.988079438877107,-0.138535192630068,0.0038027000517663,0.95460501357024,0.0006420970718512,0.551757985821029,-0.5633073157535875,0.0038027000517663
ENSG00000162086,ZNF75A,zinc finger protein 75a,7627.0,78,157,94,96,2.56281742707712,5.19235917681225,2.01197069611994,2.17220449532092,0.989239645507227,0.0536947413858383,0.0038076338223105,1.0,0.000643207637379,0.876322838927049,0.5214671934465327,0.0038076338223105
ENSG00000145569,OTULINL,OTU deubiquitinase with linear linkage specificity like,54491.0,401,232,535,454,15.0900764181302,8.78773718324028,13.115099207728,11.7654712949526,-0.807981441004081,-0.213400672049582,0.0038324456823085,0.856586723804079,0.0006479575851155,0.347809719537823,-0.5106910565268314,0.0038324456823085
ENSG00000188460,ACTBP11,ACTB pseudogene 11,,24,62,45,54,5.64667219962366,14.6830079229984,6.89706915391217,8.74946512055692,1.34587328964842,0.285700528438649,0.0038774782712678,0.936745054483476,0.0006581144799433,0.511246518810337,0.8157869090435346,0.0038774782712678
ENSG00000182308,DCAF4L1,DDB1 and CUL4 associated factor 4 like 1,285429.0,62,24,66,81,3.48730962137409,1.35878914495962,2.41831843001716,3.13754704641627,-1.38341672034212,0.318302375027756,0.0038774782712678,0.829533367725152,0.0006581144799433,0.316404972658088,-0.5325571726571819,0.0038774782712678
ENSG00000251259,,,,188,100,191,126,90.7204572399767,48.5723806372178,60.0414925988778,41.8720607651667,-0.928710795101952,-0.576289723783271,0.0038774782712678,0.31615014004818,0.000658002139074,0.0294907578532043,-0.7525002594426116,0.0038774782712678
ENSG00000109436,TBC1D9,TBC1 domain family member 9,23158.0,12,20,3,26,0.543338993058985,0.911510407445994,0.0884874365328446,0.810717195760852,0.712320179669937,3.08637098141709,0.398308419937611,0.0038887566279575,0.250096585496462,4.67603005110771e-05,1.8993455805435135,0.0038887566279575
ENSG00000189134,NKAPL,NFKB activating protein like,222698.0,12,0,12,24,1.9128017138316,0.0,1.24606496065866,2.63454946536892,-6.60926621861723,1.01575477539223,0.0039159167186069,0.533132987870436,0.0006672069150344,0.089512517635572,-2.7967557216125,0.0039159167186069
ENSG00000141698,NT5C3B,"5'-nucleotidase, cytosolic IIIB",115024.0,0,12,11,24,0.0,1.1223951022027,0.665864597531908,1.53581943579206,6.59062096273784,1.13992334950237,0.0039159167186069,0.44446837853854,0.0006672069150344,0.0591424951978133,3.865272156120105,0.0039159167186069
ENSG00000212664,RPL17P39,ribosomal protein L17 pseudogene 39,645296.0,0,12,5,12,0.0,5.76567285834218,1.55477474820923,3.94470379409293,6.59062096273784,1.26534677735019,0.0039159167186069,0.675554666253939,0.0006672069150344,0.160155559464687,3.927983870044015,0.0039159167186069
ENSG00000255571,MIR9-3HG,MIR9-3 host gene,254559.0,0,12,2,3,0.0,0.32712619468206,0.0352852171439837,0.0559525303036592,6.59062096273784,0.578629383354757,0.0039159167186069,1.0,0.0006672069150344,1.0,3.5846251730462986,0.0039159167186069
ENSG00000274615,NPEPPSP1,NPEPPS pseudogene 1,440434.0,12,0,11,8,2.44544342183702,0.0,1.46029228274113,1.12272338754953,-6.60926621861723,-0.430285218216424,0.0039159167186069,0.994297199514418,0.0006672069150344,0.662502499282927,-3.519775718416827,0.0039159167186069
ENSG00000225032,LOC102723566,uncharacterized LOC102723566,102723566.0,0,12,4,3,0.0,1.42409810252777,0.307218508324387,0.243581509314817,6.59062096273784,-0.37796845034313,0.0039159167186069,1.0,0.0006672069150344,1.0,3.106326256197355,0.0039159167186069
ENSG00000147889,CDKN2A,cyclin dependent kinase inhibitor 2A,1029.0,0,12,3,1,0.0,0.739188827992587,0.119598057554556,0.0421442713044116,6.59062096273784,-1.45230728700392,0.0039159167186069,0.981876444361395,0.0006672069150344,0.628703771781487,2.5691568378669603,0.0039159167186069
ENSG00000214485,RPL7P1,ribosomal protein L7 pseudogene 1,6174.0,66,135,153,152,23.4068547070076,48.1919945237938,35.3477102394074,37.123517633833,1.01221394141809,0.0139200101643778,0.0039207875021746,1.0,0.0006683225453714,1.0,0.5130669757912338,0.0039207875021746
ENSG00000258831,,,,23,4,9,24,6.65926760591318,1.16573713529323,1.69750816771696,4.78537837316191,-2.50549048369767,1.42580342199184,0.0039296018396225,0.273733898416371,0.0006721159829175,0.0219259398798095,-0.5398435308529149,0.0039296018396225
ENSG00000067533,RRP15,ribosomal RNA processing 15 homolog,51018.0,4,23,9,8,0.134529916143545,0.778625682755045,0.197184203816303,0.185291405841613,2.46848425329691,-0.144405145726951,0.0039296018396225,1.0,0.0006721159829175,1.0,1.1620395537849795,0.0039296018396225
ENSG00000231551,PDE4DIPP6,PDE4DIP pseudogene 6,,23,4,12,12,1.82979875657975,0.320315158796788,0.621909899283692,0.657450632348821,-2.50549048369767,0.023150602219426,0.0039296018396225,1.0,0.0006721159829175,1.0,-1.241169940739122,0.0039296018396225
ENSG00000112039,FANCE,FA complementation group E,2178.0,23,4,17,27,2.26345834302027,0.396229375480424,1.08984396354785,1.82984727447011,-2.50549048369767,0.68677163365654,0.0039296018396225,0.750533887774626,0.0006721159829175,0.218658915401745,-0.909359425020565,0.0039296018396225
ENSG00000177112,IRAG1-AS1,IRAG1 antisense RNA 1,100129827.0,23,4,34,20,4.28798723392721,0.750632990002324,4.12928916237976,2.56780507356507,-2.50549048369767,-0.738563999693957,0.0039296018396225,0.597890655345319,0.0006721159829175,0.115130921445943,-1.6220272416958135,0.0039296018396225
ENSG00000135047,CTSL,cathepsin L,1514.0,4,23,2,18,0.572187985671008,3.31168169711743,0.186371487096355,1.7731997346557,2.46848425329691,3.11506952250211,0.0039296018396225,0.0305349054244226,0.0006721159829175,0.0007009543221609,2.79177688789951,0.0039296018396225
ENSG00000100097,LGALS1,galectin 1,3956.0,52,53,28,79,12.9109633955156,13.2456472296263,4.5288096695729,13.5079301665108,0.0086207358302455,1.51560179100207,1.0,0.0039663204005686,1.0,4.79820132994025e-05,0.7621112634161578,0.0039663204005686
ENSG00000100351,GRAP2,GRB2 related adaptor protein 2,9402.0,53,113,36,44,2.26905639631236,4.86956169617175,1.00402066804203,1.29726441838706,1.07164804874602,0.311916838615661,0.0039798775020119,0.935046040963385,0.000681585201117,0.508817139474828,0.6917824436808405,0.0039798775020119
ENSG00000270562,FOXP1-DT,FOXP1 divergent transcript,,18,2,9,11,1.93296095362066,0.216183518198886,0.629598692120397,0.813485227095572,-3.11066677108683,0.309008998594712,0.0040721825608353,1.0,0.0007009543221609,0.832021791880543,-1.400828886246059,0.0040721825608353
ENSG00000144036,EXOC6B,exocyst complex component 6B,23233.0,2,18,5,2,0.051960976241184,0.470719099202693,0.0846229268663453,0.0357835736935957,3.07422593632759,-1.24767078679902,0.0040721825608353,0.913225093548511,0.0007009543221609,0.46116766880484,0.913277574764285,0.0040721825608353
ENSG00000035720,STAP1,signal transducing adaptor family member 1,26228.0,2,18,8,10,0.271576665674707,2.46023713714498,0.707657599389952,0.935123272561753,3.07422593632759,0.34054961990041,0.0040721825608353,1.0,0.0007009543221609,0.822369736464699,1.7073877781139999,0.0040721825608353
ENSG00000119403,PHF19,PHD finger protein 19,26147.0,39,89,61,82,1.56687874693075,3.59917362801804,1.59650892024942,2.26877299652676,1.16894325106275,0.449408935477351,0.0040721825608353,0.675554666253939,0.0006995324204097,0.159421767820421,0.8091760932700505,0.0040721825608353
ENSG00000106624,AEBP1,AE binding protein 1,165.0,2,18,1,7,0.106587421993835,0.965584923470099,0.034717360098818,0.256909646617901,3.07422593632759,2.68485263261098,0.0040721825608353,0.493857330581389,0.0007009543221609,0.0757930705803511,2.879539284469285,0.0040721825608353
ENSG00000106246,PTCD1,pentatricopeptide repeat domain 1,26024.0,2,18,6,17,0.0912740869476922,0.82686006108008,0.178377257934082,0.534284816211122,3.07422593632759,1.50638994948675,0.0040721825608353,0.390976280338319,0.0007009543221609,0.0452805965080251,2.29030794290717,0.0040721825608353
ENSG00000115514,TXNDC9,thioredoxin domain containing 9,10190.0,146,75,315,279,13.735356340692,7.10215828386876,19.3049357496931,18.0758066701089,-0.978653777342452,-0.151630994952742,0.0040759868012407,0.944093222798965,0.0007022032355438,0.536444749902604,-0.5651423861475969,0.0040759868012407
ENSG00000106868,SUSD1,sushi domain containing 1,64420.0,68,138,50,53,4.30666185533493,8.79737198622255,2.06287350049276,2.31160773972515,1.00090456839035,0.107195668358811,0.0040759868012407,1.0,0.0007019624648575,0.873019333693623,0.5540501183745805,0.0040759868012407
ENSG00000156650,KAT6B,lysine acetyltransferase 6B,23522.0,209,372,186,215,1.70392105891449,3.05272815903299,0.987840573981467,1.2071133513621,0.812591096193521,0.232280441945134,0.0040780713458766,0.856586723804079,0.000702859549118,0.35670680075487,0.5224357690693275,0.0040780713458766
ENSG00000159247,TUBBP5,tubulin beta pseudogene 5,,49,17,19,25,4.61308771532273,1.61096669682713,1.16525228996918,1.62084710800282,-1.53910017055809,0.416920969221335,0.0040851125607035,0.932843177738853,0.000704966225313,0.49563830492896,-0.5610896006683775,0.0040851125607035
ENSG00000222009,BTBD19,BTB domain containing 19,149478.0,140,259,95,162,10.5367117134076,19.6208959522348,4.65769878405293,8.39650374353445,0.868107310620113,0.792577483602035,0.004193194846237,0.108290165077888,0.0007252946374391,0.0046008720478362,0.8303423971110739,0.004193194846237
ENSG00000111674,ENO2,enolase 2,2026.0,22,58,30,39,1.36143583789883,3.61280482188808,1.20939030869814,1.66205547035625,1.37471535755523,0.400435364294481,0.0042149913475908,0.88448460063668,0.0007307582288236,0.4066206766633,0.8875753609248556,0.0042149913475908
ENSG00000161835,TAMALIN,trafficking regulator and scaffold protein tamalin,160622.0,22,58,4,14,2.06457910805699,5.47871677028087,0.244534179314523,0.904780625814797,1.37471535755523,1.79871871813622,0.0042149913475908,0.362947635580242,0.0007307582288236,0.0384743300054229,1.586717037845725,0.0042149913475908
ENSG00000134539,KLRD1,killer cell lectin like receptor D1,3824.0,38,87,43,56,0.578168815753257,1.33239295679729,0.426196868435714,0.586766760090781,1.17355433762014,0.40345088373682,0.004256735015124,0.837340668324498,0.0007395464419221,0.323976986363371,0.78850261067848,0.004256735015124
ENSG00000100519,PSMC6,"proteasome 26S subunit, ATPase 6",5706.0,694,416,869,719,24.5830442481321,14.8324035024072,20.0524157557847,17.5392691259283,-0.757013474091309,-0.249933085376396,0.0042896109432767,0.778637941053786,0.0007471338109919,0.253229656304369,-0.5034732797338525,0.0042896109432767
ENSG00000179041,RRS1,ribosome biogenesis regulator 1 homolog,23212.0,5,25,9,15,0.770125108621153,3.87590653631287,0.903034868291291,1.59106875415812,2.27493683971138,0.752173561089151,0.0043395105364239,0.845560856287376,0.0007589874134541,0.33509400499131,1.5135552004002655,0.0043395105364239
ENSG00000080839,RBL1,RB transcriptional corepressor like 1,5933.0,5,25,12,13,0.222400132106847,1.11930141747115,0.347709866456463,0.398212417091735,2.27493683971138,0.137492464980561,0.0043395105364239,1.0,0.0007589874134541,1.0,1.2062146523459705,0.0043395105364239
ENSG00000181450,ZNF678,zinc finger protein 678,339500.0,5,25,10,6,0.148582746699763,0.747791277897716,0.193583844140465,0.122788031728636,2.27493683971138,-0.702131498738911,0.0043395105364239,0.916742215921126,0.0007589874134541,0.471999982180641,0.7864026704862344,0.0043395105364239
ENSG00000181804,SLC9A9,solute carrier family 9 member A9,285195.0,5,25,14,15,0.327793909138427,1.64973007732198,0.597901499311345,0.677218078978463,2.27493683971138,0.12187586527337,0.0043395105364239,1.0,0.0007589874134541,0.999999999999999,1.198406352492375,0.0043395105364239
ENSG00000178449,COX14,cytochrome c oxidase assembly factor COX14,84987.0,41,92,101,92,11.1977778680338,25.2916886724185,17.9696697960553,17.3038295297582,1.14477897310294,-0.111113660468422,0.0043442649609636,1.0,0.0007601355612355,0.758319325465235,0.516832656317259,0.0043442649609636
ENSG00000133731,IMPA1,inositol monophosphatase 1,3612.0,152,79,269,198,9.14149867867942,4.7823671296635,10.5389373908693,8.20059591246447,-0.961868616938526,-0.418486541342171,0.004359815698399,0.546885413182119,0.0007634919926579,0.0936693336602325,-0.6901775791403485,0.004359815698399
ENSG00000128829,EIF2AK4,eukaryotic translation initiation factor 2 alpha kinase 4,440275.0,15,45,34,26,0.331485281989085,1.00098487123996,0.489466124436239,0.395687880580309,1.55825625801677,-0.362105061288345,0.0043642681848783,0.896382407934999,0.0007649078111523,0.428430332760113,0.5980755983642125,0.0043642681848783
ENSG00000165490,DDIAS,DNA damage induced apoptosis suppressor,220042.0,56,21,54,53,2.77873948164036,1.04886865773831,1.74551785742014,1.81109855315046,-1.42845495751914,-0.0035669644903609,0.0043916950405019,1.0,0.0007700348540626,1.0,-0.7160109610047505,0.0043916950405019
ENSG00000126767,ELK1,ETS transcription factor ELK1,2002.0,91,177,152,187,7.09476056511965,13.8903000107721,7.71988215179109,10.0402463034612,0.940029132961546,0.322119379435772,0.0044086259001989,0.763382710112377,0.0007737403304589,0.233376364154017,0.631074256198659,0.0044086259001989
ENSG00000067208,EVI5,ecotropic viral integration site 5,7813.0,259,145,344,281,8.29084904273928,4.67206906793828,7.17345565316835,6.19458152295556,-0.855178961464834,-0.268338648513783,0.0044447524506315,0.782497131214561,0.0007812813664861,0.260775352065602,-0.5617588049893085,0.0044447524506315
ENSG00000073350,LLGL2,LLGL scribble cell polarity complex component 2,3993.0,37,84,35,56,1.23936684568593,2.83217082496641,0.76372485735148,1.29179198719189,1.16134981185914,0.699469394308989,0.0044502701725187,0.506696330757024,0.0007825755667022,0.0810152856493886,0.9304096030840645,0.0044502701725187
ENSG00000136682,ZNG1B,Zn regulated GTPase metalloprotein activator 1B,150472.0,163,126,258,123,5.13404530859652,3.99470438497076,5.29373906066056,2.66798641168067,-0.389946553199418,-1.04457194047412,0.279281019500782,0.0044902800939404,0.15225924113725,5.66111686526519e-05,-0.717259246836769,0.0044902800939404
ENSG00000211666,IGLV2-14,immunoglobulin lambda variable 2-14,28815.0,1,15,4,5,0.65901253076039,9.95008842157931,1.71721390100721,2.26918595120395,3.73122360961417,0.335909977911017,0.0045019592453489,1.0,0.0007946177883861,1.0,2.0335667937625934,0.0045019592453489
ENSG00000179271,GADD45GIP1,GADD45G interacting protein 1,90480.0,1,15,10,10,0.149758641812141,2.26112806414635,0.975579406733887,1.03133154594007,3.73122360961417,0.0231029682894456,0.0045019592453489,1.0,0.0007946177883861,1.0,1.877163288951808,0.0045019592453489
ENSG00000004939,SLC4A1,solute carrier family 4 member 1 (Diego blood group),6521.0,1,15,1,6,0.0516922999737906,0.780475228385343,0.0336741457660926,0.213591278606983,3.73122360961417,2.46663895760552,0.0045019592453489,0.628161311574139,0.0007946177883861,0.131529066191331,3.0989312836098453,0.0045019592453489
ENSG00000269968,,,,1,15,5,6,0.627779709397338,9.47852024994049,2.04478669491972,2.59396991199239,3.73122360961417,0.280025651867243,0.0045019592453489,1.0,0.0007946177883861,1.0,2.0056246307407064,0.0045019592453489
ENSG00000237702,TRBV3-1,T cell receptor beta variable 3-1,28619.0,1,15,7,11,0.67755252523191,10.2300141828002,3.08966746639021,5.13265487274879,3.73122360961417,0.665898576667928,0.0045019592453489,0.932843177738853,0.0007946177883861,0.4996747577089,2.1985610931410493,0.0045019592453489
ENSG00000238105,GOLGA2P5,GOLGA2 pseudogene 5,,29,70,30,27,0.701174416683821,1.70360188727597,0.472519842250318,0.449570946689198,1.24888856013611,-0.128048781382362,0.0045596957199916,1.0,0.000807466885263,0.815642649477584,0.5604198893768739,0.0045596957199916
ENSG00000112701,SENP6,SUMO specific peptidase 6,26054.0,1941,1202,2561,2021,45.0394688207741,28.0746403063316,38.712216208127,32.2953835958315,-0.7101439938435,-0.318228662508552,0.0045670053263259,0.628161311574139,0.0008090941516031,0.128457040014407,-0.5141863281760259,0.0045670053263259
ENSG00000117133,RPF1,ribosome production factor 1 homolog,80135.0,65,132,143,167,7.51964953221353,15.37093135379,10.7768295101856,13.3047624146835,1.00180761617641,0.247024653935754,0.004568135273166,0.87004413345428,0.0008096272397857,0.374042592638919,0.624416135056082,0.004568135273166
ENSG00000060749,QSER1,glutamine and serine rich 1,79832.0,20,54,18,29,0.486141916443117,1.32120084078444,0.285020639225804,0.485442147337108,1.4085471242618,0.70753794978635,0.0045717438627193,0.711683165821761,0.0008112663099928,0.188481090367949,1.058042537024075,0.0045717438627193
ENSG00000118596,SLC16A7,solute carrier family 16 member 7,9194.0,20,54,17,16,0.38666428864581,1.05084784088956,0.214103477331301,0.213024943999764,1.4085471242618,-0.0635891120559714,0.0045717438627193,1.0,0.0008112663099928,1.0,0.6724790061029142,0.0045717438627193
ENSG00000164683,HEY1,hes related family bHLH transcription factor with YRPW motif 1,23462.0,163,86,378,316,13.3857579326117,7.10879224862244,20.2217107518174,17.870999984708,-0.940292503806436,-0.234984847321839,0.0046073467010828,0.836249561777439,0.0008182556413452,0.323420523564558,-0.5876386755641375,0.0046073467010828
ENSG00000130193,THEM6,thioesterase superfamily member 6,51337.0,6,27,21,36,0.52373582345768,2.37228467276929,1.19412848042033,2.16406320170172,2.12823757109319,0.797328322189937,0.0046109399437425,0.564028795458772,0.0008195658448322,0.100489129556601,1.4627829466415636,0.0046109399437425
ENSG00000136877,FPGS,folylpolyglutamate synthase,2356.0,43,95,57,61,2.89791162725111,6.44439713084226,2.50243190839985,2.8310851129699,1.12250029866335,0.120982539329085,0.0046109668932351,1.0,0.0008205563763556,0.826912357529554,0.6217414189962176,0.0046109668932351
ENSG00000106608,URGCP,upregulator of cell proliferation,55665.0,13,41,19,34,0.43984667761862,1.39631636751358,0.418776493483176,0.792215417140629,1.62897712558984,0.858641765562613,0.0046109668932351,0.52399478467183,0.0008206456187429,0.0857668187125003,1.2438094455762265,0.0046109668932351
ENSG00000101966,XIAP,X-linked inhibitor of apoptosis,331.0,1086,664,1390,990,31.8788275433933,19.6192591113228,26.5801879114905,20.0130886395601,-0.728500054322863,-0.466142817822105,0.0046325869581189,0.314193700259615,0.0008251014812449,0.029193774073095,-0.597321436072484,0.0046325869581189
ENSG00000145416,MARCHF1,membrane associated ring-CH-type finger 1,55016.0,49,105,30,52,1.24567976498591,2.68683896155112,0.496823712842984,0.91037449618976,1.07877218258188,0.814329410164149,0.0047188684409358,0.41307285123697,0.0008415005884688,0.0495193732899589,0.9465507963730144,0.0047188684409358
ENSG00000119541,VPS4B,vacuolar protein sorting 4 homolog B,9525.0,1644,1017,2593,1850,100.934756298765,62.8495086867201,103.707979688024,78.2198652102146,-0.711660598841703,-0.463678610236568,0.0047309800738209,0.300093932273855,0.0008440051902575,0.0269443012156518,-0.5876696045391354,0.0047309800738209
ENSG00000166260,COX11,cytochrome c oxidase copper chaperone COX11,1353.0,12,39,34,33,0.489993287359451,1.60293347999918,0.90439579219199,0.927959951562012,1.67139373708651,-0.0196038180209578,0.0047328818669671,1.0,0.000844689381446,1.0,0.825894959532776,0.0047328818669671
ENSG00000196365,LONP1,"lon peptidase 1, mitochondrial",9361.0,24,61,54,57,1.26354389840545,3.23259231947493,1.85201109713158,2.0666187156553,1.32246221310255,0.101166286517412,0.0047402658897303,1.0,0.000847043576856,0.879209390324581,0.7118142498099811,0.0047402658897303
ENSG00000205482,SPDYE18,speedy/RINGO cell cycle regulator family member E18,100505767.0,61,24,35,30,15.3907669326726,6.09513987881887,5.75266656837415,5.21264429933708,-1.36000502365966,-0.198235386172079,0.0047402658897303,0.996542017909654,0.000847043576856,0.667032020281128,-0.7791202049158694,0.0047402658897303
ENSG00000008838,MED24,mediator complex subunit 24,9862.0,32,75,39,70,1.21768704333549,2.87269142880989,0.96676528080979,1.83438358709794,1.2068094827616,0.865171649000951,0.0047409504519796,0.232747367292233,0.0008476396197728,0.0166732737245492,1.0359905658812756,0.0047409504519796
ENSG00000075234,TTC38,tetratricopeptide repeat domain 38,55020.0,61,125,209,207,4.51657498024211,9.31604142322267,10.0808326952783,10.5549491192558,1.01472480266109,0.0095138570562045,0.0047576009232833,1.0,0.000851874760859,0.977741779836378,0.5121193298586473,0.0047576009232833
ENSG00000124571,XPO5,exportin 5,57510.0,19,52,24,28,0.593507571035003,1.63500096973387,0.488376362366394,0.602333617892977,1.42776041239467,0.244603323689598,0.0047677249498945,1.0,0.0008543824261616,0.711532084063679,0.836181868042134,0.0047677249498945
ENSG00000108984,MAP2K6,mitogen-activated protein kinase kinase 6,5608.0,368,213,619,510,5.85184140159478,3.40930880826791,6.41218596486843,5.58497603500402,-0.807326646118574,-0.255993388579488,0.0047709481070393,0.778637941053786,0.0008553077061154,0.252468770217239,-0.531660017349031,0.0047709481070393
ENSG00000228929,RPS13P2,ribosomal protein S13 pseudogene 2,729236.0,7,29,18,19,4.07573903639503,16.9960631236295,6.82734054268581,7.61848012980035,2.01266234856454,0.100713400509829,0.004777008607718,1.0,0.0008577867081633,1.0,1.0566878745371846,0.004777008607718
ENSG00000247077,PGAM5,"PGAM family member 5, mitochondrial serine/threonine protein phosphatase",192111.0,7,29,17,26,0.469246270637585,1.95678358331261,0.742373469096867,1.20027993734735,2.01266234856454,0.63257747017675,0.004777008607718,0.787936462434936,0.0008577867081633,0.268100520558863,1.322619909370645,0.004777008607718
ENSG00000123600,METTL8,"methyltransferase 8, methylcytidine",79828.0,7,29,10,12,0.184083905257071,0.767640333656089,0.171312286133834,0.217322871324357,2.01266234856454,0.283189626744038,0.004777008607718,1.0,0.0008577867081633,0.840382698167032,1.147925987654289,0.004777008607718
ENSG00000274750,H3C6,H3 clustered histone 6,8353.0,37,11,23,38,3.65888480124302,1.09491827796998,1.48164984403814,2.58783759541557,-1.75728761379744,0.74457415595027,0.0048062182810588,0.597901634814915,0.0008644327880522,0.115379939439578,-0.5063567289235851,0.0048062182810588
ENSG00000163600,ICOS,inducible T cell costimulator,29851.0,11,37,28,20,1.10175932363797,3.73024864984425,1.82693380621334,1.37952779188505,1.71988377293852,-0.459597189123889,0.0048062182810588,0.865297405333466,0.0008644327880522,0.364481781287526,0.6301432919073154,0.0048062182810588
ENSG00000150756,ATPSCKMT,ATP synthase c subunit lysine N-methyltransferase,134145.0,35,10,21,36,2.82261988060843,0.811757594211037,1.10325112270189,1.99937041618409,-1.81326598301974,0.797328322189937,0.0048576622771037,0.564028795458772,0.0008781050955879,0.100489129556601,-0.5079688304149015,0.0048576622771037
ENSG00000167965,MLST8,"MTOR associated protein, LST8 homolog",64223.0,10,35,30,37,0.607621645334121,2.14063828886271,1.18747704393044,1.54825100175264,1.77588666024788,0.324733625115548,0.0048576622771037,0.93924033323644,0.0008781050955879,0.526363369959789,1.050310142681714,0.0048576622771037
ENSG00000160791,CCR5,C-C motif chemokine receptor 5,1234.0,8,31,27,34,0.577174373345701,2.25123460257301,1.26897056655312,1.68928287478517,1.91897739802394,0.354500919883521,0.0048576622771037,0.932843177738853,0.0008778120897091,0.501831530451149,1.1367391589537306,0.0048576622771037
ENSG00000076554,TPD52,tumor protein D52,7163.0,10,35,25,28,0.323195116952149,1.13860960588525,0.526351095069002,0.623202563541581,1.77588666024788,0.186011081582284,0.0048576622771037,1.0,0.0008781050955879,0.807484643590397,0.980948870915082,0.0048576622771037
ENSG00000213190,MLLT11,MLLT11 transcription factor 7 cofactor,10962.0,10,35,24,30,0.650117883105955,2.29035164158071,1.01642206852255,1.34313534093348,1.77588666024788,0.343714919811994,0.0048576622771037,0.949742814203502,0.0008781050955879,0.546645441377296,1.059800790029937,0.0048576622771037
ENSG00000176225,RTTN,rotatin,25914.0,8,31,13,12,0.110939295379262,0.432712178635265,0.117438230824221,0.114599592008039,1.91897739802394,-0.0911728874544644,0.0048576622771037,1.0,0.0008778120897091,1.0,0.9139022552847378,0.0048576622771037
ENSG00000174151,CYB561D1,cytochrome b561 family member D1,284613.0,686,414,808,630,31.9397545927688,19.4021478128483,24.5069661893479,20.2001417926859,-0.747240051089723,-0.335552795866357,0.0048576622771037,0.622318718967983,0.0008782874296381,0.125216585269684,-0.54139642347804,0.0048576622771037
ENSG00000187676,B3GLCT,beta 3-glucosyltransferase,145173.0,8,31,11,7,0.468165296868879,1.82605112892602,0.419346138184994,0.282106881673865,1.91897739802394,-0.619788274147924,0.0048576622771037,0.932843177738853,0.0008778120897091,0.4996747577089,0.6495945619380079,0.0048576622771037
ENSG00000189430,NCR1,natural cytotoxicity triggering receptor 1,9437.0,31,8,31,39,4.33383332893719,1.1257514288056,2.82320839503322,3.75475433698951,-1.95629085362009,0.35332432758665,0.0048576622771037,0.916742215921126,0.0008778120897091,0.471942469208076,-0.80148326301672,0.0048576622771037
ENSG00000178700,DHFR2,dihydrofolate reductase 2,200895.0,31,8,58,55,1.8567972322713,0.482319456836221,2.26308836286932,2.26867290893599,-1.95629085362009,-0.0531119840175083,0.0048576622771037,1.0,0.0008778120897091,0.880653944352403,-1.0047014188187993,0.0048576622771037
ENSG00000127415,IDUA,alpha-L-iduronidase,3425.0,9,33,11,13,0.587557253891348,2.16852099557534,0.467811721922984,0.584463567323404,1.84134910273326,0.261661039090698,0.0048785217126449,1.0,0.0008834810126747,0.847719367870117,1.051505070911979,0.0048785217126449
ENSG00000182378,PLCXD1,phosphatidylinositol specific phospholipase C X domain containing 1,55344.0,9,33,18,21,0.393125694359619,1.45092468261249,0.512191252584013,0.631705450950166,1.84134910273326,0.244212231572335,0.0048785217126449,1.0,0.0008834810126747,0.770191627382317,1.0427806671527975,0.0048785217126449
ENSG00000166483,WEE1,WEE1 G2 checkpoint kinase,7465.0,9,33,4,13,0.257735092021521,0.951233185606394,0.0746211207658521,0.256378030072249,1.84134910273326,1.69277738700579,0.0048785217126449,0.442562606409167,0.0008834810126747,0.058628570909649,1.767063244869525,0.0048785217126449
ENSG00000280213,UCKL1-AS1,UCKL1 antisense RNA 1,100113386.0,23,59,19,22,1.69162405869255,4.36787335152727,0.910333132696631,1.11430763755957,1.33554627044777,0.233466938001796,0.0049440994421073,1.0,0.000896798098776,0.776601902769142,0.784506604224783,0.0049440994421073
ENSG00000171792,RHNO1,RAD9-HUS1-RAD1 interacting nuclear orphan 1,83695.0,18,50,30,42,1.80356076875272,5.04278308809239,1.95816940678394,2.89810405447258,1.4487983162698,0.507023959704024,0.0049482540567045,0.787455869048294,0.0008992453258285,0.266071675037955,0.977911137986912,0.0049482540567045
ENSG00000166681,BEX3,brain expressed X-linked 3,27018.0,3,20,3,3,0.735897326015769,4.93819203145048,0.479388880697846,0.50678486243555,2.66865655284677,0.022456099493914,0.0049929300695542,1.0,0.0009107494508157,1.0,1.345556326170342,0.0049929300695542
ENSG00000175643,RMI2,RecQ mediated genome instability 2,116028.0,3,20,64,32,0.220096680170875,1.4769447227822,3.05874267828257,1.61677142488439,2.66865655284677,-0.973867024680787,0.0049929300695542,0.157998267445142,0.0009107494508157,0.008554138930731,0.8473947640829915,0.0049929300695542
ENSG00000132313,MRPL35,mitochondrial ribosomal protein L35,51318.0,3,20,22,17,0.207782774404452,1.39431304417425,0.992616976503775,0.81085577989688,2.66865655284677,-0.346333165562573,0.0049929300695542,0.95460501357024,0.0009107494508157,0.558745667104545,1.1611616936420985,0.0049929300695542
ENSG00000250764,,,,20,3,12,8,6.3530704404239,0.959217157188222,2.48316542519748,1.7500484458206,-2.70546491986387,-0.554453792326562,0.0049929300695542,0.938458125907049,0.0009107494508157,0.523804896248512,-1.629959356095216,0.0049929300695542
ENSG00000154099,DNAAF1,dynein axonemal assembly factor 1,123872.0,3,20,13,16,0.102116036502252,0.685243144541502,0.288261590860326,0.375058564516095,2.66865655284677,0.3201714376482,0.0049929300695542,1.0,0.0009107494508157,0.729434832130327,1.494413995247485,0.0049929300695542
ENSG00000119684,MLH3,mutL homolog 3,27030.0,3,20,7,14,0.0950339725095097,0.637719406189945,0.144452945038691,0.305416203117921,2.66865655284677,1.01037202078382,0.0049929300695542,0.739859120739486,0.0009107494508157,0.211789173493745,1.839514286815295,0.0049929300695542
ENSG00000186818,LILRB4,leukocyte immunoglobulin like receptor B4,11006.0,3,9,4,28,0.12559562454125,0.379260639583586,0.10908975793377,0.807267922463708,1.52763475783788,2.79237247023545,0.285368796224792,0.0049931001810063,0.157928191118719,6.47698463940483e-05,2.1600036140366647,0.0049931001810063
ENSG00000086666,ZFAND6,zinc finger AN1-type containing 6,54469.0,930,569,1608,1272,47.8126188142983,29.4451559010959,53.8538007487617,45.0353045228968,-0.727515199292875,-0.314749423361585,0.0050033978217087,0.637090041047033,0.0009130234765747,0.137930546070551,-0.52113231132723,0.0050033978217087
ENSG00000205730,ITPRIPL2,ITPRIP like 2,162073.0,34,78,47,44,1.21066979441304,2.79565387586954,1.09022309965155,1.07896132002407,1.17616533986425,-0.0715687459791349,0.0050965445814399,1.0,0.0009326208602241,0.862265244391675,0.5522982969425575,0.0050965445814399
ENSG00000133612,AGAP3,"ArfGAP with GTPase domain, ankyrin repeat and PH domain 3",116988.0,81,159,135,140,1.89917391155145,3.75248400584421,2.06197890095719,2.26055023159144,0.953124475007976,0.0757902516028062,0.0050965445814399,1.0,0.0009325028139512,0.814620418868113,0.5144573633053912,0.0050965445814399
ENSG00000149418,ST14,ST14 transmembrane serine protease matriptase,6768.0,17,48,142,112,1.09419135938205,3.10976524429534,5.953926040154,4.96442314222579,1.47193630227781,-0.318683939983841,0.0051593963574418,0.782297453560084,0.0009456261360564,0.260651796944811,0.5766261811469845,0.0051593963574418
ENSG00000225774,SIRPAP1,signal regulatory protein alpha pseudogene 1,,30,71,26,31,4.4902209722996,10.6966261291419,2.53507340301234,3.19532150552584,1.22061167215921,0.275931619045781,0.0052090261449832,0.986959072614357,0.0009551020099677,0.640866074651609,0.7482716456024955,0.0052090261449832
ENSG00000204520,MICA,MHC class I polypeptide-related sequence A,100507436.0,142,74,253,181,15.8730258674794,8.32616681758485,18.4230967316286,13.9333762178483,-0.957943549644695,-0.459486411249104,0.0052285571520492,0.481804215679428,0.0009598262254782,0.0700220402454998,-0.7087149804468995,0.0052285571520492
ENSG00000228794,LINC01128,long intergenic non-protein coding RNA 1128,643837.0,16,46,21,25,0.223398787701635,0.646488300101348,0.191007691476532,0.240384935275638,1.4975088253147,0.273436612374156,0.0053930917473248,1.0,0.0009931746717307,0.690709357666754,0.885472718844428,0.0053930917473248
ENSG00000272666,KLHDC7B-DT,KLHDC7B divergent transcript,,21,55,45,42,9.24150130345384,24.3628410853952,12.900498118447,12.728550033265,1.3649930326306,-0.0759255997037741,0.0054504851225315,1.0,0.0010061273003478,0.858204091612963,0.6445337164634128,0.0054504851225315
ENSG00000164251,F2RL1,F2R like trypsin receptor 1,2150.0,2014,1260,3669,2908,182.100681656817,114.673920075048,216.107852962779,181.07267467117,-0.695424326598688,-0.311955925445602,0.0055183915692374,0.628447012549476,0.0010201426946219,0.13342289549294,-0.503690126022145,0.0055183915692374
ENSG00000174282,ZBTB4,zinc finger and BTB domain containing 4,57659.0,160,287,200,235,6.91253848312268,12.4807730109947,5.62883225868312,6.99184594945328,0.823652360691782,0.255904767038624,0.0055568933308473,0.822756422407941,0.0010294142870583,0.306510044552499,0.5397785638652031,0.0055568933308473
ENSG00000082213,C5orf22,chromosome 5 open reading frame 22,55322.0,85,39,142,114,5.43136955525386,2.50840145157615,5.91084408617315,5.01651007099734,-1.14028768923717,-0.293176836420127,0.0055817581801872,0.815344169899133,0.0010352408226626,0.30071832414076,-0.7167322628286485,0.0055817581801872
ENSG00000270170,NCBP2AS2,NCBP2 antisense 2 (head to head),152217.0,39,87,79,80,11.8758602957027,26.6662369698326,15.671057203502,16.7763264806251,1.13620013375506,0.041473883797319,0.0055817581801872,1.0,0.0010352408226626,0.905905252397101,0.5888370087761895,0.0055817581801872
ENSG00000274922,,,,44,15,74,77,3.8256034276632,1.3127455022891,4.19130941312459,4.61046156439562,-1.56339607996565,0.0805914551845875,0.0056060485183399,1.0,0.0010413800957038,0.806183254776879,-0.7414023123905313,0.0056060485183399
ENSG00000211450,SELENOH,selenoprotein H,280636.0,15,44,48,38,1.72401108914757,5.09030120031511,3.59385677156563,3.00772968248083,1.52592619573465,-0.31272617885202,0.0056060485183399,0.889243545888627,0.0010413800957038,0.417354526825371,0.606600008441315,0.0056060485183399
ENSG00000169718,DUS1L,dihydrouridine synthase 1 like,64118.0,81,158,116,151,3.57705718063341,7.02327961532513,3.33710279345592,4.59223622637048,0.944029487483503,0.403433228611668,0.0056728993980832,0.663647587899019,0.0010546251540963,0.148748080561853,0.6737313580475855,0.0056728993980832
ENSG00000268858,LOC112268269,uncharacterized LOC112268269,112268269.0,97,184,78,122,8.33794115005536,15.9201414745269,4.36769622647486,7.22193094035346,0.903949970042941,0.66786343753976,0.0056867057538053,0.282556310155298,0.0010576062588333,0.0235978378835426,0.7859067037913505,0.0056867057538053
ENSG00000261471,,,,203,112,102,83,22.0950602240067,12.2704130674661,7.23219379590177,6.22133594477166,-0.876083004507805,-0.273621891522961,0.0057136187369426,0.882873496210914,0.0010638606524477,0.396720447284397,-0.5748524480153829,0.0057136187369426
ENSG00000173163,COMMD1,copper metabolism domain containing 1,150684.0,4,22,13,14,0.443015112651633,2.45258032331236,0.937934766582742,1.06780756968026,2.40471064410371,0.1291103064371,0.0057279275211099,1.0,0.0010686120429996,1.0,1.266910475270405,0.0057279275211099
ENSG00000105447,GRWD1,glutamate rich WD repeat containing 1,83743.0,4,22,10,18,0.188322756257812,1.04257546354419,0.306699834816464,0.583608656225762,2.40471064410371,0.86322579130361,0.0057279275211099,0.743518561420977,0.0010686120429996,0.214445823461829,1.63396821770366,0.0057279275211099
ENSG00000243829,RPS9P4,ribosomal protein S9 pseudogene 4,388556.0,4,22,2,3,1.8145413518197,10.0455002283616,0.591027387161728,0.937204882586291,2.40471064410371,0.578629383354757,0.0057279275211099,1.0,0.0010686120429996,1.0,1.4916700137292336,0.0057279275211099
ENSG00000213066,CEP43,centrosomal protein 43,11116.0,313,181,348,288,5.21974762026041,3.03826570032714,3.78055136433502,3.30753207461399,-0.808582221959603,-0.249528101449824,0.0057279275211099,0.811415249722691,0.0010684186049822,0.294222362076797,-0.5290551617047136,0.0057279275211099
ENSG00000053372,MRTO4,"MRT4 homolog, ribosome maturation factor",51154.0,4,22,11,7,0.414590042825785,2.29521601461783,0.742715167278353,0.499647047471669,2.40471064410371,-0.619788274147924,0.0057279275211099,0.932843177738853,0.0010686120429996,0.4996747577089,0.892461184977893,0.0057279275211099
ENSG00000254206,NPIPB11,nuclear pore complex interacting protein family member B11,728888.0,42,14,22,23,2.52996079339664,0.848857020413042,0.863292390888345,0.954110655062836,-1.595153984743,0.0870383630521381,0.0058172740961493,1.0,0.0010895200719358,1.0,-0.754057810845431,0.0058172740961493
ENSG00000163964,PIGX,phosphatidylinositol glycan anchor biosynthesis class X,54965.0,1024,633,1671,1200,61.0169118898905,37.9660998693298,64.8630623195223,49.2422538398915,-0.712666010847514,-0.454245316163815,0.0058172740961493,0.329636073643829,0.0010879642812632,0.0323101966951574,-0.5834556635056645,0.0058172740961493
ENSG00000275342,PRAG1,"PEAK1 related, kinase-activating pseudokinase 1",157285.0,14,42,16,15,0.765515484647982,2.31162425744679,0.569923622872981,0.564837617575226,1.55769765706532,-0.069159591259375,0.0058172740961493,1.0,0.0010895200719358,1.0,0.7442690329029725,0.0058172740961493
ENSG00000136826,KLF4,KLF transcription factor 4,9314.0,83,161,163,168,6.00453634662784,11.7238234629794,7.68174208611403,8.36983847080886,0.936008016017851,0.0669304571902969,0.0058172740961493,1.0,0.0010883891162332,0.839810289877737,0.5014692366040739,0.0058172740961493
ENSG00000159433,STARD9,StAR related lipid transfer domain containing 9,57519.0,14,42,5,16,0.178519566958003,0.539074871357801,0.0415334994828707,0.140502541761107,1.55769765706532,1.67669110245286,0.0058172740961493,0.340392606776683,0.0010895200719358,0.0347040706078253,1.61719437975909,0.0058172740961493
ENSG00000109929,SC5D,sterol-C5-desaturase,6309.0,38,85,51,47,1.00130051918597,2.2544560796059,0.875430659400482,0.852874465129252,1.14005079728196,-0.0942041892385905,0.0058664349664073,1.0,0.0011000099962517,0.804260745611877,0.5229233040216847,0.0058664349664073
ENSG00000144840,RABL3,"RAB, member of RAS oncogene family like 3",285282.0,44,95,82,88,2.48860240053155,5.40839562795494,3.02125528569607,3.4276140994787,1.08942785827676,0.125087244887416,0.0059547153194276,1.0,0.0011182769481136,0.693424769787709,0.607257551582088,0.0059547153194276
ENSG00000136193,SCRN1,secernin 1,9805.0,47,100,41,39,2.05876037635364,4.40910002808078,1.16993714932212,1.17646485922538,1.06843499029195,-0.048606093044342,0.0059577895446997,1.0,0.0011201790573768,0.924869061911442,0.5099144486238041,0.0059577895446997
ENSG00000151465,CDC123,cell division cycle 123,8872.0,979,605,1185,874,112.863208694951,70.2048449379839,88.9936016125766,69.3885070133688,-0.713096190329618,-0.415738886002745,0.0059734354757324,0.428087452246424,0.0011248620659738,0.0535343294020452,-0.5644175381661816,0.0059734354757324
ENSG00000135372,NAT10,N-acetyltransferase 10,55226.0,19,51,22,30,0.962987891706114,2.60183295477609,0.726374581045904,1.04711622619169,1.39981431372295,0.468560929356574,0.0059895047887742,0.875374844324988,0.0011291975578311,0.387478405163403,0.934187621539762,0.0059895047887742
ENSG00000120675,DNAJC15,DnaJ heat shock protein family (Hsp40) member C15,29103.0,13,40,10,9,0.428838187741725,1.32816520830943,0.214892288695336,0.204455603821589,1.59346355250807,-0.126938300985695,0.006021802875873,1.0,0.0011365954092936,1.0,0.7332626257611875,0.006021802875873
ENSG00000105887,MTPN,myotrophin,136319.0,3556,2250,7843,6020,249.092099648955,158.643662565106,357.891305360326,290.403002080995,-0.679139507863568,-0.358243830879018,0.0060754912698962,0.509939407913291,0.0011481412225733,0.0822330323604984,-0.5186916693712931,0.0060754912698962
ENSG00000135048,CEMIP2,cell migration inducing hyaluronidase 2,23670.0,1573,985,1820,1324,45.0317633213972,28.38366481012,33.9416030509216,26.1026514838211,-0.6940921409922,-0.435608369716997,0.0060754912698962,0.36979540421168,0.0011482766033644,0.039480415913869,-0.5648502553545984,0.0060754912698962
ENSG00000100721,TCL1A,TCL1 family AKT coactivator A,8115.0,5,24,8,31,0.587152121821092,2.83683372019495,0.611985805146186,2.50696767055884,2.21634412827285,1.96079897553981,0.0061988065275641,0.0354274632205566,0.0011776919266404,0.0008778120897091,2.08857155190633,0.0061988065275641
ENSG00000127922,SEM1,SEM1 26S proteasome subunit,7979.0,5,24,11,13,0.115284176399337,0.556997116863343,0.165220188647822,0.206418899582104,2.21634412827285,0.261661039090698,0.0061988065275641,1.0,0.0011776919266404,0.847719367870117,1.239002583681774,0.0061988065275641
ENSG00000161381,PLXDC1,plexin domain containing 1,57125.0,5,24,7,11,0.143124277345044,0.691506955457571,0.130530521810759,0.216841497055081,2.21634412827285,0.665898576667928,0.0061988065275641,0.932843177738853,0.0011776919266404,0.4996747577089,1.441121352470389,0.0061988065275641
ENSG00000205476,CCDC85C,coiled-coil domain containing 85C,317762.0,5,24,12,11,0.0751767983444031,0.363217756683304,0.117534617742037,0.113897165450895,2.21634412827285,-0.101039648004899,0.0061988065275641,1.0,0.0011776919266404,1.0,1.0576522401339754,0.0061988065275641
ENSG00000099904,ZDHHC8,zinc finger DHHC-type palmitoyltransferase 8,29801.0,40,88,23,32,1.91211142089987,4.23426353905678,0.716228786029983,1.05343948308508,1.11625319159244,0.497526110532868,0.0062155931033645,0.847579921487032,0.0011817870869172,0.339532749205984,0.806889651062654,0.0062155931033645
ENSG00000279908,,,,2,17,0,7,0.162979413943818,1.39442026603246,0.0,0.392832314161054,2.99235272254451,5.84442809626914,0.006229103652459,0.23682733385014,0.0011875335340936,0.0172978672658575,4.418390409406825,0.006229103652459
ENSG00000121653,MAPK8IP1,mitogen-activated protein kinase 8 interacting protein 1,9479.0,2,17,1,4,0.151471147721942,1.29595777154704,0.0493367630220768,0.208624986251341,2.99235272254451,1.89620748246821,0.006229103652459,0.87004413345428,0.0011875335340936,0.381172952969145,2.44428010250636,0.006229103652459
ENSG00000279330,,,,91,43,98,84,10.9631634380521,5.21440741110869,7.69115039155071,6.96915608915463,-1.09812170290341,-0.198726677417942,0.006229103652459,0.95460501357024,0.0011873168721461,0.555587434672119,-0.648424190160676,0.006229103652459
ENSG00000197928,ZNF677,zinc finger protein 677,342926.0,2,17,13,8,0.0566801534800335,0.484944403602004,0.2400021353943,0.1561339755899,2.99235272254451,-0.668777282000452,0.006229103652459,0.88448460063668,0.0011875335340936,0.407172820969574,1.161787720272029,0.006229103652459
ENSG00000262703,,,,2,17,0,7,0.483877693818587,4.13996373047629,0.0,1.16629940944072,2.99235272254451,5.84442809626914,0.006229103652459,0.23682733385014,0.0011875335340936,0.0172978672658575,4.418390409406825,0.006229103652459
ENSG00000249790,LINC02972,long intergenic non-protein coding RNA 2972,,2,17,1,4,0.232083256562135,1.98565934510361,0.0755935160101728,0.319654052521766,2.99235272254451,1.89620748246821,0.006229103652459,0.87004413345428,0.0011875335340936,0.381172952969145,2.44428010250636,0.006229103652459
ENSG00000126368,NR1D1,nuclear receptor subfamily 1 group D member 1,9572.0,30,70,31,31,3.02193578744118,7.09747752048775,2.03421289299922,2.15046352273032,1.20018402653233,0.0232978082794424,0.0062588259371386,1.0,0.0011950090876129,1.0,0.6117409174058862,0.0062588259371386
ENSG00000085377,PREP,prolyl endopeptidase,5550.0,18,49,18,25,0.534777915507702,1.4653421683546,0.348372765158915,0.511502047989228,1.41972587023932,0.494395504641803,0.0062588259371386,0.88448460063668,0.0011959365695363,0.40693254784005,0.9570606874405615,0.0062588259371386
ENSG00000170468,RIOX1,ribosomal oxygenase 1,79697.0,18,49,33,30,1.93688654450942,5.3072526869285,2.31321685730723,2.22310175235741,1.41972587023932,-0.113660128318265,0.0062588259371386,1.0,0.0011959365695363,0.826452019317631,0.6530328709605275,0.0062588259371386
ENSG00000070269,TMEM260,transmembrane protein 260,54916.0,466,280,566,437,15.2941198479194,9.24993353760297,12.10112466935,9.87703104043121,-0.753478893429906,-0.349688921221633,0.0063924193231599,0.620827764610339,0.001223327003543,0.124509401560097,-0.5515839073257696,0.0063924193231599
ENSG00000138074,SLC5A6,solute carrier family 5 member 6,8884.0,26,63,30,36,1.2326411903199,3.0063939318172,0.926521100847662,1.17536360364437,1.25400469418798,0.285339096704017,0.0064043494362741,0.969579482810528,0.001226076808708,0.5941637418284,0.7696718954459986,0.0064043494362741
ENSG00000100104,SRRD,SRR1 domain containing,402055.0,22,56,41,36,1.34945747211042,3.45753477728785,1.63829124313503,1.52070660272395,1.32420080815121,-0.163702360634806,0.0064301295896175,1.0,0.0012324180746752,0.699008503360467,0.580249223758202,0.0064301295896175
ENSG00000223773,CD99P1,CD99 molecule pseudogene 1,,56,22,60,58,2.50560548766727,0.990807656369391,1.74882618190736,1.78714202459961,-1.36173136282312,-0.025463895882462,0.0064301295896175,1.0,0.0012324180746752,0.941899622880114,-0.693597629352791,0.0064301295896175
ENSG00000118785,SPP1,secreted phosphoprotein 1,6696.0,65,29,174,79,7.41921474742309,3.33184348179726,12.9379230878557,6.20980675901208,-1.17973438524843,-1.11455297676148,0.0113916885518118,0.0064308154581371,0.0025009387647308,8.81062021665778e-05,-1.147143681004955,0.0064308154581371
ENSG00000105699,LSR,lipolysis stimulated lipoprotein receptor,51599.0,6,26,17,13,0.545109130382051,2.37764801514282,1.00612481134116,0.813358421192858,2.07404713224077,-0.360591574397502,0.0064857637264402,0.975677428434982,0.0012454443535322,0.610545661750914,0.8567277789216341,0.0064857637264402
ENSG00000120158,RCL1,RNA terminal phosphate cyclase like 1,10171.0,6,26,19,27,0.383946430964749,1.67469121066581,0.792033802892093,1.18984272050086,2.07404713224077,0.527424800950738,0.0064857637264402,0.856586723804079,0.0012454443535322,0.352260334095137,1.300735966595754,0.0064857637264402
ENSG00000196664,TLR7,toll like receptor 7,51284.0,6,26,14,15,0.305621654334563,1.33305549166631,0.464549117230752,0.526175400336852,2.07404713224077,0.12187586527337,0.0064857637264402,1.0,0.0012454443535322,0.999999999999999,1.09796149875707,0.0064857637264402
ENSG00000249673,NOP14-AS1,NOP14 antisense RNA 1,,51,106,66,83,1.6551604686573,3.46272340904355,1.39535462518447,1.85504492093277,1.03485836200041,0.353438671010092,0.0064959061102735,0.786820930691933,0.0012483387562156,0.264108526947022,0.694148516505251,0.0064959061102735
ENSG00000157193,LRP8,LDL receptor related protein 8,7804.0,10,34,7,9,0.134697497135284,0.460978267731496,0.061422614366411,0.0834849986928606,1.73421846324512,0.37996089916252,0.0065300950920629,1.0,0.0012553848457121,0.811050160847253,1.05708968120382,0.0065300950920629
ENSG00000134369,NAV1,neuron navigator 1,89796.0,0,11,3,5,0.0,0.130641164507263,0.0230588336148254,0.0406276556533198,6.46645027983024,0.736334527748061,0.0065748142680298,1.0,0.0012682942258763,0.731885361772456,3.6013924037891503,0.0065748142680298
ENSG00000249264,EEF1A1P9,eukaryotic translation elongation factor 1 alpha 1 pseudogene 9,,0,11,5,4,0.0,2.12095883346463,0.6239334672857,0.527671874119444,6.46645027983024,-0.290405823270068,0.0065748142680298,1.0,0.0012682942258763,1.0,3.088022228280086,0.0065748142680298
ENSG00000112799,LY86,lymphocyte antigen 86,9450.0,0,11,1,15,0.0,2.43830928236208,0.14345801916145,2.27484476903738,6.46645027983024,3.77093439535858,0.0065748142680298,0.033024959705156,0.0012682942258763,0.0007946177883861,5.1186923375944104,0.0065748142680298
ENSG00000169992,NLGN2,neuroligin 2,57555.0,0,11,4,4,0.0,0.513081348028963,0.12074864233075,0.127649151986565,6.46645027983024,0.0226829236243962,0.0065748142680298,1.0,0.0012682942258763,1.0,3.244566601727318,0.0065748142680298
ENSG00000225193,RPS12P26,ribosomal protein S12 pseudogene 26,,11,0,10,5,7.35897326015768,0.0,4.35808073361678,2.30356755652523,-6.48507807785545,-0.959335919589601,0.0065748142680298,0.830546712155719,0.0012682942258763,0.319467384113055,-3.7222069987225255,0.0065748142680298
ENSG00000117281,CD160,CD160 molecule,11126.0,0,11,4,7,0.0,0.738676924372093,0.173840339512692,0.321606107614602,6.46645027983024,0.811328073767168,0.0065748142680298,0.95460501357024,0.0012682942258763,0.559727541436877,3.638889176798704,0.0065748142680298
ENSG00000124019,FAM124B,family with sequence similarity 124 member B,79843.0,0,11,1,6,0.0,0.823262999349307,0.0484367098094933,0.307228544165251,6.46645027983024,2.46663895760552,0.0065748142680298,0.628161311574139,0.0012682942258763,0.131529066191331,4.4665446187178794,0.0065748142680298
ENSG00000162840,MT2P1,metallothionein 2 pseudogene 1,,0,11,55,48,0.0,16.0288856102819,51.868305124685,47.8537837316191,6.46645027983024,-0.172585359968476,0.0065748142680298,0.983109580847276,0.0012682942258763,0.631477032909772,3.146932459930882,0.0065748142680298
ENSG00000196422,PPP1R26,protein phosphatase 1 regulatory subunit 26,9858.0,17,47,4,12,0.84863230360213,2.36162264477507,0.130077254231185,0.412532618376027,1.44164289913838,1.57843552424466,0.0065748142680298,0.530241149117355,0.0012660022809706,0.0884894498964249,1.51003921169152,0.0065748142680298
ENSG00000121310,ECHDC2,enoyl-CoA hydratase domain containing 2,55268.0,29,68,34,53,0.663910135119653,1.56697555647132,0.507061864823854,0.835590664990519,1.20714451212485,0.661883279272922,0.0066031851565609,0.577982126391302,0.0012747294475827,0.106102388600764,0.9345138956988861,0.0066031851565609
ENSG00000095319,NUP188,nucleoporin 188,23511.0,29,68,34,44,0.955449332620896,2.25507289385476,0.729725146093973,0.998317649667841,1.20714451212485,0.394083008439774,0.0066031851565609,0.875374844324988,0.0012747294475827,0.387650357762289,0.800613760282312,0.0066031851565609
ENSG00000235834,LOC101928389,uncharacterized LOC101928389,101928389.0,32,9,21,15,5.45530064073465,1.54437665848451,2.33216212231385,1.76102847950577,-1.8344737823086,-0.458790314441504,0.0066210597607979,0.903031083872557,0.0012792840647964,0.443644728641456,-1.1466320483750518,0.0066210597607979
ENSG00000259820,MIR30DHG,MIR30D and MIR30B host gene,,7,28,5,8,0.296571447554732,1.19407426060341,0.137997758716796,0.233414425685972,1.9622588325079,0.687742382804204,0.0066210597607979,0.969579482810528,0.0012801101548897,0.593113130711805,1.3250006076560519,0.0066210597607979
ENSG00000211896,IGHG1,immunoglobulin heavy constant gamma 1 (G1m marker),3500.0,9,32,42,91,0.863253923349417,3.08949885240638,2.62431566841109,6.01096020759906,1.797126208929,1.13651122399094,0.0066210597607979,0.0352525705910494,0.0012792840647964,0.000868340537806,1.46681871645997,0.0066210597607979
ENSG00000196345,ZKSCAN7,zinc finger with KRAB and SCAN domains 7,55888.0,28,7,49,80,1.76279587600735,0.443592345030485,2.00960547897101,3.46848955279083,-1.99952353931141,0.72913878780291,0.0066210597607979,0.333087953045474,0.0012801101548897,0.0332553924844993,-0.6351923757542499,0.0066210597607979
ENSG00000127585,FBXL16,F-box and leucine rich repeat protein 16,146330.0,8,30,22,28,0.534119026946929,2.01609654509823,0.956844741715459,1.28739702957418,1.87186605791111,0.369449333234179,0.0066558168880511,0.94001866148601,0.0012892553045066,0.527753047633614,1.1206576955726444,0.0066558168880511
ENSG00000250251,PKD1P6,"polycystin 1, transient receptor potential channel interacting pseudogene 6",353511.0,8,30,5,7,0.352349841882862,1.32998688128841,0.14345801916145,0.212318845110156,1.87186605791111,0.498239326872704,0.0066558168880511,1.0,0.0012892553045066,0.78090707038328,1.185052692391907,0.0066558168880511
ENSG00000171453,POLR1C,RNA polymerase I and III subunit C,9533.0,8,30,6,12,0.384992606525961,1.45320092478652,0.188098089429128,0.397694932919451,1.87186605791111,1.0082355022927,0.0066558168880511,0.778637941053786,0.0012892553045066,0.258407483872789,1.4400507801019051,0.0066558168880511
ENSG00000104976,SNAPC2,small nuclear RNA activating complex polypeptide 2,6618.0,28,66,68,87,3.75017444198127,8.89773326597042,5.93298270954665,8.02452067314531,1.21456291822575,0.378255935464471,0.0069800377457122,0.757841540271721,0.0013612141821546,0.22757664754898,0.7964094268451105,0.0069800377457122
ENSG00000166855,CLPX,caseinolytic mitochondrial matrix peptidase chaperone subunit X,10845.0,325,191,453,369,15.7663408064173,9.32659084643475,14.3158283582136,12.3276508196188,-0.785307684935651,-0.272415076635146,0.0071146057957503,0.768253871195381,0.0013890124564068,0.240192596863277,-0.5288613807853985,0.0071146057957503
ENSG00000167083,GNGT2,G protein subunit gamma transducin 2,2793.0,31,71,15,25,4.86241217189815,11.2096081992783,1.5326820342027,2.70045219770275,1.17349782052887,0.755425359799362,0.0071458718506435,0.714131068269656,0.0013965557151619,0.193029032383616,0.964461590164116,0.0071458718506435
ENSG00000245164,LINC00861,long intergenic non-protein coding RNA 861,100130231.0,31,71,57,73,0.937727124724364,2.16179815580967,1.12320847589858,1.52070177949375,1.17349782052887,0.379588623817261,0.0071458718506435,0.802082649057799,0.0013965557151619,0.277055712809815,0.7765432221730655,0.0071458718506435
ENSG00000211689,TARP,TCR gamma alternate reading frame protein,445347.0,20,52,17,17,1.94082811256906,5.07928323234906,1.07467397431165,1.13608914216321,1.35422831766352,0.0232210100354101,0.0071498571808626,1.0,0.0013979789255396,1.0,0.688724663849465,0.0071498571808626
ENSG00000136824,SMC2,structural maintenance of chromosomes 2,10592.0,1,14,6,7,0.0409463736268434,0.577012855606887,0.160043273926947,0.197387612571497,3.632544845807,0.241128051815216,0.0071864160918724,1.0,0.0014103642716376,1.0,1.936836448811108,0.0071864160918724
ENSG00000164039,BDH2,3-hydroxybutyrate dehydrogenase 2,56898.0,1,14,3,6,0.0508196887331051,0.716146782232219,0.0993170901886962,0.209985670988066,3.632544845807,0.993538948598751,0.0071864160918724,0.937365369730268,0.0014103642716376,0.517393651190423,2.3130418972028757,0.0071864160918724
ENSG00000272506,,,,14,1,10,18,6.00149275585675,0.431492507602469,2.79255658658939,5.31386069349897,-3.66796383060892,0.86322579130361,0.0071864160918724,0.743518561420977,0.0014103642716376,0.214445823461829,-1.402369019652655,0.0071864160918724
ENSG00000138311,ZNF365,zinc finger protein 365,22891.0,1,14,2,5,0.0493522796880918,0.695468177305618,0.0642995518074607,0.169935311546943,3.632544845807,1.2925078116089,0.0071864160918724,0.913225093548511,0.0014103642716376,0.46116766880484,2.46252632870795,0.0071864160918724
ENSG00000276234,TADA2A,transcriptional adaptor 2A,6871.0,1,14,7,9,0.0469971682394317,0.662280144718212,0.214309025963912,0.291286669201913,3.632544845807,0.37996089916252,0.0071864160918724,1.0,0.0014103642716376,0.811050160847253,2.00625287248476,0.0071864160918724
ENSG00000168288,MMADHC,metabolism of cobalamin associated D,27249.0,577,353,1236,965,71.0979500279049,43.7822402341902,99.2134308629365,81.8870052140047,-0.727538964795406,-0.333647874984507,0.0072448194283068,0.6085285444719,0.0014239380555417,0.119781052224064,-0.5305934198899565,0.0072448194283068
ENSG00000197312,DDI2,DNA damage inducible 1 homolog 2,84301.0,62,123,67,74,1.34876238435473,2.69333810748021,0.94948758436788,1.10861789581894,0.968066914341303,0.166460263232395,0.007432340822139,0.975677428434982,0.0014624194883964,0.606305710186819,0.567263588786849,0.007432340822139
ENSG00000224796,RPL32P1,ribosomal protein L32 pseudogene 1,6163.0,3,19,0,3,1.93846124901715,12.3575244494346,0.0,1.33494549129364,2.59513057647938,4.65513157215884,0.0075347843947607,0.778637941053786,0.0014880677532285,0.253731343283582,3.62513107431911,0.0075347843947607
ENSG00000145375,SPATA5,spermatogenesis associated 5,166378.0,3,19,7,7,0.0966167167635582,0.615923294951153,0.146858738069362,0.155251380177193,2.59513057647938,0.0229813764147654,0.0075347843947607,1.0,0.0014880677532285,1.0,1.3090559764470726,0.0075347843947607
ENSG00000081985,IL12RB2,interleukin 12 receptor subunit beta 2,3595.0,3,19,4,3,0.179690054735933,1.14550870998602,0.156075059508229,0.123745795032872,2.59513057647938,-0.37796845034313,0.0075347843947607,1.0,0.0014880677532285,1.0,1.108581063068125,0.0075347843947607
ENSG00000100714,MTHFD1,"methylenetetrahydrofolate dehydrogenase, cyclohydrolase and formyltetrahydrofolate synthetase 1",4522.0,3,19,12,9,0.0651023191429415,0.415021709065219,0.169639577704349,0.134500569650326,2.59513057647938,-0.386977325510307,0.0075347843947607,1.0,0.0014880677532285,0.679314329953765,1.1040766254845364,0.0075347843947607
ENSG00000124243,BCAS4,breast carcinoma amplified sequence 4,55653.0,3,19,2,9,0.10480932508203,0.668150471352787,0.0455176043917248,0.216534742752365,2.59513057647938,2.12490543021281,0.0075347843947607,0.486469701570282,0.0014880677532285,0.0727116570412949,2.360018003346095,0.0075347843947607
ENSG00000274695,,,,3,19,5,2,1.06823805389386,6.80992610788735,1.15981180813995,0.490436963647306,2.59513057647938,-1.24767078679902,0.0075347843947607,0.913225093548511,0.0014880677532285,0.46116766880484,0.67372989484018,0.0075347843947607
ENSG00000226243,RPL37AP1,ribosomal protein L37a pseudogene 1,,3,19,11,8,2.84863481038362,18.1598029543663,6.80422927442104,5.23132761223793,2.59513057647938,-0.430285218216424,0.0075347843947607,0.994297199514418,0.0014880677532285,0.662502499282927,1.082422679131478,0.0075347843947607
ENSG00000152465,NMT2,N-myristoyltransferase 2,9397.0,14,41,27,23,0.573249230775807,1.68982336284874,0.720194732671262,0.648559298449204,1.52303732927335,-0.206895139734773,0.0075436567381148,1.0,0.0014923498978663,0.704975216835422,0.6580710947692885,0.0075436567381148
ENSG00000076321,KLHL20,kelch like family member 20,27252.0,30,69,52,49,1.87268876554437,4.33546265532151,2.11455227301218,2.10642907006671,1.17946297905936,-0.0621841291210383,0.0075436567381148,1.0,0.0014931184740358,0.871359133396284,0.5586394249691609,0.0075436567381148
ENSG00000079616,KIF22,kinesin family member 22,3835.0,76,147,166,181,4.66932997212232,9.09076260335201,6.64384960818721,7.65818683587672,0.931784183076973,0.148091367448585,0.0076379178115563,0.974838623552096,0.0015140020731258,0.603857185555518,0.539937775262779,0.0076379178115563
ENSG00000255801,,,,322,190,332,271,151.788644184605,90.1527584389357,101.951172635243,87.9749665110538,-0.779502010357705,-0.269386219817243,0.0076725825199606,0.784128097210077,0.001522550809055,0.262804628994982,-0.524444115087474,0.0076725825199606
ENSG00000162676,GFI1,growth factor independent 1 transcriptional repressor,2672.0,26,62,13,18,1.3588476960954,3.26160325928116,0.442600110804087,0.647852812898474,1.23096745835155,0.488863277105108,0.0078212264934259,0.932996297218498,0.001557177581988,0.504731259469492,0.859915367728329,0.0078212264934259
ENSG00000135473,PAN2,poly(A) specific ribonuclease subunit PAN2,9924.0,88,166,71,94,3.2014868563828,6.07881809529278,1.68266682101578,2.35506725416356,0.895826916405321,0.427576874697667,0.0078379742236078,0.68360105208259,0.0015616543891082,0.166054431154402,0.661701895551494,0.0078379742236078
ENSG00000163519,TRAT1,T cell receptor associated transmembrane adaptor 1,50852.0,13,39,42,33,1.40227992090953,4.23445945367862,2.9512865945242,2.45138606096675,1.55705366232361,-0.323443322507775,0.0078771782076068,0.896382407934999,0.0015706135822775,0.43119357974854,0.6168051699079174,0.0078771782076068
ENSG00000113048,MRPS27,mitochondrial ribosomal protein S27,23107.0,13,39,25,30,0.528950927008723,1.59727114394635,0.662647815432439,0.840619953049292,1.55705366232361,0.28512267770468,0.0078771782076068,0.983834656360082,0.0015706135822775,0.633544606962873,0.921088170014145,0.0078771782076068
ENSG00000187860,CCDC157,coiled-coil domain containing 157,550631.0,18,48,16,25,0.724053245153687,1.94348523314905,0.419265100640691,0.692539289693281,1.39005550160047,0.663067335556285,0.0079510175747178,0.778637941053786,0.0015873858980386,0.254665544582082,1.0265614185783776,0.0079510175747178
ENSG00000167394,ZNF668,zinc finger protein 668,79759.0,87,164,125,196,5.97880784716313,11.3443913438458,5.59597915211493,9.27593771555185,0.894817569166739,0.671775989028032,0.0081660488061811,0.185018192942208,0.0016353521439575,0.0111911601910824,0.7832967790973855,0.0081660488061811
ENSG00000132286,TIMM10B,translocase of inner mitochondrial membrane 10B,26515.0,49,101,64,69,4.34300061255208,9.01067224474101,3.69525587530223,4.21162127229811,1.02280652778825,0.131668455764962,0.0082870533880614,1.0,0.0016626044291891,0.687209267223586,0.5772374917766061,0.0082870533880614
ENSG00000103522,IL21R,interleukin 21 receptor,50615.0,17,46,21,21,0.825607999123099,2.24866526235068,0.664377623845227,0.702345290561459,1.41069973361571,0.0232533393046869,0.0083971951506672,1.0,0.0016914332747736,1.0,0.7169765364601985,0.0083971951506672
ENSG00000267940,,,,21,4,21,31,4.11188749791516,0.788358816550852,2.67862523139373,4.18013234647505,-2.37498363876226,0.582398070473194,0.0084069798311393,0.787455869048294,0.0016952421799127,0.265923648044608,-0.896292784144533,0.0084069798311393
ENSG00000172508,CARNS1,carnosine synthase 1,57571.0,4,21,4,10,0.186894558988132,0.987638406290095,0.121749557002628,0.321768166625746,2.33798704940769,1.31834886579006,0.0084069798311393,0.714131068269656,0.0016952421799127,0.194535922838651,1.828167957598875,0.0084069798311393
ENSG00000231991,ANXA2P2,annexin A2 pseudogene 2,,4,21,14,9,1.03891387202226,5.49010761143612,2.36874505756583,1.60978721008939,2.33798704940769,-0.607226374726477,0.0084069798311393,0.896382407934999,0.0016952421799127,0.430493652562629,0.8653803373406065,0.0084069798311393
ENSG00000228589,SPCS2P4,signal peptidase complex subunit 2 pseudogene 4,,75,75,49,114,29.1765459653829,29.3681023896834,12.4176503017768,30.5410436921512,-0.0188081280724909,1.23943472702456,1.0,0.0084270673146278,1.0,0.0001215973858254,0.6103132994760345,0.0084270673146278
ENSG00000271553,,,,35,11,22,25,8.32343474667745,2.63311137045025,3.40822256295057,4.09431217407536,-1.67739300729285,0.206713626329154,0.0085224842396937,1.0,0.0017222597869604,0.793446011747166,-0.735339690481848,0.0085224842396937
ENSG00000134987,WDR36,WD repeat domain 36,134430.0,11,35,20,22,0.380636547939191,1.2190677820587,0.450835937960357,0.524260202519534,1.63999277820177,0.159941700741324,0.0085224842396937,1.0,0.0017222597869604,0.888764432914095,0.899967239471547,0.0085224842396937
ENSG00000143630,HCN3,hyperpolarization activated cyclic nucleotide gated potassium channel 3,57657.0,7,12,3,24,0.437269809375085,0.754526865451523,0.122079696098485,1.0324501795433,0.748445725226673,2.97146424725451,0.540061461181024,0.0086090260682946,0.381254582018699,0.0001261051041923,1.8599549862405915,0.0086090260682946
ENSG00000161642,ZNF385A,zinc finger protein 385A,25946.0,175,232,128,251,14.5836840323981,19.460732862539,6.94880139117859,14.4048695091778,0.387689180974908,0.994228171391177,0.238360085000295,0.0086090260682946,0.123748523942727,0.0001258504736221,0.6909586761830425,0.0086090260682946
ENSG00000093183,SEC22C,"SEC22 homolog C, vesicle trafficking protein",9117.0,93,173,105,124,3.01971350349405,5.65419658754876,2.22097066924606,2.7727511041945,0.875753616040613,0.26305398141657,0.0086133248511031,0.867494872121737,0.0017425003488312,0.366971851692243,0.5694037987285915,0.0086133248511031
ENSG00000162600,OMA1,OMA1 zinc metallopeptidase,115209.0,131,70,195,163,9.3342974434921,5.02053950480979,9.05139844674254,7.99842273472783,-0.921755706204913,-0.235045436088536,0.0086740266437265,0.87004413345428,0.0017579411234662,0.374677058084695,-0.5784005711467245,0.0086740266437265
ENSG00000170017,ALCAM,activated leukocyte cell adhesion molecule,214.0,260,152,718,409,9.59464963296781,5.64600643462119,17.2604036610641,10.3940664639936,-0.792775005043179,-0.788307150657392,0.0086874097680836,0.021926148443071,0.0017619196461577,0.0004378199004082,-0.7905410778502855,0.0086874097680836
ENSG00000102786,INTS6,integrator complex subunit 6,26512.0,991,625,1371,1079,10.2920039997407,6.53353644052897,9.27543909824881,7.71710031614195,-0.683758723624477,-0.322108785388428,0.0087201861218442,0.628161311574139,0.0017698380957102,0.131340177055783,-0.5029337545064525,0.0087201861218442
ENSG00000093010,COMT,catechol-O-methyltransferase,1312.0,10,33,19,32,0.509957723514296,1.69390918191429,0.631187669677241,1.12380396828826,1.69131091338199,0.771506506605237,0.0087831796682904,0.628161311574139,0.00179022982299,0.132382736356548,1.2314087099936135,0.0087831796682904
ENSG00000245213,GALNT7-DT,GALNT7 divergent transcript,101930370.0,33,10,25,19,1.14116436928173,0.348077757079135,0.563177121300171,0.452474671591067,-1.728686188248,-0.370406729454714,0.0087831796682904,0.932843177738853,0.00179022982299,0.49563830492896,-1.049546458851357,0.0087831796682904
ENSG00000140545,MFGE8,milk fat globule EGF and factor V/VIII domain containing,4240.0,10,33,18,11,0.389192063119842,1.29276600558906,0.456359621995305,0.294824159724516,1.69131091338199,-0.680995984668296,0.0087831796682904,0.811415249722691,0.00179022982299,0.297675817584266,0.5051574643568469,0.0087831796682904
ENSG00000253641,LINC03022,long intergenic non-protein coding RNA 3022,101929191.0,33,10,31,20,2.73629428265018,0.834624005315573,1.67448510440938,1.14205039422096,-1.728686188248,-0.605812919975597,0.0087831796682904,0.739859120739486,0.00179022982299,0.210671485717883,-1.1672495541117986,0.0087831796682904
ENSG00000214706,IFRD2,interferon related developmental regulator 2,7866.0,10,33,22,29,0.713693527385982,2.37065145475343,1.02283403424756,1.42533242559998,1.69131091338199,0.419856071473701,0.0087831796682904,0.911484349690302,0.00179022982299,0.453800768170974,1.0555834924278455,0.0087831796682904
ENSG00000215302,WHAMMP4,WHAMM pseudogene 4,,33,10,14,19,3.75051919050508,1.14398270998853,1.03651649880615,1.4870907160271,-1.728686188248,0.460420687957055,0.0087831796682904,0.937656599494775,0.00179022982299,0.519735905535436,-0.6341327501454725,0.0087831796682904
ENSG00000275395,FCGBP,Fc gamma binding protein,8857.0,16,44,1,6,0.32704024364253,0.905265355044081,0.0133153303796948,0.0844576269470556,1.43355734955296,2.46663895760552,0.0088169178198796,0.628161311574139,0.0018016788782205,0.131529066191331,1.95009815357924,0.0088169178198796
ENSG00000181031,RPH3AL,rabphilin 3A like (without C2 domains),9501.0,44,16,58,76,1.92163099968509,0.703362663233302,1.65012196323294,2.28579522522859,-1.47103688934516,0.412558904495893,0.0088169178198796,0.761054052644901,0.0018016788782205,0.230974767658102,-0.5292389924246335,0.0088169178198796
ENSG00000138443,ABI2,abl interactor 2,10152.0,16,44,18,18,0.181796560209763,0.503222862700563,0.13323211300918,0.140846024557487,1.43355734955296,0.0232304301156015,0.0088169178198796,1.0,0.0018016788782205,1.0,0.7283938898342808,0.0088169178198796
ENSG00000249115,HAUS5,HAUS augmin like complex subunit 5,23354.0,16,44,21,25,0.832763968143581,2.30513639817806,0.712019634199551,0.896083253815314,1.43355734955296,0.273436612374156,0.0088169178198796,1.0,0.0018016788782205,0.690709357666754,0.8534969809635581,0.0088169178198796
ENSG00000279811,,,,142,77,38,31,9.4094725627629,5.13581852595575,1.64033013705516,1.41463708473755,-0.900705782914417,-0.269357068292628,0.0088424349809045,0.941636472443587,0.0018075375398219,0.533950837493336,-0.5850314256035225,0.0088424349809045
ENSG00000240857,RDH14,retinol dehydrogenase 14,57665.0,5,23,9,8,0.835192425490784,3.86710876611695,0.979331635221325,0.920265071761906,2.15527066198804,-0.144405145726951,0.0088918750073609,1.0,0.0018228278964951,1.0,1.0054327581305447,0.0088918750073609
ENSG00000125257,ABCC4,ATP binding cassette subfamily C member 4,10257.0,5,23,9,7,0.153507380557235,0.710770020055799,0.179999996924443,0.148000678333247,2.15527066198804,-0.333908201658451,0.0088918750073609,1.0,0.0018228278964951,0.811050160847253,0.9106812301647946,0.0088918750073609
ENSG00000125877,ITPA,inosine triphosphatase,3704.0,5,23,17,29,0.682088149757149,3.15820520240036,1.51074147779136,2.72442531607989,2.15527066198804,0.789410247071684,0.0088918750073609,0.647898193276544,0.0018228278964951,0.142390263306748,1.4723404545298622,0.0088918750073609
ENSG00000141349,G6PC3,glucose-6-phosphatase catalytic subunit 3,92579.0,5,23,9,21,0.291060247600172,1.34766743640112,0.341292017899587,0.841857517032027,2.15527066198804,1.23421721483534,0.0088918750073609,0.442562606409167,0.0018228278964951,0.058666475809523,1.69474393841169,0.0088918750073609
ENSG00000117543,DPH5,diphthamide biosynthesis 5,51611.0,5,23,10,14,0.445998379403496,2.06506212224293,0.581077431148904,0.859998554436085,2.15527066198804,0.503472820635603,0.0088918750073609,0.95460501357024,0.0018228278964951,0.564053159162477,1.3293717413118216,0.0088918750073609
ENSG00000152454,ZNF256,zinc finger protein 256,10172.0,5,23,14,18,0.600188122713359,2.7789916189676,1.09475303974497,1.48797730339029,2.15527066198804,0.382937717562827,0.0088918750073609,0.981876444361395,0.0018228278964951,0.623404369263777,1.2691041897754336,0.0088918750073609
ENSG00000178202,POGLUT3,protein O-glucosyltransferase 3,143888.0,5,23,13,8,0.268249329045845,1.24204829952643,0.454341831038056,0.295573188297769,2.15527066198804,-0.668777282000452,0.0088918750073609,0.88448460063668,0.0018228278964951,0.407172820969574,0.7432466899937942,0.0088918750073609
ENSG00000261801,LOXL1-AS1,LOXL1 antisense RNA 1,100287616.0,27,63,21,21,1.33824546470969,3.14307376819355,0.678050502914072,0.716799543500983,1.19981093221131,0.0232533393046869,0.008933486443063,1.0,0.0018378685489554,1.0,0.6115321357579985,0.008933486443063
ENSG00000235532,LINC00402,long intergenic non-protein coding RNA 402,100507612.0,9,31,8,8,0.71386447194344,2.47501001815811,0.413365262398143,0.436988144854606,1.75150476935202,0.0230318838090144,0.0089649180612874,1.0,0.0018476015360239,1.0,0.8872683265805172,0.0089649180612874
ENSG00000229153,EPHA1-AS1,EPHA1 antisense RNA 1,285965.0,9,31,5,9,0.448515300280491,1.55502886769152,0.162321291432679,0.308875649791419,1.75150476935202,0.855218849620459,0.0089649180612874,0.900489978071345,0.0018476015360239,0.439814204606746,1.3033618094862396,0.0089649180612874
ENSG00000240849,PEDS1,plasmanylethanolamine desaturase 1,387521.0,39,83,44,57,1.30273590433254,2.79069180241597,0.957447972544935,1.31121237891533,1.06839646859055,0.395859006703211,0.0089666400744919,0.842604223238061,0.0018488296762146,0.330448954597324,0.7321277376468805,0.0089666400744919
ENSG00000116266,STXBP3,syntaxin binding protein 3,6814.0,1335,851,2396,1684,60.0258409509807,38.5148806200399,70.1801888891266,52.1441369658737,-0.668369095404167,-0.485313678356324,0.0089666400744919,0.267272122974201,0.0018492633297487,0.0208605482951005,-0.5768413868802456,0.0089666400744919
ENSG00000138018,SELENOI,selenoprotein I,85465.0,68,131,103,108,2.10649749074673,4.0847486471563,2.07854767262349,2.30399853268173,0.925873331760957,0.0916700649327136,0.0089897057563775,1.0,0.0018553306152209,0.773531769380764,0.5087716983468353,0.0089897057563775
ENSG00000284649,,,,25,6,16,17,8.61258248913123,2.08059066084519,3.59074116101377,4.03319032263402,-2.05494223311295,0.110020543664557,0.0091270599023657,1.0,0.0018876691446519,1.0,-0.9724608447241965,0.0091270599023657
ENSG00000132199,ENOSF1,enolase superfamily member 1,55556.0,8,29,9,15,0.186074126332345,0.678947209943059,0.136366986256455,0.240266747774536,1.82316420828956,0.752173561089151,0.0091280650249053,0.845560856287376,0.0018885422391565,0.33509400499131,1.2876688846893556,0.0091280650249053
ENSG00000159256,MORC3,MORC family CW-type zinc finger 3,23515.0,1532,980,1969,1431,63.3367810930425,40.7816982372595,53.0290284322505,40.7420864126557,-0.66333385067064,-0.437015023236899,0.0091527120718728,0.362947635580242,0.0018949755863715,0.0383780633498329,-0.5501744369537696,0.0091527120718728
ENSG00000048392,RRM2B,ribonucleotide reductase regulatory TP53 inducible subunit M2B,50484.0,1561,999,2597,1888,74.5394486892252,48.0165297996805,80.784111813632,62.0857129236111,-0.662686511757254,-0.436570762065371,0.0091666724388674,0.35703369850942,0.0018998700201238,0.0371812531096022,-0.5496286369113125,0.0091666724388674
ENSG00000155636,RBM45,RNA binding motif protein 45,129831.0,7,27,22,36,0.387638223570179,1.50499247112349,0.793637110185397,1.37289544673176,1.91003041709633,0.730605336144936,0.0091766506977985,0.628161311574139,0.0019052818713035,0.131699960220995,1.320317876620633,0.0091766506977985
ENSG00000114686,MRPL3,mitochondrial ribosomal protein L3,11222.0,7,27,17,20,0.683042821937288,2.65189096937561,1.08061139958409,1.34395985618267,1.91003041709633,0.256118531771137,0.0091766506977985,1.0,0.0019052818713035,0.763300372401604,1.0830744744337335,0.0091766506977985
ENSG00000273373,SLC16A4-AS1,SLC16A4 antisense RNA 1,,27,7,25,27,2.50979719609588,0.654960206276589,1.51385962325636,1.72840310978019,-1.94729203708664,0.133779206406663,0.0091766506977985,1.0,0.0019052818713035,0.90192613918756,-0.9067564153399885,0.0091766506977985
ENSG00000148300,REXO4,"REX4 homolog, 3'-5' exonuclease",57109.0,7,27,14,21,0.698741997573375,2.71284249504702,0.910369238401335,1.44359214770639,1.91003041709633,0.603919519019561,0.0091766506977985,0.856586723804079,0.0019052818713035,0.349714953566376,1.2569749680579454,0.0091766506977985
ENSG00000142303,ADAMTS10,ADAM metallopeptidase with thrombospondin type 1 motif 10,81794.0,7,27,8,12,0.325058941552978,1.26203049638121,0.242005254410131,0.383752954552423,1.91003041709633,0.600636278355002,0.0091766506977985,0.938458125907049,0.0019052818713035,0.523804896248512,1.255333347725666,0.0091766506977985
ENSG00000138172,CALHM2,calcium homeostasis modulator family member 2,51063.0,15,42,30,30,1.27858608767218,3.60354553646386,1.66583008736703,1.76102847950577,1.45900787053784,0.0232946899156548,0.0092274142378886,1.0,0.0019178389015055,1.0,0.7411512802267474,0.0092274142378886
ENSG00000171045,TSNARE1,t-SNARE domain containing 1,203062.0,15,42,17,20,0.915843641503837,2.58119832388331,0.67616039407025,0.840942846170998,1.45900787053784,0.256118531771137,0.0092274142378886,1.0,0.0019178389015055,0.763300372401604,0.8575632011544885,0.0092274142378886
ENSG00000158856,DMTN,dematin actin binding protein,2039.0,23,56,11,15,1.36222442642758,3.33849602126229,0.424408667016202,0.611812711189799,1.26042259631167,0.466293488599678,0.0092373121239236,0.965239017950147,0.0019205692675669,0.581088810514498,0.8633580424556739,0.0092373121239236
ENSG00000116199,FAM20B,FAM20B glycosaminoglycan xylosylkinase,9917.0,57,113,88,90,2.4976204316645,4.98393115711393,2.51191527299169,2.71581699353487,0.96691517274094,0.0557349400333114,0.0093397700116345,1.0,0.0019452749375638,0.870264912665868,0.5113250563871257,0.0093397700116345
ENSG00000108559,NUP88,nucleoporin 88,4927.0,19,49,20,29,0.838503699808072,2.17665435869031,0.574979167253788,0.881364978148782,1.34224372066587,0.55653817710541,0.0093992473040449,0.821803119909521,0.0019610876717301,0.305675785163839,0.94939094888564,0.0093992473040449
ENSG00000156313,RPGR,retinitis pigmentosa GTPase regulator,6103.0,559,347,613,393,17.7334424484988,11.0803307729995,12.6681281514071,8.58578880821238,-0.70654955780716,-0.617807473579608,0.009479213439982,0.129343121285639,0.0019819168750407,0.0062117123544115,-0.6621785156933839,0.009479213439982
ENSG00000103811,CTSH,cathepsin H,1512.0,47,62,44,104,2.11326930688846,2.80601950463275,1.28878477091885,3.22030299551714,0.379885792488812,1.26199288897381,0.434913703386142,0.009551550414197,0.280531551894083,0.0001440876647528,0.8209393407313109,0.009551550414197
ENSG00000142178,SIK1,salt inducible kinase 1,150094.0,23,24,1,18,1.16952588472372,1.22838711569286,0.0331247595107917,0.630319752127133,0.0423358253286632,4.03199624764804,1.0,0.009551550414197,1.0,0.0001428193437676,2.037166036488352,0.009551550414197
ENSG00000166928,MS4A14,membrane spanning 4-domains A14,84689.0,3,4,2,21,0.198394685995265,0.266262975235472,0.086160757389528,0.956388806793,0.382360702716493,3.33605132395885,1.0,0.009551550414197,1.0,0.0001437008130956,1.8592060133376713,0.009551550414197
ENSG00000136573,BLK,"BLK proto-oncogene, Src family tyrosine kinase",640.0,2,16,2,7,0.108043653085513,0.870024044692743,0.0703833593194227,0.260419627515821,2.90555215874993,1.76792590746505,0.0095645475669566,0.711683165821761,0.0020094638453573,0.189408753941195,2.3367390331074898,0.0095645475669566
ENSG00000088682,COQ9,coenzyme Q9,57017.0,93,46,150,137,5.70452476846676,2.84011785277217,5.99374845049402,5.78713346036613,-1.03242091282256,-0.107301276010792,0.0095645475669566,1.0,0.0020099950374281,0.705555291217035,-0.5698610944166761,0.0095645475669566
ENSG00000140807,NKD1,NKD inhibitor of WNT signaling pathway 1,85407.0,2,16,7,5,0.0305228454825366,0.245785927482759,0.0695927172854756,0.052549844598421,2.90555215874993,-0.452436719441385,0.0095645475669566,1.0,0.0020094638453573,0.78090707038328,1.2265577196542723,0.0095645475669566
ENSG00000100321,SYNGR1,synaptogyrin 1,9145.0,2,16,8,13,0.0763466966471691,0.614783561264151,0.198939477868847,0.341751175244722,2.90555215874993,0.714978141116137,0.0095645475669566,0.88448460063668,0.0020094638453573,0.407172820969574,1.8102651499330333,0.0095645475669566
ENSG00000235426,,,,2,16,3,4,1.0368807724684,8.34950668331352,1.01318980656296,1.42812172584578,2.90555215874993,0.42310747346144,0.0095645475669566,1.0,0.0020094638453573,1.0,1.664329816105685,0.0095645475669566
ENSG00000165887,ANKRD2,ankyrin repeat domain 2,26287.0,16,2,8,9,2.92127401643751,0.367556677737182,0.951509287670432,1.13162160874651,-2.94197687871049,0.190508350625269,0.0095645475669566,1.0,0.0020094638453573,1.0,-1.3757342640426105,0.0095645475669566
ENSG00000171992,SYNPO,synaptopodin,11346.0,2,16,6,5,0.0517276261575079,0.416537920059866,0.101091475379024,0.0890571856276472,2.90555215874993,-0.234290044040935,0.0095645475669566,1.0,0.0020094638453573,1.0,1.3356310573544974,0.0095645475669566
ENSG00000188976,NOC2L,NOC2 like nucleolar associated transcriptional repressor,26155.0,59,116,97,106,2.82138252790161,5.58354420306963,3.02170752959725,3.49077804161382,0.955028992742073,0.151212876113119,0.0095645475669566,0.981758395188123,0.0020102139034472,0.621379657645303,0.553120934427596,0.0095645475669566
ENSG00000137054,POLR1E,RNA polymerase I subunit E,64425.0,2,16,10,6,0.212023239188217,1.70732209490725,0.690596226695576,0.438037336078747,2.90555215874993,-0.702131498738911,0.0095645475669566,0.916742215921126,0.0020094638453573,0.471999982180641,1.1017103300055093,0.0095645475669566
ENSG00000185339,TCN2,transcobalamin 2,6948.0,2,16,0,6,0.179608838891984,1.44630437802482,0.0,0.371069594190097,2.90555215874993,5.62621442126368,0.0095645475669566,0.334751177069253,0.0020094638453573,0.0336166099694965,4.265883290006805,0.0095645475669566
ENSG00000112146,FBXO9,F-box protein 9,26268.0,588,366,605,480,19.0806891194289,11.9547314195967,12.7891840048984,10.7266565689445,-0.702620786224738,-0.310436842234355,0.009618402178164,0.687038479466917,0.0020229346076505,0.167552793113171,-0.5065288142295465,0.009618402178164
ENSG00000099251,HSD17B7P2,hydroxysteroid 17-beta dehydrogenase 7 pseudogene 2,,40,14,17,20,7.03646845592767,2.47893305164446,1.94811417654105,2.42287583634526,-1.5249772974423,0.256118531771137,0.009689542736595,1.0,0.0020393090965811,0.763300372401604,-0.6344293828355815,0.009689542736595
ENSG00000198018,ENTPD7,ectonucleoside triphosphate diphosphohydrolase 7,57089.0,43,90,26,33,1.31619764375784,2.77291892233961,0.518437888311015,0.695621509616907,1.04460379110349,0.365781072463741,0.0097356295458509,0.932843177738853,0.0020511372261372,0.493001311180047,0.7051924317836155,0.0097356295458509
ENSG00000147419,CCDC25,coiled-coil domain containing 25,55246.0,22,54,87,103,1.32161152427322,3.26525350651011,3.40463939760919,4.26112986374381,1.27185316333352,0.266596255834046,0.0097828811781072,0.87004413345428,0.0020639441051319,0.37728900291958,0.769224709583783,0.0097828811781072
ENSG00000169764,UGP2,UDP-glucose pyrophosphorylase 2,7360.0,726,457,1109,862,29.5853138174867,18.7455319108037,29.4402733010011,24.1909673144131,-0.686464480360253,-0.340064266593424,0.0098251526701063,0.597890655345319,0.002073578351015,0.114820099495175,-0.5132643734768385,0.0098251526701063
ENSG00000070718,AP3M2,adaptor related protein complex 3 subunit mu 2,10947.0,40,85,55,76,1.68848334841094,3.61158403829791,1.51241233872169,2.20931068136339,1.06628520319108,0.489009596149177,0.0098856279758407,0.673355054339857,0.0020887389207899,0.1553103590574,0.7776473996701285,0.0098856279758407
ENSG00000236778,INTS6-AS1,INTS6 antisense RNA 1,100507398.0,59,25,63,39,1.03157729702844,0.439978830679656,0.71756466566969,0.469592097980143,-1.25341737899716,-0.666789507848772,0.0100218513901564,0.460086779140597,0.0021238554031901,0.0626727193348853,-0.960103443422966,0.0100218513901564
ENSG00000198502,HLA-DRB5,"major histocompatibility complex, class II, DR beta 5",3127.0,25,59,28,31,5.29846074731353,12.586463849761,3.86579193394743,4.52457525182459,1.21587198657117,0.16951353913115,0.0100218513901564,1.0,0.0021238554031901,0.819420660033036,0.69269276285116,0.0100218513901564
ENSG00000122643,NT5C3A,"5'-nucleotidase, cytosolic IIIA",51251.0,941,598,2817,1773,71.3487630684321,45.639409582026,139.140770375873,92.5788900959825,-0.672775589324458,-0.644538928614315,0.0100459806308937,0.0666491420839683,0.0021297010388624,0.0021225532058514,-0.6586572589693865,0.0100459806308937
ENSG00000127720,METTL25,methyltransferase like 25,84190.0,74,34,105,81,5.37988604968718,2.48806821343114,4.97280452535087,4.05539148974221,-1.13792023975595,-0.350527501095884,0.0101078377676327,0.787936462434936,0.002144662464289,0.267540176689599,-0.744223870425917,0.0101078377676327
ENSG00000085719,CPNE3,copine 3,8895.0,734,463,991,760,28.8635163168186,18.3263584934429,25.3861922336,20.5813178510266,-0.683459423526178,-0.359441985535097,0.0101514093891335,0.556933678004985,0.0021557503978964,0.0972870359215973,-0.5214507045306375,0.0101514093891335
ENSG00000141293,SKAP1,src kinase associated phosphoprotein 1,8631.0,13,38,24,33,1.30158710723877,3.82961831010445,1.56535144717664,2.27536060685349,1.51970103719058,0.480678528301573,0.0101741570487397,0.856586723804079,0.0021650297757119,0.35007450084236,1.0001897827460764,0.0101741570487397
ENSG00000138363,ATIC,5-aminoimidazole-4-carboxamide ribonucleotide formyltransferase/IMP cyclohydrolase,471.0,13,38,14,17,0.908946815981472,2.67436528069052,0.637666919693097,0.818559872817515,1.51970103719058,0.301056000197302,0.0101741570487397,1.0,0.0021650297757119,0.739034578806926,0.9103785186939409,0.0101741570487397
ENSG00000141956,PRDM15,PR/SET domain 15,63977.0,13,38,7,8,0.264841547658705,0.779234854547553,0.0928991063794657,0.112237804046015,1.51970103719058,0.212484432346265,0.0101741570487397,1.0,0.0021650297757119,1.0,0.8660927347684224,0.0101741570487397
ENSG00000263786,,,,38,13,26,24,14.0405514921837,4.83488257472557,6.25813099488401,6.10686361428612,-1.55713879729497,-0.0916269049662243,0.0101741570487397,1.0,0.0021650297757119,0.899603134798121,-0.8243828511305972,0.0101741570487397
ENSG00000204519,ZNF551,zinc finger protein 551,90233.0,13,38,19,15,0.73229842350708,2.15461833904665,0.697218784599886,0.581892038518386,1.51970103719058,-0.315305957594325,0.0101741570487397,0.984246463446897,0.0021650297757119,0.635239481431905,0.6021975397981274,0.0101741570487397
ENSG00000014123,UFL1,UFM1 specific ligase 1,23376.0,42,88,60,62,2.45136981038961,5.16992477053374,2.28129540054494,2.49205510675512,1.04607650429174,0.0705528591478759,0.0102886291809054,1.0,0.0021938878431226,0.88734122850267,0.5583146817198079,0.0102886291809054
ENSG00000149428,HYOU1,hypoxia up-regulated 1,10525.0,148,258,179,213,5.07686255731194,8.90831171593526,3.99997662464964,5.03175751023669,0.782427758613135,0.274109857412765,0.0103056918271105,0.811415249722691,0.0021982772174575,0.29152862656993,0.52826880801295,0.0103056918271105
ENSG00000012061,ERCC1,"ERCC excision repair 1, endonuclease non-catalytic subunit",2067.0,102,185,123,157,4.84615312254287,8.8472988511819,3.80691169965937,5.13692260130152,0.839342072470504,0.375159590969948,0.010329589144137,0.702999676431226,0.0022048802363487,0.176472992688154,0.607250831720226,0.010329589144137
ENSG00000137814,HAUS2,HAUS augmin like complex subunit 2,55142.0,21,52,48,40,1.29230749934476,3.22100887905062,1.92423690091958,1.6951688778332,1.2842629898311,-0.238960212788898,0.0103861956418402,0.942064127818288,0.0022202257313213,0.534536605392304,0.522651388521101,0.0103861956418402
ENSG00000211893,IGHG2,immunoglobulin heavy constant gamma 2 (G2m marker),3501.0,24,30,87,178,2.32303722936655,2.92286119508578,5.48573611379486,11.8650982772634,0.30168071647808,1.05509811974222,0.694222003385401,0.0103986041229348,0.546645441377296,0.0001598969151682,0.67838941811015,0.0103986041229348
ENSG00000060642,PIGV,phosphatidylinositol glycan anchor biosynthesis class V,55650.0,94,47,146,126,7.36332510714773,3.70583423294539,7.45023050546386,6.79709088115805,-1.01688732095295,-0.188978602551337,0.0104526143369308,0.932843177738853,0.0022372342448306,0.502559450642394,-0.6029329617521435,0.0104526143369308
ENSG00000204528,PSORS1C3,psoriasis susceptibility 1 candidate 3,,45,17,6,4,20.1037718068389,7.64462105374627,1.74617197690952,1.23064114992781,-1.41656757052207,-0.547517098327555,0.0105135065491548,1.0,0.0022548557337806,0.759851386238297,-0.9820423344248125,0.0105135065491548
ENSG00000260286,ARMH2,armadillo like helical domain containing 2,101928603.0,45,17,26,19,14.3979911611781,5.47495203486901,5.41917865136695,4.18648364620672,-1.41656757052207,-0.426711943185232,0.0105135065491548,0.890384334194309,0.0022548557337806,0.419496773106413,-0.921639756853651,0.0105135065491548
ENSG00000186638,KIF24,kinesin family member 24,347240.0,18,6,26,4,0.777787420091695,0.260964641688135,0.731867545805226,0.119029555032979,-1.58378153216393,-2.63998367875929,0.0833047424475707,0.0105216804093216,0.031052598573045,0.0001656233033386,-2.11188260546161,0.0105216804093216
ENSG00000143771,CNIH4,cornichon family AMPA receptor auxiliary protein 4,29097.0,263,156,336,231,13.6885577263601,8.17275632081313,11.3923141471928,8.2798092652535,-0.771874214277934,-0.516943456292812,0.0105237672326102,0.330703810563026,0.0022578320020991,0.0326700755349334,-0.644408835285373,0.0105237672326102
ENSG00000137713,PPP2R1B,protein phosphatase 2 scaffold subunit Abeta,5519.0,36,77,40,49,1.42644770343469,3.07104434142553,1.03248577356401,1.33707522784372,1.07540938299333,0.315281569487095,0.0106047842077448,0.924725133765422,0.0022759866995925,0.480962197907289,0.6953454762402125,0.0106047842077448
ENSG00000164074,ABHD18,abhydrolase domain containing 18,80167.0,266,158,289,241,10.5068626717266,6.28189271094908,7.43635293690232,6.55563659831643,-0.769866168636476,-0.23853149312116,0.0106060000293941,0.840847896853439,0.0022770205572507,0.328273282887738,-0.504198830878818,0.0106060000293941
ENSG00000146476,ARMT1,acidic residue methyltransferase 1,79624.0,297,178,563,418,27.911366476625,16.8378509422852,34.4670231783751,27.052495955765,-0.757008885459403,-0.406135238775084,0.0106637282857286,0.484664758483597,0.0022929216478275,0.0707818230579455,-0.5815720621172435,0.0106637282857286
ENSG00000184465,WDR27,WD repeat domain 27,253769.0,12,36,13,19,0.252107569261548,0.761288287798551,0.177917522733221,0.274893612930941,1.55630307180411,0.566346247499335,0.0106637282857286,0.88536701287707,0.0022932999687498,0.412429951851715,1.0613246596517225,0.0106637282857286
ENSG00000107438,PDLIM1,PDZ and LIM domain 1,9124.0,12,36,25,21,1.42751524400005,4.31066246481353,1.93735964359255,1.72038327795813,1.55630307180411,-0.226907898392208,0.0106637282857286,1.0,0.0022932999687498,0.690709357666754,0.664697586705951,0.0106637282857286
ENSG00000110958,PTGES3,prostaglandin E synthase 3,10728.0,583,365,1398,1081,45.4398737229154,28.6354118681638,70.9817110554904,58.0230647441655,-0.694248953423775,-0.347570662645168,0.0106710678882991,0.569782383982392,0.0022956560564246,0.103303827603762,-0.5209098080344715,0.0106710678882991
ENSG00000182093,GET1,guided entry of tail-anchored proteins factor 1,7485.0,72,33,122,121,2.20794752752966,1.01862000232026,2.43717555738504,2.55533610460615,-1.1413665632378,0.0115058117027364,0.0107073274999468,1.0,0.0023050171574728,1.0,-0.5649303757675318,0.0107073274999468
ENSG00000178605,GTPBP6,GTP binding protein 6 (putative),8225.0,27,62,42,60,2.41326653470758,5.57795780070722,2.44546554526027,3.69316903799186,1.17677369637487,0.536621031475754,0.010761591393618,0.691268317558772,0.0023174830613716,0.170071552257573,0.856697363925312,0.010761591393618
ENSG00000129472,RAB2B,"RAB2B, member RAS oncogene family",84932.0,103,186,87,101,7.58606417811084,13.7890466399468,4.17416173017974,5.12279610735518,0.833055998802094,0.238341558752152,0.0108363238770434,0.897355658070195,0.0023359456368091,0.432459770209751,0.535698778777123,0.0108363238770434
ENSG00000130695,CEP85,centrosomal protein 85,64793.0,41,86,44,42,2.11114568163124,4.45733018348999,1.47590279305226,1.48932694266774,1.04761922710809,-0.0435956802996531,0.0108810773921692,1.0,0.0023495578132194,0.928287126792764,0.5020117734042184,0.0108810773921692
ENSG00000134262,AP4B1,adaptor related protein complex 4 subunit beta 1,10717.0,134,153,119,232,6.07143612228505,6.97782496388641,3.51240288166508,7.23904082617019,0.172308666859697,0.985798874505228,0.69359109206815,0.0109268513174614,0.545367378707642,0.0001735937609099,0.5790537706824624,0.0109268513174614
ENSG00000151065,DCP1B,decapping mRNA 1B,196513.0,3,18,11,10,0.172401108914757,1.04119797279173,0.411796088408562,0.395753905589583,2.51765522039949,-0.112767482125029,0.0111277584378593,1.0,0.0024260988008313,1.0,1.2024438691372306,0.0111277584378593
ENSG00000183087,GAS6,growth arrest specific 6,2621.0,0,10,1,4,0.0,0.443328960429469,0.02869160383229,0.12132505434866,6.33057730410335,1.89620748246821,0.0111277584378593,0.87004413345428,0.0024212889766729,0.381172952969145,4.11339239328578,0.0111277584378593
ENSG00000196550,FAM72A,family with sequence similarity 72 member A,729533.0,0,10,6,9,0.0,0.704896562776436,0.273719265743417,0.434042546733064,6.33057730410335,0.598107574562971,0.0111277584378593,0.981135110992987,0.0024212889766729,0.620334435347283,3.4643424393331608,0.0111277584378593
ENSG00000226318,RPS3AP38,RPS3A pseudogene 38,100271594.0,10,0,4,6,3.47212368762355,0.0,0.904744414423195,1.43467274293681,-6.34918419580934,0.593114398761706,0.0111277584378593,1.0,0.0024212889766729,0.759851386238297,-2.8780348985238167,0.0111277584378593
ENSG00000228106,,,,0,10,4,2,0.0,2.17328744660412,0.562607977347105,0.297379870377829,6.33057730410335,-0.934582039904554,0.0111277584378593,1.0,0.0024212889766729,0.692095810745622,2.697997632099398,0.0111277584378593
ENSG00000287938,,,,18,3,22,23,9.31370053238707,1.56247482245113,7.4155467482948,8.19566144719991,-2.55445067555926,0.0870383630521381,0.0111277584378593,1.0,0.0024260988008313,1.0,-1.233706156253561,0.0111277584378593
ENSG00000272076,,,,10,0,4,8,4.63152163226707,0.0,1.20685312623234,2.55164406261256,-6.34918419580934,1.00083112969867,0.0111277584378593,0.883304914142995,0.0024212889766729,0.401742163618017,-2.6741765330553346,0.0111277584378593
ENSG00000262655,SPON1,spondin 1,10418.0,0,10,3,4,0.0,0.501527872293259,0.0973744576177682,0.13725224786669,6.33057730410335,0.42310747346144,0.0111277584378593,1.0,0.0024212889766729,1.0,3.376842388782395,0.0111277584378593
ENSG00000087053,MTMR2,myotubularin related protein 2,8898.0,3,18,4,11,0.129885457116691,0.78442926206404,0.112815817650743,0.327973207263405,2.51765522039949,1.45424527402033,0.0111277584378593,0.628161311574139,0.0024260988008313,0.13207019220145,1.9859502472099102,0.0111277584378593
ENSG00000087258,GNAO1,G protein subunit alpha o1,2775.0,0,10,6,3,0.0,0.196915056637369,0.0764643318791424,0.0404170470706243,6.33057730410335,-0.948168472295082,0.0111277584378593,0.937365369730268,0.0024212889766729,0.517393651190423,2.691204415904134,0.0111277584378593
ENSG00000152382,TADA1,transcriptional adaptor 1,117143.0,11,34,8,14,1.00488048655946,3.12638640335968,0.476082750486137,0.880757140232818,1.59832458119901,0.820919472246567,0.0111277584378593,0.825521504307415,0.0024215222551868,0.311691219488173,1.2096220267227886,0.0111277584378593
ENSG00000153064,BANK1,B cell scaffold protein with ankyrin repeats 1,55024.0,16,43,12,25,0.689903743139783,1.86628937126107,0.337070306740673,0.742360638333325,1.4004861467051,1.0743518413052,0.0111277584378593,0.474604777671872,0.0024184247437585,0.0678931796290317,1.23741899400515,0.0111277584378593
ENSG00000120458,MSANTD2,Myb/SANT DNA binding domain containing 2,79684.0,3,18,15,9,0.176576119106205,1.06641249823814,0.575138848204481,0.36480403339062,2.51765522039949,-0.705903807016145,0.0111277584378593,0.845560856287376,0.0024260988008313,0.33509400499131,0.9058757066916726,0.0111277584378593
ENSG00000129680,MAP7D3,MAP7 domain containing 3,79649.0,3,18,5,7,0.11543487466914,0.697156522087126,0.125330426326234,0.185489884290136,2.51765522039949,0.498239326872704,0.0111277584378593,1.0,0.0024260988008313,0.78090707038328,1.507947273636097,0.0111277584378593
ENSG00000103253,HAGHL,hydroxyacylglutathione hydrolase like,84264.0,3,18,3,4,0.150325158331195,0.90787264130317,0.0979269890587618,0.138031057671116,2.51765522039949,0.42310747346144,0.0111277584378593,1.0,0.0024260988008313,1.0,1.4703813469304652,0.0111277584378593
ENSG00000197381,ADARB1,adenosine deaminase RNA specific B1,104.0,51,102,39,47,1.34451934577067,2.70669337339329,0.669780066175516,0.85329882300821,0.979430321152745,0.29172522642217,0.0111277584378593,0.940288061627932,0.0024077278649179,0.528383654441175,0.6355777737874575,0.0111277584378593
ENSG00000162407,PLPP3,phospholipid phosphatase 3,8613.0,10,0,8,12,0.502509554942482,0.0,0.261881634372116,0.415271359203637,-6.34918419580934,0.600636278355002,0.0111277584378593,0.938458125907049,0.0024212889766729,0.523804896248512,-2.874273958727169,0.0111277584378593
ENSG00000164241,C5orf63,chromosome 5 open reading frame 63,401207.0,0,10,5,1,0.0,0.370879512793221,0.120013906155233,0.0253744854626979,6.33057730410335,-2.16582058373543,0.0111277584378593,0.757841540271721,0.0024212889766729,0.225711524080905,2.0823783601839603,0.0111277584378593
ENSG00000240489,SETP14,SET pseudogene 14,,0,10,10,8,0.0,3.05455177203122,1.97686136370246,1.67186758741625,6.33057730410335,-0.29441476780195,0.0111277584378593,1.0,0.0024212889766729,0.822369736464699,3.0180812681507003,0.0111277584378593
ENSG00000158764,ITLN2,intelectin 2,142683.0,10,0,8,2,1.60949597427507,0.0,0.838784918839487,0.221679891223327,-6.34918419580934,-1.91238128579421,0.0111277584378593,0.60477890466736,0.0024212889766729,0.118117436562347,-4.1307827408017745,0.0111277584378593
ENSG00000211956,IGHV4-34,immunoglobulin heavy variable 4-34,28395.0,0,10,2,7,0.0,6.66655924245814,0.862899985256123,3.19274463334396,6.33057730410335,1.76792590746505,0.0111277584378593,0.711683165821761,0.0024212889766729,0.189408753941195,4.0492516057842005,0.0111277584378593
ENSG00000129515,SNX6,sorting nexin 6,58533.0,960,614,1689,1187,62.2890315628336,40.1005865772158,71.3905498455837,53.039262164085,-0.663526241420089,-0.485414590021102,0.0111434671054641,0.274857031957574,0.0024305784176252,0.0221833270771677,-0.5744704157205955,0.0111434671054641
ENSG00000263528,IKBKE,inhibitor of nuclear factor kappa B kinase subunit epsilon,9641.0,35,75,46,48,2.44587346552326,5.2755678521167,2.09408595736121,2.31000855259465,1.07800458122539,0.0845673048669354,0.0112099170567803,1.0,0.0024458892047806,0.932331136578605,0.5812859430461627,0.0112099170567803
ENSG00000103121,CMC2,C-X9-C motif containing 2,56942.0,25,23,151,69,0.518197006035671,0.479871254444996,2.0389311912006,0.984941396048749,-0.138411924832741,-1.10510193334374,0.958841857190227,0.0112641799660447,0.897141131355876,0.0001805946358059,-0.6217569290882405,0.0112641799660447
ENSG00000275371,,,,55,23,72,45,13.7330509473254,5.78061687376201,11.7113664351444,7.73790270636749,-1.27202058386798,-0.653233400528134,0.011297522919055,0.465167689114281,0.0024666505367649,0.0636873542552392,-0.9626269921980569,0.011297522919055
ENSG00000171680,PLEKHG5,pleckstrin homology and RhoGEF domain containing G5,57449.0,1,13,6,5,0.0375617520722638,0.491508692198814,0.146814119141833,0.129336842816389,3.52661775186345,-0.234290044040935,0.0113916885518118,1.0,0.0025038137787687,1.0,1.6461638539112575,0.0113916885518118
ENSG00000279722,,,,13,1,32,26,1.47368399048087,0.114104565553413,2.36309794849773,2.0297416826687,-3.56202403429243,-0.274975136630438,0.0113916885518118,0.95460501357024,0.0025038137787687,0.563865223937516,-1.918499585461434,0.0113916885518118
ENSG00000116661,FBXO2,F-box protein 2,26232.0,1,13,2,6,0.0837568881965465,1.09598824093526,0.109124247266029,0.346081347727091,3.52661775186345,1.54971223245959,0.0113916885518118,0.811415249722691,0.0025038137787687,0.29873705302427,2.53816499216152,0.0113916885518118
ENSG00000283602,,,,65,29,119,108,8.24317732348922,3.70187109681735,9.83102903259728,9.43216632431507,-1.17973438524843,-0.116410125776619,0.0113916885518118,1.0,0.0025009387647308,0.716646206399294,-0.6480722555125246,0.0113916885518118
ENSG00000115657,ABCB6,ATP binding cassette subfamily B member 6 (Langereis blood group),10058.0,13,1,5,4,0.661671370942132,0.0512319634386793,0.165782898224039,0.140205610356809,-3.56202403429243,-0.290405823270068,0.0113916885518118,1.0,0.0025038137787687,1.0,-1.926214928781249,0.0113916885518118
ENSG00000134278,SPIRE1,spire type actin nucleation factor 1,56907.0,1,13,1,2,0.0405577215807833,0.530712003380011,0.0264206976502181,0.0558611605868947,3.52661775186345,0.938942518939261,0.0113916885518118,1.0,0.0025038137787687,0.999999999999998,2.2327801354013554,0.0113916885518118
ENSG00000180543,TSPYL5,TSPY like 5,85453.0,1,13,2,3,0.0596539151915507,0.780592390470217,0.077721232628338,0.123244235854626,3.52661775186345,0.578629383354757,0.0113916885518118,1.0,0.0025038137787687,1.0,2.0526235676091034,0.0113916885518118
ENSG00000177570,SAMD12,sterile alpha motif domain containing 12,401474.0,1,13,2,4,0.0172274052130106,0.2254266358485,0.0224450509885843,0.047455468975627,3.52661775186345,0.979280757322283,0.0113916885518118,1.0,0.0025038137787687,0.692095810745622,2.2529492545928664,0.0113916885518118
ENSG00000173456,RNF26,ring finger protein 26,79102.0,26,60,30,49,2.47502657977276,5.7490988795902,1.86036647917238,3.21224756498854,1.18375913100159,0.728809626147059,0.0113916885518118,0.522934237429761,0.0024992830281355,0.0851740286150354,0.9562843785743245,0.0113916885518118
ENSG00000198890,PRMT6,protein arginine methyltransferase 6,55170.0,1,13,8,12,0.0610421745082204,0.798758250248441,0.318119810232672,0.504449448322944,3.52661775186345,0.600636278355002,0.0113916885518118,0.938458125907049,0.0025038137787687,0.523804896248512,2.063627015109226,0.0113916885518118
ENSG00000167618,LAIR2,leukocyte associated immunoglobulin like receptor 2,3904.0,1,13,6,1,0.253757698626127,3.32050843494084,0.991839063512785,0.174753400839845,3.52661775186345,-2.42293185879292,0.0113916885518118,0.628161311574139,0.0025038137787687,0.131529066191331,0.551842946535265,0.0113916885518118
ENSG00000141873,SLC39A3,solute carrier family 39 member 3,29985.0,29,65,66,75,1.73504247597214,3.91442051273513,2.57233057935429,3.09015160021677,1.14217245090632,0.207447448441229,0.0113916885518118,0.937656599494775,0.0025009387647308,0.519350588903639,0.6748099496737745,0.0113916885518118
ENSG00000225014,KCTD9P1,potassium channel tetramerization domain containing 9 pseudogene 1,,13,1,2,1,2.95115637168277,0.22850245903884,0.295766918682476,0.156334661933846,-3.56202403429243,-0.896134003143078,0.0113916885518118,1.0,0.0025038137787687,0.999999999999998,-2.229079018717754,0.0113916885518118
ENSG00000164038,SLC9B2,solute carrier family 9 member B2,133308.0,1,13,7,6,0.0307656529283099,0.402579352697507,0.140292646540306,0.127122901272882,3.52661775186345,-0.195232298590696,0.0113916885518118,1.0,0.0025038137787687,1.0,1.665692726636377,0.0113916885518118
ENSG00000241945,PWP2,PWP2 small subunit processome component,5822.0,1,13,7,3,0.0387371015302934,0.506888551846503,0.176642781014559,0.0800303628352674,3.52661775186345,-1.16631514769553,0.0113916885518118,0.856586723804079,0.0025038137787687,0.355755161158507,1.18015130208396,0.0113916885518118
ENSG00000267100,ILF3-DT,ILF3 divergent transcript,147727.0,40,83,51,56,5.34388375926731,11.1613599016445,4.4385173220436,5.15218498572904,1.03198507836474,0.157951707044828,0.0114557775478437,1.0,0.0025195697886162,0.755332966282524,0.594968392704784,0.0114557775478437
ENSG00000235192,,,,133,73,86,77,45.2307624770668,24.9888998561974,19.0524772097629,18.0334741806334,-0.883159428627427,-0.135877674984767,0.0115519275105935,1.0,0.0025415587490512,0.72756769333195,-0.509518551806097,0.0115519275105935
ENSG00000124279,FASTKD3,FAST kinase domains 3,79072.0,10,32,17,24,0.9272769946296,2.9867678790152,1.02690232757116,1.53259405370779,1.64708801957772,0.517670736014171,0.0115532045173617,0.880851266876775,0.002545853831586,0.393727808346742,1.0823793777959456,0.0115532045173617
ENSG00000143344,RGL1,ral guanine nucleotide dissociation stimulator like 1,23179.0,10,32,26,32,0.499383670811832,1.60851947791638,0.84582090920487,1.10050171823893,1.64708801957772,0.321555698330645,0.0115532045173617,0.95460501357024,0.002545853831586,0.563865223937516,0.9843218589541824,0.0115532045173617
ENSG00000123159,GIPC1,GIPC PDZ domain containing family member 1,10755.0,10,32,23,15,0.596673507580353,1.92189095278073,0.893995480220307,0.61635996782702,1.64708801957772,-0.589286353666694,0.0115532045173617,0.811415249722691,0.002545853831586,0.29780699974006,0.5289008329555129,0.0115532045173617
ENSG00000237440,ZNF737,zinc finger protein 737,100129842.0,106,55,300,266,3.1278505191314,1.63359660652795,5.76676310039734,5.40540414645002,-0.963792918033286,-0.150078069416199,0.0116172291797685,0.941636472443587,0.0025635453983631,0.533699370915272,-0.5569354937247425,0.0116172291797685
ENSG00000167315,ACAA2,acetyl-CoA acyltransferase 2,10449.0,19,48,32,41,1.02307677031461,2.60158409461781,1.12247152553642,1.52035458730665,1.31257335202702,0.379629916575594,0.011663521253692,0.893364536550483,0.0025763105174129,0.423244632860712,0.846101634301307,0.011663521253692
ENSG00000164167,LSM6,"LSM6 homolog, U6 small nuclear RNA and mRNA degradation associated",11157.0,41,15,65,88,2.73253950490383,1.00627309320123,2.82206284486279,4.03897973382597,-1.46181353380791,0.459692596142345,0.0117254968743768,0.651195894606498,0.0025934180887431,0.143446717316428,-0.5010604688327824,0.0117254968743768
ENSG00000117834,SLC5A9,solute carrier family 5 member 9,200010.0,41,15,84,98,2.39511456052762,0.882014453246943,3.19663059587715,3.9425292054523,-1.46181353380791,0.245445620974875,0.0117254968743768,0.891539482982246,0.0025934180887431,0.421340442146907,-0.6081839564165175,0.0117254968743768
ENSG00000101452,DHX35,DEAH-box helicase 35,60625.0,15,41,17,19,0.795087146955812,2.18750643409991,0.58700679269124,0.693559115458015,1.42434754274587,0.182585697795163,0.0117254968743768,1.0,0.0025934180887431,0.878451542584608,0.8034666202705165,0.0117254968743768
ENSG00000070950,RAD18,RAD18 E3 ubiquitin protein ligase,56852.0,34,73,75,72,1.28971696312042,2.78727849197849,1.85330752847105,1.88085103584328,1.08074680529514,-0.0354416530540886,0.0118813352050936,1.0,0.0026322153493284,1.0,0.5226525761205256,0.0118813352050936
ENSG00000113163,CERT1,ceramide transporter 1,10087.0,1192,770,2329,1756,17.4103131844683,11.3204336017042,22.1600404196881,17.6628690394342,-0.649207939452744,-0.384002240929903,0.0119350280914041,0.473152695237839,0.0026484594474803,0.0673765024409516,-0.5166050901913235,0.0119350280914041
ENSG00000125551,PLGLB2,plasminogen like B2,5342.0,30,9,12,12,1.96919998041881,0.594638584560191,0.513121894106713,0.542445640664414,-1.74173613594284,0.023150602219426,0.0119824660102645,1.0,0.0026607326871648,1.0,-0.859292766861707,0.0119824660102645
ENSG00000244486,SCARF2,scavenger receptor class F member 2,91179.0,22,53,31,54,1.7444797432041,4.23020221311322,1.60131095737443,2.94878710737716,1.24494938911796,0.821539051138615,0.0119899327256779,0.386308795120376,0.002663264462022,0.0443402093218621,1.0332442201282874,0.0119899327256779
ENSG00000130052,STARD8,StAR related lipid transfer domain containing 8,9754.0,31,68,42,39,1.47762039552644,3.26251189987156,1.30413096008482,1.28018342364072,1.11132612689072,-0.0832662566185283,0.0120305976929927,1.0,0.0026740506459428,0.851570585727483,0.5140299351360959,0.0120305976929927
ENSG00000163138,PACRGL,parkin coregulated like,133015.0,4,20,12,13,0.128728395221417,0.647867759228196,0.251574339724817,0.288113843075604,2.26802726068566,0.137492464980561,0.0120435005583272,1.0,0.0026821846455507,1.0,1.2027598628331106,0.0120435005583272
ENSG00000196839,ADA,adenosine deaminase,100.0,4,20,15,14,0.377248896213139,1.89862847773817,0.921573497959547,0.909290034416223,2.26802726068566,-0.0754926853948474,0.0120435005583272,1.0,0.0026821846455507,0.999999999999999,1.0962672876454065,0.0120435005583272
ENSG00000196437,ZNF569,zinc finger protein 569,148266.0,4,20,12,10,0.211262390243761,1.06324708811135,0.412870806342642,0.363721193135562,2.26802726068566,-0.236936056235166,0.0120435005583272,1.0,0.0026821846455507,0.840382698167032,1.0155456022252471,0.0120435005583272
ENSG00000287064,,,,20,4,16,19,4.32880780009276,0.871445652608907,2.25594767387222,2.8320330547869,-2.30501831092984,0.26938523142431,0.0120435005583272,1.0,0.0026821846455507,0.755864209464809,-1.017816539752765,0.0120435005583272
ENSG00000198205,ZXDA,zinc finger X-linked duplicated A,7789.0,4,20,3,5,0.257644578036155,1.2966806209498,0.125878918345167,0.221787685967418,2.26802726068566,0.736334527748061,0.0120435005583272,1.0,0.0026821846455507,0.731885361772456,1.5021808942168606,0.0120435005583272
ENSG00000280387,,,,66,125,55,79,14.0103529376079,26.7089713239509,7.60568897261006,11.548847345887,0.90129008892159,0.544773595818239,0.0122315771253249,0.586654187927828,0.0027312018883541,0.109585254848846,0.7230318423699145,0.0122315771253249
ENSG00000186951,PPARA,peroxisome proliferator activated receptor alpha,5465.0,49,98,49,54,0.982012923134742,1.97692051066162,0.639717062978289,0.745283132290422,0.979359835114416,0.163172691002004,0.0122822505162324,1.0,0.0027443069583711,0.749201204736764,0.57126626305821,0.0122822505162324
ENSG00000168872,DDX19A,DEAD-box helicase 19A,55308.0,8,28,14,12,0.270088479536818,0.951516038174222,0.307903652187733,0.278999694879773,1.77276069223292,-0.197098446996744,0.0123285341111808,1.0,0.002758242218432,0.854227087191907,0.787831122618088,0.0123285341111808
ENSG00000267895,,,,28,8,21,24,19.9941914992964,5.75013196114988,9.7686790783712,11.802213507933,-1.81006607748612,0.214839546461189,0.0123285341111808,1.0,0.002758242218432,0.788186701966051,-0.7976132655124655,0.0123285341111808
ENSG00000130340,SNX9,sorting nexin 9,51429.0,14,39,15,11,0.796761014633614,2.23412082024376,0.556111698339069,0.431120957088029,1.45111386600712,-0.419966129510737,0.0123960195803401,0.965239017950147,0.0027796642070184,0.581088810514498,0.5155738682481914,0.0123960195803401
ENSG00000236397,DDX11L2,DEAD/H-box helicase 11 like 2 (pseudogene),,39,14,3,3,7.39055683638154,2.67043860928223,0.370343341311641,0.391507619048923,-1.48856590721649,0.022456099493914,0.0123960195803401,1.0,0.0027796642070184,1.0,-0.733054903861288,0.0123960195803401
ENSG00000157303,SUSD3,sushi domain containing 3,203328.0,14,39,54,72,2.94826909627939,8.2669574071818,7.40804438852633,10.4418629843636,1.45111386600712,0.437548762649566,0.0123960195803401,0.739859120739486,0.0027796642070184,0.211189225922913,0.9443313143283429,0.0123960195803401
ENSG00000066455,GOLGA5,golgin A5,9950.0,354,217,417,322,29.2613900865677,18.0548312713063,22.4542461061968,18.3296415767641,-0.724563574308388,-0.349475443629918,0.0124806557282498,0.630419288688078,0.0028031905665694,0.134564793511688,-0.537019508969153,0.0124806557282498
ENSG00000229119,RPLP0P9,ribosomal protein lateral stalk subunit P0 pseudogene 9,,5,22,8,15,4.4902209722996,19.8866851978412,4.68013551325355,9.27673985475244,2.09149705279485,0.919610590625116,0.0125089623377867,0.76465406589936,0.0028131947073611,0.235318226797452,1.505553821709983,0.0125089623377867
ENSG00000229638,RPL4P4,ribosomal protein L4 pseudogene 4,647276.0,5,22,11,25,1.03163176544267,4.56898141227661,1.47848907131111,3.55223034417441,2.09149705279485,1.19852041541534,0.0125089623377867,0.386308795120376,0.0028131947073611,0.043957483978934,1.6450087341050952,0.0125089623377867
ENSG00000276672,,,,5,22,4,10,0.285723724510005,1.26543833765383,0.14890422523833,0.393534405687657,2.09149705279485,1.31834886579006,0.0125089623377867,0.714131068269656,0.0028131947073611,0.194535922838651,1.704922959292455,0.0125089623377867
ENSG00000133069,TMCC2,transmembrane and coiled-coil domain family 2,9911.0,7,26,7,6,0.318526496317371,1.19086595880393,0.207499137643176,0.188020491731499,1.85583997824391,-0.195232298590696,0.0125431360787087,1.0,0.0028272788144181,1.0,0.8303038398266069,0.0125431360787087
ENSG00000178860,MSC,musculin,9242.0,7,26,23,23,0.87764375842865,3.28122177574845,1.87853285952587,1.98588673022544,1.85583997824391,0.0232653098719499,0.0125431360787087,1.0,0.0028272788144181,1.0,0.9395526440579299,0.0125431360787087
ENSG00000276718,,,,26,7,32,23,11.4991635584434,3.11625473770998,9.21963256367143,7.00530661263164,-1.89309827510997,-0.450960068157067,0.0125431360787087,0.847579921487032,0.0028272788144181,0.339532749205984,-1.1720291716335185,0.0125431360787087
ENSG00000221890,NPTXR,neuronal pentraxin receptor,23467.0,6,24,1,4,0.272648065899496,1.09775246531043,0.0296020578132461,0.125174991750805,1.95914877366891,1.89620748246821,0.0126224256488645,0.87004413345428,0.0028525099793855,0.381172952969145,1.92767812806856,0.0126224256488645
ENSG00000116679,IVNS1ABP,influenza virus NS1A binding protein,10625.0,7196,10080,3878,6505,242.142280818419,341.414541668884,85.0076500145623,150.741622107401,0.467382183020043,0.769608621519869,0.067262661447948,0.0127116857091102,0.0232689005898127,0.0002084338496246,0.618495402269956,0.0127116857091102
ENSG00000186352,ANKRD37,ankyrin repeat domain 37,353322.0,27,61,10,12,3.17484332395618,7.21988661855209,0.766000874617064,0.971731294150721,1.153362619829,0.283189626744038,0.0128838721431663,1.0,0.002917227135171,0.840382698167032,0.7182761232865189,0.0128838721431663
ENSG00000080823,MOK,MOK protein kinase,5891.0,24,56,39,59,0.578750491241238,1.35928387976572,0.612654276806641,0.979802519400244,1.19934490894705,0.619007183009005,0.0128883933877892,0.597890655345319,0.0029191901070724,0.114885366228378,0.9091760459780276,0.0128883933877892
ENSG00000011523,CEP68,centrosomal protein 68,23177.0,80,148,61,67,2.4578270890936,4.57683297174443,1.22084887163687,1.41756359526214,0.867673966914908,0.15843367508589,0.0128991906001951,0.981876444361395,0.0029225756869265,0.629434293762097,0.513053821000399,0.0128991906001951
ENSG00000197971,MBP,myelin basic protein,4155.0,9556,6328,11801,8666,135.998095356777,90.6494480500137,109.407281504244,84.9340393463299,-0.61348679271126,-0.422073990425558,0.013028475510258,0.37343286511022,0.0029547162066697,0.0401953317131464,-0.517780391568409,0.013028475510258
ENSG00000198464,ZNF480,zinc finger protein 480,147657.0,13,37,24,24,0.710982552798059,2.03685129620934,0.855061917677413,0.903926757110477,1.48135555741384,0.0232705508716071,0.0131075541187914,1.0,0.0029764712603231,1.0,0.7523130541427235,0.0131075541187914
ENSG00000231105,ECE1-AS1,ECE1 antisense RNA 1,100506801.0,13,37,18,24,1.33540111894292,3.82571061606749,1.20451335669719,1.69779806570111,1.48135555741384,0.435798438728837,0.0131075541187914,0.926175241741688,0.0029764712603231,0.483743215596895,0.9585769980713384,0.0131075541187914
ENSG00000116830,TTF2,transcription termination factor 2,8458.0,17,44,24,21,0.443364012129996,1.15506440901027,0.407749550032427,0.377170068912459,1.34674825785396,-0.168315656284895,0.0131682522719273,1.0,0.0029988914407355,0.788186701966051,0.5892163007845325,0.0131682522719273
ENSG00000139044,B4GALNT3,"beta-1,4-N-acetyl-galactosaminyltransferase 3",283358.0,44,17,29,29,1.59854822327068,0.62167584817218,0.686343926835643,0.725566917694342,-1.38423632555058,0.0232913574152961,0.0131682522719273,1.0,0.0029988914407355,1.0,-0.6804724840676419,0.0131682522719273
ENSG00000108474,PIGL,phosphatidylinositol glycan anchor biosynthesis class L,9487.0,17,44,8,11,0.73088147277126,1.90411299362647,0.224057120481953,0.325684526979029,1.34674825785396,0.476446028130677,0.0131682522719273,0.994297199514418,0.0029988914407355,0.662502499282927,0.9115971429923185,0.0131682522719273
ENSG00000141510,TP53,tumor protein p53,7157.0,50,99,77,78,2.32878900637901,4.64127542196453,2.33626226669203,2.50184932088436,0.964914523608359,0.0419397807812635,0.0132756457474854,1.0,0.0030252837962678,0.904172759149922,0.5034271521948113,0.0132756457474854
ENSG00000023909,GCLM,glutamate-cysteine ligase modifier subunit,2730.0,82,40,178,122,4.00362865167444,1.9658117928369,5.66148902969369,4.1020993656781,-1.05211586607889,-0.521159881410457,0.0133120666355888,0.421582765733138,0.0030355237212328,0.052061531176455,-0.7866378737446735,0.0133120666355888
ENSG00000160072,ATAD3B,ATPase family AAA domain containing 3B,83858.0,45,91,60,94,1.55107164734003,3.15720474141916,1.34722870453727,2.23127761447034,0.995119517462311,0.669964872767387,0.0133280105880779,0.33254128612458,0.0030430445396041,0.0330320904993921,0.8325421951148491,0.0133280105880779
ENSG00000162971,TYW5,tRNA-yW synthesizing protein 5,129450.0,45,91,58,74,1.03145325155351,2.09952203171376,0.866035631508135,1.16808692985664,0.995119517462311,0.374148262959867,0.0133280105880779,0.802473156664851,0.0030430445396041,0.282166909812026,0.684633890211089,0.0133280105880779
ENSG00000124383,MPHOSPH10,M-phase phosphoprotein 10,10199.0,42,86,52,51,2.55494088848643,5.26589294926659,2.06065668120865,2.13652584944126,1.01295753998017,-0.0046114342151146,0.0137791475000398,1.0,0.0031540812051905,1.0,0.5041730528825277,0.0137791475000398
ENSG00000117448,AKR1A1,aldo-keto reductase family 1 member A1,10327.0,23,54,52,55,1.95233254066343,4.61383145264645,2.87541167788006,3.21510422179554,1.20807495149398,0.104068453407638,0.0138082712176929,1.0,0.0031617539838209,0.87620043566892,0.6560717024508089,0.0138082712176929
ENSG00000141564,RPTOR,regulatory associated protein of MTOR complex 1,57521.0,12,35,21,33,0.308588278818493,0.905958351722131,0.351793820430568,0.584411198382288,1.51580463743999,0.672247523891154,0.0138762379013679,0.711363087112472,0.0031823728811838,0.183258163018699,1.094026080665572,0.0138762379013679
ENSG00000116396,KCNC4,potassium voltage-gated channel subfamily C member 4,3749.0,12,35,10,8,0.126949782301259,0.372701179595935,0.0689162195716095,0.0582836995373526,1.51580463743999,-0.29441476780195,0.0138762379013679,1.0,0.0031823728811838,0.822369736464699,0.61069493481902,0.0138762379013679
ENSG00000197054,ZNF763,zinc finger protein 763,284390.0,35,12,91,86,3.00951194670519,1.03860708743262,5.09729949096444,5.09252169458118,-1.55322232438525,-0.0580561007894593,0.0138762379013679,1.0,0.0031823728811838,0.912940320532275,-0.8056392125873547,0.0138762379013679
ENSG00000144848,ATG3,autophagy related 3,64422.0,1377,1187,2470,1419,59.7052409905952,51.8049480903294,69.7663817866652,42.3708640141696,-0.233025291195138,-0.77619225278697,0.427881857157035,0.0138848469423275,0.274494265662075,0.000233741411141,-0.504608771991054,0.0138848469423275
ENSG00000161040,FBXL13,F-box and leucine rich repeat protein 13,222235.0,103,54,219,191,6.80645369136061,3.5918603052406,9.42754286710356,8.692074617378,-0.948833397050261,-0.173860161382633,0.0139060750681358,0.937365369730268,0.0031912425586328,0.51574789669574,-0.561346779216447,0.0139060750681358
ENSG00000213380,COG8,component of oligomeric golgi complex 8,84342.0,114,61,157,137,4.05385587378351,2.18341000692589,3.63692074322715,3.35498381413709,-0.919590289437711,-0.173049340885196,0.0139349698290798,0.940288061627932,0.0032019355685095,0.528477600128565,-0.5463198151614536,0.0139349698290798
ENSG00000264538,SUZ12P1,SUZ12 pseudogene 1,,80,39,69,70,5.61277621537451,2.75419290737148,3.15360693764155,3.38214473871183,-1.05295638468294,0.0440710421624246,0.0142032072013028,1.0,0.0032666755522016,0.896494000094904,-0.5044426712602577,0.0142032072013028
ENSG00000168758,SEMA4C,semaphorin 4C,54910.0,31,67,20,31,1.31108144290166,2.85223160437226,0.551021701951547,0.902892571005865,1.08999224269366,0.652357190059902,0.0143702822381973,0.739859120739486,0.0033103383001706,0.210671485717883,0.8711747163767809,0.0143702822381973
ENSG00000091181,IL5RA,interleukin 5 receptor subunit alpha,3568.0,100,77,180,87,4.01398541463146,3.1110609798138,4.70672719230612,2.40492452901234,-0.395344201213851,-1.02447292165352,0.325039276364081,0.0143801389731825,0.188388204128139,0.0002452231831893,-0.7099085614336855,0.0143801389731825
ENSG00000258867,HISLA,HIF1A stabilizing long noncoding RNA,283587.0,19,47,9,9,0.542348638072175,1.35040743193851,0.167354808044502,0.176918753829456,1.28227994888759,0.0230713210893039,0.014605768649597,1.0,0.0033768685426207,1.0,0.6526756349884469,0.014605768649597
ENSG00000233622,CYP2T1P,"cytochrome P450 family 2 subfamily T member 1, pseudogene",171523.0,62,28,70,63,5.7210826599345,2.60067793505856,4.20780208763,4.00344154651281,-1.16209950750627,-0.128369641460959,0.014605768649597,1.0,0.0033794866245788,0.78839861172011,-0.6452345744836144,0.014605768649597
ENSG00000165733,BMS1,BMS1 ribosome biogenesis factor,9790.0,19,47,24,32,0.648735366664242,1.61530240698818,0.533821359611985,0.75243737791694,1.28227994888759,0.436453154168476,0.014605768649597,0.884635887259932,0.0033768685426207,0.408729888152453,0.859366551528033,0.014605768649597
ENSG00000131981,LGALS3,galectin 3,3958.0,36,75,62,72,4.33707564582281,9.09489664728259,4.86582983955249,5.97356236213254,1.03750429098748,0.238673413987703,0.014605768649597,0.914012121837327,0.00337854337093,0.462476172631459,0.6380888524875915,0.014605768649597
ENSG00000164114,MAP9,microtubule associated protein 9,79884.0,2,15,7,5,0.0598222958937962,0.4516129101812,0.136396068573848,0.102993423550185,2.81319296812944,-0.452436719441385,0.0146165553704704,1.0,0.0033944362732259,0.78090707038328,1.1803781243440274,0.0146165553704704
ENSG00000250182,EEF1A1P13,eukaryotic translation elongation factor 1 alpha 1 pseudogene 13,,2,15,3,4,0.381458657114005,2.87972321488473,0.37274297419271,0.52539251397206,2.81319296812944,0.42310747346144,0.0146165553704704,1.0,0.0033944362732259,1.0,1.6181502207954401,0.0146165553704704
ENSG00000249993,BFSP2-AS1,BFSP2 antisense RNA 1,85003.0,15,2,6,18,4.44501740546437,0.596560111181937,1.15825501376661,3.67333994248586,-2.8496080325288,1.58827166685228,0.0146165553704704,0.322135476559874,0.0033944362732259,0.031052598573045,-0.63066818283826,0.0146165553704704
ENSG00000165092,ALDH1A1,aldehyde dehydrogenase 1 family member A1,216.0,2,15,8,19,0.186565519271603,1.40842800897003,0.486140836764013,1.22056635882365,2.81319296812944,1.2581554133088,0.0146165553704704,0.475227093576254,0.0033944362732259,0.0682606472408393,2.03567419071912,0.0146165553704704
ENSG00000151914,DST,dystonin,667.0,2,15,4,6,0.0110654318804451,0.0835356085766323,0.0144168073889459,0.0228610426009395,2.81319296812944,0.593114398761706,0.0146165553704704,1.0,0.0033944362732259,0.759851386238297,1.703153683445573,0.0146165553704704
ENSG00000079393,DUSP13,dual specificity phosphatase 13,51207.0,15,2,23,29,1.69027884325187,0.226850165630222,1.68836237013108,2.25046106500516,-2.8496080325288,0.356083018293513,0.0146165553704704,0.944243354283112,0.0033944362732259,0.537424617180521,-1.2467625071176436,0.0146165553704704
ENSG00000149150,SLC43A1,solute carrier family 43 member 1,8501.0,2,15,7,7,0.150268313877298,1.13441166916474,0.342614855178268,0.362194513141686,2.81319296812944,0.0229813764147654,0.0146165553704704,1.0,0.0033944362732259,1.0,1.4180871722721027,0.0146165553704704
ENSG00000267241,CYP4F10P,"cytochrome P450 family 4 subfamily F member 10, pseudogene",,15,2,6,8,5.28436909638983,0.709208430048738,1.37696806157892,1.94087819656168,-2.8496080325288,0.430631107746716,0.0146165553704704,1.0,0.0033944362732259,0.797511698851884,-1.209488462391042,0.0146165553704704
ENSG00000174917,MICOS13,mitochondrial contact site and cristae organizing system subunit 13,125988.0,11,33,26,34,1.57181953129582,4.74641758362716,2.42021570837747,3.3457641403512,1.55541703133588,0.40869095728802,0.0146165553704704,0.896382407934999,0.0033947647548235,0.428430332760113,0.98205399431195,0.0146165553704704
ENSG00000131016,AKAP12,A-kinase anchoring protein 12,9590.0,13,9,7,32,0.392478573875077,0.273499866357257,0.137670652918356,0.665317562992312,-0.54304169010186,2.19587560336193,0.693338380154509,0.0146876390525743,0.545090689776041,0.0002547484400606,0.8264169566300351,0.0146876390525743
ENSG00000158457,TSPAN33,tetraspanin 33,340348.0,10,16,1,17,0.750490190837611,1.2086679646383,0.0488895175782506,0.878618515044069,0.652727092452896,3.95011453028252,0.513956761151919,0.0146876390525743,0.35667249670387,0.0002527892585388,2.301420811367708,0.0146876390525743
ENSG00000274611,TBC1D3,TBC1 domain family member 3,729873.0,3,3,1,17,0.385249206057698,0.387778530826455,0.083654870116929,1.50340443921743,-0.018085906217534,3.95011453028252,1.0,0.0146876390525743,1.0,0.0002527892585388,1.9660143120324929,0.0146876390525743
ENSG00000161010,MRNIP,MRN complex interacting protein,51149.0,25,57,47,47,0.782037540930679,1.79475204543684,0.957758868981881,1.01249260507846,1.16622666550876,0.0233297032682044,0.0147185006393445,1.0,0.0034238051334198,1.0,0.5947781843884823,0.0147185006393445
ENSG00000163661,PTX3,pentraxin 3,5806.0,22,52,22,21,3.09358111573508,7.36010786853128,2.01526535834763,2.0335953078624,1.21753435673524,-0.0434696467403144,0.014733753887251,1.0,0.0034295007955021,1.0,0.5870323549974628,0.014733753887251
ENSG00000102119,EMD,emerin,2010.0,419,669,569,733,54.9518577506032,88.3154085783069,48.6128803574984,66.2031631185608,0.656060264009354,0.388700834976398,0.0149511750607275,0.496657076843869,0.0034875081234076,0.0778899598723223,0.522380549492876,0.0149511750607275
ENSG00000007312,CD79B,CD79b molecule,974.0,15,40,16,32,1.91050267331017,5.12812249419857,1.32753843885557,2.80680846887381,1.3888339696641,1.01765287294019,0.014975890927506,0.41642410861201,0.0034978669598205,0.0501032067714931,1.203243421302145,0.014975890927506
ENSG00000108798,ABI3,ABI family member 3,51225.0,15,40,21,38,1.74905174317128,4.6947600299001,1.59514962063192,3.05141589705912,1.3888339696641,0.875070195175459,0.014975890927506,0.468619493684623,0.0034978669598205,0.0656553082944467,1.1319520824197795,0.014975890927506
ENSG00000256087,ZNF432,zinc finger protein 432,9668.0,43,87,74,88,1.90305556410359,3.87564753821489,2.13346471463258,2.6820822656128,0.995763637585332,0.272946589442196,0.0150073302913325,0.87004413345428,0.0035084911510417,0.381212692673021,0.6343551135137641,0.0150073302913325
ENSG00000117091,CD48,CD48 molecule,962.0,1123,853,1664,954,91.4285712850814,69.9025818539249,88.2523402253342,53.4880741102843,-0.41552650367788,-0.77912427537526,0.127009672926704,0.0151015510905057,0.0537398455773535,0.0002641285717622,-0.59732538952657,0.0151015510905057
ENSG00000165609,NUDT5,nudix hydrolase 5,11164.0,773,500,1099,769,41.2541313222538,26.8596262790417,38.2081822641611,28.2631590081905,-0.647248563737911,-0.491676958126737,0.0151948220700074,0.279373347073515,0.0035584515302945,0.0229248206387391,-0.569462760932324,0.0151948220700074
ENSG00000122971,ACADS,acyl-CoA dehydrogenase short chain,35.0,10,31,24,32,1.01541984425326,3.16846817196171,1.58755075861609,2.23770088741186,1.60146658000075,0.436453154168476,0.0153718158075389,0.884635887259932,0.0036093856968292,0.408729888152453,1.018959867084613,0.0153718158075389
ENSG00000170854,RIOX2,ribosomal oxygenase 2,84864.0,10,31,24,18,0.385062554310577,1.20153102625699,0.602023245527527,0.477320626247436,1.60146658000075,-0.389297457741628,0.0153718158075389,0.926175241741688,0.0036093856968292,0.483743215596895,0.606084561129561,0.0153718158075389
ENSG00000162129,CLPB,caseinolytic mitochondrial matrix peptidase chaperone subunit B,81570.0,10,31,10,23,0.213166267593882,0.66515396368266,0.138863853436775,0.337639094059089,1.60146658000075,1.2147156025528,0.0153718158075389,0.418366234910825,0.0036093856968292,0.0506662167706653,1.408091091276775,0.0153718158075389
ENSG00000128626,MRPS12,mitochondrial ribosomal protein S12,6183.0,10,31,19,19,1.23564849517573,3.85565926336198,1.52939363058455,1.61679499023282,1.60146658000075,0.0232388650893607,0.0153718158075389,1.0,0.0036093856968292,1.0,0.8123527225450553,0.0153718158075389
ENSG00000099821,POLRMT,RNA polymerase mitochondrial,5442.0,45,90,65,79,2.35603491728369,4.74300657566192,2.21693672101375,2.84841136119902,0.979200105745409,0.304272951300901,0.0153964702621244,0.848849165842961,0.0036174187527393,0.340603666166109,0.641736528523155,0.0153964702621244
ENSG00000102543,CDADC1,cytidine and dCMP deaminase domain containing 1,81602.0,104,183,92,113,7.13227954595661,12.6324653520046,4.11011124222435,5.33678700592238,0.795690527278335,0.319616129334026,0.0156237639491155,0.802473156664851,0.0036799304098193,0.280126182942374,0.5576533283061805,0.0156237639491155
ENSG00000163840,DTX3L,deltex E3 ubiquitin ligase 3L,151636.0,3519,2948,8908,5206,161.626936284642,136.28999061558,266.529579357196,164.666421252117,-0.274257804580185,-0.75152054677123,0.323319865800569,0.0158424579333375,0.187130620477199,0.0002817052715154,-0.5128891756757075,0.0158424579333375
ENSG00000243199,RPL6P10,ribosomal protein L6 pseudogene 10,642828.0,14,38,8,15,4.26312933691893,11.6473218948694,1.58694250162046,3.14556121511721,1.41376124087409,0.919610590625116,0.0159679163709837,0.76465406589936,0.0037784451578912,0.235318226797452,1.166685915749603,0.0159679163709837
ENSG00000178404,CEP295NL,CEP295 N-terminal like,100653515.0,38,14,17,17,3.64881312790711,1.35312547146668,1.06337801735079,1.1241476470118,-1.45121170335142,0.0232210100354101,0.0159679163709837,1.0,0.0037784451578912,1.0,-0.713995346658005,0.0159679163709837
ENSG00000120805,ARL1,ADP ribosylation factor like GTPase 1,400.0,9,29,30,34,0.483142317384213,1.56701291210769,1.04911852310775,1.25694968920185,1.65569157961764,0.203168183229513,0.016107021568397,1.0,0.0038195779174729,0.744627115878036,0.9294298814235764,0.016107021568397
ENSG00000279108,,,,29,63,39,55,4.08440621137939,8.93127554013531,3.57821365496957,5.33457749932158,1.0971730390867,0.517943860984601,0.0163630230829857,0.724447146936231,0.0038876988239012,0.20141130050734,0.8075584500356505,0.0163630230829857
ENSG00000198546,ZNF511,zinc finger protein 511,118472.0,29,63,41,42,3.35638623136943,7.33933127610071,3.09121008261258,3.34756973351923,1.0971730390867,0.0579825023652006,0.0163630230829857,1.0,0.0038876988239012,1.0,0.5775777707259503,0.0163630230829857
ENSG00000182979,MTA1,metastasis associated 1,9112.0,51,99,66,106,1.93957434763846,3.78977527995036,1.63512486439575,2.77618580972446,0.936415457646488,0.705852695854225,0.0164042123238173,0.268023491654906,0.0039020076537632,0.0210363868614148,0.8211340767503565,0.0164042123238173
ENSG00000183648,NDUFB1,NADH:ubiquinone oxidoreductase subunit B1,4707.0,188,111,295,245,22.0086305898132,13.0797715583359,22.4971715113174,19.7518448373025,-0.778330782747008,-0.244427674832535,0.0164550573472581,0.828122504847847,0.0039212970066706,0.314052888982384,-0.5113792287897715,0.0164550573472581
ENSG00000139343,SNRPF,small nuclear ribonucleoprotein polypeptide F,6636.0,3,17,5,10,0.261179465033529,1.48973390892919,0.283568841687848,0.599548309158061,2.43578200661642,1.0052601188956,0.0165284767988679,0.830546712155719,0.0039448157350453,0.319467384113055,1.72052106275601,0.0165284767988679
ENSG00000205571,SMN2,"survival of motor neuron 2, centromeric",6607.0,3,17,7,10,0.26395520162638,1.50556635166773,0.401215536153627,0.605920127787439,2.43578200661642,0.530002168437661,0.0165284767988679,0.986959072614357,0.0039448157350453,0.643094748267033,1.4828920875270404,0.0165284767988679
ENSG00000101236,RNF24,ring finger protein 24,11237.0,16495,11083,13135,8883,571.67785208619,386.632527912944,296.551316230748,212.014282559576,-0.592514286258898,-0.540899259232187,0.0166863427427342,0.158212320411254,0.0039837092861971,0.0086012528076661,-0.5667067727455425,0.0166863427427342
ENSG00000102349,KLF8,KLF transcription factor 8,11279.0,8,27,10,13,0.166500455568027,0.565628406147756,0.135580168945891,0.18632674649999,1.72053227682135,0.397531489505173,0.0167780635108336,1.0,0.0040152364142003,0.694066838153478,1.0590318831632615,0.0167780635108336
ENSG00000073111,MCM2,minichromosome maintenance complex component 2,4171.0,8,27,15,31,0.449498260641657,1.52701675118872,0.549034985316727,1.19951623855371,1.72053227682135,1.0643868178984,0.0167780635108336,0.386308795120376,0.0040152364142003,0.0443348005916132,1.3924595473598749,0.0167780635108336
ENSG00000248124,RRN3P1,RRN3 pseudogene 1,,8,27,17,18,0.403461697872723,1.37062325944314,0.558511317317879,0.625160081588114,1.72053227682135,0.105102727400936,0.0167780635108336,1.0,0.0040152364142003,0.999999999999999,0.912817502111143,0.0167780635108336
ENSG00000161714,PLCD3,phospholipase C delta 3,113026.0,8,27,13,12,0.314075918631508,1.06696561675382,0.33247480166952,0.324438441867453,1.72053227682135,-0.0911728874544644,0.0167780635108336,1.0,0.0040152364142003,1.0,0.8146796946834428,0.0167780635108336
ENSG00000232888,RPS11P5,ribosomal protein S11 pseudogene 5,727826.0,8,27,18,21,4.37889317959796,14.8757933509397,6.41826435314471,7.91589578515032,1.72053227682135,0.244212231572335,0.0167780635108336,1.0,0.0040152364142003,0.770191627382317,0.9823722541968425,0.0167780635108336
ENSG00000197122,SRC,"SRC proto-oncogene, non-receptor tyrosine kinase",6714.0,70,93,44,100,2.86713243902248,3.83419919325051,1.17401358538248,2.82069496717375,0.390429614776453,1.20547807509823,0.362825189369149,0.0168374043302122,0.219700075500756,0.0003068402015531,0.7979538449373414,0.0168374043302122
ENSG00000213366,GSTM2,glutathione S-transferase mu 2,2946.0,33,47,48,107,0.959023720169738,1.37484986571098,0.90871433287174,2.14143844899269,0.489793220891821,1.17778448238221,0.361662782727482,0.0168374043302122,0.218837347688841,0.0003090176701444,0.8337888516370154,0.0168374043302122
ENSG00000099998,GGT5,gamma-glutamyltransferase 5,2687.0,24,50,68,140,1.0502399895567,2.20236512800071,1.93846048884758,4.21902164961211,1.03623421183276,1.06381799920051,0.0402426880124074,0.01685639309746,0.0120505177847968,0.0003107905154975,1.0500261055166349,0.01685639309746
ENSG00000256660,CLEC12B,C-type lectin domain family 12 member B,387837.0,13,36,405,527,0.895941593588397,2.4973583010249,18.1828560889037,25.0122851460126,1.44196299704121,0.403163367861516,0.0169974103178556,0.495197975101114,0.0040802703386544,0.0775017719998626,0.922563182451363,0.0169974103178556
ENSG00000144426,NBEAL1,neurobeachin like 1,65065.0,13,36,7,7,0.210307736062152,0.586214295868327,0.0737701501806651,0.0779859461002434,1.44196299704121,0.0229813764147654,0.0169974103178556,1.0,0.0040802703386544,1.0,0.7324721867279878,0.0169974103178556
ENSG00000167625,ZNF526,zinc finger protein 526,116115.0,13,36,19,21,0.814184275591914,2.26946697615596,0.775182019851836,0.905743158395451,1.44196299704121,0.166737696151866,0.0169974103178556,1.0,0.0040802703386544,0.885576584345171,0.804350346596538,0.0169974103178556
ENSG00000273110,,,,36,13,50,52,14.0047420633838,5.09047108087846,12.6710717365069,13.9310023858935,-1.47939733746997,0.0797796828238457,0.0169974103178556,1.0,0.0040802703386544,0.935893255845325,-0.6998088273230622,0.0169974103178556
ENSG00000172366,MCRIP2,MAPK regulated corepressor interacting protein 2,84331.0,13,36,6,23,0.686192366159354,1.91270079879253,0.206312010820352,0.836058709098696,1.44196299704121,1.93976147810146,0.0169974103178556,0.103781059059922,0.0040802703386544,0.0042958491142716,1.6908622375713351,0.0169974103178556
ENSG00000104731,KLHDC4,kelch domain containing 4,54758.0,31,66,33,35,0.734778040470249,1.57463687931372,0.50954101303484,0.571306188305263,1.06833814209178,0.107883764007603,0.0170328705990189,1.0,0.0040912652306053,0.916747199534174,0.5881109530496914,0.0170328705990189
ENSG00000165238,WNK2,WNK lysine deficient protein kinase 2,65268.0,25,7,51,67,0.501824210800266,0.141433292005477,0.666887395788184,0.926174487190897,-1.83678904032508,0.416162618957597,0.0173341988180405,0.774072703285055,0.0041813291129364,0.245218921526026,-0.7103132106837415,0.0173341988180405
ENSG00000054148,PHPT1,phosphohistidine phosphatase 1,29085.0,7,25,15,20,1.15041021188569,4.13558265661175,1.60589327280916,2.26355521683372,1.79953433111058,0.435276089643361,0.0173341988180405,0.941636472443587,0.0041813291129364,0.533660763088406,1.1174052103769705,0.0173341988180405
ENSG00000180720,CHRM4,cholinergic receptor muscarinic 4,1132.0,7,25,11,15,1.22730725450677,4.41201802942299,1.25637324127298,1.8111437836876,1.79953433111058,0.466293488599678,0.0173341988180405,0.965239017950147,0.0041813291129364,0.581088810514498,1.132913909855129,0.0173341988180405
ENSG00000139180,NDUFA9,NADH:ubiquinone oxidoreductase subunit A9,4704.0,7,25,18,21,0.178468026326603,0.641570517029943,0.298954859678764,0.368712689828963,1.79953433111058,0.244212231572335,0.0173341988180405,1.0,0.0041813291129364,0.770191627382317,1.0218732813414575,0.0173341988180405
ENSG00000140280,LYSMD2,LysM domain containing 2,256586.0,726,553,2306,1340,102.632937634729,78.6895893506799,212.363646318102,130.455185506355,-0.411448098892659,-0.759713115895413,0.141971987422743,0.0173350105191495,0.0620985183290556,0.0003231147323304,-0.585580607394036,0.0173350105191495
ENSG00000186056,MATN1-AS1,MATN1 antisense RNA 1,100129196.0,4,19,6,7,0.263342979488744,1.25909170583205,0.257326039340792,0.317370241883098,2.19450128431827,0.241128051815216,0.0174687282581738,1.0,0.0042303296896889,1.0,1.217814668066743,0.0174687282581738
ENSG00000278030,TRBV7-9,T cell receptor beta variable 7-9,28589.0,4,19,5,3,3.05386786588676,14.6011095800236,2.48674347336058,1.5773131165141,2.19450128431827,-0.691057197237594,0.0174687282581738,1.0,0.0042303296896889,0.731885361772456,0.751722043540338,0.0174687282581738
ENSG00000204283,LINC01973,long intergenic non-protein coding RNA 1973,400624.0,4,19,5,0,0.202231326233341,0.966905538982479,0.164675569705367,0.0,2.19450128431827,-5.34618876939644,0.0174687282581738,0.468619493684623,0.0042303296896889,0.0656324289880646,-1.5758437425390848,0.0174687282581738
ENSG00000115233,PSMD14,"proteasome 26S subunit, non-ATPase 14",10213.0,4,19,7,13,0.144944898025264,0.69300848369145,0.165238678615589,0.324408857365391,2.19450128431827,0.904430689653388,0.0174687282581738,0.806196340527772,0.0042303296896889,0.286221039198822,1.5494659869858292,0.0174687282581738
ENSG00000151882,CCL28,C-C motif chemokine ligand 28,56477.0,4,19,1,1,0.234237875654887,1.1199347975836,0.0381476562889533,0.040327707886118,2.19450128431827,0.0207927220028503,0.0174687282581738,1.0,0.0042303296896889,1.0,1.10764700316056,0.0174687282581738
ENSG00000135108,FBXO21,F-box protein 21,23014.0,28,61,26,27,1.06746942671448,2.34082667313252,0.645715919316713,0.708871616473384,1.10113111760423,0.0774739926761452,0.0174687282581738,1.0,0.0042238124388056,0.999999999999999,0.5893025551401876,0.0174687282581738
ENSG00000085982,USP40,ubiquitin specific peptidase 40,55230.0,4,19,4,6,0.113311820943403,0.541764865725854,0.0738152254282397,0.117050395943198,2.19450128431827,0.593114398761706,0.0174687282581738,1.0,0.0042303296896889,0.759851386238297,1.3938078415399882,0.0174687282581738
ENSG00000179922,ZNF784,zinc finger protein 784,147808.0,45,89,95,132,5.79277778496377,11.5320461142619,7.96652075795254,11.7018545495322,0.963103069534932,0.497372333239734,0.017701994458269,0.51507763811983,0.0042951675563141,0.0834439286940958,0.730237701387333,0.017701994458269
ENSG00000198780,FAM169A,family with sequence similarity 169 member A,26049.0,6,23,8,6,0.231205559882772,0.892106836808944,0.200820360205061,0.159222589507024,1.8980753073841,-0.384684847127947,0.017701994458269,1.0,0.0042958491142716,0.797511698851884,0.7566952301280765,0.017701994458269
ENSG00000224877,NDUFAF8,NADH:ubiquinone oxidoreductase complex assembly factor 8,284184.0,6,23,24,33,1.18710845720243,4.58045892685698,3.09329344976056,4.4963436637299,1.8980753073841,0.480678528301573,0.017701994458269,0.856586723804079,0.0042958491142716,0.35007450084236,1.1893769178428364,0.017701994458269
ENSG00000238121,LINC00426,long intergenic non-protein coding RNA 426,100188949.0,6,23,15,16,0.326192945658539,1.25861574041894,0.531233317416041,0.599031563231842,1.8980753073841,0.115568445816253,0.017701994458269,1.0,0.0042958491142716,1.0,1.0068218766001764,0.017701994458269
ENSG00000255274,SMIM35,small integral membrane protein 35,100526771.0,21,5,0,2,1.47609015247525,0.353757455158299,0.0,0.0968121785496407,-2.06188143966269,4.09851798259742,0.0177348601838084,0.932843177738853,0.0043270887549475,0.502487562189054,1.0183182714673649,0.0177348601838084
ENSG00000197774,EME2,essential meiotic structure-specific endonuclease subunit 2,197342.0,63,117,95,112,2.28444447769472,4.27039382079169,2.24405963863487,2.79681982663583,0.872954891217679,0.260574873084383,0.0177348601838084,0.87004413345428,0.004319248008659,0.380640819344392,0.5667648821510309,0.0177348601838084
ENSG00000211746,TRBV19,T cell receptor beta variable 19,28568.0,5,21,5,8,2.39966519352968,10.1447640646102,1.56322461097124,2.64409493444635,2.02477345809883,0.687742382804204,0.0177348601838084,0.969579482810528,0.0043270887549475,0.593113130711805,1.356257920451517,0.0177348601838084
ENSG00000275111,ZNF2,zinc finger protein 2,7549.0,21,5,45,46,1.39223818435416,0.333661623746654,1.94346843526154,2.10018952000318,-2.06188143966269,0.0549496349002844,0.0177348601838084,1.0,0.0043270887549475,1.0,-1.0034659023812027,0.0177348601838084
ENSG00000175893,ZDHHC21,zinc finger DHHC-type palmitoyltransferase 21,340481.0,5,21,8,9,0.140527815279905,0.59409184846858,0.146471459411181,0.174197215604836,2.02477345809883,0.190508350625269,0.0177348601838084,1.0,0.0043270887549475,1.0,1.1076409043620496,0.0177348601838084
ENSG00000206561,COLQ,collagen like tail subunit of asymmetric acetylcholinesterase,8292.0,5,21,11,19,0.317273098641529,1.34129575177601,0.454701788637957,0.830277475223751,2.02477345809883,0.804838311283363,0.0177348601838084,0.762009469384749,0.0043270887549475,0.232678886220821,1.4148058846910967,0.0177348601838084
ENSG00000255389,,,,41,16,39,38,4.4865115786835,1.76232875471839,2.78009908508788,2.86361706655032,-1.36945434318742,-0.0140373780015954,0.0177348601838084,1.0,0.0043245897560396,1.0,-0.6917458605945077,0.0177348601838084
ENSG00000204767,INSYN2B,inhibitory synaptic factor family member 2B,100131897.0,21,5,44,27,0.973470478509048,0.233300410934668,1.3286998898082,0.861933309339203,-2.06188143966269,-0.678668421386039,0.0177348601838084,0.566354702405706,0.0043270887549475,0.101615309526516,-1.3702749305243644,0.0177348601838084
ENSG00000173950,XXYLT1,xyloside xylosyltransferase 1,152002.0,41,16,45,29,2.01294376056204,0.790696426088438,1.43923274041977,0.980510371354177,-1.36945434318742,-0.608359727375016,0.0177348601838084,0.631352620650222,0.0043245897560396,0.135291595852776,-0.9889070352812179,0.0177348601838084
ENSG00000217275,RPS10P1,ribosomal protein S10 pseudogene 1,394255.0,41,16,30,26,21.7672235110075,8.55029642319281,10.3755509249233,9.50602467414178,-1.36945434318742,-0.182242944862153,0.0177348601838084,1.0,0.0043245897560396,0.723654978516544,-0.7758486440247865,0.0177348601838084
ENSG00000120800,UTP20,UTP20 small subunit processome component,27340.0,5,21,9,6,0.132065322714694,0.558316028281639,0.154857425070889,0.109138115938264,2.02477345809883,-0.552121876663912,0.0177348601838084,0.981135110992987,0.0043270887549475,0.620334435347283,0.7363257907174591,0.0177348601838084
ENSG00000114021,NIT2,nitrilase family member 2,56954.0,5,21,10,12,0.143574158554995,0.606970492484808,0.187058310265797,0.237297919544936,2.02477345809883,0.283189626744038,0.0177348601838084,1.0,0.0043270887549475,0.840382698167032,1.1539815424214341,0.0177348601838084
ENSG00000005801,ZNF195,zinc finger protein 195,7748.0,25,56,42,56,0.565543158922544,1.27513386586169,0.618936032461056,0.87240908775516,1.14074831243507,0.437297849483714,0.0177488337011943,0.802473156664851,0.0043343784967717,0.281876506134424,0.7890230809593919,0.0177488337011943
ENSG00000204634,TBC1D8,TBC1 domain family member 8,11138.0,94,166,74,87,4.12981185943178,7.34095412436518,2.11789714457556,2.63225570339659,0.800799457305803,0.256481797611594,0.0178856071045714,0.88536701287707,0.004375599989072,0.411739048247244,0.5286406274586986,0.0178856071045714
ENSG00000279168,,,,34,12,1,0,7.25816540727881,2.578524122788,0.139065267567465,0.0,-1.51155216273954,-3.15957546365816,0.0179441211935905,1.0,0.0044027659151616,0.999999999999998,-2.33556381319885,0.0179441211935905
ENSG00000154016,GRAP,GRB2 related adaptor protein,10750.0,12,34,27,23,1.02319808445063,2.91809480841425,1.49972961711718,1.35055637623635,1.47413644043723,-0.206895139734773,0.0179441211935905,1.0,0.0044027659151616,0.704975216835422,0.6336206503512285,0.0179441211935905
ENSG00000157741,UBN2,ubinuclein 2,254048.0,589,382,519,322,9.38076644273076,6.12390436604307,5.38469511059189,3.53171223118486,-0.64336352367127,-0.665076940229209,0.0179441211935905,0.0988305808847725,0.0044029919879623,0.0038964687551859,-0.6542202319502395,0.0179441211935905
ENSG00000228049,POLR2J2,RNA polymerase II subunit J2,246721.0,34,12,15,13,4.36192894451962,1.54961183359802,1.25360772676434,1.14854874392173,-1.51155216273954,-0.181434016525278,0.0179441211935905,1.0,0.0044027659151616,0.860052499377756,-0.846493089632409,0.0179441211935905
ENSG00000185972,CCIN,calicin,881.0,12,34,6,6,1.63280762629077,4.65666182318596,0.531833581051539,0.562226657863784,1.47413644043723,0.0229143768097548,0.0179441211935905,1.0,0.0044027659151616,1.0,0.7485254086234924,0.0179441211935905
ENSG00000139517,LNX2,ligand of numb-protein X 2,222484.0,22,51,36,41,1.21044793811939,2.82446123668008,1.29031773496243,1.55350873718561,1.18958825806352,0.210333822093576,0.0179478830824913,1.0,0.0044065309798071,0.699008503360467,0.699961040078548,0.0179478830824913
ENSG00000139193,CD27,CD27 molecule,939.0,22,51,38,40,4.13355093762049,9.64523464866284,4.65109211911102,5.17567519083115,1.18958825806352,0.0970810224727588,0.0179478830824913,1.0,0.0044065309798071,0.923644361254139,0.6433346402681394,0.0179478830824913
ENSG00000115271,GCA,grancalcin,25801.0,13777,9297,27846,17852,685.674372682121,465.744890303463,902.810933287319,611.866318074732,-0.586257563391449,-0.617989151512763,0.0179566572475856,0.0756287964720752,0.0044113024035571,0.0026400082721268,-0.602123357452106,0.0179566572475856
ENSG00000188725,SMIM15,small integral membrane protein 15,643155.0,19,46,60,60,1.74291471951103,4.24739231513954,3.58545700244926,3.79035769688638,1.25133678336492,0.0233431185590782,0.017957899220881,1.0,0.0044155335935907,1.0,0.6373399509619991,0.017957899220881
ENSG00000143222,UFC1,ubiquitin-fold modifier conjugating enzyme 1,51506.0,98,172,163,194,12.3630750770649,21.840917899101,13.3954950092141,16.8542165678566,0.791943366048595,0.274383278783051,0.017971687130621,0.811415249722691,0.0044202334984583,0.296348414509561,0.533163322415823,0.017971687130621
ENSG00000279476,,,,12,1,0,4,1.13782263721837,0.0954410772005461,0.0,0.261191911920971,-3.44768395952953,5.05578294612637,0.0179877602866384,0.628161311574139,0.0044438498303238,0.128740533784281,0.8040494932984199,0.0179877602866384
ENSG00000279901,,,,12,1,3,4,1.91626066810616,0.160736811150287,0.312079560671292,0.439885594880767,-3.44768395952953,0.42310747346144,0.0179877602866384,1.0,0.0044438498303238,1.0,-1.512288243034045,0.0179877602866384
ENSG00000186310,NAP1L3,nucleosome assembly protein 1 like 3,4675.0,1,12,2,2,0.100008696627285,1.2079835546923,0.130298223519233,0.137744469971157,3.41229247471027,0.0220157937933331,0.0179877602866384,1.0,0.0044438498303238,1.0,1.7171541342518015,0.0179877602866384
ENSG00000166091,CMTM5,CKLF like MARVEL transmembrane domain containing 5,116173.0,12,1,0,3,1.09246613346671,0.0916365531609367,0.0,0.188085103584328,-3.44768395952953,4.65513157215884,0.0179877602866384,0.778637941053786,0.0044438498303238,0.253731343283582,0.603723806314655,0.0179877602866384
ENSG00000137274,BPHL,biphenyl hydrolase like,670.0,1,12,6,5,0.0458344355303939,0.553624296951541,0.179148785866323,0.15782227549896,3.41229247471027,-0.234290044040935,0.0179877602866384,1.0,0.0044438498303238,1.0,1.5890012153346675,0.0179877602866384
ENSG00000278060,,,,12,1,0,3,6.72109185705734,0.563768223463691,0.0,1.157140912115,-3.44768395952953,4.65513157215884,0.0179877602866384,0.778637941053786,0.0044438498303238,0.253731343283582,0.603723806314655,0.0179877602866384
ENSG00000132196,HSD17B7,hydroxysteroid 17-beta dehydrogenase 7,51478.0,64,30,107,80,3.54857145069136,1.67431374862909,3.86480947770637,3.05470992845204,-1.10870770700484,-0.395610991612954,0.0179877602866384,0.733919176189905,0.0044433352332067,0.206662791476864,-0.7521593493088969,0.0179877602866384
ENSG00000226648,PLCG1-AS1,PLCG1 antisense RNA 1,101927117.0,1,12,1,2,0.0315347026979737,0.380900897081289,0.0205427921736965,0.0434335318359238,3.41229247471027,0.938942518939261,0.0179877602866384,1.0,0.0044438498303238,0.999999999999998,2.1756174968247657,0.0179877602866384
ENSG00000132394,EEFSEC,"eukaryotic elongation factor, selenocysteine-tRNA specific",60678.0,1,12,12,13,0.110661252032446,1.33665348219712,0.865062641860774,0.990707249874007,3.41229247471027,0.137492464980561,0.0179877602866384,1.0,0.0044438498303238,1.0,1.7748924698454156,0.0179877602866384
ENSG00000214595,EML6,EMAP like 6,400954.0,1,12,1,1,0.0183642754308663,0.221818136446687,0.0119631219361725,0.0126467870842089,3.41229247471027,0.0207927220028503,0.0179877602866384,1.0,0.0044438498303238,1.0,1.71654259835656,0.0179877602866384
ENSG00000239951,IGKV3-20,immunoglobulin kappa variable 3-20,28912.0,1,12,4,15,0.662307593414192,7.99987109094977,1.72579997051225,6.84159564287992,3.41229247471027,1.89740983651477,0.0179877602866384,0.290968814933383,0.0044438498303238,0.0250425718143365,2.65485115561252,0.0179877602866384
ENSG00000196937,FAM3C,FAM3 metabolism regulating signaling molecule C,10447.0,1,12,10,11,0.078033295247622,0.942547403941063,0.508335779237775,0.59112461126503,3.41229247471027,0.158999376519713,0.0179877602866384,1.0,0.0044438498303238,1.0,1.7856459256149915,0.0179877602866384
ENSG00000272282,LINC02084,long intergenic non-protein coding RNA 2084,,1,12,2,4,0.241718099786201,2.91966098209846,0.314927001918293,0.665848724367876,3.41229247471027,0.979280757322283,0.0179877602866384,1.0,0.0044438498303238,0.692095810745622,2.1957866160162767,0.0179877602866384
ENSG00000157570,TSPAN18,tetraspanin 18,90139.0,35,72,33,46,1.54178688190866,3.19249927141328,0.946980362934887,1.39547012336759,1.01921156107136,0.500944376074162,0.0179909356268993,0.778637941053786,0.004447256496607,0.252714248472305,0.760077968572761,0.0179909356268993
ENSG00000238103,RPL9P7,ribosomal protein L9 pseudogene 7,6126.0,35,72,42,43,15.986735013446,33.1029148591025,12.4971722002611,13.525913225004,1.01921156107136,0.0571709140497352,0.0179909356268993,1.0,0.004447256496607,1.0,0.5381912375605475,0.0179909356268993
ENSG00000171428,NAT1,N-acetyltransferase 1,9.0,110,60,217,160,9.2454105679646,5.07606033689706,11.8813005584124,9.26104317141106,-0.89191432443021,-0.415951392691052,0.0183333319385754,0.578875314305279,0.0045452554478234,0.106519470093341,-0.653932858560631,0.0183333319385754
ENSG00000229808,,,,194,116,134,85,37.679669537347,22.6780314406201,16.954339886264,11.3692205209148,-0.7601305976015,-0.632559697923327,0.0183576229031782,0.321688368759111,0.0045566290342679,0.0308603598810392,-0.6963451477624135,0.0183576229031782
ENSG00000175567,UCP2,uncoupling protein 2,7351.0,316,415,339,587,26.4004035974626,34.8990486990871,18.4498956166399,33.7728720056387,0.374217772346262,0.815235493995885,0.218055571373733,0.0183670779363834,0.109729291440312,0.0003466749151379,0.5947266331710735,0.0183670779363834
ENSG00000255441,SIGLEC10-AS1,SIGLEC10 antisense RNA 1,,0,9,5,1,0.0,2.38802122117904,0.858606950503605,0.181534876096316,6.18056460327827,-2.16582058373543,0.0186385348307731,0.757841540271721,0.0046426550103179,0.225711524080905,2.0073720097714203,0.0186385348307731
ENSG00000266783,,,,9,0,8,4,2.27293359036329,0.0,1.31614869057178,0.695681794001136,-6.19914600645807,-0.955116322265257,0.0186385348307731,0.883304914142995,0.0046426550103179,0.401742163618017,-3.5771311643616635,0.0186385348307731
ENSG00000236529,LOC84214,Putative uncharacterized protein FLJ92257,84214.0,9,0,3,3,1.01806461839927,0.0,0.221067459928981,0.233700961328093,-6.19914600645807,0.022456099493914,0.0186385348307731,1.0,0.0046426550103179,1.0,-3.0883449534820784,0.0186385348307731
ENSG00000204228,HSD17B8,hydroxysteroid 17-beta dehydrogenase 8,7923.0,0,9,9,5,0.0,2.07250546397662,1.34129531386962,0.787748490832461,6.18056460327827,-0.809326297514602,0.0186385348307731,0.900489978071345,0.0046426550103179,0.439814204606746,2.6856191528818343,0.0186385348307731
ENSG00000266750,MIR4645,microRNA 4645,100616285.0,0,9,7,3,0.0,31.1683289257783,15.6890906410204,7.10815131727784,6.18056460327827,-1.16631514769553,0.0186385348307731,0.856586723804079,0.0046426550103179,0.355755161158507,2.5071247277913704,0.0186385348307731
ENSG00000278771,RN7SL3,RNA component of signal recognition particle 7SL3,378707.0,9,0,12,10,7.9742720277294,0.0,6.92628750707256,6.10175754103003,-6.19914600645807,-0.236936056235166,0.0186385348307731,1.0,0.0046426550103179,0.840382698167032,-3.218041031346618,0.0186385348307731
ENSG00000267123,SCAT1,S-phase cancer associated transcript 1,101928710.0,9,0,5,6,0.521046183630046,0.0,0.188570800973803,0.239216630869927,-6.19914600645807,0.280025651867243,0.0186385348307731,1.0,0.0046426550103179,1.0,-2.9595601772954137,0.0186385348307731
ENSG00000159674,SPON2,spondin 2,10417.0,15,39,16,31,0.663967512194678,1.73764952685626,0.461366742325746,0.944982299879822,1.35242407947964,0.972028793655324,0.0188540740639014,0.466823243296285,0.0047045874941552,0.0643659507591147,1.1622264365674821,0.0188540740639014
ENSG00000218713,,,,24,54,21,19,3.02769185560773,6.85703236367123,1.72579997051225,1.65067069479008,1.14699726412936,-0.120245491757819,0.0189057024904144,1.0,0.0047257367396969,0.885576584345171,0.5133758861857705,0.0189057024904144
ENSG00000129197,RPAIN,RPA interacting protein,84268.0,46,90,44,58,1.64016954492882,3.23009599903759,1.02200805790766,1.42418141691175,0.947577560858341,0.420895997943546,0.0189120755042843,0.811415249722691,0.0047287079911965,0.294788058813388,0.6842367794009435,0.0189120755042843
ENSG00000136830,NIBAN2,niban apoptosis regulator 2,64855.0,11,32,10,24,0.631178993073954,1.84821222229725,0.37379249956947,0.948369333212725,1.51119413753161,1.27579379991685,0.0189623121499303,0.356732052405063,0.0047440327656836,0.0370978457063129,1.39349396872423,0.0189623121499303
ENSG00000227615,,,,18,44,32,34,11.9514152195042,29.4063766083367,13.8410022697724,15.5464829980229,1.26486745717662,0.110435991461227,0.0192229514557302,1.0,0.0048176453910695,0.915186968619822,0.6876517243189235,0.0192229514557302
ENSG00000140403,DNAJA4,DnaJ heat shock protein family (Hsp40) member A4,55466.0,18,44,20,17,0.723503970957697,1.78017664492889,0.523683802309891,0.470569467168194,1.26486745717662,-0.209651059930865,0.0192229514557302,1.0,0.0048176453910695,0.763300372401604,0.5276081986228776,0.0192229514557302
ENSG00000143224,PPOX,protoporphyrinogen oxidase,5498.0,18,44,32,54,1.00923061853591,2.4832051358151,1.16879574722522,2.08505771973483,1.26486745717662,0.775917896078161,0.0192229514557302,0.439598012300252,0.0048176453910695,0.0570010031770551,1.0203926766273905,0.0192229514557302
ENSG00000150782,IL18,interleukin 18,3606.0,62,29,94,94,6.30526998720612,2.96860219625775,6.22745478802883,6.58333963332783,-1.11169599144963,0.0233606849293326,0.0192610695048774,1.0,0.004834216832444,0.958301568599053,-0.5441676532601487,0.0192610695048774
ENSG00000131187,F12,coagulation factor XII,2161.0,47,61,52,113,4.49670738757198,5.87446896049038,3.24093891176009,7.4452900700174,0.356474715942943,1.14122118734781,0.469790007936006,0.0193373629279567,0.313432992468601,0.0003663980732596,0.7488479516453765,0.0193373629279567
ENSG00000100099,HPS4,HPS4 biogenesis of lysosomal organelles complex 3 subunit 2,89781.0,100,174,118,137,2.45708623043662,4.30339939969474,1.88874417102991,2.31818117374525,0.779500157621326,0.238546002524361,0.0195046585743119,0.88448460063668,0.0049096712694071,0.406535984799369,0.5090230800728435,0.0195046585743119
ENSG00000081087,OSTM1,osteoclastogenesis associated transmembrane protein 1,28962.0,587,383,1284,946,29.2037226166483,19.1796596421519,41.6136556269995,32.4113901879908,-0.634686915456873,-0.41729387256546,0.0196942319375064,0.419260891084677,0.0049615915907272,0.0515206936463904,-0.5259903940111665,0.0196942319375064
ENSG00000169251,NMD3,NMD3 ribosome export adaptor,51068.0,36,73,75,82,1.95876552580907,3.9980186872002,2.65834869148528,3.07255887021923,0.998576353411527,0.151882866807823,0.0197864398734841,0.983834656360082,0.004986263597326,0.633142333603833,0.575229610109675,0.0197864398734841
ENSG00000144560,VGLL4,vestigial like family member 4,9686.0,100,54,46,42,3.6652329463984,1.99222024954477,1.09832316883734,1.06012550083363,-0.90624117821964,-0.107546876500524,0.0200514684804821,1.0,0.0050612097900651,0.790221105570955,-0.506894027360082,0.0200514684804821
ENSG00000151366,NDUFC2,NADH:ubiquinone oxidoreductase subunit C2,4718.0,10,30,41,36,1.15083856370841,3.47518292395733,3.07375320551703,2.85314153656157,1.55435523988791,-0.163702360634806,0.0201450578299197,1.0,0.0051001261405874,0.699008503360467,0.6953264396265519,0.0201450578299197
ENSG00000123106,CCDC91,coiled-coil domain containing 91,55297.0,10,30,29,20,0.351589963325384,1.06169490258126,0.664209676773127,0.484253617722091,1.55435523988791,-0.510000357885251,0.0201450578299197,0.821803119909521,0.0051001261405874,0.305675785163839,0.5221774410013295,0.0201450578299197
ENSG00000105185,PDCD5,programmed cell death 5,9141.0,10,30,23,37,1.24260336475458,3.75228475185261,1.86179171302916,3.16621687037595,1.55435523988791,0.706226811376279,0.0201450578299197,0.641416546865115,0.0051001261405874,0.13995052771565,1.1302910256320944,0.0201450578299197
ENSG00000165526,RPUSD4,RNA pseudouridine synthase D4,84881.0,10,30,10,18,0.649162061665466,1.96027225948291,0.422886540189229,0.804696375540888,1.55435523988791,0.86322579130361,0.0201450578299197,0.743518561420977,0.0051001261405874,0.214445823461829,1.20879051559576,0.0201450578299197
ENSG00000130669,PAK4,p21 (RAC1) activated kinase 4,10298.0,14,37,35,36,0.521282153635906,1.38671928023022,0.848952901868286,0.923110585687242,1.37541576109735,0.0638090206162831,0.020215850378021,1.0,0.0051209951839382,1.0,0.7196123908568166,0.020215850378021
ENSG00000168824,NSG1,neuronal vesicle trafficking associated 1,27065.0,14,37,43,39,0.851646962828811,2.26555859445191,1.70400456330715,1.63381388486685,1.37541576109735,-0.117113222365422,0.020215850378021,1.0,0.0051209951839382,0.780638379618604,0.629151269365964,0.020215850378021
ENSG00000113360,DROSHA,drosha ribonuclease III,29102.0,20,47,26,33,0.681036085772948,1.61094233622382,0.576745491430827,0.773856576572536,1.20874785415644,0.365781072463741,0.0206598539583844,0.932843177738853,0.0052581799018589,0.493001311180047,0.7872644633100905,0.0206598539583844
ENSG00000274828,,,,47,20,52,55,6.00935461205927,2.57396109747419,4.33115822715428,4.84282831864087,-1.24625981809162,0.104068453407638,0.0206598539583844,1.0,0.0052581799018589,0.87620043566892,-0.571095682341991,0.0206598539583844
ENSG00000113583,C5orf15,chromosome 5 open reading frame 15,56951.0,262,163,544,427,30.1650742241666,18.8900331424716,40.801181397595,33.856136051105,-0.70310481912745,-0.325894132940478,0.0206598539583844,0.670358900138234,0.0052590635385976,0.151492708739882,-0.5144994760339641,0.0206598539583844
ENSG00000144895,EIF2A,eukaryotic translation initiation factor 2A,83939.0,62,114,89,100,2.78157973186655,5.14809655302441,2.6011210393834,3.08962828919217,0.858558804127232,0.191260910309738,0.0207802986102281,0.941636472443587,0.0052927520509216,0.531764803499461,0.5249098572184849,0.0207802986102281
ENSG00000148337,CIZ1,CDKN1A interacting zinc finger protein 1,25792.0,102,176,177,244,3.10956844779045,5.40075685464963,3.51515068792483,5.1226677003842,0.767442368501574,0.486229697640145,0.0212672514828613,0.438204220404974,0.0054338276999644,0.0559656822512655,0.6268360330708596,0.0212672514828613
ENSG00000249096,LINC02362,long intergenic non-protein coding RNA 2362,,251,156,122,95,13.1284664123958,8.21309569060983,4.15691207112525,3.42192345415514,-0.704531331225222,-0.337097699208044,0.0213497221700994,0.779902948102374,0.0054564550102418,0.259001438165174,-0.520814515216633,0.0213497221700994
ENSG00000125703,ATG4C,autophagy related 4C cysteine peptidase,84938.0,28,9,34,39,2.38056644616141,0.770205817485536,1.88309367770912,2.28345939300229,-1.64262521143922,0.220573247868289,0.0213547911240624,1.0,0.0054639754872892,0.689157190561197,-0.7110259817854655,0.0213547911240624
ENSG00000184162,NR2C2AP,nuclear receptor 2C2 associated protein,126382.0,9,28,15,21,1.3290453379549,4.16195448804522,1.44297656397345,2.13561513936051,1.605288063561,0.505242086729893,0.0213547911240624,0.903031083872557,0.0054639754872892,0.443644728641456,1.0552650751454467,0.0213547911240624
ENSG00000286887,,,,9,28,10,15,1.98361675232204,6.21176901127547,1.43577368595029,2.27673731876204,1.605288063561,0.602163939014152,0.0213547911240624,0.90933239592097,0.0054639754872892,0.451617860239135,1.103726001287576,0.0213547911240624
ENSG00000130684,ZNF337,zinc finger protein 337,26152.0,25,55,44,59,1.3641762995143,3.02089193273077,1.56406176524282,2.2171185330857,1.1148119038186,0.445505890696463,0.021388271863953,0.783131000876064,0.0054756594562065,0.262185090950637,0.7801588972575315,0.021388271863953
ENSG00000014914,MTMR11,myotubularin related protein 11,10903.0,9,12,2,19,0.521502042058419,0.699901232804004,0.0754943119209206,0.758182077659484,0.391474956279774,3.19255249289634,0.801440223164436,0.0214078859848078,0.679314329953765,0.0004134302423826,1.792013724588057,0.0214078859848078
ENSG00000100031,GGT1,gamma-glutamyltransferase 1,2678.0,19,28,12,41,1.15052290513094,1.70663916606928,0.473362277626216,1.70974733018256,0.537657305663487,1.78526656276085,0.447526875618253,0.0216930008296461,0.293587885960637,0.0004292034003616,1.1614619342121686,0.0216930008296461
ENSG00000214439,FAM185BP,"family with sequence similarity 185 member B, pseudogene",,35,13,25,13,7.22142235809866,2.6998526527089,3.36020243479798,1.8471597789707,-1.43889704723206,-0.913584001647379,0.0217431922626086,0.564028795458772,0.0055760307223524,0.100087117562822,-1.1762405244397194,0.0217431922626086
ENSG00000180815,MAP3K15,mitogen-activated protein kinase kinase kinase 15,389840.0,35,13,12,15,1.66379083219068,0.622036749700024,0.371605950944679,0.491052979930373,-1.43889704723206,0.34212491448954,0.0217431922626086,1.0,0.0055760307223524,0.718866525298678,-0.54838606637126,0.0217431922626086
ENSG00000018189,RUFY3,RUN and FYVE domain containing 3,22902.0,22,50,15,20,0.6197030113817,1.41766278414846,0.275247204228428,0.387969272677933,1.16109011103692,0.435276089643361,0.0219708805398873,0.941636472443587,0.0056488315511385,0.533660763088406,0.7981831003401405,0.0219708805398873
ENSG00000280135,,,,91,159,119,162,8.25616315077965,14.5203139664499,7.03322590722456,10.1218127319319,0.78542254590489,0.468000819493237,0.0220324511674421,0.533583548217913,0.0056694785798162,0.089708296584953,0.6267116826990635,0.0220324511674421
ENSG00000136068,FLNB,filamin B,2317.0,48,92,55,69,0.911432468001181,1.75838145156579,0.680325389751817,0.902274654737604,0.918003946668242,0.349844903677927,0.0220507375957196,0.838379951882814,0.0056790050038823,0.325980768225691,0.6339244251730844,0.0220507375957196
ENSG00000116299,ELAPOR1,endosome-lysosome associated apoptosis and autophagy regulator 1,57535.0,1495,1006,3185,2243,43.0780879771249,29.1779795428014,59.785435132494,44.5093148487555,-0.590294067434638,-0.482449335766964,0.022054952204582,0.2669917966619,0.0056816977148518,0.0208192116621654,-0.5363717016008009,0.022054952204582
ENSG00000276023,DUSP14,dual specificity phosphatase 14,11072.0,2,14,6,2,0.217239063030485,1.53065730864148,0.424551038256395,0.149604387434849,2.71451420432227,-1.50478206185651,0.022094862535437,0.811415249722691,0.0057205896543983,0.29873705302427,0.60486607123288,0.022094862535437
ENSG00000116157,GPX7,glutathione peroxidase 7,2882.0,2,14,10,10,0.313147798304582,2.2064262268183,1.01997634191031,1.07826566475649,2.71451420432227,0.0231029682894456,0.022094862535437,1.0,0.0057205896543983,1.0,1.3688085863058579,0.022094862535437
ENSG00000134242,PTPN22,protein tyrosine phosphatase non-receptor type 22,26191.0,99,171,119,171,5.8321949520129,10.139930001871,4.56682669537374,6.93744187937124,0.768908960165877,0.545945260757694,0.022094862535437,0.39348152460594,0.0056999387487897,0.0458785589438137,0.6574271104617855,0.022094862535437
ENSG00000160949,TONSL,"tonsoku like, DNA repair protein",4796.0,2,14,1,11,0.0745527050416988,0.525295226646484,0.0242831007529512,0.282379070669027,2.71451420432227,3.32776983286415,0.022094862535437,0.1493413951139,0.0057205896543983,0.0078802546451367,3.02114201859321,0.022094862535437
ENSG00000213178,RPL22P1,ribosomal protein L22 pseudogene 1,,2,14,11,21,1.29230749934476,9.10554433116234,4.63019504283773,9.3446184390555,2.71451420432227,0.948337142345869,0.022094862535437,0.637090041047033,0.0057205896543983,0.137985104357366,1.8314256733340695,0.022094862535437
ENSG00000188732,FAM221A,family with sequence similarity 221 member A,340277.0,2,14,3,2,0.0710439896394949,0.500572965376315,0.0694207550487629,0.0489253286341641,2.71451420432227,-0.53415749006751,0.022094862535437,1.0,0.0057205896543983,1.0,1.09017835712738,0.022094862535437
ENSG00000126870,DYNC2I1,dynein 2 intermediate chain 1,55112.0,2,14,11,8,0.0792352437163681,0.558288197364522,0.283891127196571,0.218265351250842,2.71451420432227,-0.430285218216424,0.022094862535437,0.994297199514418,0.0057205896543983,0.662502499282927,1.142114493052923,0.022094862535437
ENSG00000211752,TRBV27,T cell receptor beta variable 27,28560.0,2,14,5,8,1.36911130421538,9.64670071260093,2.22971572417603,3.77142223207851,2.71451420432227,0.687742382804204,0.022094862535437,0.969579482810528,0.0057205896543983,0.593113130711805,1.701128293563237,0.022094862535437
ENSG00000005436,GCFC2,GC-rich sequence DNA-binding factor 2,6936.0,2,14,2,9,0.0970058723418809,0.683499299849242,0.0631929685284601,0.300619361825555,2.71451420432227,2.12490543021281,0.022094862535437,0.486469701570282,0.0057205896543983,0.0727116570412949,2.41970981726754,0.022094862535437
ENSG00000183963,SMTN,smoothelin,6525.0,2,14,1,7,0.0517326766970663,0.364506265941863,0.0168502242776044,0.124692233288185,2.71451420432227,2.68485263261098,0.022094862535437,0.493857330581389,0.0057205896543983,0.0757930705803511,2.699683418466625,0.022094862535437
ENSG00000188070,ZFTA,zinc finger translocation associated,65998.0,2,14,1,6,0.0890797032164346,0.627651845288594,0.0290147943932792,0.184037542511901,2.71451420432227,2.46663895760552,0.022094862535437,0.628161311574139,0.0057205896543983,0.131529066191331,2.590576580963895,0.022094862535437
ENSG00000149476,TKFC,triokinase and FMN cyclase,26007.0,27,58,33,51,0.87916937178875,1.90098542803624,0.699992613408359,1.14362955682359,1.08075986507752,0.649427502819063,0.0222095829266343,0.605823827131207,0.0057539037534021,0.118541443603852,0.8650936839482916,0.0222095829266343
ENSG00000169627,BOLA2B,bolA family member 2B,654483.0,1,1,16,1,0.19379885688784,0.195071228747861,2.01995607375245,0.133461997422676,-0.0167462289398738,-3.81930126461511,1.0,0.0222373921321746,1.0,0.0004479753237408,-1.9180237467774919,0.0222373921321746
ENSG00000170476,MZB1,marginal zone B and B1 cell specific protein,51237.0,2,9,1,16,0.231778685359297,1.04985184920601,0.0754943119209206,1.27693823605808,2.08420547376597,3.86330440819114,0.159615373035467,0.0222373921321746,0.0727116570412949,0.0004479753237408,2.973754940978555,0.0222373921321746
ENSG00000260228,CDH13-AS2,CDH13 antisense RNA 2,102724163.0,26,8,66,49,1.36856725044856,0.423862300335109,2.26311937321296,1.77621398238885,-1.70364081328467,-0.405398529766633,0.0224036323423198,0.783131000876064,0.0058237688795404,0.261987492393018,-1.0545196715256515,0.0224036323423198
ENSG00000101335,MYL9,myosin light chain 9,10398.0,26,8,1,10,2.45299108671923,0.759721850992381,0.0614601129099802,0.649724182609679,-1.70364081328467,3.19187342463388,0.0224036323423198,0.213898175466172,0.0058237688795404,0.0139512364846396,0.7441163056746048,0.0224036323423198
ENSG00000173917,HOXB2,homeobox B2,3212.0,8,26,6,13,0.907270675909852,2.9679887038341,0.443270540371296,1.01530528946848,1.66634183796893,1.12257736505384,0.0224036323423198,0.711683165821761,0.0058237688795404,0.186746676621008,1.394459601511385,0.0224036323423198
ENSG00000006530,AGK,acylglycerol kinase,55750.0,8,26,11,10,0.198128849109602,0.648146359928622,0.177468446065576,0.170554875644384,1.66634183796893,-0.112767482125029,0.0224036323423198,1.0,0.0058237688795404,1.0,0.7767871779219505,0.0224036323423198
ENSG00000274712,,,,8,26,9,6,1.05704952564859,3.45796589134986,0.774673303471831,0.545962744568971,1.66634183796893,-0.552121876663912,0.0224036323423198,0.981135110992987,0.0058237688795404,0.620334435347283,0.557109980652509,0.0224036323423198
ENSG00000196526,AFAP1,actin filament associated protein 1,60312.0,8,26,186,189,0.21117818841425,0.690835154658875,3.19847344076602,3.43579534078466,1.66634183796893,0.046444397859188,0.0224036323423198,1.0,0.0058237688795404,0.855191697777601,0.856393117914059,0.0224036323423198
ENSG00000232063,,,,26,8,48,52,1.62299693013845,0.50266233684887,1.95189440585739,2.23539411517283,-1.70364081328467,0.13852226162259,0.0224036323423198,1.0,0.0058237688795404,0.806820722680751,-0.78255927583104,0.0224036323423198
ENSG00000285399,,,,69,34,66,33,3.23993080082093,1.60696926085485,2.0188372572458,1.06710460222161,-1.03716646645071,-0.973949857508458,0.022593517972448,0.14868019163138,0.0058830082870978,0.0078206499214606,-1.0055581619795841,0.022593517972448
ENSG00000267632,,,,72,36,37,34,10.9875914114797,5.52986480941228,3.67826030581527,3.57318359228752,-1.01629238200779,-0.0982524512697684,0.0231194727046876,1.0,0.0060435467564286,0.838754254704082,-0.5572724166387792,0.0231194727046876
ENSG00000124784,RIOK1,RIO kinase 1,83732.0,12,33,32,26,1.0813185198599,2.99314904763427,1.87842173661197,1.61343752122338,1.4312288905741,-0.274975136630438,0.0232057811450507,0.95460501357024,0.0060711816288246,0.563865223937516,0.578126876971831,0.0232057811450507
ENSG00000120896,SORBS3,sorbin and SH3 domain containing 3,10174.0,7,24,21,27,0.304159629581718,1.04967965766111,0.594420196502495,0.807929943066023,1.74094161967205,0.383940444103558,0.0234688703093939,0.937365369730268,0.0061605356984722,0.51759345623424,1.062441031887804,0.0234688703093939
ENSG00000108506,INTS2,integrator complex subunit 2,57508.0,7,24,27,25,0.214960155507098,0.741845006695238,0.54012517913331,0.528696390624777,1.74094161967205,-0.0872198764577569,0.0234688703093939,1.0,0.0061605356984722,0.90192613918756,0.8268608716071465,0.0234688703093939
ENSG00000232869,TRBV29-1,T cell receptor beta variable 29-1,28558.0,7,24,17,13,4.61308771532273,15.9201414745269,7.29815907928064,5.89988347313028,1.74094161967205,-0.360591574397502,0.0234688703093939,0.975677428434982,0.0061605356984722,0.610545661750914,0.690175022637274,0.0234688703093939
ENSG00000186918,ZNF395,zinc finger protein 395,55893.0,73,131,68,97,3.32978335531928,6.0145954597935,2.02056470376778,3.04699163158564,0.823691755150996,0.535013605687181,0.0237440955583841,0.512671660940578,0.006236242558841,0.0828943320385626,0.6793526804190886,0.0237440955583841
ENSG00000089154,GCN1,GCN1 activator of EIF2AK4,10985.0,111,188,183,217,3.04414670264908,5.1897024330523,3.26937261494556,4.09834714839184,0.740685542938249,0.269074121809755,0.0238508510886401,0.806196340527772,0.0062694956913514,0.285385338275571,0.504879832374002,0.0238508510886401
ENSG00000234636,MED14OS,MED14 opposite strand,,15,15,26,5,4.41538395609461,4.44437282830543,4.9856443592576,1.0135697248711,-0.0186837785823581,-2.32675662447267,1.0,0.0239205725560651,1.0,0.0004881037979666,-1.172720201527514,0.0239205725560651
ENSG00000198276,UCKL1,uridine-cytidine kinase 1 like 1,54963.0,26,56,18,34,2.16263703971981,4.68856913755298,0.975334363240829,1.9475813865655,1.08443907765018,0.936116300983081,0.0239369375258162,0.458026406015334,0.0062956134332218,0.0622084930693705,1.0102776893166305,0.0239369375258162
ENSG00000117155,SSX2IP,SSX family member 2 interacting protein,117178.0,15,38,46,41,0.459989068235346,1.17295636630818,0.918935046227148,0.865857688337622,1.31507145434661,-0.142208727860667,0.0239601016837,1.0,0.0063086902334359,0.720801859260454,0.5864313632429715,0.0239601016837
ENSG00000276517,,,,15,38,25,30,1.32285138498174,3.37322571522516,1.436251639907,1.8219961765326,1.31507145434661,0.28512267770468,0.0239601016837,0.983834656360082,0.0063086902334359,0.633544606962873,0.800097066025645,0.0239601016837
ENSG00000220749,RPL21P28,ribosomal protein L21 pseudogene 28,100131205.0,3,16,6,7,1.64548470413464,8.83353605625923,2.14385089504627,2.64409493444635,2.34898144282184,0.241128051815216,0.0241802675814551,1.0,0.0063930921720973,1.0,1.2950547473185279,0.0241802675814551
ENSG00000144485,HES6,hes family bHLH transcription factor 6,55502.0,3,16,3,4,0.406739566068081,2.18351991564647,0.264964171521839,0.373475026564581,2.34898144282184,0.42310747346144,0.0241802675814551,1.0,0.0063930921720973,1.0,1.38604445814164,0.0241802675814551
ENSG00000257511,LOC100420981,nucleosome assembly protein 1 like 1 pseudogene,100420981.0,3,16,11,13,0.790815036912468,4.24537105987384,1.88893529110793,2.35995338925211,2.34898144282184,0.261661039090698,0.0241802675814551,1.0,0.0063930921720973,0.847719367870117,1.305321240956269,0.0241802675814551
ENSG00000186648,CARMIL3,capping protein regulator and myosin 1 linker 3,90668.0,3,16,2,7,0.119388480110715,0.640919019854771,0.0518491804269865,0.191842850133331,2.34898144282184,1.76792590746505,0.0241802675814551,0.711683165821761,0.0063930921720973,0.189408753941195,2.058453675143445,0.0241802675814551
ENSG00000198574,SH2D1B,SH2 domain containing 1B,117157.0,3,16,12,25,0.284353886260118,1.52651088199399,0.740951686803111,1.63186538888012,2.34898144282184,1.0743518413052,0.0241802675814551,0.474604777671872,0.0063930921720973,0.0678931796290317,1.7116666420635198,0.0241802675814551
ENSG00000251301,LINC02384,long intergenic non-protein coding RNA 2384,,3,16,2,12,0.149196379218515,0.800938223235069,0.0647944422944338,0.410983781813699,2.34898144282184,2.53503335794254,0.0241802675814551,0.230381582012885,0.0063930921720973,0.0160840661396549,2.44200740038219,0.0241802675814551
ENSG00000279024,,,,3,16,8,17,0.3188002856386,1.71143117335468,0.553806649181627,1.24409280309088,2.34898144282184,1.09879072554905,0.0241802675814551,0.628161311574139,0.0063930921720973,0.129351005224601,1.723886084185445,0.0241802675814551
ENSG00000109943,CRTAM,cytotoxic and regulatory T cell molecule,56253.0,3,16,2,9,0.29666633523592,1.59260840431997,0.128839116872881,0.612908904177373,2.34898144282184,2.12490543021281,0.0241802675814551,0.486469701570282,0.0063930921720973,0.0727116570412949,2.2369434365173246,0.0241802675814551
ENSG00000250673,REELD1,reeler domain containing 1,345051.0,16,3,4,7,1.87556132648267,0.35397659694468,0.305451322214557,0.565087545724595,-2.38576078318293,0.811328073767168,0.0241802675814551,0.95460501357024,0.0063930921720973,0.559727541436877,-0.787216354707881,0.0241802675814551
ENSG00000180964,TCEAL8,transcription elongation factor A like 8,90843.0,6,22,18,16,1.31258317439642,4.84440308287627,2.56518575303224,2.41047135229461,1.83430169819091,-0.145461409341306,0.0243480103238771,1.0,0.0064445396805364,0.874444450581902,0.844420144424802,0.0243480103238771
ENSG00000178038,ALS2CL,ALS2 C-terminal like,259173.0,6,22,9,16,0.175465087117128,0.647595996618078,0.171456007667626,0.322229915843776,1.83430169819091,0.844543573921702,0.0243480103238771,0.778637941053786,0.0064445396805364,0.257411434826092,1.339422636056306,0.0243480103238771
ENSG00000139291,TMEM19,transmembrane protein 19,55266.0,6,22,8,16,0.244770283984302,0.903383451395621,0.212602398584816,0.449504282049394,1.83430169819091,1.01198060345767,0.0243480103238771,0.701195305259501,0.0064445396805364,0.175452759881138,1.42314115082429,0.0243480103238771
ENSG00000164332,UBLCP1,ubiquitin like domain containing CTD phosphatase 1,134510.0,374,251,727,417,40.2278586986452,27.1750932985301,50.9401777735446,30.8885682293239,-0.593946353361591,-0.778337384082957,0.0414951951428368,0.0243593442280901,0.0124800080421577,0.0005049589257658,-0.686141868722274,0.0243593442280901
ENSG00000126261,UBA2,ubiquitin like modifier activating enzyme 2,10054.0,44,85,83,91,2.42089587623879,4.70743539446681,2.97489922227448,3.44803158741197,0.929187656860567,0.155922592176858,0.0246082220365002,0.981135110992987,0.0065187936964493,0.618222225608262,0.5425551245187126,0.0246082220365002
ENSG00000179958,DCTPP1,dCTP pyrophosphatase 1,79077.0,11,31,20,16,1.89230740975483,5.36787887055071,2.24129866300292,1.89550701794076,1.46557269795464,-0.296461182022246,0.0248576715046402,0.988958611325617,0.0066066118625144,0.646180806147096,0.584555757966197,0.0248576715046402
ENSG00000089094,KDM2B,lysine demethylase 2B,84678.0,46,88,58,72,0.893959779843099,1.72141201096337,0.734275222195644,0.963605020123933,0.915201855403361,0.334686930145797,0.0248576715046402,0.850421363363804,0.0066040202580064,0.341779861503569,0.624944392774579,0.0248576715046402
ENSG00000162771,GARIN4,golgi associated RAB2 interactor family member 4,149647.0,11,31,7,6,1.26592242007925,3.59102235475591,0.524787132649249,0.475523589426928,1.46557269795464,-0.195232298590696,0.0248576715046402,1.0,0.0066066118625144,1.0,0.635170199681972,0.0248576715046402
ENSG00000075407,ZNF37A,zinc finger protein 37A,7587.0,46,88,30,44,0.923916582169911,1.77909693202825,0.392524633171853,0.608602897723966,0.915201855403361,0.573945124865965,0.0248576715046402,0.714544118294084,0.0066040202580064,0.196043899067538,0.744573490134663,0.0248576715046402
ENSG00000106459,NRF1,nuclear respiratory factor 1,4899.0,233,145,377,241,14.9859353498914,9.38724049678495,15.7957414149822,10.6745944804342,-0.702633968718262,-0.621879743736138,0.0248753265428915,0.163751190864112,0.0066149297882969,0.0090858647684623,-0.6622568562272,0.0248753265428915
ENSG00000205837,LINC00487,long intergenic non-protein coding RNA 487,400941.0,4,18,14,15,0.481240758157451,2.17980138717977,1.09723885500324,1.24279666537328,2.11702592823838,0.12187586527337,0.0249012849859219,1.0,0.0066472385150438,0.999999999999999,1.119450896755875,0.0249012849859219
ENSG00000166166,TRMT61A,tRNA methyltransferase 61A,115708.0,4,18,4,21,0.3294038388134,1.49204931755358,0.214585013430183,1.19095230339222,2.11702592823838,2.37945349026096,0.0249012849859219,0.0566128172169188,0.0066472385150438,0.0016952421799127,2.24823970924967,0.0249012849859219
ENSG00000152582,SPEF2,sperm flagellar 2,79925.0,4,18,6,12,0.0656562670051243,0.297392977358727,0.0641561327327972,0.135645018941857,2.11702592823838,1.0082355022927,0.0249012849859219,0.778637941053786,0.0066472385150438,0.258407483872789,1.56263071526554,0.0249012849859219
ENSG00000154678,PDE1C,phosphodiesterase 1C,5137.0,4,18,1,1,0.0749905986457226,0.33967324708583,0.0122128651228664,0.0129108025247186,2.11702592823838,0.0207927220028503,0.0249012849859219,1.0,0.0066472385150438,1.0,1.068909325120615,0.0249012849859219
ENSG00000146409,SLC18B1,solute carrier family 18 member B1,116843.0,4,18,11,14,0.372606241020642,1.68773651707801,0.667503504769153,0.898099756214898,2.11702592823838,0.367602370221128,0.0249012849859219,1.0,0.0066472385150438,0.707152630519456,1.242314149229754,0.0249012849859219
ENSG00000174306,ZHX3,zinc fingers and homeoboxes 3,23051.0,5,20,5,5,0.11398461292732,0.458931881418683,0.0742535053141832,0.0784969238778065,1.9548136693768,0.0228212310165532,0.0249012849859219,1.0,0.006629954508103,1.0,0.9888174501966766,0.0249012849859219
ENSG00000244165,P2RY11,purinergic receptor P2Y11,5032.0,4,18,1,9,0.49518324741248,2.24295451148124,0.0806448584351517,0.767281754341674,2.11702592823838,3.04183215535874,0.0249012849859219,0.288990599301593,0.0066472385150438,0.0246349493131224,2.57942904179856,0.0249012849859219
ENSG00000170464,DNAJC18,DnaJ heat shock protein family (Hsp40) member C18,202052.0,4,18,2,7,0.163079739837289,0.738676924372093,0.0531178815177669,0.196537065764479,2.11702592823838,1.76792590746505,0.0249012849859219,0.711683165821761,0.0066472385150438,0.189408753941195,1.942475917851715,0.0249012849859219
ENSG00000196628,TCF4,transcription factor 4,6925.0,5,20,21,14,0.0471074784604141,0.189667036308777,0.128887227073357,0.0908352255298969,1.9548136693768,-0.557481432820053,0.0249012849859219,0.856586723804079,0.006629954508103,0.349714953566376,0.6986661182783734,0.0249012849859219
ENSG00000233184,DPH5-DT,DPH5 divergent transcript,102606465.0,5,20,11,8,0.134233399556991,0.540458795497214,0.192377378147899,0.147906404926468,1.9548136693768,-0.430285218216424,0.0249012849859219,0.994297199514418,0.006629954508103,0.662502499282927,0.7622642255801879,0.0249012849859219
ENSG00000128928,IVD,isovaleryl-CoA dehydrogenase,3712.0,77,75,59,121,2.97492691806287,2.91668043275112,1.48493799416979,3.21941790982829,-0.056714032951826,1.05801143497839,0.962750896835985,0.0251595186101587,0.9032805260423,0.0005335534117152,0.500648701013282,0.0251595186101587
ENSG00000174799,CEP135,centrosomal protein 135,9662.0,191,117,217,169,5.85787220847931,3.61188900841677,4.33547804585734,3.56943633139371,-0.725290714661307,-0.337059543195844,0.0255315740705153,0.711683165821761,0.0068396783474139,0.189374667561414,-0.5311751289285755,0.0255315740705153
ENSG00000167785,ZNF558,zinc finger protein 558,148156.0,39,76,52,67,1.26462649415684,2.48058018324024,1.09842837780461,1.49616289864694,0.94148565860687,0.388216627041394,0.0255463156412501,0.802473156664851,0.0068473508911614,0.278879152895622,0.6648511428241319,0.0255463156412501
ENSG00000163958,ZDHHC19,zinc finger DHHC-type palmitoyltransferase 19,131540.0,39,76,23,33,4.25360167034228,8.34349118858491,1.63414571106553,2.47863489737931,0.94148565860687,0.541751484665965,0.0255463156412501,0.806721456397718,0.0068473508911614,0.287634894996131,0.7416185716364174,0.0255463156412501
ENSG00000271011,,,,54,25,45,27,27.5112384956664,12.8203062354964,14.9348074371252,9.47297858244912,-1.12594238067248,-0.71099834079016,0.0257092347217084,0.51998342349406,0.0069022606555002,0.0845039377927237,-0.91847036073132,0.0257092347217084
ENSG00000114013,CD86,CD86 molecule,942.0,14,36,9,31,1.07911624181538,2.79308853917362,0.451911543049468,1.64553944276425,1.33602320072472,1.79336194600385,0.025756152401389,0.0599230837995752,0.0069186108257921,0.0018476015360239,1.564692573364285,0.025756152401389
ENSG00000186020,ZNF529,zinc finger protein 529,57711.0,14,36,24,43,0.45357986096606,1.17400578563528,0.506532949642826,0.959401940871018,1.33602320072472,0.861292764859083,0.025756152401389,0.436717594801429,0.0069186108257921,0.0555683515903874,1.0986579827919014,0.025756152401389
ENSG00000078487,ZCWPW1,zinc finger CW-type and PWWP domain containing 1,55063.0,104,58,99,77,8.30379622846003,4.66136752335831,5.14931275107632,4.23389885072738,-0.859893688715576,-0.338692331809253,0.0257743948771649,0.811415249722691,0.0069253894411971,0.296177462260475,-0.5992930102624145,0.0257743948771649
ENSG00000107929,LARP4B,La ribonucleoprotein 4B,23185.0,1321,897,1767,1292,27.2642047647288,18.6347885337643,23.7573118408783,18.3636471810551,-0.577223325631808,-0.428268661343937,0.0263198634991311,0.386017738319454,0.0070968878404594,0.0431041078653224,-0.5027459934878725,0.0263198634991311
ENSG00000117118,SDHB,succinate dehydrogenase complex iron sulfur subunit B,6390.0,324,208,635,447,34.8639578011695,22.5287460996148,44.5119001330331,33.1242161101254,-0.657930213283415,-0.482976168322238,0.0263686688025029,0.325701161945401,0.0071138909712043,0.0316355924301163,-0.5704531908028265,0.0263686688025029
ENSG00000168497,CAVIN2,caveolae associated protein 2,8436.0,68,34,1,15,5.89874477435036,2.96873627038084,0.0565094947777421,0.896083253815314,-1.01614296584222,3.77093439535858,0.02654606616202,0.033024959705156,0.0071636848125608,0.0007946177883861,1.3773957147581801,0.02654606616202
ENSG00000204116,CHIC1,cysteine rich hydrophobic domain 1,53344.0,10,29,12,10,0.381788495987429,1.11445578919894,0.29845222144613,0.262923404635824,1.50565339026637,-0.236936056235166,0.0265930103938996,1.0,0.0071802290853664,0.840382698167032,0.6343586670156021,0.0265930103938996
ENSG00000286162,LOC124902114,uncharacterized LOC124902114,124902114.0,10,29,19,16,0.992221113729126,2.89633285440129,1.22809735729336,1.09328869199579,1.50565339026637,-0.222935944761774,0.0265930103938996,1.0,0.0071802290853664,0.755864209464809,0.641358722752298,0.0265930103938996
ENSG00000115998,C2orf42,chromosome 2 open reading frame 42,54980.0,57,27,85,63,4.15994852061806,1.98343911345862,4.04112940753556,3.16635831406013,-1.09327457749159,-0.408019995290722,0.0266030403656137,0.764897439230319,0.0071868146505851,0.23611983577668,-0.750647286391156,0.0266030403656137
ENSG00000146463,ZMYM4,zinc finger MYM-type containing 4,9202.0,47,89,46,69,1.57512748338859,3.00227082898811,1.00426057740118,1.59247767019596,0.900536275735036,0.606997568513339,0.0266656025796395,0.530241149117355,0.0072076023879815,0.0882966211237747,0.7537669221241875,0.0266656025796395
ENSG00000162104,ADCY9,adenylate cyclase 9,115.0,22,49,17,30,0.549166759827088,1.23117460804843,0.276440210107492,0.515714361095255,1.13201766500643,0.838115104954557,0.0267035932365491,0.594605619340707,0.0072237092329157,0.113782163751521,0.9850663849804935,0.0267035932365491
ENSG00000132704,FCRL2,Fc receptor like 2,79368.0,7,19,7,30,0.366639237160881,1.00169731598817,0.238841435223126,1.08210290911505,1.40588518440861,2.10313736900545,0.100946132069457,0.0268557970934203,0.0397031245284113,0.0005734403547859,1.75451127670703,0.0268557970934203
ENSG00000117394,SLC2A1,solute carrier family 2 member 1,6513.0,178,286,121,151,10.6785101112071,17.2702531099912,4.72875444818799,6.23841148595935,0.664926794528011,0.34261567926399,0.0274425284902529,0.753884736163744,0.0074496005411887,0.220803290674981,0.5037712368960005,0.0274425284902529
ENSG00000173221,GLRX,glutaredoxin,2745.0,1822,1430,4430,2655,77.4907327147637,61.2180428108213,122.737098561073,77.7628787150262,-0.36831868696807,-0.715176755008775,0.173601800673069,0.0274442506643151,0.0812596098034633,0.0005972240148287,-0.5417477209884225,0.0274442506643151
ENSG00000272839,,,,23,18,11,38,9.87557513680804,7.77945324889767,3.0767908712536,11.2363321201269,-0.370195966014669,1.80015399821664,0.715008206694409,0.0277303092219487,0.570099459950701,0.0006103012232202,0.7149790161009855,0.0277303092219487
ENSG00000277548,,,,34,13,36,42,22.1856730798843,8.53845026127644,15.3026598370544,18.8733672907032,-1.39722688558635,0.244995673453719,0.0278271280632291,0.983235107486698,0.0075945630809497,0.631629315879262,-0.5761156060663155,0.0278271280632291
ENSG00000256453,DND1,DND microRNA-mediated repression inhibitor 1,373863.0,34,13,41,38,5.64726223851599,2.17342370287037,4.43622562952991,4.34659367907105,-1.39722688558635,-0.0859604876492842,0.0278271280632291,1.0,0.0075945630809497,0.849197613476924,-0.7415936866178171,0.0278271280632291
ENSG00000256361,,,,13,34,8,8,7.95380943592101,20.9388465813928,3.18854498016119,3.37076305730804,1.35979636567433,0.0230318838090144,0.0278271280632291,1.0,0.0075945630809497,1.0,0.6914141247416722,0.0278271280632291
ENSG00000104490,NCALD,neurocalcin delta,83988.0,13,34,18,16,0.428198369483252,1.12725606984248,0.386229012423479,0.362934328935567,1.35979636567433,-0.145461409341306,0.0278271280632291,1.0,0.0075945630809497,0.874444450581902,0.607167478166512,0.0278271280632291
ENSG00000235297,FAUP1,FAU pseudogene 1,,24,52,45,43,15.35785723859,33.4938242133163,18.7586953316548,18.9493470301988,1.09267845753108,-0.0420770244450533,0.0278271280632291,1.0,0.0075832285874702,0.929349077005762,0.5253007165430134,0.0278271280632291
ENSG00000108387,SEPTIN4,septin 4,5414.0,24,52,90,84,0.627346117096817,1.36817397378519,1.53253080755897,1.51210401973863,1.09267845753108,-0.0760346053732979,0.0278271280632291,1.0,0.0075832285874702,0.868103091618762,0.508321926078891,0.0278271280632291
ENSG00000090470,PDCD7,programmed cell death 7,10081.0,13,34,20,19,1.06460571429793,2.80263387009059,1.06695515951298,1.07153275395956,1.35979636567433,-0.0502863721711115,0.0278271280632291,1.0,0.0075945630809497,1.0,0.6547549967516092,0.0278271280632291
ENSG00000100591,AHSA1,activator of HSP90 ATPase activity 1,10598.0,239,151,339,252,21.5069992970098,13.6773158371084,19.8724928669718,15.6166857065737,-0.680849388385312,-0.404296324161354,0.0278436866640792,0.543016741330094,0.0076011113717855,0.0926001439084988,-0.542572856273333,0.0278436866640792
ENSG00000148842,CNNM2,cyclin and CBS domain divalent metal cation transport mediator 2,54805.0,16,39,18,18,0.259664824666186,0.637088484331947,0.190298943085153,0.201174093885222,1.26005523329795,0.0232304301156015,0.0279706701751244,1.0,0.0076459687965961,1.0,0.6416428317067757,0.0279706701751244
ENSG00000171291,ZNF439,zinc finger protein 439,90594.0,63,31,118,117,3.20532962435906,1.58758084514079,3.91097362243989,4.09943891027182,-1.03892063804038,0.0111016092394854,0.0279706701751244,1.0,0.0076415815458367,1.0,-0.5139095144004473,0.0279706701751244
ENSG00000079134,THOC1,THO complex subunit 1,9984.0,16,39,23,19,0.523175586009729,1.28361298669893,0.489920998787727,0.427846020619497,1.26005523329795,-0.250741530983008,0.0279706701751244,1.0,0.0076459687965961,0.674635966273729,0.5046568511574709,0.0279706701751244
ENSG00000167272,POP5,"POP5 homolog, ribonuclease P/MRP subunit",51367.0,9,27,17,20,1.09522615355585,3.30725033617583,1.34766189704677,1.67609141457784,1.55305964814943,0.256118531771137,0.028438247841005,1.0,0.0077862190015053,0.763300372401604,0.9045890899602835,0.028438247841005
ENSG00000099385,BCL7C,BAF chromatin remodeling complex subunit BCL7C,9274.0,33,66,40,86,1.98782633766879,4.00175452480434,1.5696225288879,3.56754418849582,0.978489240591895,1.12526902521027,0.0285564018686223,0.0441866005631557,0.0078206499214606,0.0011817870869172,1.0518791329010826,0.0285564018686223
ENSG00000130164,LDLR,low density lipoprotein receptor,3949.0,38,66,37,84,1.30436323139359,2.28034677378719,0.827346448677806,1.98564061156401,0.775667695757247,1.20347856571146,0.0825488362291199,0.028560276973848,0.0306489181160501,0.0006389742771441,0.9895731307343535,0.028560276973848
ENSG00000146834,MEPCE,methylphosphate capping enzyme,56257.0,943,1417,895,1190,77.7778406711809,117.640279533788,48.088137409977,67.5923521380416,0.568608723389996,0.4343409293789,0.0285838895692749,0.386017738319454,0.0078659895248931,0.0433783150077055,0.501474826384448,0.0285838895692749
ENSG00000214223,HNRNPA1P10,heterogeneous nuclear ribonucleoprotein A1 pseudogene 10,,1,11,6,3,0.275387772729394,3.04915391546942,1.07638251799101,0.568947662609557,3.28812179180267,-0.948168472295082,0.0285838895692749,0.937365369730268,0.0078802546451367,0.517393651190423,1.169976659753794,0.0285838895692749
ENSG00000240137,ERICH6-AS1,ERICH6 antisense RNA 1,101928085.0,1,11,4,6,0.0465512277922468,0.515425420256823,0.121300296644684,0.19234849813052,3.28812179180267,0.593114398761706,0.0285838895692749,1.0,0.0078802546451367,0.759851386238297,1.940618095282188,0.0285838895692749
ENSG00000269243,,,,1,11,2,6,0.0674619397417053,0.746953416521921,0.0878940652158006,0.278751032050111,3.28812179180267,1.54971223245959,0.0285838895692749,0.811415249722691,0.0078802546451367,0.29873705302427,2.41891701213113,0.0285838895692749
ENSG00000278112,,,,11,1,5,3,6.2401571970502,0.571011498283353,1.84775157442425,1.17200781890877,-3.32349581876775,-0.691057197237594,0.0285838895692749,1.0,0.0078802546451367,0.731885361772456,-2.007276508002672,0.0285838895692749
ENSG00000266066,POLRMTP1,RNA polymerase mitochondrial pseudogene 1,284167.0,1,11,3,0,0.0722254736547646,0.799696310436636,0.141150488318886,0.0,3.28812179180267,-4.63267547266493,0.0285838895692749,0.778637941053786,0.0078802546451367,0.253731343283582,-0.6722768404311301,0.0285838895692749
ENSG00000233154,LINC01762,long intergenic non-protein coding RNA 1762,101929023.0,11,1,6,7,1.65671029620378,0.151598845763687,0.588675373682403,0.726036300930975,-3.32349581876775,0.241128051815216,0.0285838895692749,1.0,0.0078802546451367,1.0,-1.541183883476267,0.0285838895692749
ENSG00000169583,CLIC3,chloride intracellular channel 3,9022.0,1,11,2,5,0.273398387374279,3.02712700379936,0.356202264295613,0.941396029292043,3.28812179180267,1.2925078116089,0.0285838895692749,0.913225093548511,0.0078802546451367,0.46116766880484,2.290314801705785,0.0285838895692749
ENSG00000230099,TRBV5-4,T cell receptor beta variable 5-4,28611.0,1,11,2,3,0.486990877510435,5.39206997551761,0.634485283276561,1.00611700630587,3.28812179180267,0.578629383354757,0.0285838895692749,1.0,0.0078802546451367,1.0,1.9333755875787135,0.0285838895692749
ENSG00000114473,IQCG,IQ motif containing G,84223.0,1,11,8,10,0.0354744292134007,0.392780673096088,0.184874126460873,0.244299076696301,3.28812179180267,0.34054961990041,0.0285838895692749,1.0,0.0078802546451367,0.822369736464699,1.81433570585154,0.0285838895692749
ENSG00000077348,EXOSC5,exosome component 5,56915.0,1,11,2,6,0.193657191056781,2.14421496102455,0.252309937209393,0.800186624898236,3.28812179180267,1.54971223245959,0.0285838895692749,0.811415249722691,0.0078802546451367,0.29873705302427,2.41891701213113,0.0285838895692749
ENSG00000167476,JSRP1,junctional sarcoplasmic reticulum protein 1,126306.0,1,11,5,1,0.135857967879834,1.50424926496491,0.442512812951858,0.0935602822957938,3.28812179180267,-2.16582058373543,0.0285838895692749,0.757841540271721,0.0078802546451367,0.225711524080905,0.56115060403362,0.0285838895692749
ENSG00000052126,PLEKHA5,pleckstrin homology domain containing A5,54477.0,1,11,4,7,0.0210959577453159,0.233579078410701,0.0549705357704171,0.101695959017167,3.28812179180267,0.811328073767168,0.0285838895692749,0.95460501357024,0.0078802546451367,0.559727541436877,2.049724932784919,0.0285838895692749
ENSG00000137266,SLC22A23,solute carrier family 22 member 23,63027.0,1,11,1,3,0.029773324046491,0.329656784297773,0.0193953694146128,0.0615113116914356,3.28812179180267,1.49555610850068,0.0285838895692749,0.981876444361395,0.0078802546451367,0.628703771781487,2.391838950151675,0.0285838895692749
ENSG00000226360,RPL10AP6,ribosomal protein L10a pseudogene 6,100128936.0,1,11,3,6,0.406323676941222,4.49890501024783,0.794079741033242,1.67891917616685,3.28812179180267,0.993538948598751,0.0285838895692749,0.937365369730268,0.0078802546451367,0.517393651190423,2.1408303702007103,0.0285838895692749
ENSG00000287188,,,,1,11,2,2,0.100084260432821,1.10815491752232,0.130396673253664,0.137848545883489,3.28812179180267,0.0220157937933331,0.0285838895692749,1.0,0.0078802546451367,1.0,1.6550687927980015,0.0285838895692749
ENSG00000137124,ALDH1B1,aldehyde dehydrogenase 1 family member B1,219.0,1,11,4,1,0.0849929539190493,0.941060656619051,0.221469357781488,0.0585314566816804,3.28812179180267,-1.85273183684096,0.0285838895692749,0.87004413345428,0.0078802546451367,0.381172952969145,0.717694977480855,0.0285838895692749
ENSG00000197057,DTHD1,death domain containing 1,401124.0,1,11,3,2,0.0471561120266423,0.522122831377996,0.0921573497959547,0.0649492881725874,3.28812179180267,-0.53415749006751,0.0285838895692749,1.0,0.0078802546451367,1.0,1.37698215086758,0.0285838895692749
ENSG00000187164,SHTN1,shootin 1,57698.0,1,11,5,14,0.0321041005048081,0.355463653257584,0.104568587646161,0.309524443368295,3.28812179180267,1.48562997124176,0.0285838895692749,0.493857330581389,0.0078802546451367,0.0760832529404647,2.386875881522215,0.0285838895692749
ENSG00000124145,SDC4,syndecan 4,6385.0,1,11,3,2,0.101386543193906,1.12257407833203,0.198140065500832,0.139642212381782,3.28812179180267,-0.53415749006751,0.0285838895692749,1.0,0.0078802546451367,1.0,1.37698215086758,0.0285838895692749
ENSG00000159593,NAE1,NEDD8 activating enzyme E1 subunit 1,8883.0,21,47,24,54,1.16145799262614,2.61652012021322,0.864701446603213,2.0567636170662,1.13878252632402,1.18907031774279,0.0288047351758953,0.109041235528829,0.0079558334292845,0.0047257367396969,1.1639264220334051,0.0288047351758953
ENSG00000051825,MPHOSPH9,M-phase phosphoprotein 9,10198.0,21,47,17,18,0.539924668544178,1.21633650774663,0.284730196998332,0.318707871562729,1.13878252632402,0.105102727400936,0.0288047351758953,1.0,0.0079558334292845,0.999999999999999,0.621942626862478,0.0288047351758953
ENSG00000172292,CERS6,ceramide synthase 6,253782.0,66,117,71,86,2.41471073969544,4.30872769710041,1.69219441936707,2.1668359813568,0.805969710485766,0.299429549970826,0.0289464964850797,0.847579921487032,0.0080034257152304,0.339257444604948,0.552699630228296,0.0289464964850797
ENSG00000082898,XPO1,exportin 1,7514.0,641,430,1342,940,14.4143677914777,9.73302936680078,19.6589725866007,14.5569983403947,-0.594684579749161,-0.490205442937741,0.0292321034419627,0.274511693279743,0.0080951751260354,0.0220720526067245,-0.542445011343451,0.0292321034419627
ENSG00000266472,MRPS21,mitochondrial ribosomal protein S21,54460.0,37,72,70,77,5.97327994060331,11.6999942829247,7.36173052625577,8.56068030878333,0.939316954566774,0.160621664129621,0.0292453063031514,0.981135110992987,0.0081009626336014,0.616835806880651,0.5499693093481975,0.0292453063031514
ENSG00000182749,PAQR7,progestin and adipoQ receptor family member 7,164091.0,52,49,103,47,4.17834332514868,3.96313500613223,5.39148914051445,2.60078855699409,-0.104310988281284,-1.10648304650706,0.940886845173419,0.0293300206370612,0.871359133396284,0.0006604705128153,-0.6053970173941721,0.0293300206370612
ENSG00000105855,ITGB8,integrin subunit beta 8,3696.0,8,2,0,12,0.139837971689457,0.035189016851191,0.0,0.144451742261914,-1.95304553409084,6.61153554674663,0.229886631460456,0.0294386279360223,0.118117436562347,0.0006672069150344,2.329245006327895,0.0294386279360223
ENSG00000135678,CPM,carboxypeptidase M,1368.0,4,7,0,12,0.140635985330154,0.247728810602293,0.0,0.290552170633255,0.770107137804576,6.61153554674663,0.706065574884797,0.0294386279360223,0.559727541436877,0.0006672069150344,3.690821342275603,0.0294386279360223
ENSG00000108960,MMD,monocyte to macrophage differentiation associated,23531.0,18,42,11,23,1.49345902680306,3.50761651341362,0.594544305531935,1.31418060161802,1.19794913197981,1.07884515213832,0.0297752542963031,0.501172887327081,0.0082629477015247,0.079036447177948,1.1383971420590648,0.0297752542963031
ENSG00000251441,RTEL1P1,regulator of telomere elongation helicase 1 pseudogene 1,100421429.0,78,41,37,31,4.30679385463168,2.27869052889357,1.33085866838168,1.17876595764501,-0.944564378147205,-0.231011789512008,0.0298929600939205,0.972864347642424,0.0082977907737752,0.601003576371143,-0.5877880838296065,0.0298929600939205
ENSG00000088808,PPP1R13B,protein phosphatase 1 regulatory subunit 13B,23368.0,12,32,19,23,0.332087793626671,0.891381576344555,0.34252793732093,0.438334760364186,1.38700599676983,0.297245705944319,0.0300288648121988,1.0,0.0083420807946437,0.674635966273729,0.8421258513570745,0.0300288648121988
ENSG00000173848,NET1,neuroepithelial cell transforming 1,10276.0,12,32,13,18,0.667592702307459,1.79193528566704,0.471133969270458,0.689619048421328,1.38700599676983,0.488863277105108,0.0300288648121988,0.932996297218498,0.0083420807946437,0.504731259469492,0.937934636937469,0.0300288648121988
ENSG00000225339,,,,12,32,11,25,0.379093304124508,1.0175525674155,0.226374906697289,0.543890264955873,1.38700599676983,1.19852041541534,0.0300288648121988,0.386308795120376,0.0083420807946437,0.043957483978934,1.292763206092585,0.0300288648121988
ENSG00000115355,CCDC88A,coiled-coil domain containing 88A,55704.0,23,50,13,28,0.179518881014983,0.392820649487841,0.066099226965586,0.150503547620952,1.09731189919737,1.12276405853633,0.0300397568742058,0.386768759350894,0.0083494849670763,0.0444492705085996,1.11003797886685,0.0300397568742058
ENSG00000229320,KRT8P12,keratin 8 pseudogene 12,90133.0,137,82,125,70,17.7305599018553,10.6821271691562,10.5385928829522,6.23887568801947,-0.758414800643016,-0.812010081080775,0.0300972210819369,0.146172667059481,0.0083679384324065,0.0074993118794544,-0.7852124408618955,0.0300972210819369
ENSG00000146376,ARHGAP18,Rho GTPase activating protein 18,93663.0,61,30,123,111,3.51923024375137,1.74213220621728,4.62267849244351,4.41008778373793,-1.03958244514563,-0.124573586186804,0.0300972210819369,1.0,0.0083698437289514,0.689951376087916,-0.582078015666217,0.0300972210819369
ENSG00000203326,ZNF525,zinc finger protein 525,170958.0,8,25,15,11,0.294645391203311,0.926812073190344,0.359891555090834,0.279002927185427,1.6100361908356,-0.419966129510737,0.0301960678658259,0.965239017950147,0.0084127362958061,0.581088810514498,0.5950350306624315,0.0301960678658259
ENSG00000233476,EEF1A1P6,eukaryotic translation elongation factor 1 alpha 1 pseudogene 6,,15,37,24,26,2.87127569399216,7.12897953673269,2.99271671187095,3.42738895404389,1.27672597456987,0.138177285034186,0.0302357962308934,1.0,0.0084326185815208,0.899603134798121,0.707451629802028,0.0302357962308934
ENSG00000138768,USO1,USO1 vesicle transport factor,8615.0,312,202,613,454,18.0156904224261,11.7405838446081,23.0583125964256,18.0533822834495,-0.645706019241906,-0.409705625404884,0.0305230016761566,0.476784865911571,0.0085305138775732,0.0688845706709356,-0.527705822323395,0.0305230016761566
ENSG00000153823,PID1,phosphotyrosine interaction domain containing 1,55022.0,5,7,2,18,0.39376194614399,0.554886024937063,0.102604041053047,0.976208652967409,0.45689354649571,3.11506952250211,0.880059692821893,0.0305349054244226,0.78090707038328,0.0007009543221609,1.78598153449891,0.0305349054244226
ENSG00000137101,CD72,CD72 molecule,971.0,5,12,2,18,0.391203540114703,0.94505269828113,0.101937387508107,0.96986589148918,1.22384823382747,3.11506952250211,0.287422030603123,0.0305349054244226,0.160155559464687,0.0007009543221609,2.1694588781647903,0.0305349054244226
ENSG00000185187,SIGIRR,single Ig and TIR domain containing,59307.0,186,266,193,336,14.0948755577849,20.2895281292204,9.52744262897206,17.5345243021179,0.49700347192426,0.822842746673091,0.11324844437456,0.0306002627408735,0.0464482032458844,0.0007046846688613,0.6599231092986755,0.0306002627408735
ENSG00000243753,HLA-L,"major histocompatibility complex, class I, L (pseudogene)",,423,280,22,9,20.3564840700602,13.5632086313408,0.689692994573468,0.298271199689588,-0.613845673409796,-1.25461554048635,0.030892152593209,0.384277820253182,0.0086494425202673,0.0425388433875954,-0.934230606948073,0.030892152593209
ENSG00000141456,PELP1,"proline, glutamate and leucine rich protein 1",27043.0,34,67,42,54,1.36952763728645,2.71649365512967,1.10207691594214,1.49793184213883,0.957233708067745,0.384948466933437,0.0310677144538535,0.856586723804079,0.0087076541167118,0.356228237373659,0.671091087500591,0.0310677144538535
ENSG00000112167,SAYSD1,SAYSVFN motif domain containing 1,55776.0,20,45,48,47,1.81267901037069,4.10530504154111,2.83401979420417,2.93356136586025,1.14618327515414,-0.0069635744282538,0.0313149320217537,1.0,0.008781508411289,1.0,0.5696098503629431,0.0313149320217537
ENSG00000226049,TLK2P1,tousled like kinase 2 pseudogene 1,646202.0,34,37,58,22,2.82186192682738,3.09101117758084,3.13585207674531,1.25743612484009,0.102788725316591,-1.37018083702455,0.920014858756948,0.031351435710732,0.838754254704082,0.0007307582288236,-0.6336960558539795,0.031351435710732
ENSG00000104613,INTS10,integrator complex subunit 10,55174.0,239,212,254,137,9.56733241619775,8.5422215738962,6.62365053656861,3.77676479530392,-0.191679308578051,-0.866671354824431,0.608300000319224,0.031351435710732,0.450218248305061,0.000731122243655,-0.529175331701241,0.031351435710732
ENSG00000272977,,,,8,0,11,12,0.564566941642358,0.0,0.505695249750525,0.583194087832066,-6.03167337778615,0.147319176329563,0.0317777837892916,1.0,0.0089414096495011,1.0,-2.9421771007282937,0.0317777837892916
ENSG00000223387,LINC02068,long intergenic non-protein coding RNA 2068,105374219.0,0,8,13,6,0.0,0.581755919712737,0.611818915098423,0.298515217578617,6.01312373723137,-1.07649401293741,0.0317777837892916,0.711683165821761,0.0089414096495011,0.186746676621008,2.46831486214698,0.0317777837892916
ENSG00000174697,LEP,leptin,3952.0,8,0,35,53,0.618437204238521,0.0,1.76256197747092,2.82155097031523,-6.03167337778615,0.62021531961138,0.0317777837892916,0.628161311574139,0.0089414096495011,0.130051236162872,-2.705729029087385,0.0317777837892916
ENSG00000213500,LAP3P2,leucine aminopeptidase 3 pseudogene 2,389386.0,0,8,13,6,0.0,1.46719323080234,1.5430123532778,0.752857842407694,6.01312373723137,-1.07649401293741,0.0317777837892916,0.711683165821761,0.0089414096495011,0.186746676621008,2.46831486214698,0.0317777837892916
ENSG00000050344,NFE2L3,NFE2 like bZIP transcription factor 3,9603.0,7,23,5,7,0.430969384513069,1.42533918267755,0.200534507379996,0.296792436285751,1.67986815338725,0.498239326872704,0.0319811383565574,1.0,0.0090382491288973,0.78090707038328,1.089053740129977,0.0319811383565574
ENSG00000135414,GDF11,growth differentiation factor 11,10220.0,7,23,7,14,0.210710289917025,0.696879275430234,0.137263944933368,0.290216532970705,1.67986815338725,1.01037202078382,0.0319811383565574,0.739859120739486,0.0090382491288973,0.211789173493745,1.3451200870855349,0.0319811383565574
ENSG00000272196,,,,7,23,13,18,3.28805188219811,10.8745292607473,3.97790773345021,5.82263458968504,1.67986815338725,0.488863277105108,0.0319811383565574,0.932996297218498,0.0090382491288973,0.504731259469492,1.084365715246179,0.0319811383565574
ENSG00000005249,PRKAR2B,protein kinase cAMP-dependent type II regulatory subunit beta,5577.0,23,7,2,14,1.42966444378474,0.437971982141783,0.0809854514552907,0.599295097765174,-1.71711475644848,2.75531655183411,0.0319811383565574,0.123037509776887,0.0090382491288973,0.0057205896543983,0.519100897692815,0.0319811383565574
ENSG00000235912,,,,76,40,131,122,104.865368957247,55.5546603538179,117.749893821408,115.927037282132,-0.942663593618041,-0.0792155818795553,0.0319811383565574,1.0,0.0090213706012592,0.802343469075904,-0.5109395877487981,0.0319811383565574
ENSG00000103227,LMF1,lipase maturation factor 1,64788.0,7,23,12,21,0.225247329231111,0.744957427798068,0.251543782899878,0.465358139197468,1.67986815338725,0.824168568235731,0.0319811383565574,0.714544118294084,0.0090382491288973,0.195973801498279,1.2520183608114905,0.0319811383565574
ENSG00000229453,SPINK8,serine peptidase inhibitor Kazal type 8 (putative),646424.0,23,7,9,11,13.7234906743481,4.20413645920784,3.49824318347077,4.51997309739815,-1.71711475644848,0.309008998594712,0.0319811383565574,1.0,0.0090382491288973,0.832021791880543,-0.7040528789268841,0.0319811383565574
ENSG00000007402,CACNA2D2,calcium voltage-gated channel auxiliary subunit alpha2delta 2,9254.0,7,23,5,7,0.293334587402679,0.970141490519059,0.136491614244879,0.202008518402022,1.67986815338725,0.498239326872704,0.0319811383565574,1.0,0.0090382491288973,0.78090707038328,1.089053740129977,0.0319811383565574
ENSG00000029534,ANK1,ankyrin 1,286.0,7,23,10,20,0.171757086372116,0.568049875248818,0.159840693758659,0.337950450082056,1.67986815338725,1.01424159567381,0.0319811383565574,0.618137540501607,0.0090382491288973,0.123580196307781,1.34705487453053,0.0319811383565574
ENSG00000188856,RPSAP47,ribosomal protein SA pseudogene 47,389672.0,7,23,1,0,2.08835727653123,6.90679561155573,0.194346843526154,0.0,1.67986815338725,-3.15957546365816,0.0319811383565574,1.0,0.0090382491288973,0.999999999999998,-0.7398536551354551,0.0319811383565574
ENSG00000234028,EIF2AK3-DT,EIF2AK3 divergent transcript,101928403.0,7,23,3,2,0.432981849535311,1.4319949808689,0.120882556888553,0.0851938129707205,1.67986815338725,-0.53415749006751,0.0319811383565574,1.0,0.0090382491288973,1.0,0.5728553316598699,0.0319811383565574
ENSG00000123219,CENPK,centromere protein K,64105.0,7,23,8,13,0.430369287899684,1.42335449131155,0.320408441960965,0.550418462798416,1.67986815338725,0.714978141116137,0.0319811383565574,0.88448460063668,0.0090382491288973,0.407172820969574,1.1974231472516934,0.0319811383565574
ENSG00000155975,VPS37A,VPS37A subunit of ESCRT-I,137492.0,201,126,263,184,8.28915481172183,5.23030177179157,7.06546376470611,5.2256272241175,-0.692062436237128,-0.491684550052591,0.0320789878756922,0.418366234910825,0.009068240341773,0.0507979886296277,-0.5918734931448595,0.0320789878756922
ENSG00000174775,HRAS,"HRas proto-oncogene, GTPase",3265.0,11,30,14,18,1.55008160160768,4.25525058029243,1.28517019080699,1.74679037690551,1.4184613578418,0.382937717562827,0.0323573087679229,0.981876444361395,0.0091657818962918,0.623404369263777,0.9006995377023135,0.0323573087679229
ENSG00000261324,,,,84,46,103,72,4.09976697470833,2.25985059066378,3.27482308332279,2.42001909254411,-0.885785639394885,-0.492465497781324,0.0323787467327101,0.613918416724596,0.0091756264394843,0.121378856185237,-0.6891255685881045,0.0323787467327101
ENSG00000165416,SUGT1,"SGT1 homolog, MIS12 kinetochore complex assembly cochaperone",10910.0,22,48,43,42,0.385929467755588,0.847556200868735,0.491387887246898,0.507388896836546,1.10234729636758,-0.0105246269558792,0.0324686630910479,1.0,0.0092138882142938,1.0,0.5459113347058504,0.0324686630910479
ENSG00000180884,ZNF792,zinc finger protein 792,126375.0,22,48,23,27,1.32041386996939,2.89981734153141,0.899261425504795,1.11598297754272,1.10234729636758,0.253444404878369,0.0324686630910479,1.0,0.0092138882142938,0.704975216835422,0.6778958506229745,0.0324686630910479
ENSG00000100027,YPEL1,yippee like 1,29799.0,61,85,30,71,3.45231900861061,4.84219214363548,1.10604569782883,2.76723372865897,0.459013953625076,1.26271817150908,0.291896827329498,0.0324876710004505,0.163580287360043,0.000762354617559,0.8608660625670781,0.0324876710004505
ENSG00000038274,MAT2B,methionine adenosyltransferase 2B,27430.0,1555,1073,3769,2604,80.2249898935983,55.7212702407602,126.670693064472,92.5180918094609,-0.55405003388581,-0.510040141267072,0.032662793076068,0.216767664461341,0.0092832599472865,0.014294833559591,-0.532045087576441,0.032662793076068
ENSG00000130733,YIPF2,Yip1 domain family member 2,78992.0,14,35,21,27,1.4729636708179,3.70658575831668,1.43930895078464,1.95629422671706,1.2955247663606,0.383940444103558,0.0327507951665074,0.937365369730268,0.0093154316815973,0.51759345623424,0.839732605232079,0.0327507951665074
ENSG00000226125,LINC01907,long intergenic non-protein coding RNA 1907,151475.0,12,6,1,15,1.10538124074691,0.556319269189831,0.0600069530776163,0.951543204851171,-1.00375313599903,3.77093439535858,0.407103041756879,0.033024959705156,0.258407483872789,0.0007946177883861,1.383590629679775,0.033024959705156
ENSG00000080573,COL5A3,collagen type V alpha 3 chain,50509.0,9,16,40,88,0.351512212338359,0.62901340338688,1.01772075513032,2.36693858793428,0.80276528180417,1.15838868503968,0.4068627237975,0.0330354384141264,0.257411434826092,0.0008040982677684,0.980576983421925,0.0330354384141264
ENSG00000174373,RALGAPA1,Ral GTPase activating protein catalytic subunit alpha 1,253959.0,33,65,54,61,0.613161750109926,1.21567218616855,0.653620412453789,0.780543945790761,0.956505164172304,0.198808261183055,0.0334483631095196,0.993847285993081,0.0095284689837569,0.656170600516306,0.5776567126776795,0.0334483631095196
ENSG00000083454,P2RX5,purinergic receptor P2X 5,5026.0,12,22,6,27,0.789636475009468,1.45717141911653,0.257198207229843,1.22353424313799,0.849003563087987,2.16994057310788,0.279156809969727,0.0334704836987738,0.152171180481967,0.0008195658448322,1.5094720680979334,0.0334704836987738
ENSG00000113140,SPARC,secreted protein acidic and cysteine rich,6678.0,69,37,6,27,3.93873940491956,2.12594433933162,0.22311570400934,1.0613981604985,-0.915607274711201,2.16994057310788,0.0453196019723331,0.0334704836987738,0.0140457681198242,0.0008195658448322,0.6271666491983394,0.0334704836987738
ENSG00000133818,RRAS2,RAS related 2,22800.0,2,13,4,6,0.153311942919952,1.00307025638838,0.199745366957436,0.316740539022219,2.60858711037873,0.593114398761706,0.0335757063548375,1.0,0.0096112355751203,0.759851386238297,1.6008507545702182,0.0335757063548375
ENSG00000088899,LZTS3,leucine zipper tumor suppressor family member 3,9762.0,2,13,3,1,0.0982105791902416,0.642559926983917,0.0959666341341378,0.0338169695045038,2.60858711037873,-1.45230728700392,0.0335757063548375,0.981876444361395,0.0096112355751203,0.628703771781487,0.5781399116874051,0.0335757063548375
ENSG00000182183,SHISAL2A,shisa like 2A,348378.0,2,13,7,8,0.197409118752367,1.29158375785329,0.450096862652225,0.543792996950217,2.60858711037873,0.212484432346265,0.0335757063548375,1.0,0.0096112355751203,1.0,1.4105357713624975,0.0335757063548375
ENSG00000129422,MTUS1,microtubule associated scaffold protein 1,57509.0,2,13,0,0,0.0441170753315032,0.288643697425332,0.0,0.0,2.60858711037873,0.0,0.0335757063548375,1.0,0.0096112355751203,1.0,1.304293555189365,0.0335757063548375
ENSG00000143185,XCL2,X-C motif chemokine ligand 2,6846.0,2,13,3,0,0.942786609842266,6.16834663003244,0.921245535860629,0.0,2.60858711037873,-4.63267547266493,0.0335757063548375,0.778637941053786,0.0096112355751203,0.253731343283582,-1.0120441811431,0.0335757063548375
ENSG00000075336,TIMM21,translocase of inner mitochondrial membrane 21,29090.0,2,13,5,10,0.101952294541342,0.667040755450882,0.166038096066216,0.351053589526261,2.60858711037873,1.0052601188956,0.0335757063548375,0.830546712155719,0.0096112355751203,0.319467384113055,1.806923614637165,0.0335757063548375
ENSG00000258667,HIF1A-AS3,HIF1A antisense RNA 3,105370526.0,13,2,10,0,1.85961095343078,0.287972321488473,0.931857435481774,0.0,-2.64497844968483,-6.32834592000259,0.0335757063548375,0.0720582851623534,0.0096112355751203,0.0024212889766729,-4.48666218484371,0.0335757063548375
ENSG00000170631,ZNF16,zinc finger protein 16,7564.0,2,13,3,6,0.101173586925979,0.661945924399128,0.0988619421717918,0.209023353610996,2.60858711037873,0.993538948598751,0.0335757063548375,0.937365369730268,0.0096112355751203,0.517393651190423,1.8010630294887406,0.0335757063548375
ENSG00000115750,TAF1B,"TATA-box binding protein associated factor, RNA polymerase I subunit B",9014.0,2,13,5,7,0.133294609995309,0.872103347441065,0.217081757297138,0.321282478827066,2.60858711037873,0.498239326872704,0.0335757063548375,1.0,0.0096112355751203,0.78090707038328,1.553413218625717,0.0335757063548375
ENSG00000282939,TRBV7-2,T cell receptor beta variable 7-2,28596.0,2,13,8,8,1.34478699170394,8.79850458395491,3.50416237667461,3.70441726856442,2.60858711037873,0.0230318838090144,0.0335757063548375,1.0,0.0096112355751203,1.0,1.3158094970938723,0.0335757063548375
ENSG00000230191,IFITM3P4,IFITM3 pseudogene 4,,2,13,13,29,1.3620721715459,8.91159590251474,5.76745491430827,13.6011155882446,2.60858711037873,1.17317079677586,0.0335757063548375,0.334751177069253,0.0096112355751203,0.0335099440691206,1.8908789535772952,0.0335757063548375
ENSG00000126217,MCF2L,MCF.2 cell line derived transforming sequence like,23263.0,2,13,0,1,0.0228796128651591,0.149693877108482,0.0,0.00787816523347431,2.60858711037873,3.18036818566101,0.0335757063548375,1.0,0.0096112355751203,0.999999999999998,2.89447764801987,0.0335757063548375
ENSG00000286796,,,,13,2,18,17,1.39999979095683,0.216798674551484,1.26278046622847,1.26078185288844,-2.64497844968483,-0.0586512872499241,0.0335757063548375,1.0,0.0096112355751203,0.999999999999999,-1.351814868467377,0.0335757063548375
ENSG00000279035,,,,13,2,11,11,1.59370637934003,0.246795344468603,0.878472914189482,0.928675638706514,-2.64497844968483,0.0231289261052384,0.0335757063548375,1.0,0.0096112355751203,1.0,-1.3109247617897957,0.0335757063548375
ENSG00000152749,GPR180,G protein-coupled receptor 180,160897.0,6,21,17,10,0.178921457023195,0.630336533505723,0.33024087684273,0.205360817736153,1.76757810349489,-0.735020095613229,0.033583549788666,0.802389476259817,0.0096257179215,0.278164024090362,0.5162790039408305,0.033583549788666
ENSG00000055118,KCNH2,potassium voltage-gated channel subfamily H member 2,3757.0,6,21,5,5,0.273822260843077,0.964670071260093,0.148647714945069,0.157142593003271,1.76757810349489,0.0228212310165532,0.033583549788666,1.0,0.0096257179215,1.0,0.8951996672557216,0.033583549788666
ENSG00000074696,HACD3,3-hydroxyacyl-CoA dehydratase 3,51495.0,6,21,14,14,0.224067976345371,0.789386772436543,0.340586405232188,0.360050141905155,1.76757810349489,0.0231847468948204,0.033583549788666,1.0,0.0096257179215,1.0,0.8953814251948552,0.033583549788666
ENSG00000104549,SQLE,squalene epoxidase,6713.0,6,21,1,0,0.369230714098504,1.30079204730891,0.0400882687691578,0.0,1.76757810349489,-3.15957546365816,0.033583549788666,1.0,0.0096257179215,0.999999999999998,-0.695998680081635,0.033583549788666
ENSG00000170962,PDGFD,platelet derived growth factor D,80310.0,6,21,13,9,0.372868455124105,1.31360773250407,0.526281952068008,0.38517076103476,1.76757810349489,-0.501300815184197,0.033583549788666,0.949742814203502,0.0096257179215,0.545090689776041,0.6331386441553466,0.033583549788666
ENSG00000168792,ABHD15,abhydrolase domain containing 15,116236.0,19,43,25,40,1.44144837054635,3.28364315493356,1.23553835231404,2.08983448427031,1.15431410475531,0.698674923541685,0.0337752448598707,0.628161311574139,0.0097149600398158,0.130311360891059,0.9264945141484975,0.0337752448598707
ENSG00000273133,,,,43,19,26,19,20.4886521703671,9.11256299328811,8.07028763189179,6.2345475882359,-1.19181531530102,-0.426711943185232,0.0337752448598707,0.890384334194309,0.0097149600398158,0.419496773106413,-0.809263629243126,0.0337752448598707
ENSG00000156531,PHF6,PHD finger protein 6,84295.0,19,43,80,72,0.627936341061359,1.4304493384516,1.72235525999226,1.63870554320477,1.15431410475531,-0.128399804608505,0.0337752448598707,1.0,0.0097149600398158,0.76016612651932,0.5129571500734025,0.0337752448598707
ENSG00000204514,ZNF814,zinc finger protein 814,730051.0,19,43,61,74,0.375049378581913,0.854368668283139,0.784396082268437,1.00594208593123,1.15431410475531,0.301545748429508,0.0337752448598707,0.856586723804079,0.0097149600398158,0.351955768853045,0.7279299265924091,0.0337752448598707
ENSG00000138698,RAP1GDS1,Rap1 GTPase-GDP dissociation stimulator 1,5910.0,19,43,47,49,0.928012114665903,2.11402689841962,1.49543876500877,1.6481720083634,1.15431410475531,0.0832957553019589,0.0337752448598707,1.0,0.0097149600398158,0.93326301711301,0.6188049300286345,0.0337752448598707
ENSG00000160226,CFAP410,cilia and flagella associated protein 410,755.0,37,71,13,21,1.61671654008412,3.12271618812158,0.370037928693043,0.631913831438687,0.919174517752651,0.709845078561841,0.0338769099801486,0.787455869048294,0.0097493016696987,0.26673188160155,0.814509798157246,0.0338769099801486
ENSG00000108932,SLC16A6,solute carrier family 16 member 6,9120.0,517,778,703,975,33.7269663427862,51.0867578491252,29.8753356136446,43.802385302851,0.570653195208009,0.495194147214588,0.0339619968612822,0.277052301975779,0.0097836884996828,0.0226132180595301,0.5329236712112985,0.0339619968612822
ENSG00000141219,C17orf80,chromosome 17 open reading frame 80,55028.0,94,53,126,86,5.34050300501257,3.03090405190033,4.66332396063785,3.36479934398555,-0.84399182506314,-0.526987103536005,0.0344076615172801,0.493857330581389,0.009942164255649,0.0757268156586391,-0.6854894642995725,0.0344076615172801
ENSG00000223825,DAZAP2P1,DAZ associated protein 2 pseudogene 1,,10,28,9,8,5.26685958977488,14.8440285319148,3.0879124720895,2.90167078293118,1.45524987420973,-0.144405145726951,0.0347477508312469,1.0,0.0100682886827749,1.0,0.6554223642413894,0.0347477508312469
ENSG00000244267,RPL34P22,ribosomal protein L34 pseudogene 22,100271498.0,10,28,8,21,8.33091312470681,23.4797055080287,4.34163514594275,12.048092956015,1.45524987420973,1.40165424437131,0.0347477508312469,0.340557042972031,0.0100682886827749,0.0348449270028226,1.42845205929052,0.0347477508312469
ENSG00000103047,TANGO6,transport and golgi organization 6 homolog,79613.0,10,28,13,12,0.383168986644022,1.07991703088706,0.324492328849569,0.316648916071966,1.45524987420973,-0.0911728874544644,0.0347477508312469,1.0,0.0100682886827749,1.0,0.6820384933776328,0.0347477508312469
ENSG00000080608,PUM3,pumilio RNA binding family member 3,9933.0,5,19,6,9,0.514813519948847,1.969135260112,0.40244072378832,0.638158940649507,1.88128769300941,0.598107574562971,0.0348242007341112,0.981135110992987,0.0101132808574139,0.620334435347283,1.2396976337861905,0.0348242007341112
ENSG00000110844,PRPF40B,pre-mRNA processing factor 40 homolog B,25766.0,5,19,13,15,0.140259973192332,0.536487190202053,0.237562469469072,0.289775334302411,1.88128769300941,0.22780142481565,0.0348242007341112,1.0,0.0101132808574139,0.860052499377756,1.05454455891253,0.0348242007341112
ENSG00000135476,ESPL1,"extra spindle pole bodies like 1, separase",9700.0,5,19,11,9,0.149000583445262,0.569919575283261,0.213541053719175,0.184699994858401,1.88128769300941,-0.262808751400169,0.0348242007341112,1.0,0.0101132808574139,0.832021791880543,0.8092394708046204,0.0348242007341112
ENSG00000106526,ACTR3C,actin related protein 3C,653857.0,19,5,7,11,0.779185404016696,0.20639502298632,0.187006188755197,0.310660689666374,-1.91838401709912,0.665898576667928,0.0348242007341112,0.932843177738853,0.0101132808574139,0.4996747577089,-0.626242720215596,0.0348242007341112
ENSG00000270681,,,,5,19,4,9,1.19013044638669,4.55218780257699,0.620233592277536,1.47527668849163,1.88128769300941,1.16830759651492,0.0348242007341112,0.802473156664851,0.0101132808574139,0.282135309184399,1.524797644762165,0.0348242007341112
ENSG00000165060,FXN,frataxin,2395.0,5,19,3,9,0.168547548902963,0.644685713738158,0.065878609384613,0.208930265210737,1.88128769300941,1.56873214635197,0.0348242007341112,0.674895869987875,0.0101132808574139,0.157928191118719,1.7250099196806898,0.0348242007341112
ENSG00000268895,A1BG-AS1,A1BG antisense RNA 1,503538.0,5,19,5,11,0.392594898289384,1.50165531246834,0.255749847438092,0.594803810090331,1.88128769300941,1.14115652712587,0.0348242007341112,0.757841540271721,0.0101132808574139,0.227947825272503,1.51122211006764,0.0348242007341112
ENSG00000160131,VMA21,vacuolar ATPase assembly factor VMA21,203547.0,21,46,83,88,1.08893791048722,2.40095302527363,2.8037071354965,3.14248276413353,1.10783936080134,0.107626488972551,0.0350673485668193,1.0,0.010191559982836,0.736545854337797,0.6077329248869454,0.0350673485668193
ENSG00000152804,HHEX,hematopoietically expressed homeobox,3087.0,769,565,1855,1118,80.779466984221,59.7399836953029,126.93730948851,80.8765945412609,-0.463483934970998,-0.707045264517172,0.0923684798924794,0.0353386410500502,0.0354274383963066,0.0008730359507336,-0.585264599744085,0.0353386410500502
ENSG00000243389,,,,15,3,4,6,9.35022484820035,1.88232260963524,1.624282325188,2.57565953614303,-2.29339193700124,0.593114398761706,0.035347332206008,1.0,0.0103192984125687,0.759851386238297,-0.8501387691197669,0.035347332206008
ENSG00000100889,PCK2,"phosphoenolpyruvate carboxykinase 2, mitochondrial",5106.0,30,60,94,99,1.90272710581046,3.83043863583901,3.88377297649392,4.32411120354393,0.978222942296525,0.0980324694263292,0.035347332206008,1.0,0.0102954976636563,0.758319325465235,0.5381277058614271,0.035347332206008
ENSG00000145414,NAF1,nuclear assembly factor 1 ribonucleoprotein,92345.0,3,15,3,2,0.166374107619223,0.837332121723861,0.108381827748309,0.0763837347610626,2.25662225220135,-0.53415749006751,0.035347332206008,1.0,0.0103192984125687,1.0,0.86123238106692,0.035347332206008
ENSG00000251369,ZNF550,zinc finger protein 550,162972.0,13,33,25,24,0.677019753440888,1.72987186948,0.848142309078163,0.860747240307283,1.3168888158112,-0.0353216912357066,0.035347332206008,1.0,0.0103063907481232,0.999999999999999,0.6407835622877467,0.035347332206008
ENSG00000187630,DHRS4L2,dehydrogenase/reductase 4 like 2,317749.0,3,15,6,14,0.315885974601363,1.58979950138111,0.411558021584796,1.0151811234798,2.25662225220135,1.22851869618427,0.035347332206008,0.628161311574139,0.0103192984125687,0.133183558309878,1.74257047419281,0.035347332206008
ENSG00000203872,C6orf163,chromosome 6 open reading frame 163,206412.0,33,13,43,35,2.99399323050251,1.18719548153364,2.54141776479543,2.18681139270135,-1.35431725246032,-0.27271000441838,0.035347332206008,0.932843177738853,0.0103063907481232,0.501896069394969,-0.81351362843935,0.035347332206008
ENSG00000174500,GCSAM,germinal center associated signaling and motility,257144.0,3,15,20,18,0.211938429892541,1.0666494787933,0.920426650939864,0.87572424228863,2.25662225220135,-0.127769342565339,0.035347332206008,1.0,0.0103192984125687,0.882149552503752,1.0644264548180056,0.035347332206008
ENSG00000182199,SHMT2,serine hydroxymethyltransferase 2,6472.0,30,60,32,48,1.73076897233674,3.48426441243457,1.20264806307474,1.90706498756235,0.978222942296525,0.606405949303197,0.035347332206008,0.673492228775472,0.0102954976636563,0.155538323348599,0.792314445799861,0.035347332206008
ENSG00000196433,ASMT,acetylserotonin O-methyltransferase,438.0,15,3,3,6,2.22250870273219,0.447420083386452,0.289563753441652,0.612223323747644,-2.29339193700124,0.993538948598751,0.035347332206008,0.937365369730268,0.0103192984125687,0.517393651190423,-0.6499264942012444,0.035347332206008
ENSG00000267702,,,,15,3,7,9,0.942786609842266,0.189795280924075,0.286609722267751,0.389557047281419,-2.29339193700124,0.37996089916252,0.035347332206008,1.0,0.0103192984125687,0.811050160847253,-0.9567155189193599,0.035347332206008
ENSG00000162927,PUS10,pseudouridine synthase 10,150962.0,33,13,51,49,1.14265589244116,0.453092511577341,1.15038293682034,1.1684335346181,-1.35431725246032,-0.0342381372048359,0.035347332206008,1.0,0.0103063907481232,0.935042730724857,-0.694277694832578,0.035347332206008
ENSG00000183647,ZNF530,zinc finger protein 530,348327.0,4,17,25,26,0.211136112664417,0.903219821652029,0.859633378418134,0.94510984506809,2.03515271445531,0.0795850429268723,0.035532882232135,1.0,0.010399362705455,0.999999999999999,1.0573688786910913,0.035532882232135
ENSG00000276141,WHAMMP3,WHAMM pseudogene 3,,4,17,3,2,0.145782384022934,0.623642906159243,0.0712257519815206,0.0501974275627453,2.03515271445531,-0.53415749006751,0.035532882232135,1.0,0.010399362705455,1.0,0.7504976121939,0.035532882232135
ENSG00000166689,PLEKHA7,pleckstrin homology domain containing A7,144100.0,4,17,11,7,0.0965287073658869,0.412940452256471,0.172925848748722,0.116332469788448,2.03515271445531,-0.619788274147924,0.035532882232135,0.932843177738853,0.010399362705455,0.4996747577089,0.707682220153693,0.035532882232135
ENSG00000233338,TLR8-AS1,TLR8 antisense RNA 1,349408.0,17,4,4,8,3.33854087117606,0.790696426088438,0.511727196593698,1.08194247873564,-2.07212326594789,1.00083112969867,0.035532882232135,0.883304914142995,0.010399362705455,0.401742163618017,-0.5356460681246099,0.035532882232135
ENSG00000145982,FARS2,"phenylalanyl-tRNA synthetase 2, mitochondrial",10667.0,4,17,12,11,0.219171075380084,0.937592613210245,0.428326776549058,0.415070952480823,2.03515271445531,-0.101039648004899,0.035532882232135,1.0,0.010399362705455,1.0,0.9670565332252056,0.035532882232135
ENSG00000186462,NAP1L2,nucleosome assembly protein 1 like 2,4674.0,4,17,5,8,0.415077222664593,1.77566011941697,0.337994510480267,0.571696202042453,2.03515271445531,0.687742382804204,0.035532882232135,0.969579482810528,0.010399362705455,0.593113130711805,1.361447548629757,0.035532882232135
ENSG00000275532,,,,4,17,1,6,2.1804365215282,9.32769605940645,0.355102874590997,2.25237716638022,2.03515271445531,2.46663895760552,0.035532882232135,0.628161311574139,0.010399362705455,0.131529066191331,2.250895836030415,0.035532882232135
ENSG00000139537,CCDC65,coiled-coil domain containing 65,85478.0,4,17,16,17,0.446374115190694,1.90954519160553,1.16313393126352,1.30645465800571,2.03515271445531,0.110020543664557,0.035532882232135,1.0,0.010399362705455,1.0,1.0725866290599335,0.035532882232135
ENSG00000279838,,,,462,622,122,220,61.5356678043955,83.3906455265754,10.5856006235542,20.1796687304653,0.410086309515747,0.87333757847147,0.150989232785314,0.0360339706117519,0.0673960829915498,0.0008960381160417,0.6417119439936085,0.0360339706117519
ENSG00000151806,GUF1,GTP binding elongation factor GUF1,60558.0,23,49,58,56,1.36527668819417,2.92772935586331,2.24280524960139,2.28921864815162,1.06823945316689,-0.02717472229652,0.0360833801519706,1.0,0.0105788834245283,0.940517620827396,0.520532365435185,0.0360833801519706
ENSG00000130517,PGPEP1,pyroglutamyl-peptidase I,54858.0,296,453,172,244,10.4430974910428,16.0871026066509,3.95309088997345,5.92835028849896,0.594869896751345,0.527540656663126,0.0363047739474237,0.362947635580242,0.0106543743394749,0.0382517406929618,0.5612052767072355,0.0363047739474237
ENSG00000197576,HOXA4,homeobox A4,3201.0,1,2,3,20,0.153311942919952,0.308637001965655,0.299618050436154,2.11160359348146,0.90029935566773,2.70991204301147,1.0,0.0363293719886464,0.999999999999998,0.0009107494508157,1.8051056993396,0.0363293719886464
ENSG00000213085,CFAP45,cilia and flagella associated protein 45,25790.0,342,519,251,363,34.4894095085883,52.6828206598519,16.4893716253739,25.2099907967559,0.582724672279675,0.555442500910949,0.0365885584011951,0.258076563014514,0.0107536551546436,0.0197854936810428,0.569083586595312,0.0365885584011951
ENSG00000188542,DUSP28,dual specificity phosphatase 28,285193.0,40,75,49,64,2.85708317460962,5.39220213733471,2.27997299959827,3.14810548140067,0.885997237071599,0.407768704144638,0.0365939940917095,0.783131000876064,0.0107605863693374,0.261987492393018,0.6468829706081185,0.0365939940917095
ENSG00000168495,POLR3D,RNA polymerase III subunit D,661.0,18,41,19,17,0.854131232774884,1.95829431446021,0.58732221815749,0.55552988681812,1.16328880418784,-0.136125822670392,0.0365995385916536,1.0,0.0107728856122787,0.878451542584608,0.513581490758724,0.0365995385916536
ENSG00000270030,,,,18,41,15,29,8.05509235233476,18.4681708743773,4.37280397933846,8.93721953349179,1.16328880418784,0.968567804943908,0.0365995385916536,0.49188803353022,0.0107728856122787,0.0742125871804117,1.065928304565874,0.0365995385916536
ENSG00000115350,POLE4,"DNA polymerase epsilon 4, accessory subunit",56655.0,18,41,28,27,2.38430733629109,5.46657857881568,2.41611995871714,2.46297443143677,1.16328880418784,-0.0289440872384857,0.0365995385916536,1.0,0.0107728856122787,0.999999999999999,0.5671723584746772,0.0365995385916536
ENSG00000160336,ZNF761,zinc finger protein 761,388561.0,25,52,45,54,1.41700383700084,2.96671870438873,1.66155324503746,2.10780867046365,1.0340818610191,0.285700528438649,0.0369253871099846,0.936745054483476,0.0108903251445932,0.511246518810337,0.6598911947288746,0.0369253871099846
ENSG00000206562,METTL6,"methyltransferase 6, methylcytidine",131965.0,26,9,39,48,1.20546009301848,0.420014232986512,1.17791737574339,1.53259405370779,-1.53619994723777,0.322019793380349,0.0373690891958976,0.918021550281334,0.0110484182238563,0.474421945564962,-0.6070900769287105,0.0373690891958976
ENSG00000108666,C17orf75,chromosome 17 open reading frame 75,64149.0,9,26,13,12,0.415239870479117,1.20745761270576,0.390724479565642,0.381280147286934,1.49886920929701,-0.0911728874544644,0.0373690891958976,1.0,0.0110484182238563,1.0,0.7038481609212728,0.0373690891958976
ENSG00000235095,,,,20,44,25,31,2.67599027642098,5.92583043774057,2.17904036680839,2.85642377009128,1.11385321287202,0.332236832776299,0.0380710203746931,0.95460501357024,0.0113003400368842,0.555448951616358,0.7230450228241595,0.0380710203746931
ENSG00000134291,TMEM106C,transmembrane protein 106C,79022.0,20,44,23,32,1.52473690570174,3.37644439330254,1.14225609559084,1.68004650798778,1.11385321287202,0.497526110532868,0.0380710203746931,0.847579921487032,0.0113003400368842,0.339532749205984,0.805689661702444,0.0380710203746931
ENSG00000114126,TFDP2,transcription factor Dp-2,7029.0,59,104,40,47,1.3138151806821,2.33108232736201,0.580247111208622,0.720753120316845,0.797668060255077,0.255315517453341,0.0381627706179621,0.969579482810528,0.0113359169974358,0.591788662370725,0.526491788854209,0.0381627706179621
ENSG00000261218,,,,127,77,264,216,17.3967041082942,10.6168575319395,23.5579727101982,20.3762103945131,-0.739792230338429,-0.265975448769718,0.0381627706179621,0.806721456397718,0.0113339014445316,0.28705869759464,-0.5028838395540736,0.0381627706179621
ENSG00000266017,MIR4477B,microRNA 4477b,100616194.0,31,12,97,53,101.390298251061,39.5055362516038,206.66987301196,119.375989818152,-1.37879362811362,-0.847102579955685,0.0383835284398406,0.157998267445142,0.0114182745293273,0.0085605664460506,-1.1129481040346525,0.0383835284398406
ENSG00000186047,DLEU7,deleted in lymphocytic leukemia 7,220107.0,12,31,29,37,0.423594463476099,1.10147014798775,0.666864745434445,0.899450282164094,1.34138455719286,0.373435150498063,0.0383835284398406,0.913225093548511,0.0114182745293273,0.455433750158781,0.8574098538454615,0.0383835284398406
ENSG00000218891,ZNF579,zinc finger protein 579,163033.0,12,31,2,12,0.957553147104855,2.48991971706268,0.103963853645316,0.659430905337824,1.34138455719286,2.53503335794254,0.0383835284398406,0.230381582012885,0.0114182745293273,0.0160840661396549,1.9382089575677,0.0383835284398406
ENSG00000109189,USP46,ubiquitin specific peptidase 46,64854.0,12,31,10,13,0.357400387677136,0.929346088886801,0.194019108545503,0.266638915817692,1.34138455719286,0.397531489505173,0.0383835284398406,1.0,0.0114182745293273,0.694066838153478,0.8694580233490165,0.0383835284398406
ENSG00000038382,TRIO,trio Rho guanine nucleotide exchange factor,7204.0,31,61,24,45,0.459832819615676,0.910772931220485,0.231910410371186,0.459681678133029,0.954906341470266,0.926696742623516,0.0385366667314501,0.352481717978606,0.0114778718066927,0.0365017141267744,0.9408015420468909,0.0385366667314501
ENSG00000110717,NDUFS8,NADH:ubiquinone oxidoreductase core subunit S8,4728.0,22,47,28,42,1.28859315101589,2.77097753168722,1.06837053226493,1.69413820915886,1.07205389322815,0.6061286538479,0.0392647168059005,0.706837927329339,0.0117204693220353,0.180392539098335,0.839091273538025,0.0392647168059005
ENSG00000019991,HGF,hepatocyte growth factor,3082.0,39,17,101,76,1.05936619063482,0.464806755344154,1.7872018560621,1.42167885124953,-1.21072738899425,-0.386339387101157,0.0400389574798231,0.757841540271721,0.0119749221321377,0.228108655785945,-0.7985333880477035,0.0400389574798231
ENSG00000175066,GK5,glycerol kinase 5,256356.0,62,108,50,68,1.35264994784419,2.3716985858041,0.710615157091429,1.02166626306697,0.780644649178023,0.465995116352669,0.040109959387769,0.714131068269656,0.0120040189909358,0.190840666952705,0.623319882765346,0.040109959387769
ENSG00000077782,FGFR1,fibroblast growth factor receptor 1,2260.0,8,24,5,15,0.153112577584555,0.462353480187821,0.0623392562676003,0.197705407972256,1.55144347939707,1.58432108962031,0.0403624821674216,0.419260891084677,0.0120981554550798,0.0516116934964306,1.56788228450869,0.0403624821674216
ENSG00000115109,EPB41L5,erythrocyte membrane protein band 4.1 like 5,57669.0,24,8,31,41,0.690428156887419,0.231653703723163,0.580951233422517,0.812264585682345,-1.5887349819878,0.425251071636049,0.0403624821674216,0.864847963086615,0.0120981554550798,0.3632676554919,-0.5817419551758756,0.0403624821674216
ENSG00000149679,CABLES2,Cdk5 and Abl enzyme substrate 2,81928.0,85,143,119,160,5.9493944983045,10.0746945487082,5.4258968689817,7.71223463045909,0.730803479253259,0.450092702952483,0.0404076976144377,0.569944096080146,0.0121146529650049,0.103422299900857,0.590448091102871,0.0404076976144377
ENSG00000171105,INSR,insulin receptor,3643.0,29,38,45,95,0.709331371397343,0.935571050552708,0.717025193177463,1.60022549121003,0.36971112495338,1.09924159930285,0.557970856714314,0.0405262221384611,0.397923247617423,0.0010543551452726,0.734476362128115,0.0405262221384611
ENSG00000228956,SATB1-AS1,SATB1 antisense RNA 1,,4,14,4,22,0.0784666530516628,0.276436369920515,0.0511158821329062,0.297203710513851,1.75731419623307,2.44618273211089,0.098533922421503,0.040845388451369,0.0384743300054229,0.0010686120429996,2.10174846417198,0.040845388451369
ENSG00000114735,HEMK1,HemK methyltransferase family member 1,51409.0,56,99,73,87,0.763742089702852,1.35905145946637,0.648563180681564,0.817117214490678,0.801798804072798,0.276077007977088,0.0409330239606368,0.87004413345428,0.0122840834185908,0.376921927510451,0.5389379060249431,0.0409330239606368
ENSG00000121931,LRIF1,ligand dependent nuclear receptor interacting factor 1,55791.0,327,217,759,505,24.7372453508213,16.5236248499534,37.4038314568473,26.3088201001665,-0.610146622544833,-0.564310088757038,0.0410581704391783,0.181099809891227,0.0123246322721888,0.0108485675361164,-0.5872283556509355,0.0410581704391783
ENSG00000284690,CD300H,CD300H molecule (gene/pseudogene),100130520.0,314,208,421,315,137.270352694427,91.5276780482702,119.894684420075,94.8339990102167,-0.612718562665283,-0.394940672095393,0.0412533605231808,0.538134843212876,0.0123922425358221,0.0908656487191541,-0.503829617380338,0.0412533605231808
ENSG00000079257,LXN,latexin,56925.0,113,67,300,233,20.5183709542985,12.245633152699,35.4859486740009,29.1357877046566,-0.771807228998239,-0.341079166358362,0.0416544257062052,0.675554666253939,0.0125339690818336,0.160153073959826,-0.5564431976783004,0.0416544257062052
ENSG00000011485,PPP5C,protein phosphatase 5 catalytic subunit,5536.0,19,42,26,24,0.710049049223848,1.57988708242766,0.632963735834651,0.617664157348448,1.12046698240636,-0.0916269049662243,0.0417049973539798,1.0,0.0125613433948403,0.899603134798121,0.5144200387200678,0.0417049973539798
ENSG00000196126,HLA-DRB1,"major histocompatibility complex, class II, DR beta 1",3123.0,19,42,28,54,4.09563686732942,9.11295323623245,3.93184696292456,8.01619017554686,1.12046698240636,0.967754781990323,0.0417049973539798,0.251406343608547,0.0125613433948403,0.0189809774069709,1.0441108821983416,0.0417049973539798
ENSG00000113068,PFDN1,prefoldin subunit 1,5201.0,30,59,72,83,3.69316501903824,7.31091069340205,5.77405194595175,7.03658535760884,0.954026563081218,0.228136913668474,0.041905368631319,0.916742215921126,0.0126369636639264,0.469727256503112,0.591081738374846,0.041905368631319
ENSG00000253982,CLN8-AS1,CLN8 antisense RNA 1,101927752.0,11,29,2,5,1.28717023455055,3.41572823376831,0.152455827783767,0.40292082702473,1.36975950822026,1.2925078116089,0.0419144442451177,0.913225093548511,0.0126641368488747,0.46116766880484,1.33113365991458,0.0419144442451177
ENSG00000180211,RPL23P6,ribosomal protein L23 pseudogene 6,646949.0,11,29,24,34,6.93846050243439,18.4124017172653,9.86171411721283,14.7691588481217,1.36975950822026,0.523588413125852,0.0419144442451177,0.811415249722691,0.0126641368488747,0.298037814824067,0.9466739606730561,0.0419144442451177
ENSG00000130638,ATXN10,ataxin 10,25814.0,11,29,18,18,0.568393487618967,1.50833015823122,0.605898175721093,0.640523875284253,1.36975950822026,0.0232304301156015,0.0419144442451177,1.0,0.0126641368488747,1.0,0.6964949691679307,0.0419144442451177
ENSG00000170113,NIPA1,NIPA magnesium transporter 1,123606.0,11,29,15,14,0.335500047320106,0.890307243984739,0.298031309667093,0.294058911659587,1.36975950822026,-0.0754926853948474,0.0419144442451177,1.0,0.0126641368488747,0.999999999999999,0.6471334114127063,0.0419144442451177
ENSG00000013523,ANGEL1,angel homolog 1,23357.0,11,29,20,47,0.457768364910846,1.21476731405144,0.542192890515943,1.34696824888619,1.36975950822026,1.25079191918593,0.0419144442451177,0.117704314214207,0.0126641368488747,0.0052581799018589,1.3102757137030951,0.0419144442451177
ENSG00000185220,PGBD2,piggyBac transposable element derived 2,267002.0,77,42,81,73,5.58725660836952,3.06760326686652,3.82880848018329,3.64785159813921,-0.891318154538359,-0.126428118059194,0.0422433783828549,1.0,0.0127819929343837,0.762334317075659,-0.5088731362987765,0.0422433783828549
ENSG00000221930,DENND10P1,DENND10 pseudogene 1,,71,38,164,118,11.5822263872925,6.23963672939432,17.4280292588675,13.2562936922797,-0.918411445989511,-0.451110216691083,0.0423582325580481,0.559902480994449,0.0128290930266177,0.0982542759244011,-0.684760831340297,0.0423582325580481
ENSG00000130598,TNNI2,"troponin I2, fast skeletal type",7136.0,228,350,300,475,55.4150940544718,85.6255315545082,47.4990817572178,79.5047811710817,0.599214569288192,0.686127422495795,0.0427897610250089,0.0860250122067868,0.0129940922745381,0.0031733836745963,0.6426709958919934,0.0427897610250089
ENSG00000149218,ENDOD1,endonuclease domain containing 1,23052.0,21,45,15,33,1.19616937963432,2.5800487285368,0.556589971139189,1.29447520226496,1.07621794732172,1.15423627131636,0.0428356582334586,0.297148996825189,0.0130180338408615,0.0259426102752205,1.11522710931904,0.0428356582334586
ENSG00000271581,,,,7,22,55,54,1.87130298845584,5.91985079047746,9.57810276268148,9.94137005625337,1.61609454419405,-0.003073413193512,0.0433142828913297,1.0,0.0131975671745117,1.0,0.806510565500269,0.0433142828913297
ENSG00000123983,ACSL3,acyl-CoA synthetase long chain family member 3,2181.0,330,220,444,313,12.0885788620953,8.11196367998225,10.5953427393174,7.89608936659814,-0.603519951159065,-0.480843296932042,0.0433142828913297,0.371663772403244,0.0131865337014915,0.0399236554818817,-0.5421816240455535,0.0433142828913297
ENSG00000234545,FAM133B,family with sequence similarity 133 member B,257415.0,16,37,36,34,0.942786609842266,2.19450793568462,1.38186830379094,1.37968120912169,1.18435712838818,-0.0588601030207912,0.043649380693231,1.0,0.0133442028864673,0.918241593934464,0.5627485126836944,0.043649380693231
ENSG00000105849,POLR1F,RNA polymerase I subunit F,221830.0,16,37,17,22,1.07364959418714,2.49911542017175,0.743125620534655,1.01665048391326,1.18435712838818,0.392813770707599,0.043649380693231,0.95460501357024,0.0133442028864673,0.558745667104545,0.7885854495478894,0.043649380693231
ENSG00000148187,MRRF,mitochondrial ribosome recycling factor,92399.0,16,37,27,39,0.38412039853655,0.894110346972184,0.422261886758773,0.644790164802458,1.18435712838818,0.551768100948489,0.043649380693231,0.768253871195381,0.0133442028864673,0.239981825697428,0.8680626146683346,0.043649380693231
ENSG00000165209,STRBP,spermatid perinuclear RNA binding protein,55342.0,16,37,24,29,0.521951557425296,1.21493752971777,0.510025850169854,0.651500303389624,1.18435712838818,0.295010061929121,0.043649380693231,0.981876444361395,0.0133442028864673,0.625860155914823,0.7396835951586505,0.043649380693231
ENSG00000120860,WASHC3,WASH complex subunit 3,51019.0,92,53,124,82,9.1834662538215,5.32520934212934,8.06327039726897,5.63688362437733,-0.813006307908683,-0.57253817789391,0.0436865787591405,0.436717594801429,0.0133619422133882,0.0555505945151628,-0.6927722429012966,0.0436865787591405
ENSG00000129636,ITFG1,integrin alpha FG-GAP repeat containing 1,81533.0,111,66,201,139,3.80962004762147,2.2800513538139,4.49392141563624,3.28533676852894,-0.767726769130145,-0.508336761479478,0.04383716240368,0.430080005386106,0.0134229610287384,0.054118686325959,-0.6380317653048115,0.04383716240368
ENSG00000137070,IL11RA,interleukin 11 receptor subunit alpha,3590.0,85,142,97,129,5.27240884478635,8.8658526099654,3.91951761038838,5.51043994650127,0.720688193044618,0.434219125211646,0.0439990637429052,0.628161311574139,0.0134799638518564,0.131860398343083,0.577453659128132,0.0439990637429052
ENSG00000163357,DCST1,DC-STAMP domain containing 1,149095.0,23,20,5,24,1.90830875647058,1.67029357781601,0.270247411605425,1.3713188886449,-0.219194633567391,2.257950950523,0.881117402694579,0.0441537940365019,0.782585027968459,0.0011776919266404,1.0193781584778046,0.0441537940365019
ENSG00000205927,OLIG2,oligodendrocyte transcription factor 2,10215.0,10,11,24,5,0.81214910289907,0.899229327615445,1.26974859878277,0.279648299320659,0.117266084020898,-2.21185916863484,1.0,0.0441537940365019,1.0,0.0011776919266404,-1.047296542306971,0.0441537940365019
ENSG00000242324,,,,51,25,32,26,7.85527610793576,3.87590653631287,3.21079064281348,2.75785250720741,-1.0436749223329,-0.274975136630438,0.0444399356891252,0.95460501357024,0.0136279878574434,0.563865223937516,-0.659325029481669,0.0444399356891252
ENSG00000285730,,,,54,27,16,13,14.2772894388688,7.18551295594291,2.75576841598762,2.36701911796245,-1.01544629468673,-0.273792040768355,0.0449348812818308,1.0,0.0138157895443845,0.729434832130327,-0.6446191677275425,0.0449348812818308
ENSG00000013619,MAMLD1,mastermind like domain containing 1,10046.0,1,10,3,5,0.0444650952275389,0.447570274753819,0.0868982865313316,0.15310720919503,3.15224881607577,0.736334527748061,0.0451081213577343,1.0,0.0139512364846396,0.731885361772456,1.9442916719119154,0.0451081213577343
ENSG00000010310,GIPR,gastric inhibitory polypeptide receptor,2696.0,13,32,4,7,0.679423848047701,1.68340813382253,0.136184649478181,0.251942760571629,1.27266592200693,0.811328073767168,0.0451081213577343,0.95460501357024,0.0139319864335832,0.559727541436877,1.0419969978870491,0.0451081213577343
ENSG00000246430,LINC00968,long intergenic non-protein coding RNA 968,100507632.0,10,1,25,29,0.78635511239441,0.0791517867908358,1.28064705440208,1.57044641253403,-3.18760193672164,0.236417819821807,0.0451081213577343,1.0,0.0139512364846396,0.717749224778354,-1.4755920584499165,0.0451081213577343
ENSG00000248487,ABHD14A,abhydrolase domain containing 14A,25864.0,1,10,4,4,0.111405818909031,1.12137245457664,0.290294360052522,0.306884020987044,3.15224881607577,0.0226829236243962,0.0451081213577343,1.0,0.0139512364846396,1.0,1.587465869850083,0.0451081213577343
ENSG00000165474,GJB2,gap junction protein beta 2,2706.0,1,10,7,16,0.107082876865674,1.07785921462541,0.488302336038226,1.17990331755407,3.15224881607577,1.20143315199492,0.0451081213577343,0.587550143667211,0.0139512364846396,0.11170712381284,2.176840984035345,0.0451081213577343
ENSG00000184428,TOP1MT,DNA topoisomerase I mitochondrial,116447.0,1,10,2,10,0.0412331575666423,0.415038707701674,0.0537213998603034,0.283957277006689,3.15224881607577,2.27494669948795,0.0451081213577343,0.386308795120376,0.0139512364846396,0.0443061456821535,2.71359775778186,0.0451081213577343
ENSG00000181938,GINS3,GINS complex subunit 3,64785.0,1,10,2,4,0.0518948163302011,0.522355278547161,0.0676121438006756,0.142952047386326,3.15224881607577,0.979280757322283,0.0451081213577343,1.0,0.0139512364846396,0.692095810745622,2.0657647866990265,0.0451081213577343
ENSG00000267254,ZNF790-AS1,ZNF790 antisense RNA 1,284408.0,1,10,5,0,0.0333362322090948,0.335550987414528,0.108581852932694,0.0,3.15224881607577,-5.34618876939644,0.0451081213577343,0.468619493684623,0.0139512364846396,0.0656324289880646,-1.096969976660335,0.0451081213577343
ENSG00000176485,PLAAT3,phospholipase A and acyltransferase 3,11145.0,1,10,2,4,0.0850202302200503,0.855784241650596,0.110770216335831,0.23420096338485,3.15224881607577,0.979280757322283,0.0451081213577343,1.0,0.0139512364846396,0.692095810745622,2.0657647866990265,0.0451081213577343
ENSG00000126458,RRAS,RAS related,6237.0,13,32,7,15,3.12522639360599,7.74337189686608,1.0962431754615,2.48333780140832,1.27266592200693,1.10906313916237,0.0451081213577343,0.672418379574913,0.0139319864335832,0.154702290068357,1.19086453058465,0.0451081213577343
ENSG00000261770,,,,1,10,1,4,0.0722648765318267,0.72739326158845,0.0470758311650912,0.199064430416583,3.15224881607577,1.89620748246821,0.0451081213577343,0.87004413345428,0.0139512364846396,0.381172952969145,2.52422814927199,0.0451081213577343
ENSG00000281501,SEPSECS-AS1,SEPSECS antisense RNA 1 (head to head),,32,13,39,39,1.94617474648798,0.795824335646977,1.54513771464595,1.6334388128088,-1.31009214569585,0.0233170166033468,0.0451081213577343,1.0,0.0139319864335832,1.0,-0.6433875645462517,0.0451081213577343
ENSG00000128654,MTX2,metaxin 2,10651.0,1,10,3,2,0.154294139409247,1.55307146009508,0.301537560369059,0.212513163048105,3.15224881607577,-0.53415749006751,0.0451081213577343,1.0,0.0139512364846396,1.0,1.3090456630041298,0.0451081213577343
ENSG00000232850,PTGES2-AS1,PTGES2 antisense RNA 1 (head to head),389791.0,10,1,3,4,1.26153827316989,0.126982080808726,0.246542852930321,0.347509619955806,-3.18760193672164,0.42310747346144,0.0451081213577343,1.0,0.0139512364846396,1.0,-1.3822472316301,0.0451081213577343
ENSG00000286330,LOC105370259,uncharacterized LOC105370259,105370259.0,1,10,2,4,0.0838629431357001,0.844135389991534,0.109262422951076,0.231013042705664,3.15224881607577,0.979280757322283,0.0451081213577343,1.0,0.0139512364846396,0.692095810745622,2.0657647866990265,0.0451081213577343
ENSG00000233093,LINC00892,long intergenic non-protein coding RNA 892,100128420.0,1,10,8,0,0.137837168244369,1.38742127834717,0.718335055364098,0.0,3.15224881607577,-6.01089926839163,0.0451081213577343,0.163156945758584,0.0139512364846396,0.0089414096495011,-1.4293252261579301,0.0451081213577343
ENSG00000279357,,,,10,1,4,4,5.19456936011131,0.522867391565344,1.35356860432333,1.43092196452391,-3.18760193672164,0.0226829236243962,0.0451081213577343,1.0,0.0139512364846396,1.0,-1.582459506548622,0.0451081213577343
ENSG00000078401,EDN1,endothelin 1,1906.0,18,40,14,19,2.34329959340648,5.24152078031107,1.18728253499614,1.70339482017649,1.12777523110607,0.460420687957055,0.0452220163809558,0.937656599494775,0.0139996447738158,0.519735905535436,0.7940979595315625,0.0452220163809558
ENSG00000174428,GTF2IRD2B,GTF2I repeat domain containing 2B,389524.0,60,31,56,42,2.42307656127143,1.2601422958305,1.47324387726655,1.16807730488194,-0.968673213463877,-0.390635857999417,0.0452854089742761,0.802473156664851,0.0140225697953432,0.281876506134424,-0.679654535731647,0.0452854089742761
ENSG00000136891,TEX10,testis expressed 10,54881.0,10,27,21,21,0.364706824567286,0.991173455651816,0.498923449624961,0.52743578744669,1.40302145879816,0.0232533393046869,0.0453196019723331,1.0,0.0140562764898885,1.0,0.7131373990514235,0.0453196019723331
ENSG00000121406,ZNF549,zinc finger protein 549,256051.0,10,27,12,10,0.285508176921734,0.775933180499493,0.223187839704138,0.196618763311562,1.40302145879816,-0.236936056235166,0.0453196019723331,1.0,0.0140562764898885,0.840382698167032,0.5830427012814969,0.0453196019723331
ENSG00000160439,RDH13,retinol dehydrogenase 13,112724.0,10,27,16,20,0.307978420559959,0.837001160410927,0.321004412092489,0.424186353119735,1.40302145879816,0.342918065400284,0.0453196019723331,0.988958611325617,0.0140562764898885,0.646180806147096,0.8729697620992221,0.0453196019723331
ENSG00000236088,COX10-DT,COX10 divergent transcript,100874058.0,10,27,12,17,0.223394078223861,0.607124039282806,0.174631922136326,0.261533296070964,1.40302145879816,0.521305049413472,0.0453196019723331,0.929678981697748,0.0140562764898885,0.488500141715409,0.962163254105816,0.0453196019723331
ENSG00000226415,TPI1P1,triosephosphate isomerase 1 pseudogene 1,,66,35,56,41,23.3132272881795,12.4442439192552,12.8859731131581,9.97352609273162,-0.931485738525161,-0.42529770935956,0.0453325566705869,0.771675821795591,0.0140669017856988,0.24310993861116,-0.6783917239423605,0.0453325566705869
ENSG00000110871,COQ5,"coenzyme Q5, methyltransferase",84274.0,11,9,11,36,1.16519528629446,0.959600690637717,0.759048367678317,2.62612227795471,-0.304513474577178,1.72241212523112,0.915337370976093,0.0455529227745547,0.832021791880543,0.0012216495832266,0.708949325326971,0.0455529227745547
ENSG00000274523,RCC1L,RCC1 like,81554.0,6,20,15,13,0.378822265060548,1.27103131410069,0.616944698705521,0.565241457625923,1.69761831477286,-0.181434016525278,0.0459218366790772,1.0,0.014306173685288,0.860052499377756,0.7580921491237911,0.0459218366790772
ENSG00000137103,TMEM8B,transmembrane protein 8B,51754.0,6,20,7,23,0.0979926160035793,0.328786597248413,0.0744750619171797,0.258688037788444,1.69761831477286,1.72161480270101,0.0459218366790772,0.163187966508855,0.014306173685288,0.0090382491288973,1.709616558736935,0.0459218366790772
ENSG00000154114,TBCEL,tubulin folding cofactor E like,219899.0,6,20,12,16,0.22642994646639,0.759721850992381,0.295008541967905,0.415823476870195,1.69761831477286,0.434494927322091,0.0459218366790772,0.969579482810528,0.014306173685288,0.596505347763477,1.0660566210474756,0.0459218366790772
ENSG00000232450,RPS2P14,ribosomal protein S2 pseudogene 14,100270827.0,20,6,12,14,7.08350367287906,2.13900296549459,2.76866305429772,3.41470014261386,-1.73479577646853,0.243433796110991,0.0459218366790772,1.0,0.014306173685288,0.854227087191907,-0.7456809901787695,0.0459218366790772
ENSG00000257800,FNBP1P1,formin binding protein 1 pseudogene 1,,6,20,2,6,0.797160593878666,2.67464763990297,0.173099294936033,0.548974575155861,1.69761831477286,1.54971223245959,0.0459218366790772,0.811415249722691,0.014306173685288,0.29873705302427,1.6236652736162251,0.0459218366790772
ENSG00000119431,HDHD3,haloacid dehalogenase like hydrolase domain containing 3,81932.0,20,43,33,38,2.51708349041023,5.44725980856437,2.70552964498357,3.29349972357165,1.08078201002416,0.226126151455619,0.0464469312068374,1.0,0.0144973186386011,0.683947932072261,0.6534540807398895,0.0464469312068374
ENSG00000273015,LINC00938,long intergenic non-protein coding RNA 938,,50,89,35,73,1.36137223723369,2.43915219970719,0.620791356299369,1.36878789155254,0.81149706712104,1.08119662977297,0.0467110912872749,0.0822135845931471,0.0145933864122247,0.0029896938283034,0.946346848447005,0.0467110912872749
ENSG00000232060,SLC4A1APP1,solute carrier family 4 member 1 adaptor protein pseudogene 1,,12,7,0,11,5.28085788768791,3.1007252290503,0.0,3.33366786585511,-0.785599943211149,6.4873452965223,0.540061461181024,0.0467836918480509,0.381254582018699,0.0012682942258763,2.850872676655576,0.0467836918480509
ENSG00000163568,AIM2,absent in melanoma 2,9447.0,318,213,484,313,44.9549230962034,30.3090100030648,44.5724218638168,30.4719948234993,-0.596724165650294,-0.60525683765384,0.0469071003872143,0.163751190864112,0.0146682967323667,0.0091052440336188,-0.6009905016520669,0.0469071003872143
ENSG00000110583,NAA40,"N-alpha-acetyltransferase 40, NatD catalytic subunit",79829.0,48,86,54,72,2.39388286776214,4.31719950942319,1.75439003026471,2.47286589501684,0.820844200673388,0.437548762649566,0.0470865488172469,0.739859120739486,0.014734706356308,0.211189225922913,0.629196481661477,0.0470865488172469
ENSG00000171219,CDC42BPG,CDC42 binding protein kinase gamma,55561.0,70,118,16,42,2.83947521292258,4.8179696255401,0.422795889269575,1.17326399020449,0.733500842627668,1.40864390837207,0.0473893191771147,0.0867882783340998,0.0148501728947379,0.0032382741952382,1.071072375499869,0.0473893191771147
ENSG00000111671,SPSB2,splA/ryanodine receptor domain and SOCS box containing 2,84727.0,116,70,188,148,12.5330637579195,7.6127103910615,13.2320715520515,11.0120299635261,-0.746490370096969,-0.321502319780778,0.0473893191771147,0.749021082063508,0.0148501728947379,0.217249956756505,-0.5339963449388735,0.0473893191771147
ENSG00000213995,NAXD,NAD(P)HX dehydratase,55739.0,22,46,33,44,2.04717485846325,4.30855953850473,2.00040038731662,2.81962494590064,1.04111072770548,0.436990306632046,0.047401703686389,0.845560856287376,0.0148662609584434,0.332943145102361,0.739050517168763,0.047401703686389
ENSG00000104921,FCER2,Fc epsilon receptor II,2208.0,22,46,13,25,2.37793015995303,5.00467931706364,0.915356981503843,1.86089912767032,1.04111072770548,0.960028351631309,0.047401703686389,0.564028795458772,0.0148662609584434,0.100087117562822,1.0005695396683945,0.047401703686389
ENSG00000100068,LRP5L,LDL receptor related protein 5 like (pseudogene),,38,59,25,61,2.14787186257643,3.35674841310032,0.920524840256158,2.37443899703108,0.614242265116333,1.30594860916155,0.194794817829234,0.0476095372072646,0.0945440523788588,0.001308030573323,0.9600954371389414,0.0476095372072646
ENSG00000169385,RNASE2,ribonuclease A family member 2,6036.0,72,109,21,54,26.4923037365677,40.3697198571076,5.03358324732738,13.6831912857598,0.57859797558913,1.38063931333237,0.148712342168482,0.0476399317134423,0.0661304993377116,0.0013123374280484,0.97961864446075,0.0476399317134423
ENSG00000136270,TBRG4,transforming growth factor beta regulator 4,9238.0,55,96,68,93,2.51090247373983,4.41144020179894,2.02230566939226,2.92385958889233,0.783399076808059,0.4743387860814,0.0485186432275542,0.626458015786439,0.0152783163814503,0.126432130089385,0.6288689314447296,0.0485186432275542
ENSG00000155008,APOOL,apolipoprotein O like,139322.0,5,18,18,13,0.203881050766259,0.738790619450494,0.478134515456679,0.365053587224623,1.80381233692952,-0.442463871682836,0.0486502123698096,0.932996297218498,0.0153481102863217,0.504731259469492,0.680674232623342,0.0486502123698096
ENSG00000264608,,,,18,5,19,12,10.4118224292187,2.9111612412481,7.15943219208137,4.78015416096414,-1.84090186752567,-0.634280269864439,0.0486502123698096,0.829421310872565,0.0153481102863217,0.316044515578284,-1.2375910686950546,0.0486502123698096
ENSG00000166788,SAAL1,serum amyloid A like 1,113174.0,5,18,3,5,0.432033655195167,1.56553250312129,0.168864967760494,0.297525359551203,1.80381233692952,0.736334527748061,0.0486502123698096,1.0,0.0153481102863217,0.731885361772456,1.2700734323387906,0.0486502123698096
ENSG00000286388,,,,5,18,3,3,0.401155416968014,1.45364102197755,0.156795878604989,0.165756405642154,1.80381233692952,0.022456099493914,0.0486502123698096,1.0,0.0153481102863217,1.0,0.913134218211717,0.0486502123698096
ENSG00000115946,PNO1,partner of NOB1 homolog,56902.0,5,18,5,6,0.50365596457353,1.82506564812542,0.328098853709552,0.4162187463349,1.80381233692952,0.280025651867243,0.0486502123698096,1.0,0.0153481102863217,1.0,1.0419189943983815,0.0486502123698096
ENSG00000231964,LOC102724323,uncharacterized LOC102724323,102724323.0,18,5,3,5,10.3216767804809,2.88595638201651,1.12064933150146,1.97448647702162,-1.84090186752567,0.736334527748061,0.0486502123698096,1.0,0.0153481102863217,0.731885361772456,-0.5522836698888045,0.0486502123698096
ENSG00000127580,WDR24,WD repeat domain 24,84219.0,36,67,65,80,2.61222386884809,4.89355759238231,3.07250063224585,3.99764558700187,0.87506325618413,0.322392039090056,0.0488133273914768,0.825521504307415,0.015406684224784,0.311676668726651,0.598727647637093,0.0488133273914768
ENSG00000132749,TESMIN,testis expressed metallothionein like protein,9633.0,55,28,103,94,2.51697478927487,1.28978171559045,3.07060626986977,2.96244597423027,-0.989629904747326,-0.108382214023292,0.0488468908128913,1.0,0.0154208374144764,0.761881274834356,-0.549006059385309,0.0488468908128913
ENSG00000140859,KIFC3,kinesin family member C3,3801.0,34,64,2,5,0.938269090670105,1.77774913132217,0.0359541660523384,0.0950221617066656,0.891271266318282,1.2925078116089,0.0489411724630232,0.913225093548511,0.0154611187751269,0.46116766880484,1.091889538963591,0.0489411724630232
ENSG00000074201,CLNS1A,chloride nucleotide-sensitive channel 1A,1207.0,12,30,40,46,0.693969973452984,1.7463154531652,1.50691986073979,1.83199243002242,1.29427321708002,0.224371137648118,0.0491519418157996,0.993103286099437,0.0155637069807353,0.652587985042896,0.759322177364069,0.0491519418157996
ENSG00000125445,MRPS7,mitochondrial ribosomal protein S7,51081.0,12,30,29,36,0.955538457585849,2.40452993415983,1.5043041522349,1.97413039289592,1.29427321708002,0.334040622086531,0.0491519418157996,0.937656599494775,0.0155637069807353,0.518492837281335,0.8141569195832755,0.0491519418157996
ENSG00000229944,EIF4EP2,eukaryotic translation initiation factor 4E pseudogene 2,,30,12,31,29,12.1524329066824,4.89288751740047,8.18039741374306,8.08996018933813,-1.33167977648327,-0.0725212046750496,0.0491519418157996,1.0,0.0155637069807353,0.910058938780933,-0.7021004905791598,0.0491519418157996
ENSG00000125962,ARMCX5,armadillo repeat containing X-linked 5,64860.0,9,25,10,16,0.485503428281631,1.35747490174265,0.351415184384493,0.594396417761915,1.44256356216368,0.694533951846703,0.0491783131528969,0.856586723804079,0.0156043124520998,0.35667249670387,1.0685487570051915,0.0491783131528969
ENSG00000149639,SOGA1,"suppressor of glucose, autophagy associated 1",140710.0,9,25,10,23,0.159219187732293,0.445179248244283,0.115245407045893,0.280212264505266,1.44256356216368,1.2147156025528,0.0491783131528969,0.418366234910825,0.0156043124520998,0.0506662167706653,1.3286395823582402,0.0491783131528969
ENSG00000117174,ZNHIT6,zinc finger HIT-type containing 6,54680.0,9,25,12,16,0.384379709219908,1.07473145936775,0.333864253524858,0.470591779401703,1.44256356216368,0.434494927322091,0.0491783131528969,0.969579482810528,0.0156043124520998,0.596505347763477,0.9385292447428856,0.0491783131528969
ENSG00000196155,PLEKHG4,pleckstrin homology and RhoGEF domain containing G4,25894.0,9,25,7,13,0.325369450913085,0.90973788789003,0.164855346528189,0.32365627131528,1.44256356216368,0.904430689653388,0.0491783131528969,0.806196340527772,0.0156043124520998,0.286221039198822,1.173497125908534,0.0491783131528969
ENSG00000163376,KBTBD8,kelch repeat and BTB domain containing 8,84541.0,9,25,20,31,0.503443272020923,1.4076349751812,0.728800663223077,1.19419743766485,1.44256356216368,0.652357190059902,0.0491783131528969,0.739859120739486,0.0156043124520998,0.210671485717883,1.047460376111791,0.0491783131528969
ENSG00000143067,ZNF697,zinc finger protein 697,90874.0,25,9,75,78,1.18714392079977,0.43017768906344,2.32003939394907,2.55072933091777,-1.47989071245288,0.0798447745840536,0.0491783131528969,1.0,0.0156043124520998,0.807964015882668,-0.7000229689344132,0.0491783131528969
ENSG00000064545,TMEM161A,transmembrane protein 161A,54929.0,9,25,12,11,0.726701413072566,2.03186810193787,0.631197794762174,0.611663534058146,1.44256356216368,-0.101039648004899,0.0491783131528969,1.0,0.0156043124520998,1.0,0.6707619570793906,0.0491783131528969
ENSG00000106397,PLOD3,"procollagen-lysine,2-oxoglutarate 5-dioxygenase 3",8985.0,51,90,47,79,2.38248543566382,4.23198964430423,1.43030503639703,2.54152027643573,0.799095037369645,0.770983226013098,0.0492390733845866,0.293675746859362,0.015644730577355,0.0253861688878494,0.7850391316913715,0.0492390733845866
ENSG00000166938,DIS3L,DIS3 like exosome 3'-5' exoribonuclease,115752.0,17,38,16,26,0.828493678295898,1.86408573372634,0.507961727891757,0.872609696908894,1.13589351646593,0.719377003805897,0.0492390733845866,0.732732971846554,0.0156451216992273,0.206011062919691,0.9276352601359135,0.0492390733845866
